,pop_grid_pop,geometry,pop_grid_id
0,,"POLYGON ((-565392.0266899928 659176.2260158836, -564456.7382870254 659160.0566257231, -564472.8667827782 658226.0602970086, -565408.169887728 658242.2071073283, -565392.0266899928 659176.2260158836))",0
1,,"POLYGON ((-564456.7382870254 659160.0566257231, -563521.4724838699 659143.9019672123, -563537.5862794027 658209.9281977911, -564472.8667827782 658226.0602970086, -564456.7382870254 659160.0566257231))",1
2,,"POLYGON ((-563521.4724838699 659143.9019672123, -562586.2292599522 659127.7620385857, -562602.3283570269 658193.8108079126, -563537.5862794027 658209.9281977911, -563521.4724838699 659143.9019672123))",2
3,,"POLYGON ((-562586.2292599522 659127.7620385857, -561651.0085947022 659111.6368380792, -561667.0929950771 658177.7081256115, -562602.3283570269 658193.8108079126, -562586.2292599522 659127.7620385857))",3
4,,"POLYGON ((-561651.0085947022 659111.6368380792, -560715.8104675501 659095.5263639309, -560731.8801729835 658161.6201491284, -561667.0929950771 658177.7081256115, -561651.0085947022 659111.6368380792))",4
5,,"POLYGON ((-560715.8104675501 659095.5263639309, -559780.6348579288 659079.43061438, -559796.6898701766 658145.5468767048, -560731.8801729835 658161.6201491284, -560715.8104675501 659095.5263639309))",5
6,,"POLYGON ((-559780.6348579288 659079.43061438, -558845.4817452752 659063.349587668, -558861.5220660919 658129.4883065844, -559796.6898701766 658145.5468767048, -559780.6348579288 659079.43061438))",6
7,,"POLYGON ((-558845.4817452752 659063.349587668, -557910.3511090262 659047.2832820375, -557926.3767401646 658113.4444370124, -558861.5220660919 658129.4883065844, -558845.4817452752 659063.349587668))",7
8,,"POLYGON ((-557910.3511090262 659047.2832820375, -556975.2429286237 659031.2316957335, -556991.2538718341 658097.4152662362, -557926.3767401646 658113.4444370124, -557910.3511090262 659047.2832820375))",8
9,,"POLYGON ((-556975.2429286237 659031.2316957335, -556040.1571835098 659015.194827002, -556056.1534405418 658081.4007925043, -556991.2538718341 658097.4152662362, -556975.2429286237 659031.2316957335))",9
10,,"POLYGON ((-556040.1571835098 659015.194827002, -555105.0938531307 658999.1726740914, -555121.0754257317 658065.401014067, -556056.1534405418 658081.4007925043, -556040.1571835098 659015.194827002))",10
11,,"POLYGON ((-555105.0938531307 658999.1726740914, -554170.0529169331 658983.1652352512, -554186.0198068491 658049.4159291767, -555121.0754257317 658065.401014067, -555105.0938531307 658999.1726740914))",11
12,,"POLYGON ((-554170.0529169331 658983.1652352512, -553235.0343543682 658967.172508733, -553250.9865633426 658033.4455360873, -554186.0198068491 658049.4159291767, -554170.0529169331 658983.1652352512))",12
13,,"POLYGON ((-553235.0343543682 658967.172508733, -552300.0381448872 658951.1944927899, -552315.9756746632 658017.4898330538, -553250.9865633426 658033.4455360873, -553235.0343543682 658967.172508733))",13
14,,"POLYGON ((-552300.0381448872 658951.1944927899, -551365.0642679462 658935.231185677, -551380.9871202642 658001.5488183341, -552315.9756746632 658017.4898330538, -552300.0381448872 658951.1944927899))",14
15,,"POLYGON ((-551365.0642679462 658935.231185677, -550430.112703002 658919.2825856506, -550446.0208796004 657985.6224901868, -551380.9871202642 658001.5488183341, -551365.0642679462 658935.231185677))",15
16,,"POLYGON ((-550430.112703002 658919.2825856506, -549495.183429514 658903.3486909692, -549511.0769321308 657969.7108468729, -550446.0208796004 657985.6224901868, -550430.112703002 658919.2825856506))",16
17,,"POLYGON ((-549495.183429514 658903.3486909692, -548560.2764269445 658887.4294998929, -548576.1552573149 657953.8138866543, -549511.0769321308 657969.7108468729, -549495.183429514 658903.3486909692))",17
18,,"POLYGON ((-548560.2764269445 658887.4294998929, -547625.3916747572 658871.5250106831, -547641.2558346156 657937.9316077955, -548576.1552573149 657953.8138866543, -548560.2764269445 658887.4294998929))",18
19,,"POLYGON ((-547625.3916747572 658871.5250106831, -546690.5291524199 658855.6352216036, -546706.3786434974 657922.0640085624, -547641.2558346156 657937.9316077955, -547625.3916747572 658871.5250106831))",19
20,,"POLYGON ((-546690.5291524199 658855.6352216036, -545755.688839401 658839.7601309192, -545771.5236634291 657906.2110872219, -546706.3786434974 657922.0640085624, -546690.5291524199 658855.6352216036))",20
21,,"POLYGON ((-545755.688839401 658839.7601309192, -544820.8707151721 658823.8997368969, -544836.6908738788 657890.3728420435, -545771.5236634291 657906.2110872219, -545755.688839401 658839.7601309192))",21
22,,"POLYGON ((-544820.8707151721 658823.8997368969, -543886.0747592063 658808.0540378052, -543901.8802543193 657874.5492712981, -544836.6908738788 657890.3728420435, -544820.8707151721 658823.8997368969))",22
23,,"POLYGON ((-543886.0747592063 658808.0540378052, -542951.3009509809 658792.2230319146, -542967.0917842247 657858.7403732584, -543901.8802543193 657874.5492712981, -543886.0747592063 658808.0540378052))",23
24,,"POLYGON ((-542951.3009509809 658792.2230319146, -542016.5492699736 658776.4067174965, -542032.3254430728 657842.9461461985, -542967.0917842247 657858.7403732584, -542951.3009509809 658792.2230319146))",24
25,,"POLYGON ((-542016.5492699736 658776.4067174965, -541081.8196956656 658760.6050928249, -541097.5812103417 657827.1665883944, -542032.3254430728 657842.9461461985, -542016.5492699736 658776.4067174965))",25
26,,"POLYGON ((-541081.8196956656 658760.6050928249, -540147.1122075395 658744.8181561752, -540162.8590655129 657811.401698124, -541097.5812103417 657827.1665883944, -541081.8196956656 658760.6050928249))",26
27,,"POLYGON ((-540147.1122075395 658744.8181561752, -539212.4267850819 658729.0459058244, -539228.158988071 657795.6514736665, -540162.8590655129 657811.401698124, -540147.1122075395 658744.8181561752))",27
28,,"POLYGON ((-539212.4267850819 658729.0459058244, -538277.7634077795 658713.288340051, -538293.4809575011 657779.915913303, -539228.158988071 657795.6514736665, -539212.4267850819 658729.0459058244))",28
29,,"POLYGON ((-538277.7634077795 658713.288340051, -537343.122055123 658697.5454571358, -537358.8249532923 657764.1950153164, -538293.4809575011 657779.915913303, -538277.7634077795 658713.288340051))",29
30,,"POLYGON ((-537343.122055123 658697.5454571358, -536408.5027066054 658681.8172553608, -536424.1909549357 657748.488777991, -537358.8249532923 657764.1950153164, -537343.122055123 658697.5454571358))",30
31,,"POLYGON ((-536408.5027066054 658681.8172553608, -535473.9053417211 658666.1037330098, -535489.5789419243 657732.7971996132, -536424.1909549357 657748.488777991, -536408.5027066054 658681.8172553608))",31
32,,"POLYGON ((-535473.9053417211 658666.1037330098, -534539.3299399673 658650.4048883683, -534554.9888937536 657717.1202784707, -535489.5789419243 657732.7971996132, -535473.9053417211 658666.1037330098))",32
33,,"POLYGON ((-534539.3299399673 658650.4048883683, -533604.7764808434 658634.7207197238, -533620.4207899215 657701.4580128532, -534554.9888937536 657717.1202784707, -534539.3299399673 658650.4048883683))",33
34,,"POLYGON ((-533604.7764808434 658634.7207197238, -532670.2449438514 658619.051225365, -532685.8746099273 657685.8104010518, -533620.4207899215 657701.4580128532, -533604.7764808434 658634.7207197238))",34
35,,"POLYGON ((-532670.2449438514 658619.051225365, -531735.7353084957 658603.3964035827, -531751.3503332749 657670.1774413597, -532685.8746099273 657685.8104010518, -532670.2449438514 658619.051225365))",35
36,,"POLYGON ((-531735.7353084957 658603.3964035827, -530801.2475542828 658587.7562526694, -530816.8479394683 657654.5591320716, -531751.3503332749 657670.1774413597, -531735.7353084957 658603.3964035827))",36
37,,"POLYGON ((-530801.2475542828 658587.7562526694, -529866.7816607215 658572.1307709187, -529882.3674080148 657638.9554714835, -530816.8479394683 657654.5591320716, -530801.2475542828 658587.7562526694))",37
38,,"POLYGON ((-529866.7816607215 658572.1307709187, -528932.3376073226 658556.5199566266, -528947.9087184244 657623.3664578935, -529882.3674080148 657638.9554714835, -529866.7816607215 658572.1307709187))",38
39,,"POLYGON ((-528932.3376073226 658556.5199566266, -527997.9153735999 658540.9238080905, -528013.4718502078 657607.7920896017, -528947.9087184244 657623.3664578935, -528932.3376073226 658556.5199566266))",39
40,,"POLYGON ((-527997.9153735999 658540.9238080905, -527063.514939069 658525.3423236095, -527079.0567828803 657592.2323649094, -528013.4718502078 657607.7920896017, -527997.9153735999 658540.9238080905))",40
41,,"POLYGON ((-527063.514939069 658525.3423236095, -526129.1362832489 658509.7755014846, -526144.663495957 657576.6872821196, -527079.0567828803 657592.2323649094, -527063.514939069 658525.3423236095))",41
42,,"POLYGON ((-526129.1362832489 658509.7755014846, -525194.7793856586 658494.2233400181, -525210.2919689574 657561.1568395371, -526144.663495957 657576.6872821196, -526129.1362832489 658509.7755014846))",42
43,,"POLYGON ((-525194.7793856586 658494.2233400181, -524260.44422582164 658478.6858375141, -524275.9421814028 657545.6410354687, -525210.2919689574 657561.1568395371, -525194.7793856586 658494.2233400181))",43
44,,"POLYGON ((-524260.44422582164 658478.6858375141, -523326.1307832629 658463.1629922788, -523341.6141128163 657530.1398682223, -524275.9421814028 657545.6410354687, -524260.44422582164 658478.6858375141))",44
45,,"POLYGON ((-523326.1307832629 658463.1629922788, -522391.83903751 658447.6548026198, -522407.3077427229 657514.653336108, -523341.6141128163 657530.1398682223, -523326.1307832629 658463.1629922788))",45
46,,"POLYGON ((-522391.83903751 658447.6548026198, -521457.56896809186 658432.1612668462, -521473.0230506513 657499.1814374373, -522407.3077427229 657514.653336108, -522391.83903751 658447.6548026198))",46
47,,"POLYGON ((-521457.56896809186 658432.1612668462, -520523.3205545407 658416.6823832692, -520538.76001613156 657483.7241705235, -521473.0230506513 657499.1814374373, -521457.56896809186 658432.1612668462))",47
48,,"POLYGON ((-520523.3205545407 658416.6823832692, -519589.093776391 658401.2181502013, -519604.5186186958 657468.2815336814, -520538.76001613156 657483.7241705235, -520523.3205545407 658416.6823832692))",48
49,,"POLYGON ((-519589.093776391 658401.2181502013, -518654.8886131792 658385.7685659567, -518670.29883787944 657452.853525228, -519604.5186186958 657468.2815336814, -519589.093776391 658401.2181502013))",49
50,,"POLYGON ((-518654.8886131792 658385.7685659567, -517720.70504444395 658370.3336288518, -517736.1006532194 657437.4401434815, -518670.29883787944 657452.853525228, -518654.8886131792 658385.7685659567))",50
51,,"POLYGON ((-517720.70504444395 658370.3336288518, -516786.54304972675 658354.9133372043, -516801.9240442553 657422.0413867617, -517736.1006532194 657437.4401434815, -517720.70504444395 658370.3336288518))",51
52,,"POLYGON ((-516786.54304972675 658354.9133372043, -515852.4026085705 658339.5076893336, -515867.7689905283 657406.6572533906, -516801.9240442553 657422.0413867617, -516786.54304972675 658354.9133372043))",52
53,,"POLYGON ((-515852.4026085705 658339.5076893336, -514918.2837005212 658324.1166835608, -514933.6354715822 657391.2877416916, -515867.7689905283 657406.6572533906, -515852.4026085705 658339.5076893336))",53
54,,"POLYGON ((-514918.2837005212 658324.1166835608, -513984.1863051258 658308.7403182085, -513999.523466964 657375.9328499897, -514933.6354715822 657391.2877416916, -514918.2837005212 658324.1166835608))",54
55,,"POLYGON ((-513984.1863051258 658308.7403182085, -513050.1104019362 658293.3785916016, -513065.4329562222 657360.5925766116, -513999.523466964 657375.9328499897, -513984.1863051258 658308.7403182085))",55
56,,"POLYGON ((-513050.1104019362 658293.3785916016, -512116.05597050407 658278.0315020661, -512131.36391890736 657345.266919886, -513065.4329562222 657360.5925766116, -513050.1104019362 658293.3785916016))",56
57,,"POLYGON ((-512116.05597050407 658278.0315020661, -511182.0229903838 658262.6990479297, -511197.3163345724 657329.9558781428, -512131.36391890736 657345.266919886, -512116.05597050407 658278.0315020661))",57
58,,"POLYGON ((-511182.0229903838 658262.6990479297, -510248.0114411325 658247.3812275224, -510263.2901827728 657314.659449714, -511197.3163345724 657329.9558781428, -511182.0229903838 658262.6990479297))",58
59,,"POLYGON ((-510248.0114411325 658247.3812275224, -509314.0213023103 658232.0780391752, -509329.2854430665 657299.3776329332, -510263.2901827728 657314.659449714, -510248.0114411325 658247.3812275224))",59
60,,"POLYGON ((-509314.0213023103 658232.0780391752, -508380.0525534783 658216.7894812209, -508395.30209501274 657284.1104261355, -509329.2854430665 657299.3776329332, -509314.0213023103 658232.0780391752))",60
61,,"POLYGON ((-508380.0525534783 658216.7894812209, -507446.1051742 658201.5155519944, -507461.3401181747 657268.8578276577, -508395.30209501274 657284.1104261355, -508380.0525534783 658216.7894812209))",61
62,,"POLYGON ((-507446.1051742 658201.5155519944, -506512.1791440421 658186.2562498321, -506527.3994921162 657253.6198358384, -507461.3401181747 657268.8578276577, -507446.1051742 658201.5155519944))",62
63,,"POLYGON ((-506512.1791440421 658186.2562498321, -505578.27444257296 658171.0115730717, -505593.4801964036 657238.3964490182, -506527.3994921162 657253.6198358384, -506512.1791440421 658186.2562498321))",63
64,,"POLYGON ((-505578.27444257296 658171.0115730717, -504644.3910493626 658155.7815200529, -504659.58221060666 657223.1876655385, -505593.4801964036 657238.3964490182, -505578.27444257296 658171.0115730717))",64
65,,"POLYGON ((-504644.3910493626 658155.7815200529, -503710.52894398477 658140.5660891173, -503725.7055142963 657207.9934837435, -504659.58221060666 657223.1876655385, -504644.3910493626 658155.7815200529))",65
66,,"POLYGON ((-503710.52894398477 658140.5660891173, -502776.6881060144 658125.3652786078, -502791.8500870459 657192.8139019781, -503725.7055142963 657207.9934837435, -503710.52894398477 658140.5660891173))",66
67,,"POLYGON ((-502776.6881060144 658125.3652786078, -501842.8685150286 658110.1790868692, -501858.01590843115 657177.6489185892, -502791.8500870459 657192.8139019781, -502776.6881060144 658125.3652786078))",67
68,,"POLYGON ((-501842.8685150286 658110.1790868692, -500909.07015060657 658095.0075122479, -500924.2029580298 657162.4985319258, -501858.01590843115 657177.6489185892, -501842.8685150286 658110.1790868692))",68
69,,"POLYGON ((-500909.07015060657 658095.0075122479, -499975.2929923313 658079.8505530918, -499990.41121542256 657147.3627403381, -500924.2029580298 657162.4985319258, -500909.07015060657 658095.0075122479))",69
70,,"POLYGON ((-499975.2929923313 658079.8505530918, -499041.53701978596 658064.7082077512, -499056.64066019154 657132.2415421781, -499990.41121542256 657147.3627403381, -499975.2929923313 658079.8505530918))",70
71,,"POLYGON ((-499041.53701978596 658064.7082077512, -498107.802212558 658049.5804745771, -498122.8912719216 657117.1349357996, -499056.64066019154 657132.2415421781, -499041.53701978596 658064.7082077512))",71
72,,"POLYGON ((-498107.802212558 658049.5804745771, -497174.0885502349 658034.4673519229, -497189.1630301998 657102.042919558, -498122.8912719216 657117.1349357996, -498107.802212558 658049.5804745771))",72
73,,"POLYGON ((-497174.0885502349 658034.4673519229, -496240.39601240854 658019.3688381431, -496255.4559146154 657086.9654918101, -497189.1630301998 657102.042919558, -497174.0885502349 658034.4673519229))",73
74,,"POLYGON ((-496240.39601240854 658019.3688381431, -495306.7245786713 658004.2849315945, -495321.76990475936 657071.902650915, -496255.4559146154 657086.9654918101, -496240.39601240854 658019.3688381431))",74
75,,"POLYGON ((-495306.7245786713 658004.2849315945, -494373.07422861864 657989.2156306352, -494388.1049802259 657056.8543952327, -495321.76990475936 657071.902650915, -495306.7245786713 658004.2849315945))",75
76,,"POLYGON ((-494373.07422861864 657989.2156306352, -493439.444941849 657974.1609336252, -493454.4611206108 657041.8207231258, -494388.1049802259 657056.8543952327, -494373.07422861864 657989.2156306352))",76
77,,"POLYGON ((-493439.444941849 657974.1609336252, -492505.83669796074 657959.1208389259, -492520.83830551174 657026.8016329576, -493454.4611206108 657041.8207231258, -493439.444941849 657974.1609336252))",77
78,,"POLYGON ((-492505.83669796074 657959.1208389259, -491572.2494765568 657944.0953449006, -491587.2365145299 657011.7971230941, -492520.83830551174 657026.8016329576, -492505.83669796074 657959.1208389259))",78
79,,"POLYGON ((-491572.2494765568 657944.0953449006, -490638.6832572416 657929.084449914, -490653.6557272667 656996.8071919018, -491587.2365145299 657011.7971230941, -491572.2494765568 657944.0953449006))",79
80,,"POLYGON ((-490638.6832572416 657929.084449914, -489705.1380196209 657914.088152333, -489720.09592332796 656981.8318377497, -490653.6557272667 656996.8071919018, -490638.6832572416 657929.084449914))",80
81,,"POLYGON ((-489705.1380196209 657914.088152333, -488771.6137433043 657899.1064505257, -488786.55708232045 656966.8710590085, -489720.09592332796 656981.8318377497, -489705.1380196209 657914.088152333))",81
82,,"POLYGON ((-565408.169887728 658242.2071073283, -564472.8667827782 658226.0602970086, -564488.9724952285 657292.063454272, -565424.2902814175 657308.1876833333, -565408.169887728 658242.2071073283))",82
83,,"POLYGON ((-564472.8667827782 658226.0602970086, -563537.5862794027 658209.9281977911, -563553.6773123743 657275.9539157641, -564488.9724952285 657292.063454272, -564472.8667827782 658226.0602970086))",83
84,,"POLYGON ((-563537.5862794027 658209.9281977911, -562602.3283570269 658193.8108079126, -562618.4047122784 657259.8590660488, -563553.6773123743 657275.9539157641, -563537.5862794027 658209.9281977911))",84
85,,"POLYGON ((-562602.3283570269 658193.8108079126, -561667.0929950771 658177.7081256115, -561683.1546743659 657243.7789033668, -562618.4047122784 657259.8590660488, -562602.3283570269 658193.8108079126))",85
86,,"POLYGON ((-561667.0929950771 658177.7081256115, -560731.8801729835 658161.6201491284, -560747.9271780644 657227.7134259611, -561683.1546743659 657243.7789033668, -561667.0929950771 658177.7081256115))",86
87,,"POLYGON ((-560731.8801729835 658161.6201491284, -559796.6898701766 658145.5468767048, -559812.7222028037 657211.6626320755, -560747.9271780644 657227.7134259611, -560731.8801729835 658161.6201491284))",87
88,,"POLYGON ((-559796.6898701766 658145.5468767048, -558861.5220660919 658129.4883065844, -558877.5397280166 657195.6265199565, -559812.7222028037 657211.6626320755, -559796.6898701766 658145.5468767048))",88
89,,"POLYGON ((-558861.5220660919 658129.4883065844, -557926.3767401646 658113.4444370124, -557942.3797331376 657179.6050878512, -558877.5397280166 657195.6265199565, -558861.5220660919 658129.4883065844))",89
90,,"POLYGON ((-557926.3767401646 658113.4444370124, -556991.2538718341 658097.4152662362, -557007.2421976039 657163.5983340094, -557942.3797331376 657179.6050878512, -557926.3767401646 658113.4444370124))",90
91,,"POLYGON ((-556991.2538718341 658097.4152662362, -556056.1534405418 658081.4007925043, -556072.1271008549 657147.6062566821, -557007.2421976039 657163.5983340094, -556991.2538718341 658097.4152662362))",91
92,,"POLYGON ((-556056.1534405418 658081.4007925043, -555121.0754257317 658065.401014067, -555137.0344223331 657131.6288541222, -556072.1271008549 657147.6062566821, -556056.1534405418 658081.4007925043))",92
93,,"POLYGON ((-555121.0754257317 658065.401014067, -554186.0198068491 658049.4159291767, -554201.9641414827 657115.6661245843, -555137.0344223331 657131.6288541222, -555121.0754257317 658065.401014067))",93
94,,"POLYGON ((-554186.0198068491 658049.4159291767, -553250.9865633426 658033.4455360873, -553266.9162377494 657099.7180663244, -554201.9641414827 657115.6661245843, -554186.0198068491 658049.4159291767))",94
95,,"POLYGON ((-553250.9865633426 658033.4455360873, -552315.9756746632 658017.4898330538, -552331.8906905835 657083.7846776006, -553266.9162377494 657099.7180663244, -553250.9865633426 658033.4455360873))",95
96,,"POLYGON ((-552315.9756746632 658017.4898330538, -551380.9871202642 658001.5488183341, -551396.8874794364 657067.8659566725, -552331.8906905835 657083.7846776006, -552315.9756746632 658017.4898330538))",96
97,,"POLYGON ((-551380.9871202642 658001.5488183341, -550446.0208796004 657985.6224901868, -550461.9065837609 657051.9619018012, -551396.8874794364 657067.8659566725, -551380.9871202642 658001.5488183341))",97
98,,"POLYGON ((-550446.0208796004 657985.6224901868, -549511.0769321308 657969.7108468729, -549526.9479830146 657036.07251125, -550461.9065837609 657051.9619018012, -550446.0208796004 657985.6224901868))",98
99,,"POLYGON ((-549511.0769321308 657969.7108468729, -548576.1552573149 657953.8138866543, -548592.0116566552 657020.1977832838, -549526.9479830146 657036.07251125, -549511.0769321308 657969.7108468729))",99
100,,"POLYGON ((-548576.1552573149 657953.8138866543, -547641.2558346156 657937.9316077955, -547657.0975841437 657004.3377161686, -548592.0116566552 657020.1977832838, -548576.1552573149 657953.8138866543))",100
101,,"POLYGON ((-547641.2558346156 657937.9316077955, -546706.3786434974 657922.0640085624, -546722.2057449435 656988.4923081729, -547657.0975841437 657004.3377161686, -547641.2558346156 657937.9316077955))",101
102,,"POLYGON ((-546706.3786434974 657922.0640085624, -545771.5236634291 657906.2110872219, -545787.3361185207 656972.6615575664, -546722.2057449435 656988.4923081729, -546706.3786434974 657922.0640085624))",102
103,,"POLYGON ((-545771.5236634291 657906.2110872219, -544836.6908738788 657890.3728420435, -544852.4886843427 656956.8454626205, -545787.3361185207 656972.6615575664, -545771.5236634291 657906.2110872219))",103
104,,"POLYGON ((-544836.6908738788 657890.3728420435, -543901.8802543193 657874.5492712981, -543917.66342188 656941.0440216088, -544852.4886843427 656956.8454626205, -544836.6908738788 657890.3728420435))",104
105,,"POLYGON ((-543901.8802543193 657874.5492712981, -542967.0917842247 657858.7403732584, -542982.8603106055 656925.2572328057, -543917.66342188 656941.0440216088, -543901.8802543193 657874.5492712981))",105
106,71.56442260742188,"POLYGON ((-542967.0917842247 657858.7403732584, -542032.3254430728 657842.9461461985, -542048.0793299943 656909.4850944885, -542982.8603106055 656925.2572328057, -542967.0917842247 657858.7403732584))",106
107,76.31891632080078,"POLYGON ((-542032.3254430728 657842.9461461985, -541097.5812103417 657827.1665883944, -541113.3204595234 656893.7276049351, -542048.0793299943 656909.4850944885, -542032.3254430728 657842.9461461985))",107
108,71.5302734375,"POLYGON ((-541097.5812103417 657827.1665883944, -540162.8590655129 657811.401698124, -540178.5836786734 656877.9847624255, -541113.3204595234 656893.7276049351, -541097.5812103417 657827.1665883944))",108
109,63.515892028808594,"POLYGON ((-540162.8590655129 657811.401698124, -539228.158988071 657795.6514736665, -539243.8689669261 656862.2565652417, -540178.5836786734 656877.9847624255, -540162.8590655129 657811.401698124))",109
110,,"POLYGON ((-539228.158988071 657795.6514736665, -538293.4809575011 657779.915913303, -538309.1763037656 656846.543011667, -539243.8689669261 656862.2565652417, -539228.158988071 657795.6514736665))",110
111,,"POLYGON ((-538293.4809575011 657779.915913303, -537358.8249532923 657764.1950153164, -537374.5056686794 656830.8440999865, -538309.1763037656 656846.543011667, -538293.4809575011 657779.915913303))",111
112,,"POLYGON ((-537358.8249532923 657764.1950153164, -536424.1909549357 657748.488777991, -536439.8570411557 656815.1598284871, -537374.5056686794 656830.8440999865, -537358.8249532923 657764.1950153164))",112
113,,"POLYGON ((-536424.1909549357 657748.488777991, -535489.5789419243 657732.7971996132, -535505.230400687 656799.4901954571, -536439.8570411557 656815.1598284871, -536424.1909549357 657748.488777991))",113
114,,"POLYGON ((-535489.5789419243 657732.7971996132, -534554.9888937536 657717.1202784707, -534570.6257267664 656783.8351991869, -535505.230400687 656799.4901954571, -535489.5789419243 657732.7971996132))",114
115,,"POLYGON ((-534554.9888937536 657717.1202784707, -533620.4207899215 657701.4580128532, -533636.0429988906 656768.1948379684, -534570.6257267664 656783.8351991869, -534554.9888937536 657717.1202784707))",115
116,,"POLYGON ((-533620.4207899215 657701.4580128532, -532685.8746099273 657685.8104010518, -532701.4821965573 656752.5691100952, -533636.0429988906 656768.1948379684, -533620.4207899215 657701.4580128532))",116
117,,"POLYGON ((-532685.8746099273 657685.8104010518, -531751.3503332749 657670.1774413597, -531766.9432992683 656736.9580138624, -532701.4821965573 656752.5691100952, -532685.8746099273 657685.8104010518))",117
118,,"POLYGON ((-531751.3503332749 657670.1774413597, -530816.8479394683 657654.5591320716, -530832.4262865261 656721.3615475673, -531766.9432992683 656736.9580138624, -531751.3503332749 657670.1774413597))",118
119,,"POLYGON ((-530816.8479394683 657654.5591320716, -529882.3674080148 657638.9554714835, -529897.9311378362 656705.7797095082, -530832.4262865261 656721.3615475673, -530816.8479394683 657654.5591320716))",119
120,,"POLYGON ((-529882.3674080148 657638.9554714835, -528947.9087184244 657623.3664578935, -528963.4578327067 656690.2124979858, -529897.9311378362 656705.7797095082, -529882.3674080148 657638.9554714835))",120
121,,"POLYGON ((-528947.9087184244 657623.3664578935, -528013.4718502078 657607.7920896017, -528029.0063506475 656674.6599113019, -528963.4578327067 656690.2124979858, -528947.9087184244 657623.3664578935))",121
122,,"POLYGON ((-528013.4718502078 657607.7920896017, -527079.0567828803 657592.2323649094, -527094.5766711707 656659.1219477606, -528029.0063506475 656674.6599113019, -528013.4718502078 657607.7920896017))",122
123,,"POLYGON ((-527079.0567828803 657592.2323649094, -526144.663495957 657576.6872821196, -526160.1687737914 656643.598605667, -527094.5766711707 656659.1219477606, -527079.0567828803 657592.2323649094))",123
124,,"POLYGON ((-526144.663495957 657576.6872821196, -525210.2919689574 657561.1568395371, -525225.7826380266 656628.0898833283, -526160.1687737914 656643.598605667, -526144.663495957 657576.6872821196))",124
125,,"POLYGON ((-525210.2919689574 657561.1568395371, -524275.9421814028 657545.6410354687, -524291.4182433955 656612.5957790535, -525225.7826380266 656628.0898833283, -525210.2919689574 657561.1568395371))",125
126,,"POLYGON ((-524275.9421814028 657545.6410354687, -523341.6141128163 657530.1398682223, -523357.07556942 656597.1162911529, -524291.4182433955 656612.5957790535, -524275.9421814028 657545.6410354687))",126
127,,"POLYGON ((-523341.6141128163 657530.1398682223, -522407.3077427229 657514.653336108, -522422.7545956237 656581.6514179386, -523357.07556942 656597.1162911529, -523341.6141128163 657530.1398682223))",127
128,,"POLYGON ((-522407.3077427229 657514.653336108, -521473.0230506513 657499.1814374373, -521488.4553015331 656566.2011577248, -522422.7545956237 656581.6514179386, -522407.3077427229 657514.653336108))",128
129,,"POLYGON ((-521473.0230506513 657499.1814374373, -520538.76001613156 657483.7241705235, -520554.17766667635 656550.7655088269, -521488.4553015331 656566.2011577248, -521473.0230506513 657499.1814374373))",129
130,50.84931945800781,"POLYGON ((-520538.76001613156 657483.7241705235, -519604.5186186958 657468.2815336814, -519619.92167058506 656535.3444695623, -520554.17766667635 656550.7655088269, -520538.76001613156 657483.7241705235))",130
131,87.5044174194336,"POLYGON ((-519604.5186186958 657468.2815336814, -518670.29883787944 657452.853525228, -518685.6872927919 656519.9380382498, -519619.92167058506 656535.3444695623, -519604.5186186958 657468.2815336814))",131
132,134.67103576660156,"POLYGON ((-518670.29883787944 657452.853525228, -517736.1006532194 657437.4401434815, -517751.474512832 656504.5462132101, -518685.6872927919 656519.9380382498, -518670.29883787944 657452.853525228))",132
133,75.21586608886719,"POLYGON ((-517736.1006532194 657437.4401434815, -516801.9240442553 657422.0413867617, -516817.28331024374 656489.1689927655, -517751.474512832 656504.5462132101, -517736.1006532194 657437.4401434815))",133
134,45.31290817260742,"POLYGON ((-516801.9240442553 657422.0413867617, -515867.7689905283 657406.6572533906, -515883.1136645668 656473.8063752399, -516817.28331024374 656489.1689927655, -516801.9240442553 657422.0413867617))",134
135,49.25848388671875,"POLYGON ((-515867.7689905283 657406.6572533906, -514933.6354715822 657391.2877416916, -514948.9655553432 656458.4583589592, -515883.1136645668 656473.8063752399, -515867.7689905283 657406.6572533906))",135
136,,"POLYGON ((-514933.6354715822 657391.2877416916, -513999.523466964 657375.9328499897, -514014.83896211814 656443.1249422505, -514948.9655553432 656458.4583589592, -514933.6354715822 657391.2877416916))",136
137,,"POLYGON ((-513999.523466964 657375.9328499897, -513065.4329562222 657360.5925766116, -513080.7338644378 656427.8061234432, -514014.83896211814 656443.1249422505, -513999.523466964 657375.9328499897))",137
138,,"POLYGON ((-513065.4329562222 657360.5925766116, -512131.36391890736 657345.266919886, -512146.6502418519 656412.5019008677, -513080.7338644378 656427.8061234432, -513065.4329562222 657360.5925766116))",138
139,,"POLYGON ((-512131.36391890736 657345.266919886, -511197.3163345724 657329.9558781428, -511212.5880739114 656397.2122728567, -512146.6502418519 656412.5019008677, -512131.36391890736 657345.266919886))",139
140,,"POLYGON ((-511197.3163345724 657329.9558781428, -510263.2901827728 657314.659449714, -510278.5473401706 656381.9372377442, -511212.5880739114 656397.2122728567, -511197.3163345724 657329.9558781428))",140
141,,"POLYGON ((-510263.2901827728 657314.659449714, -509329.2854430665 657299.3776329332, -509344.5280201847 656366.676793866, -510278.5473401706 656381.9372377442, -510263.2901827728 657314.659449714))",141
142,,"POLYGON ((-509329.2854430665 657299.3776329332, -508395.30209501274 657284.1104261355, -508410.53009351227 656351.4309395595, -509344.5280201847 656366.676793866, -509329.2854430665 657299.3776329332))",142
143,,"POLYGON ((-508395.30209501274 657284.1104261355, -507461.3401181747 657268.8578276577, -507476.5535397141 656336.1996731639, -508410.53009351227 656351.4309395595, -508395.30209501274 657284.1104261355))",143
144,,"POLYGON ((-507461.3401181747 657268.8578276577, -506527.3994921162 657253.6198358384, -506542.59833835263 656320.9829930202, -507476.5535397141 656336.1996731639, -507461.3401181747 657268.8578276577))",144
145,,"POLYGON ((-506527.3994921162 657253.6198358384, -505593.4801964036 657238.3964490182, -505608.66446899285 656305.7808974707, -506542.59833835263 656320.9829930202, -506527.3994921162 657253.6198358384))",145
146,,"POLYGON ((-505593.4801964036 657238.3964490182, -504659.58221060666 657223.1876655385, -504674.75191120186 656290.5933848599, -505608.66446899285 656305.7808974707, -505593.4801964036 657238.3964490182))",146
147,,"POLYGON ((-504659.58221060666 657223.1876655385, -503725.7055142963 657207.9934837435, -503740.86064454983 656275.4204535331, -504674.75191120186 656290.5933848599, -504659.58221060666 657223.1876655385))",147
148,,"POLYGON ((-503725.7055142963 657207.9934837435, -502791.8500870459 657192.8139019781, -502806.9906486083 656260.2621018384, -503740.86064454983 656275.4204535331, -503725.7055142963 657207.9934837435))",148
149,,"POLYGON ((-502791.8500870459 657192.8139019781, -501858.01590843115 657177.6489185892, -501873.14190295106 656245.1183281248, -502806.9906486083 656260.2621018384, -502791.8500870459 657192.8139019781))",149
150,,"POLYGON ((-501858.01590843115 657177.6489185892, -500924.2029580298 657162.4985319258, -500939.31438715465 656229.9891307434, -501873.14190295106 656245.1183281248, -501858.01590843115 657177.6489185892))",150
151,,"POLYGON ((-500924.2029580298 657162.4985319258, -499990.41121542256 657147.3627403381, -500005.50808079715 656214.8745080464, -500939.31438715465 656229.9891307434, -500924.2029580298 657162.4985319258))",151
152,,"POLYGON ((-499990.41121542256 657147.3627403381, -499056.64066019154 657132.2415421781, -499071.72296346014 656199.7744583883, -500005.50808079715 656214.8745080464, -499990.41121542256 657147.3627403381))",152
153,,"POLYGON ((-499056.64066019154 657132.2415421781, -498122.8912719216 657117.1349357996, -498137.9590147261 656184.6889801252, -499071.72296346014 656199.7744583883, -499056.64066019154 657132.2415421781))",153
154,,"POLYGON ((-498122.8912719216 657117.1349357996, -497189.1630301998 657102.042919558, -497204.21621418034 656169.6180716145, -498137.9590147261 656184.6889801252, -498122.8912719216 657117.1349357996))",154
155,,"POLYGON ((-497189.1630301998 657102.042919558, -496255.4559146154 657086.9654918101, -496270.4945414107 656154.5617312158, -497204.21621418034 656169.6180716145, -497189.1630301998 657102.042919558))",155
156,,"POLYGON ((-496255.4559146154 657086.9654918101, -495321.76990475936 657071.902650915, -495336.7939760068 656139.5199572897, -496270.4945414107 656154.5617312158, -496255.4559146154 657086.9654918101))",156
157,,"POLYGON ((-495321.76990475936 657071.902650915, -494388.1049802259 657056.8543952327, -494403.11449756054 656124.4927481989, -495336.7939760068 656139.5199572897, -495321.76990475936 657071.902650915))",157
158,,"POLYGON ((-494388.1049802259 657056.8543952327, -493454.4611206108 657041.8207231258, -493469.45608566597 656109.4801023081, -494403.11449756054 656124.4927481989, -494388.1049802259 657056.8543952327))",158
159,,"POLYGON ((-493454.4611206108 657041.8207231258, -492520.83830551174 657026.8016329576, -492535.81871992024 656094.4820179829, -493469.45608566597 656109.4801023081, -493454.4611206108 657041.8207231258))",159
160,,"POLYGON ((-492520.83830551174 657026.8016329576, -491587.2365145299 657011.7971230941, -491602.20237992145 656079.498493591, -492535.81871992024 656094.4820179829, -492520.83830551174 657026.8016329576))",160
161,,"POLYGON ((-491587.2365145299 657011.7971230941, -490653.6557272667 656996.8071919018, -490668.6070452704 656064.529527502, -491602.20237992145 656079.498493591, -491587.2365145299 657011.7971230941))",161
162,,"POLYGON ((-490653.6557272667 656996.8071919018, -489720.09592332796 656981.8318377497, -489735.0326955705 656049.5751180867, -490668.6070452704 656064.529527502, -490653.6557272667 656996.8071919018))",162
163,,"POLYGON ((-489720.09592332796 656981.8318377497, -488786.55708232045 656966.8710590085, -488801.4793104272 656034.6352637178, -489735.0326955705 656049.5751180867, -489720.09592332796 656981.8318377497))",163
164,,"POLYGON ((-565424.2902814175 657308.1876833333, -564488.9724952285 657292.063454272, -564505.0554239969 656358.0660982316, -565440.3878706808 656374.1677446185, -565424.2902814175 657308.1876833333))",164
165,,"POLYGON ((-564488.9724952285 657292.063454272, -563553.6773123743 657275.9539157641, -563569.745582406 656341.9791218477, -564505.0554239969 656358.0660982316, -564488.9724952285 657292.063454272))",165
166,,"POLYGON ((-563553.6773123743 657275.9539157641, -562618.4047122784 657259.8590660488, -562634.4583253292 656325.9068137086, -563569.745582406 656341.9791218477, -563553.6773123743 657275.9539157641))",166
167,,"POLYGON ((-562618.4047122784 657259.8590660488, -561683.1546743659 657243.7789033668, -561699.1936321908 656309.8491720575, -562634.4583253292 656325.9068137086, -562618.4047122784 657259.8590660488))",167
168,,"POLYGON ((-561683.1546743659 657243.7789033668, -560747.9271780644 657227.7134259611, -560763.9514824159 656293.8061951392, -561699.1936321908 656309.8491720575, -561683.1546743659 657243.7789033668))",168
169,,"POLYGON ((-560747.9271780644 657227.7134259611, -559812.7222028037 657211.6626320755, -559828.7318554332 656277.7778812007, -560763.9514824159 656293.8061951392, -560747.9271780644 657227.7134259611))",169
170,,"POLYGON ((-559812.7222028037 657211.6626320755, -558877.5397280166 657195.6265199565, -558893.5347306735 656261.7642284901, -559828.7318554332 656277.7778812007, -559812.7222028037 657211.6626320755))",170
171,,"POLYGON ((-558877.5397280166 657195.6265199565, -557942.3797331376 657179.6050878512, -557958.3600875698 656245.7652352576, -558893.5347306735 656261.7642284901, -558877.5397280166 657195.6265199565))",171
172,,"POLYGON ((-557942.3797331376 657179.6050878512, -557007.2421976039 657163.5983340094, -557023.2079055572 656229.780899755, -557958.3600875698 656245.7652352576, -557942.3797331376 657179.6050878512))",172
173,,"POLYGON ((-557007.2421976039 657163.5983340094, -556072.1271008549 657147.6062566821, -556088.0781640746 656213.8112202359, -557023.2079055572 656229.780899755, -557007.2421976039 657163.5983340094))",173
174,,"POLYGON ((-556072.1271008549 657147.6062566821, -555137.0344223331 657131.6288541222, -555152.9708425608 656197.8561949553, -556088.0781640746 656213.8112202359, -556072.1271008549 657147.6062566821))",174
175,,"POLYGON ((-555137.0344223331 657131.6288541222, -554201.9641414827 657115.6661245843, -554217.8859204594 656181.9158221702, -555152.9708425608 656197.8561949553, -555137.0344223331 657131.6288541222))",175
176,,"POLYGON ((-554201.9641414827 657115.6661245843, -553266.9162377494 657099.7180663244, -553282.8233772153 656165.9901001393, -554217.8859204594 656181.9158221702, -554201.9641414827 657115.6661245843))",176
177,,"POLYGON ((-553266.9162377494 657099.7180663244, -552331.8906905835 657083.7846776006, -552347.7831922758 656150.0790271225, -553282.8233772153 656165.9901001393, -553266.9162377494 657099.7180663244))",177
178,,"POLYGON ((-552331.8906905835 657083.7846776006, -551396.8874794364 657067.8659566725, -551412.7653450908 656134.1826013824, -552347.7831922758 656150.0790271225, -552331.8906905835 657083.7846776006))",178
179,,"POLYGON ((-551396.8874794364 657067.8659566725, -550461.9065837609 657051.9619018012, -550477.7698151115 656118.3008211822, -551412.7653450908 656134.1826013824, -551396.8874794364 657067.8659566725))",179
180,,"POLYGON ((-550461.9065837609 657051.9619018012, -549526.9479830146 657036.07251125, -549542.7965817938 656102.4336847875, -550477.7698151115 656118.3008211822, -550461.9065837609 657051.9619018012))",180
181,,"POLYGON ((-549526.9479830146 657036.07251125, -548592.0116566552 657020.1977832838, -548607.845624594 656086.5811904655, -549542.7965817938 656102.4336847875, -549526.9479830146 657036.07251125))",181
182,,"POLYGON ((-548592.0116566552 657020.1977832838, -547657.0975841437 657004.3377161686, -547672.9169229714 656070.743336485, -548607.845624594 656086.5811904655, -548592.0116566552 657020.1977832838))",182
183,,"POLYGON ((-547657.0975841437 657004.3377161686, -546722.2057449435 656988.4923081729, -546738.0104563871 656054.9201211162, -547672.9169229714 656070.743336485, -547657.0975841437 657004.3377161686))",183
184,,"POLYGON ((-546722.2057449435 656988.4923081729, -545787.3361185207 656972.6615575664, -545803.126204306 656039.1115426316, -546738.0104563871 656054.9201211162, -546722.2057449435 656988.4923081729))",184
185,,"POLYGON ((-545787.3361185207 656972.6615575664, -544852.4886843427 656956.8454626205, -544868.2641461939 656023.317599305, -545803.126204306 656039.1115426316, -545787.3361185207 656972.6615575664))",185
186,,"POLYGON ((-544852.4886843427 656956.8454626205, -543917.66342188 656941.0440216088, -543933.4242615193 656007.5382894118, -544868.2641461939 656023.317599305, -544852.4886843427 656956.8454626205))",186
187,,"POLYGON ((-543917.66342188 656941.0440216088, -542982.8603106055 656925.2572328057, -542998.6065297537 655991.7736112297, -543933.4242615193 656007.5382894118, -543917.66342188 656941.0440216088))",187
188,41.57267379760742,"POLYGON ((-542982.8603106055 656925.2572328057, -542048.0793299943 656909.4850944885, -542063.8109303699 655976.0235630376, -542998.6065297537 655991.7736112297, -542982.8603106055 656925.2572328057))",188
189,58.959468841552734,"POLYGON ((-542048.0793299943 656909.4850944885, -541113.3204595234 656893.7276049351, -541129.0374428442 655960.2881431158, -542063.8109303699 655976.0235630376, -542048.0793299943 656909.4850944885))",189
190,86.23430633544922,"POLYGON ((-541113.3204595234 656893.7276049351, -540178.5836786734 656877.9847624255, -540194.2860466541 655944.567349747, -541129.0374428442 655960.2881431158, -541113.3204595234 656893.7276049351))",190
191,76.33563232421875,"POLYGON ((-540178.5836786734 656877.9847624255, -539243.8689669261 656862.2565652417, -539259.5567212813 655928.8611812154, -540194.2860466541 655944.567349747, -540178.5836786734 656877.9847624255))",191
192,71.57583618164062,"POLYGON ((-539243.8689669261 656862.2565652417, -538309.1763037656 656846.543011667, -538324.8494462073 655913.1696358063, -539259.5567212813 655928.8611812154, -539243.8689669261 656862.2565652417))",192
193,,"POLYGON ((-538309.1763037656 656846.543011667, -537374.5056686794 656830.8440999865, -537390.1642009172 655897.4927118075, -538324.8494462073 655913.1696358063, -538309.1763037656 656846.543011667))",193
194,,"POLYGON ((-537374.5056686794 656830.8440999865, -536439.8570411557 656815.1598284871, -536455.5009648998 655881.8304075083, -537390.1642009172 655897.4927118075, -537374.5056686794 656830.8440999865))",194
195,,"POLYGON ((-536439.8570411557 656815.1598284871, -535505.230400687 656799.4901954571, -535520.8597176438 655866.1827211991, -536455.5009648998 655881.8304075083, -536439.8570411557 656815.1598284871))",195
196,,"POLYGON ((-535505.230400687 656799.4901954571, -534570.6257267664 656783.8351991869, -534586.2404386412 655850.5496511726, -535520.8597176438 655866.1827211991, -535505.230400687 656799.4901954571))",196
197,,"POLYGON ((-534570.6257267664 656783.8351991869, -533636.0429988906 656768.1948379684, -533651.6431073867 655834.9311957231, -534586.2404386412 655850.5496511726, -534570.6257267664 656783.8351991869))",197
198,,"POLYGON ((-533636.0429988906 656768.1948379684, -532701.4821965573 656752.5691100952, -532717.0677033777 655819.3273531467, -533651.6431073867 655834.9311957231, -533636.0429988906 656768.1948379684))",198
199,,"POLYGON ((-532701.4821965573 656752.5691100952, -531766.9432992683 656736.9580138624, -531782.5142061121 655803.7381217408, -532717.0677033777 655819.3273531467, -532701.4821965573 656752.5691100952))",199
200,,"POLYGON ((-531766.9432992683 656736.9580138624, -530832.4262865261 656721.3615475673, -530847.982595093 655788.1634998046, -531782.5142061121 655803.7381217408, -531766.9432992683 656736.9580138624))",200
201,,"POLYGON ((-530832.4262865261 656721.3615475673, -529897.9311378362 656705.7797095082, -529913.4728498223 655772.6034856392, -530847.982595093 655788.1634998046, -530832.4262865261 656721.3615475673))",201
202,,"POLYGON ((-529897.9311378362 656705.7797095082, -528963.4578327067 656690.2124979858, -528978.9849498075 655757.0580775475, -529913.4728498223 655772.6034856392, -529897.9311378362 656705.7797095082))",202
203,,"POLYGON ((-528963.4578327067 656690.2124979858, -528029.0063506475 656674.6599113019, -528044.5188745566 655741.5272738334, -528978.9849498075 655757.0580775475, -528963.4578327067 656690.2124979858))",203
204,,"POLYGON ((-528029.0063506475 656674.6599113019, -527094.5766711707 656659.1219477606, -527110.0746035806 655726.0110728034, -528044.5188745566 655741.5272738334, -528029.0063506475 656674.6599113019))",204
205,,"POLYGON ((-527094.5766711707 656659.1219477606, -526160.1687737914 656643.598605667, -526175.6521163911 655710.5094727653, -527110.0746035806 655726.0110728034, -527094.5766711707 656659.1219477606))",205
206,,"POLYGON ((-526160.1687737914 656643.598605667, -525225.7826380266 656628.0898833283, -525241.2513925052 655695.0224720279, -526175.6521163911 655710.5094727653, -526160.1687737914 656643.598605667))",206
207,,"POLYGON ((-525225.7826380266 656628.0898833283, -524291.4182433955 656612.5957790535, -524306.8724114397 655679.5500689028, -525241.2513925052 655695.0224720279, -525225.7826380266 656628.0898833283))",207
208,,"POLYGON ((-524291.4182433955 656612.5957790535, -523357.07556942 656597.1162911529, -523372.5151527154 655664.092261703, -524306.8724114397 655679.5500689028, -524291.4182433955 656612.5957790535))",208
209,,"POLYGON ((-523357.07556942 656597.1162911529, -522422.7545956237 656581.6514179386, -522438.1795958531 655648.6490487427, -523372.5151527154 655664.092261703, -523357.07556942 656597.1162911529))",209
210,,"POLYGON ((-522422.7545956237 656581.6514179386, -521488.4553015331 656566.2011577248, -521503.8657203786 655633.2204283379, -522438.1795958531 655648.6490487427, -522422.7545956237 656581.6514179386))",210
211,59.33723449707031,"POLYGON ((-521488.4553015331 656566.2011577248, -520554.17766667635 656550.7655088269, -520569.57350581815 655617.806398807, -521503.8657203786 655633.2204283379, -521488.4553015331 656566.2011577248))",211
212,95.57476806640625,"POLYGON ((-520554.17766667635 656550.7655088269, -519619.92167058506 656535.3444695623, -519635.3029317014 655602.4069584691, -520569.57350581815 655617.806398807, -520554.17766667635 656550.7655088269))",212
213,204.13706970214844,"POLYGON ((-519619.92167058506 656535.3444695623, -518685.6872927919 656519.9380382498, -518701.05397755874 655587.0221056456, -519635.3029317014 655602.4069584691, -519619.92167058506 656535.3444695623))",213
214,134.35508728027344,"POLYGON ((-518685.6872927919 656519.9380382498, -517751.474512832 656504.5462132101, -517766.82662292535 655571.6518386594, -518701.05397755874 655587.0221056456, -518685.6872927919 656519.9380382498))",214
215,54.4411735534668,"POLYGON ((-517751.474512832 656504.5462132101, -516817.28331024374 656489.1689927655, -516832.6208473367 655556.2961558349, -517766.82662292535 655571.6518386594, -517751.474512832 656504.5462132101))",215
216,50.58494186401367,"POLYGON ((-516817.28331024374 656489.1689927655, -515883.1136645668 656473.8063752399, -515898.43663033063 655540.9550554991, -516832.6208473367 655556.2961558349, -516817.28331024374 656489.1689927655))",216
217,59.83021926879883,"POLYGON ((-515883.1136645668 656473.8063752399, -514948.9655553432 656458.4583589592, -514964.2739514484 655525.6285359791, -515898.43663033063 655540.9550554991, -515883.1136645668 656473.8063752399))",217
218,109.4593734741211,"POLYGON ((-514948.9655553432 656458.4583589592, -514014.83896211814 656443.1249422505, -514030.13279023266 655510.3165956051, -514964.2739514484 655525.6285359791, -514948.9655553432 656458.4583589592))",218
219,223.27517700195312,"POLYGON ((-514014.83896211814 656443.1249422505, -513080.7338644378 656427.8061234432, -513096.01312622835 655495.0192327081, -514030.13279023266 655510.3165956051, -514014.83896211814 656443.1249422505))",219
220,356.03619384765625,"POLYGON ((-513080.7338644378 656427.8061234432, -512146.6502418519 656412.5019008677, -512161.9149389835 655479.7364456216, -513096.01312622835 655495.0192327081, -513080.7338644378 656427.8061234432))",220
221,165.99229431152344,"POLYGON ((-512146.6502418519 656412.5019008677, -511212.5880739114 656397.2122728567, -511227.8382080472 655464.4682326799, -512161.9149389835 655479.7364456216, -512146.6502418519 656412.5019008677))",221
222,,"POLYGON ((-511212.5880739114 656397.2122728567, -510278.5473401706 656381.9372377442, -510293.78291297215 655449.2145922192, -511227.8382080472 655464.4682326799, -511212.5880739114 656397.2122728567))",222
223,,"POLYGON ((-510278.5473401706 656381.9372377442, -509344.5280201847 656366.676793866, -509359.7490333121 655433.975522578, -510293.78291297215 655449.2145922192, -510278.5473401706 656381.9372377442))",223
224,,"POLYGON ((-509344.5280201847 656366.676793866, -508410.53009351227 656351.4309395595, -508425.7365486234 655418.751022096, -509359.7490333121 655433.975522578, -509344.5280201847 656366.676793866))",224
225,,"POLYGON ((-508410.53009351227 656351.4309395595, -507476.5535397141 656336.1996731639, -507491.7454384655 655403.5410891143, -508425.7365486234 655418.751022096, -508410.53009351227 656351.4309395595))",225
226,,"POLYGON ((-507476.5535397141 656336.1996731639, -506542.59833835263 656320.9829930202, -506557.7756823994 655388.3457219761, -507491.7454384655 655403.5410891143, -507476.5535397141 656336.1996731639))",226
227,,"POLYGON ((-506542.59833835263 656320.9829930202, -505608.66446899285 656305.7808974707, -505623.82725998794 655373.1649190264, -506557.7756823994 655388.3457219761, -506542.59833835263 656320.9829930202))",227
228,,"POLYGON ((-505608.66446899285 656305.7808974707, -504674.75191120186 656290.5933848599, -504689.90015079733 655357.9986786116, -505623.82725998794 655373.1649190264, -505608.66446899285 656305.7808974707))",228
229,,"POLYGON ((-504674.75191120186 656290.5933848599, -503740.86064454983 656275.4204535331, -503755.9943343949 655342.8469990797, -504689.90015079733 655357.9986786116, -504674.75191120186 656290.5933848599))",229
230,,"POLYGON ((-503740.86064454983 656275.4204535331, -502806.9906486083 656260.2621018384, -502822.1097903515 655327.7098787804, -503755.9943343949 655342.8469990797, -503740.86064454983 656275.4204535331))",230
231,,"POLYGON ((-502806.9906486083 656260.2621018384, -501873.14190295106 656245.1183281248, -501888.2464982389 655312.5873160654, -502822.1097903515 655327.7098787804, -502806.9906486083 656260.2621018384))",231
232,,"POLYGON ((-501873.14190295106 656245.1183281248, -500939.31438715465 656229.9891307434, -500954.40443763137 655297.4793092879, -501888.2464982389 655312.5873160654, -501873.14190295106 656245.1183281248))",232
233,,"POLYGON ((-500939.31438715465 656229.9891307434, -500005.50808079715 656214.8745080464, -500020.5835881068 655282.3858568025, -500954.40443763137 655297.4793092879, -500939.31438715465 656229.9891307434))",233
234,,"POLYGON ((-500005.50808079715 656214.8745080464, -499071.72296346014 656199.7744583883, -499086.78392924357 655267.3069569658, -500020.5835881068 655282.3858568025, -500005.50808079715 656214.8745080464))",234
235,,"POLYGON ((-499071.72296346014 656199.7744583883, -498137.9590147261 656184.6889801252, -498153.0054406228 655252.2426081361, -499086.78392924357 655267.3069569658, -499071.72296346014 656199.7744583883))",235
236,,"POLYGON ((-498137.9590147261 656184.6889801252, -497204.21621418034 656169.6180716145, -497219.24810182897 655237.1928086733, -498153.0054406228 655252.2426081361, -498137.9590147261 656184.6889801252))",236
237,,"POLYGON ((-497204.21621418034 656169.6180716145, -496270.4945414107 656154.5617312158, -496285.5118924476 655222.1575569387, -497219.24810182897 655237.1928086733, -497204.21621418034 656169.6180716145))",237
238,,"POLYGON ((-496270.4945414107 656154.5617312158, -495336.7939760068 656139.5199572897, -495351.79679206654 655207.1368512956, -496285.5118924476 655222.1575569387, -496270.4945414107 656154.5617312158))",238
239,,"POLYGON ((-495336.7939760068 656139.5199572897, -494403.11449756054 656124.4927481989, -494418.1027802763 655192.1306901089, -495351.79679206654 655207.1368512956, -495336.7939760068 656139.5199572897))",239
240,,"POLYGON ((-494403.11449756054 656124.4927481989, -493469.45608566597 656109.4801023081, -493484.4298366697 655177.1390717452, -494418.1027802763 655192.1306901089, -494403.11449756054 656124.4927481989))",240
241,,"POLYGON ((-493469.45608566597 656109.4801023081, -492535.81871992024 656094.4820179829, -492550.7779408408 655162.1619945727, -493484.4298366697 655177.1390717452, -493469.45608566597 656109.4801023081))",241
242,,"POLYGON ((-492535.81871992024 656094.4820179829, -491602.20237992145 656079.498493591, -491617.1470723875 655147.1994569614, -492550.7779408408 655162.1619945727, -492535.81871992024 656094.4820179829))",242
243,,"POLYGON ((-491602.20237992145 656079.498493591, -490668.6070452704 656064.529527502, -490683.53721090814 655132.2514572826, -491617.1470723875 655147.1994569614, -491602.20237992145 656079.498493591))",243
244,,"POLYGON ((-490668.6070452704 656064.529527502, -489735.0326955705 656049.5751180867, -489749.94833600486 655117.3179939095, -490683.53721090814 655132.2514572826, -490668.6070452704 656064.529527502))",244
245,,"POLYGON ((-489735.0326955705 656049.5751180867, -488801.4793104272 656034.6352637178, -488816.3804272809 655102.3990652175, -489749.94833600486 655117.3179939095, -489735.0326955705 656049.5751180867))",245
246,,"POLYGON ((-565440.3878706808 656374.1677446185, -564505.0554239969 656358.0660982316, -564521.1155687051 655424.068229605, -565456.4626551401 655440.1472919037, -565440.3878706808 656374.1677446185))",246
247,,"POLYGON ((-564505.0554239969 656358.0660982316, -563569.745582406 656341.9791218477, -563585.7910891194 655408.0038167577, -564521.1155687051 655424.068229605, -564505.0554239969 656358.0660982316))",247
248,,"POLYGON ((-563569.745582406 656341.9791218477, -562634.4583253292 656325.9068137086, -562650.4891958018 655391.9540516059, -563585.7910891194 655408.0038167577, -563569.745582406 656341.9791218477))",248
249,,"POLYGON ((-562634.4583253292 656325.9068137086, -561699.1936321908 656309.8491720575, -561715.209868174 655375.918932395, -562650.4891958018 655391.9540516059, -562634.4583253292 656325.9068137086))",249
250,,"POLYGON ((-561699.1936321908 656309.8491720575, -560763.9514824159 656293.8061951392, -560779.9530856609 655359.898457373, -561715.209868174 655375.918932395, -561699.1936321908 656309.8491720575))",250
251,,"POLYGON ((-560763.9514824159 656293.8061951392, -559828.7318554332 656277.7778812007, -559844.7188276891 655343.8926247881, -560779.9530856609 655359.898457373, -560763.9514824159 656293.8061951392))",251
252,,"POLYGON ((-559828.7318554332 656277.7778812007, -558893.5347306735 656261.7642284901, -558909.5070736867 655327.9014328918, -559844.7188276891 655343.8926247881, -559828.7318554332 656277.7778812007))",252
253,,"POLYGON ((-558893.5347306735 656261.7642284901, -557958.3600875698 656245.7652352576, -557974.3178030855 655311.9248799362, -558909.5070736867 655327.9014328918, -558893.5347306735 656261.7642284901))",253
254,,"POLYGON ((-557958.3600875698 656245.7652352576, -557023.2079055572 656229.780899755, -557039.1509953197 655295.9629641755, -557974.3178030855 655311.9248799362, -557958.3600875698 656245.7652352576))",254
255,,"POLYGON ((-557023.2079055572 656229.780899755, -556088.0781640746 656213.8112202359, -556104.0066298253 655280.0156838659, -557039.1509953197 655295.9629641755, -557023.2079055572 656229.780899755))",255
256,,"POLYGON ((-556088.0781640746 656213.8112202359, -555152.9708425608 656197.8561949553, -555168.8846860407 655264.0830372645, -556104.0066298253 655280.0156838659, -556088.0781640746 656213.8112202359))",256
257,,"POLYGON ((-555152.9708425608 656197.8561949553, -554217.8859204594 656181.9158221702, -554233.7851434064 655248.1650226307, -555168.8846860407 655264.0830372645, -555152.9708425608 656197.8561949553))",257
258,,"POLYGON ((-554217.8859204594 656181.9158221702, -553282.8233772153 656165.9901001393, -553298.7079813667 655232.2616382259, -554233.7851434064 655248.1650226307, -554217.8859204594 656181.9158221702))",258
259,,"POLYGON ((-553282.8233772153 656165.9901001393, -552347.7831922758 656150.0790271225, -552363.6531793666 655216.372882312, -553298.7079813667 655232.2616382259, -553282.8233772153 656165.9901001393))",259
260,,"POLYGON ((-552347.7831922758 656150.0790271225, -551412.7653450908 656134.1826013824, -551428.6207168542 655200.4987531543, -552363.6531793666 655216.372882312, -552347.7831922758 656150.0790271225))",260
261,,"POLYGON ((-551412.7653450908 656134.1826013824, -550477.7698151115 656118.3008211822, -550493.6105732804 655184.6392490182, -551428.6207168542 655200.4987531543, -551412.7653450908 656134.1826013824))",261
262,,"POLYGON ((-550477.7698151115 656118.3008211822, -549542.7965817938 656102.4336847875, -549558.6227280975 655168.7943681717, -550493.6105732804 655184.6392490182, -550477.7698151115 656118.3008211822))",262
263,,"POLYGON ((-549542.7965817938 656102.4336847875, -548607.845624594 656086.5811904655, -548623.6571607608 655152.9641088842, -549558.6227280975 655168.7943681717, -549542.7965817938 656102.4336847875))",263
264,,"POLYGON ((-548607.845624594 656086.5811904655, -547672.9169229714 656070.743336485, -547688.713850728 655137.1484694269, -548623.6571607608 655152.9641088842, -548607.845624594 656086.5811904655))",264
265,,"POLYGON ((-547672.9169229714 656070.743336485, -546738.0104563871 656054.9201211162, -546753.7927774588 655121.3474480729, -547688.713850728 655137.1484694269, -547672.9169229714 656070.743336485))",265
266,,"POLYGON ((-546738.0104563871 656054.9201211162, -545803.126204306 656039.1115426316, -545818.893920416 655105.5610430964, -546753.7927774588 655121.3474480729, -546738.0104563871 656054.9201211162))",266
267,,"POLYGON ((-545803.126204306 656039.1115426316, -544868.2641461939 656023.317599305, -544884.0172590635 655089.7892527736, -545818.893920416 655105.5610430964, -545803.126204306 656039.1115426316))",267
268,,"POLYGON ((-544868.2641461939 656023.317599305, -543933.4242615193 656007.5382894118, -543949.1627728688 655074.0320753828, -544884.0172590635 655089.7892527736, -544868.2641461939 656023.317599305))",268
269,,"POLYGON ((-543933.4242615193 656007.5382894118, -542998.6065297537 655991.7736112297, -543014.3304413011 655058.2895092033, -543949.1627728688 655074.0320753828, -543933.4242615193 656007.5382894118))",269
270,46.43472671508789,"POLYGON ((-542998.6065297537 655991.7736112297, -542063.8109303699 655976.0235630376, -542079.5202438321 655042.5615525167, -543014.3304413011 655058.2895092033, -542998.6065297537 655991.7736112297))",270
271,50.22393798828125,"POLYGON ((-542063.8109303699 655976.0235630376, -541129.0374428442 655960.2881431158, -541144.732159936 655026.8482036061, -542079.5202438321 655042.5615525167, -542063.8109303699 655976.0235630376))",271
272,92.23188781738281,"POLYGON ((-541129.0374428442 655960.2881431158, -540194.2860466541 655944.567349747, -540209.9661690886 655011.1494607558, -541144.732159936 655026.8482036061, -541129.0374428442 655960.2881431158))",272
273,79.50833129882812,"POLYGON ((-540194.2860466541 655944.567349747, -539259.5567212813 655928.8611812154, -539275.2222507697 654995.4653222526, -540209.9661690886 655011.1494607558, -540194.2860466541 655944.567349747))",273
274,76.27994537353516,"POLYGON ((-539259.5567212813 655928.8611812154, -538324.8494462073 655913.1696358063, -538340.5003844596 654979.7957863844, -539275.2222507697 654995.4653222526, -539259.5567212813 655928.8611812154))",274
275,48.4627685546875,"POLYGON ((-538324.8494462073 655913.1696358063, -537390.1642009172 655897.4927118075, -537405.800549642 654964.140851441, -538340.5003844596 654979.7957863844, -538324.8494462073 655913.1696358063))",275
276,39.92212677001953,"POLYGON ((-537390.1642009172 655897.4927118075, -536455.5009648998 655881.8304075083, -536471.1227258024 654948.500515714, -537405.800549642 654964.140851441, -537390.1642009172 655897.4927118075))",276
277,,"POLYGON ((-536455.5009648998 655881.8304075083, -535520.8597176438 655866.1827211991, -535536.4668924292 654932.8747774966, -536471.1227258024 654948.500515714, -536455.5009648998 655881.8304075083))",277
278,,"POLYGON ((-535520.8597176438 655866.1827211991, -534586.2404386412 655850.5496511726, -534601.8330290131 654917.2636350836, -535536.4668924292 654932.8747774966, -535520.8597176438 655866.1827211991))",278
279,,"POLYGON ((-534586.2404386412 655850.5496511726, -533651.6431073867 655834.9311957231, -533667.2211150464 654901.6670867712, -534601.8330290131 654917.2636350836, -534586.2404386412 655850.5496511726))",279
280,,"POLYGON ((-533651.6431073867 655834.9311957231, -532717.0677033777 655819.3273531467, -532732.631130024 654886.0851308585, -533667.2211150464 654901.6670867712, -533651.6431073867 655834.9311957231))",280
281,,"POLYGON ((-532717.0677033777 655819.3273531467, -531782.5142061121 655803.7381217408, -531798.063053444 654870.5177656446, -532732.631130024 654886.0851308585, -532717.0677033777 655819.3273531467))",281
282,,"POLYGON ((-531782.5142061121 655803.7381217408, -530847.982595093 655788.1634998046, -530863.5168648058 654854.9649894316, -531798.063053444 654870.5177656446, -531782.5142061121 655803.7381217408))",282
283,,"POLYGON ((-530847.982595093 655788.1634998046, -529913.4728498223 655772.6034856392, -529928.9925436116 654839.4268005226, -530863.5168648058 654854.9649894316, -530847.982595093 655788.1634998046))",283
284,,"POLYGON ((-529913.4728498223 655772.6034856392, -528978.9849498075 655757.0580775475, -528994.4900693654 654823.9031972225, -529928.9925436116 654839.4268005226, -529913.4728498223 655772.6034856392))",284
285,,"POLYGON ((-528978.9849498075 655757.0580775475, -528044.5188745566 655741.5272738334, -528060.0094215745 654808.3941778385, -528994.4900693654 654823.9031972225, -528978.9849498075 655757.0580775475))",285
286,,"POLYGON ((-528044.5188745566 655741.5272738334, -527110.0746035806 655726.0110728034, -527125.5505797475 654792.8997406784, -528060.0094215745 654808.3941778385, -528044.5188745566 655741.5272738334))",286
287,,"POLYGON ((-527110.0746035806 655726.0110728034, -526175.6521163911 655710.5094727653, -526191.1135233965 654777.4198840525, -527125.5505797475 654792.8997406784, -527110.0746035806 655726.0110728034))",287
288,,"POLYGON ((-526175.6521163911 655710.5094727653, -525241.2513925052 655695.0224720279, -525256.6982320335 654761.9546062724, -526191.1135233965 654777.4198840525, -526175.6521163911 655710.5094727653))",288
289,,"POLYGON ((-525241.2513925052 655695.0224720279, -524306.8724114397 655679.5500689028, -524322.3046851766 654746.5039056519, -525256.6982320335 654761.9546062724, -525241.2513925052 655695.0224720279))",289
290,40.73180389404297,"POLYGON ((-524306.8724114397 655679.5500689028, -523372.5151527154 655664.092261703, -523387.9328623427 654731.0677805057, -524322.3046851766 654746.5039056519, -524306.8724114397 655679.5500689028))",290
291,69.32681274414062,"POLYGON ((-523372.5151527154 655664.092261703, -522438.1795958531 655648.6490487427, -522453.58274305274 654715.6462291508, -523387.9328623427 654731.0677805057, -523372.5151527154 655664.092261703))",291
292,71.21459197998047,"POLYGON ((-522438.1795958531 655648.6490487427, -521503.8657203786 655633.2204283379, -521519.25430682953 654700.2392499056, -522453.58274305274 654715.6462291508, -522438.1795958531 655648.6490487427))",292
293,86.6170883178711,"POLYGON ((-521503.8657203786 655633.2204283379, -520569.57350581815 655617.806398807, -520584.94753319817 654684.8468410904, -521519.25430682953 654700.2392499056, -521503.8657203786 655633.2204283379))",293
294,173.75848388671875,"POLYGON ((-520569.57350581815 655617.806398807, -519635.3029317014 655602.4069584691, -519650.6624016868 654669.4690010267, -520584.94753319817 654684.8468410904, -520569.57350581815 655617.806398807))",294
295,169.30856323242188,"POLYGON ((-519635.3029317014 655602.4069584691, -518701.05397755874 655587.0221056456, -518716.3988918242 654654.1057280385, -519650.6624016868 654669.4690010267, -519635.3029317014 655602.4069584691))",295
296,60.2040901184082,"POLYGON ((-518701.05397755874 655587.0221056456, -517766.82662292535 655571.6518386594, -517782.15698314295 654638.7570204507, -518716.3988918242 654654.1057280385, -518701.05397755874 655587.0221056456))",296
297,40.88351821899414,"POLYGON ((-517766.82662292535 655571.6518386594, -516832.6208473367 655556.2961558349, -516847.93665517785 654623.4228765903, -517782.15698314295 654638.7570204507, -517766.82662292535 655571.6518386594))",297
298,61.21403884887695,"POLYGON ((-516832.6208473367 655556.2961558349, -515898.43663033063 655540.9550554991, -515913.737887464 654608.1032947858, -516847.93665517785 654623.4228765903, -516832.6208473367 655556.2961558349))",298
299,68.42951965332031,"POLYGON ((-515898.43663033063 655540.9550554991, -514964.2739514484 655525.6285359791, -514979.56065954245 654592.7982733676, -515913.737887464 654608.1032947858, -515898.43663033063 655540.9550554991))",299
300,147.19509887695312,"POLYGON ((-514964.2739514484 655525.6285359791, -514030.13279023266 655510.3165956051, -514045.4049509531 654577.5078106674, -514979.56065954245 654592.7982733676, -514964.2739514484 655525.6285359791))",300
301,309.8922424316406,"POLYGON ((-514030.13279023266 655510.3165956051, -513096.01312622835 655495.0192327081, -513111.27074123966 654562.2319050191, -514045.4049509531 654577.5078106674, -514030.13279023266 655510.3165956051))",301
302,341.53851318359375,"POLYGON ((-513096.01312622835 655495.0192327081, -512161.9149389835 655479.7364456216, -512177.1580099481 654546.9705547577, -513111.27074123966 654562.2319050191, -513096.01312622835 655495.0192327081))",302
303,180.6833953857422,"POLYGON ((-512161.9149389835 655479.7364456216, -511227.8382080472 655464.4682326799, -511243.0667366263 654531.7237582203, -512177.1580099481 654546.9705547577, -512161.9149389835 655479.7364456216))",303
304,108.24994659423828,"POLYGON ((-511227.8382080472 655464.4682326799, -510293.78291297215 655449.2145922192, -510308.9969008247 654516.4915137459, -511243.0667366263 654531.7237582203, -511227.8382080472 655464.4682326799))",304
305,82.04192352294922,"POLYGON ((-510293.78291297215 655449.2145922192, -509359.7490333121 655433.975522578, -509374.94848209585 654501.2738196742, -510308.9969008247 654516.4915137459, -510293.78291297215 655449.2145922192))",305
306,30.33614730834961,"POLYGON ((-509359.7490333121 655433.975522578, -508425.7365486234 655418.751022096, -508440.9214599945 654486.0706743473, -509374.94848209585 654501.2738196742, -509359.7490333121 655433.975522578))",306
307,20.13819694519043,"POLYGON ((-508425.7365486234 655418.751022096, -507491.7454384655 655403.5410891143, -507506.91581407795 654470.8820761093, -508440.9214599945 654486.0706743473, -508425.7365486234 655418.751022096))",307
308,21.063343048095703,"POLYGON ((-507491.7454384655 655403.5410891143, -506557.7756823994 655388.3457219761, -506572.93152390583 654455.7080233055, -507506.91581407795 654470.8820761093, -507491.7454384655 655403.5410891143))",308
309,21.275583267211914,"POLYGON ((-506557.7756823994 655388.3457219761, -505623.82725998794 655373.1649190264, -505638.96856903913 654440.5485142826, -506572.93152390583 654455.7080233055, -506557.7756823994 655388.3457219761))",309
310,21.864334106445312,"POLYGON ((-505623.82725998794 655373.1649190264, -504689.90015079733 655357.9986786116, -504705.02692904277 654425.4035473895, -505638.96856903913 654440.5485142826, -505623.82725998794 655373.1649190264))",310
311,,"POLYGON ((-504689.90015079733 655357.9986786116, -503755.9943343949 655342.8469990797, -503771.1065834818 654410.2731209765, -504705.02692904277 654425.4035473895, -504689.90015079733 655357.9986786116))",311
312,,"POLYGON ((-503755.9943343949 655342.8469990797, -502822.1097903515 655327.7098787804, -502837.20751192607 654395.1572333958, -503771.1065834818 654410.2731209765, -503755.9943343949 655342.8469990797))",312
313,,"POLYGON ((-502822.1097903515 655327.7098787804, -501888.2464982389 655312.5873160654, -501903.32969394524 654380.0558830011, -502837.20751192607 654395.1572333958, -502822.1097903515 655327.7098787804))",313
314,,"POLYGON ((-501888.2464982389 655312.5873160654, -500954.40443763137 655297.4793092879, -500969.4731091119 654364.9690681477, -501903.32969394524 654380.0558830011, -501888.2464982389 655312.5873160654))",314
315,,"POLYGON ((-500954.40443763137 655297.4793092879, -500020.5835881068 655282.3858568025, -500035.63773700246 654349.8967871927, -500969.4731091119 654364.9690681477, -500954.40443763137 655297.4793092879))",315
316,,"POLYGON ((-500020.5835881068 655282.3858568025, -499086.78392924357 655267.3069569658, -499101.8235571935 654334.839038495, -500035.63773700246 654349.8967871927, -500020.5835881068 655282.3858568025))",316
317,,"POLYGON ((-499086.78392924357 655267.3069569658, -498153.0054406228 655252.2426081361, -498168.030549265 654319.7958204148, -499101.8235571935 654334.839038495, -499086.78392924357 655267.3069569658))",317
318,,"POLYGON ((-498153.0054406228 655252.2426081361, -497219.24810182897 655237.1928086733, -497234.25869279867 654304.7671313143, -498168.030549265 654319.7958204148, -498153.0054406228 655252.2426081361))",318
319,,"POLYGON ((-497219.24810182897 655237.1928086733, -496285.5118924476 655222.1575569387, -496300.5079673794 654289.7529695575, -497234.25869279867 654304.7671313143, -497219.24810182897 655237.1928086733))",319
320,,"POLYGON ((-496285.5118924476 655222.1575569387, -495351.79679206654 655207.1368512956, -495366.7783525927 654274.7533335096, -496300.5079673794 654289.7529695575, -496285.5118924476 655222.1575569387))",320
321,,"POLYGON ((-495351.79679206654 655207.1368512956, -494418.1027802763 655192.1306901089, -494433.0698280275 654259.7682215375, -495366.7783525927 654274.7533335096, -495351.79679206654 655207.1368512956))",321
322,,"POLYGON ((-494418.1027802763 655192.1306901089, -493484.4298366697 655177.1390717452, -493499.38237327547 654244.7976320104, -494433.0698280275 654259.7682215375, -494418.1027802763 655192.1306901089))",322
323,,"POLYGON ((-493484.4298366697 655177.1390717452, -492550.7779408408 655162.1619945727, -492565.71596792876 654229.8415632986, -493499.38237327547 654244.7976320104, -493484.4298366697 655177.1390717452))",323
324,,"POLYGON ((-492550.7779408408 655162.1619945727, -491617.1470723875 655147.1994569614, -491632.0705915829 654214.9000137742, -492565.71596792876 654229.8415632986, -492550.7779408408 655162.1619945727))",324
325,,"POLYGON ((-491617.1470723875 655147.1994569614, -490683.53721090814 655132.2514572826, -490698.4462238359 654199.9729818109, -491632.0705915829 654214.9000137742, -491617.1470723875 655147.1994569614))",325
326,,"POLYGON ((-490683.53721090814 655132.2514572826, -489749.94833600486 655117.3179939095, -489764.84284428717 654185.0604657844, -490698.4462238359 654199.9729818109, -490683.53721090814 655132.2514572826))",326
327,,"POLYGON ((-489749.94833600486 655117.3179939095, -488816.3804272809 655102.3990652175, -488831.2604325387 654170.1624640716, -489764.84284428717 654185.0604657844, -489749.94833600486 655117.3179939095))",327
328,,"POLYGON ((-565456.4626551401 655440.1472919037, -564521.1155687051 655424.068229605, -564537.1529289759 654490.0698491108, -565472.5146344164 654506.1263259094, -565456.4626551401 655440.1472919037))",328
329,,"POLYGON ((-564521.1155687051 655424.068229605, -563585.7910891194 655408.0038167577, -563601.8138321375 654474.0280012105, -564537.1529289759 654490.0698491108, -564521.1155687051 655424.068229605))",329
330,,"POLYGON ((-563585.7910891194 655408.0038167577, -562650.4891958018 655391.9540516059, -562666.4973233191 654458.000780455, -563601.8138321375 654474.0280012105, -563585.7910891194 655408.0038167577))",330
331,,"POLYGON ((-562650.4891958018 655391.9540516059, -561715.209868174 655375.918932395, -561731.2033819403 654441.9881850925, -562666.4973233191 654458.000780455, -562650.4891958018 655391.9540516059))",331
332,,"POLYGON ((-561715.209868174 655375.918932395, -560779.9530856609 655359.898457373, -560795.9319874241 654425.9902133725, -561731.2033819403 654441.9881850925, -561715.209868174 655375.918932395))",332
333,,"POLYGON ((-560779.9530856609 655359.898457373, -559844.7188276891 655343.8926247881, -559860.683119195 654410.0068635464, -560795.9319874241 654425.9902133725, -560779.9530856609 655359.898457373))",333
334,,"POLYGON ((-559844.7188276891 655343.8926247881, -558909.5070736867 655327.9014328918, -558925.456756681 654394.0381338679, -559860.683119195 654410.0068635464, -559844.7188276891 655343.8926247881))",334
335,,"POLYGON ((-558909.5070736867 655327.9014328918, -557974.3178030855 655311.9248799362, -557990.2528793106 654378.0840225912, -558925.456756681 654394.0381338679, -558909.5070736867 655327.9014328918))",335
336,,"POLYGON ((-557974.3178030855 655311.9248799362, -557039.1509953197 655295.9629641755, -557055.0714665169 654362.1445279733, -557990.2528793106 654378.0840225912, -557974.3178030855 655311.9248799362))",336
337,,"POLYGON ((-557039.1509953197 655295.9629641755, -556104.0066298253 655280.0156838659, -556119.9124977344 654346.2196482723, -557055.0714665169 654362.1445279733, -557039.1509953197 655295.9629641755))",337
338,,"POLYGON ((-556104.0066298253 655280.0156838659, -555168.8846860407 655264.0830372645, -555184.775952399 654330.3093817481, -556119.9124977344 654346.2196482723, -556104.0066298253 655280.0156838659))",338
339,,"POLYGON ((-555168.8846860407 655264.0830372645, -554233.7851434064 655248.1650226307, -554249.6618099508 654314.4137266625, -555184.775952399 654330.3093817481, -555168.8846860407 655264.0830372645))",339
340,,"POLYGON ((-554233.7851434064 655248.1650226307, -553298.7079813667 655232.2616382259, -553314.5700498314 654298.5326812789, -554249.6618099508 654314.4137266625, -554233.7851434064 655248.1650226307))",340
341,,"POLYGON ((-553298.7079813667 655232.2616382259, -552363.6531793666 655216.372882312, -552379.5006514844 654282.6662438621, -553314.5700498314 654298.5326812789, -553298.7079813667 655232.2616382259))",341
342,,"POLYGON ((-552363.6531793666 655216.372882312, -551428.6207168542 655200.4987531543, -551444.4535943563 654266.814412679, -552379.5006514844 654282.6662438621, -552363.6531793666 655216.372882312))",342
343,,"POLYGON ((-551428.6207168542 655200.4987531543, -550493.6105732804 655184.6392490182, -550509.4288578958 654250.977185998, -551444.4535943563 654266.814412679, -551428.6207168542 655200.4987531543))",343
344,,"POLYGON ((-550493.6105732804 655184.6392490182, -549558.6227280975 655168.7943681717, -549574.4264215543 654235.1545620895, -550509.4288578958 654250.977185998, -550493.6105732804 655184.6392490182))",344
345,,"POLYGON ((-549558.6227280975 655168.7943681717, -548623.6571607608 655152.9641088842, -548639.446264785 654219.3465392248, -549574.4264215543 654235.1545620895, -549558.6227280975 655168.7943681717))",345
346,,"POLYGON ((-548623.6571607608 655152.9641088842, -547688.713850728 655137.1484694269, -547704.4883670433 654203.553115678, -548639.446264785 654219.3465392248, -548623.6571607608 655152.9641088842))",346
347,,"POLYGON ((-547688.713850728 655137.1484694269, -546753.7927774588 655121.3474480729, -546769.5527077887 654187.7742897238, -547704.4883670433 654203.553115678, -547688.713850728 655137.1484694269))",347
348,,"POLYGON ((-546753.7927774588 655121.3474480729, -545818.893920416 655105.5610430964, -545834.6392664812 654172.0100596396, -546769.5527077887 654187.7742897238, -546753.7927774588 655121.3474480729))",348
349,,"POLYGON ((-545818.893920416 655105.5610430964, -544884.0172590635 655089.7892527736, -544899.7480225832 654156.2604237037, -545834.6392664812 654172.0100596396, -545818.893920416 655105.5610430964))",349
350,,"POLYGON ((-544884.0172590635 655089.7892527736, -543949.1627728688 655074.0320753828, -543964.8789555605 654140.5253801963, -544899.7480225832 654156.2604237037, -544884.0172590635 655089.7892527736))",350
351,,"POLYGON ((-543949.1627728688 655074.0320753828, -543014.3304413011 655058.2895092033, -543030.0320448807 654124.8049273997, -543964.8789555605 654140.5253801963, -543949.1627728688 655074.0320753828))",351
352,63.59159851074219,"POLYGON ((-543014.3304413011 655058.2895092033, -542079.5202438321 655042.5615525167, -542095.2072700139 654109.0990635975, -543030.0320448807 654124.8049273997, -543014.3304413011 655058.2895092033))",352
353,68.19502258300781,"POLYGON ((-542079.5202438321 655042.5615525167, -541144.732159936 655026.8482036061, -541160.4046104319 654093.407787075, -542095.2072700139 654109.0990635975, -542079.5202438321 655042.5615525167))",353
354,101.101806640625,"POLYGON ((-541144.732159936 655026.8482036061, -540209.9661690886 655011.1494607558, -540225.6240456103 654077.7310961193, -541160.4046104319 654093.407787075, -541144.732159936 655026.8482036061))",354
355,99.49220275878906,"POLYGON ((-540209.9661690886 655011.1494607558, -539275.2222507697 654995.4653222526, -539290.8655550259 654062.068989019, -540225.6240456103 654077.7310961193, -540209.9661690886 655011.1494607558))",355
356,55.98712158203125,"POLYGON ((-539275.2222507697 654995.4653222526, -538340.5003844596 654979.7957863844, -538356.1291181574 654046.4214640649, -539290.8655550259 654062.068989019, -539275.2222507697 654995.4653222526))",356
357,43.98801040649414,"POLYGON ((-538340.5003844596 654979.7957863844, -537405.800549642 654964.140851441, -537421.414714487 654030.7885195486, -538356.1291181574 654046.4214640649, -538340.5003844596 654979.7957863844))",357
358,48.529563903808594,"POLYGON ((-537405.800549642 654964.140851441, -536471.1227258024 654948.500515714, -536486.7223234994 654015.1701537645, -537421.414714487 654030.7885195486, -537405.800549642 654964.140851441))",358
359,,"POLYGON ((-536471.1227258024 654948.500515714, -535536.4668924292 654932.8747774966, -535552.0519246805 653999.5663650077, -536486.7223234994 654015.1701537645, -536471.1227258024 654948.500515714))",359
360,,"POLYGON ((-535536.4668924292 654932.8747774966, -534601.8330290131 654917.2636350836, -534617.4034975186 653983.9771515755, -535552.0519246805 653999.5663650077, -535536.4668924292 654932.8747774966))",360
361,,"POLYGON ((-534601.8330290131 654917.2636350836, -533667.2211150464 654901.6670867712, -533682.7770215056 653968.402511767, -534617.4034975186 653983.9771515755, -534601.8330290131 654917.2636350836))",361
362,,"POLYGON ((-533667.2211150464 654901.6670867712, -532732.631130024 654886.0851308585, -532748.1724761345 653952.8424438825, -533682.7770215056 653968.402511767, -533667.2211150464 654901.6670867712))",362
363,,"POLYGON ((-532732.631130024 654886.0851308585, -531798.063053444 654870.5177656446, -531813.589840901 653937.2969462242, -532748.1724761345 653952.8424438825, -532732.631130024 654886.0851308585))",363
364,,"POLYGON ((-531798.063053444 654870.5177656446, -530863.5168648058 654854.9649894316, -530879.0290953036 653921.7660170966, -531813.589840901 653937.2969462242, -531798.063053444 654870.5177656446))",364
365,,"POLYGON ((-530863.5168648058 654854.9649894316, -529928.9925436116 654839.4268005226, -529944.4902188416 653906.2496548046, -530879.0290953036 653921.7660170966, -530863.5168648058 654854.9649894316))",365
366,,"POLYGON ((-529928.9925436116 654839.4268005226, -528994.4900693654 654823.9031972225, -529009.9731910193 653890.747857656, -529944.4902188416 653906.2496548046, -529928.9925436116 654839.4268005226))",366
367,,"POLYGON ((-528994.4900693654 654823.9031972225, -528060.0094215745 654808.3941778385, -528075.4779913406 653875.2606239595, -529009.9731910193 653890.747857656, -528994.4900693654 654823.9031972225))",367
368,,"POLYGON ((-528060.0094215745 654808.3941778385, -527125.5505797475 654792.8997406784, -527141.0045993131 653859.7879520261, -528075.4779913406 653875.2606239595, -528060.0094215745 654808.3941778385))",368
369,,"POLYGON ((-527125.5505797475 654792.8997406784, -526191.1135233965 654777.4198840525, -526206.5529944467 653844.3298401679, -527141.0045993131 653859.7879520261, -527125.5505797475 654792.8997406784))",369
370,56.01813888549805,"POLYGON ((-526191.1135233965 654777.4198840525, -525256.6982320335 654761.9546062724, -525272.123156253 653828.8862866991, -526206.5529944467 653844.3298401679, -526191.1135233965 654777.4198840525))",370
371,46.83787536621094,"POLYGON ((-525256.6982320335 654761.9546062724, -524322.3046851766 654746.5039056519, -524337.7150642467 653813.4572899352, -525272.123156253 653828.8862866991, -525256.6982320335 654761.9546062724))",371
372,48.56342697143555,"POLYGON ((-524322.3046851766 654746.5039056519, -523387.9328623427 654731.0677805057, -523403.3286979444 653798.042848194, -524337.7150642467 653813.4572899352, -524322.3046851766 654746.5039056519))",372
373,60.48678207397461,"POLYGON ((-523387.9328623427 654731.0677805057, -522453.58274305274 654715.6462291508, -522468.9640368646 653782.6429597944, -523403.3286979444 653798.042848194, -523387.9328623427 654731.0677805057))",373
374,79.36675262451172,"POLYGON ((-522453.58274305274 654715.6462291508, -521519.25430682953 654700.2392499056, -521534.62106052856 653767.2576230569, -522468.9640368646 653782.6429597944, -522453.58274305274 654715.6462291508))",374
375,135.46534729003906,"POLYGON ((-521519.25430682953 654700.2392499056, -520584.94753319817 654684.8468410904, -520600.2997484604 653751.8868363044, -521534.62106052856 653767.2576230569, -521519.25430682953 654700.2392499056))",375
376,216.95753479003906,"POLYGON ((-520584.94753319817 654684.8468410904, -519650.6624016868 654669.4690010267, -519666.00008018524 653736.530597861, -520600.2997484604 653751.8868363044, -520584.94753319817 654684.8468410904))",376
377,135.3953399658203,"POLYGON ((-519650.6624016868 654669.4690010267, -518716.3988918242 654654.1057280385, -518731.7220352314 653721.1889060523, -519666.00008018524 653736.530597861, -519650.6624016868 654669.4690010267))",377
378,54.80794143676758,"POLYGON ((-518716.3988918242 654654.1057280385, -517782.15698314295 654638.7570204507, -517797.46559312893 653705.8617592057, -518731.7220352314 653721.1889060523, -518716.3988918242 654654.1057280385))",378
379,44.28590393066406,"POLYGON ((-517782.15698314295 654638.7570204507, -516847.93665517785 654623.4228765903, -516863.2307334114 653690.5491556508, -517797.46559312893 653705.8617592057, -517782.15698314295 654638.7570204507))",379
380,56.111106872558594,"POLYGON ((-516847.93665517785 654623.4228765903, -515913.737887464 654608.1032947858, -515929.017435613 653675.2510937181, -516863.2307334114 653690.5491556508, -516847.93665517785 654623.4228765903))",380
381,88.70025634765625,"POLYGON ((-515913.737887464 654608.1032947858, -514979.56065954245 654592.7982733676, -514994.8256792715 653659.9675717404, -515929.017435613 653675.2510937181, -515913.737887464 654608.1032947858))",381
382,203.9959259033203,"POLYGON ((-514979.56065954245 654592.7982733676, -514045.4049509531 654577.5078106674, -514060.6554439255 653644.6985880517, -514994.8256792715 653659.9675717404, -514979.56065954245 654592.7982733676))",382
383,350.7431945800781,"POLYGON ((-514045.4049509531 654577.5078106674, -513111.27074123966 654562.2319050191, -513126.50670911814 653629.4441409879, -514060.6554439255 653644.6985880517, -514045.4049509531 654577.5078106674))",383
384,259.90386962890625,"POLYGON ((-513111.27074123966 654562.2319050191, -512177.1580099481 654546.9705547577, -512192.3794543927 653614.2042288868, -513126.50670911814 653629.4441409879, -513111.27074123966 654562.2319050191))",384
385,167.36666870117188,"POLYGON ((-512177.1580099481 654546.9705547577, -511243.0667366263 654531.7237582203, -511258.27365929564 653598.9788500873, -512192.3794543927 653614.2042288868, -512177.1580099481 654546.9705547577))",385
386,110.51671600341797,"POLYGON ((-511243.0667366263 654531.7237582203, -510308.9969008247 654516.4915137459, -510324.189303376 653583.7680029304, -511258.27365929564 653598.9788500873, -511243.0667366263 654531.7237582203))",386
387,74.234375,"POLYGON ((-510308.9969008247 654516.4915137459, -509374.94848209585 654501.2738196742, -509390.126366184 653568.5716857589, -510324.189303376 653583.7680029304, -510308.9969008247 654516.4915137459))",387
388,63.759544372558594,"POLYGON ((-509374.94848209585 654501.2738196742, -508440.9214599945 654486.0706743473, -508456.08482727373 653553.389896917, -509390.126366184 653568.5716857589, -509374.94848209585 654501.2738196742))",388
389,29.79554557800293,"POLYGON ((-508440.9214599945 654486.0706743473, -507506.91581407795 654470.8820761093, -507522.0646662002 653538.2226347507, -508456.08482727373 653553.389896917, -508440.9214599945 654486.0706743473))",389
390,19.156213760375977,"POLYGON ((-507506.91581407795 654470.8820761093, -506572.93152390583 654455.7080233055, -506588.0658625207 653523.0698976073, -507522.0646662002 653538.2226347507, -507506.91581407795 654470.8820761093))",390
391,20.667659759521484,"POLYGON ((-506572.93152390583 654455.7080233055, -505638.96856903913 654440.5485142826, -505654.0883957959 653507.9316838365, -506588.0658625207 653523.0698976073, -506572.93152390583 654455.7080233055))",391
392,26.438020706176758,"POLYGON ((-505638.96856903913 654440.5485142826, -504705.02692904277 654425.4035473895, -504720.13224558823 653492.807991789, -505654.0883957959 653507.9316838365, -505638.96856903913 654440.5485142826))",392
393,22.642454147338867,"POLYGON ((-504705.02692904277 654425.4035473895, -503771.1065834818 654410.2731209765, -503786.19739146135 653477.6988198175, -504720.13224558823 653492.807991789, -504705.02692904277 654425.4035473895))",393
394,17.58455467224121,"POLYGON ((-503771.1065834818 654410.2731209765, -502837.20751192607 654395.1572333958, -502852.28381298285 653462.6041662763, -503786.19739146135 653477.6988198175, -503771.1065834818 654410.2731209765))",394
395,14.051997184753418,"POLYGON ((-502837.20751192607 654395.1572333958, -501903.32969394524 654380.0558830011, -501918.3914897215 653447.5240295217, -502852.28381298285 653462.6041662763, -502837.20751192607 654395.1572333958))",395
396,,"POLYGON ((-501903.32969394524 654380.0558830011, -500969.4731091119 654364.9690681477, -500984.5204012479 653432.4584079109, -501918.3914897215 653447.5240295217, -501903.32969394524 654380.0558830011))",396
397,,"POLYGON ((-500969.4731091119 654364.9690681477, -500035.63773700246 654349.8967871927, -500050.6705271369 653417.4072998033, -500984.5204012479 653432.4584079109, -500969.4731091119 654364.9690681477))",397
398,,"POLYGON ((-500035.63773700246 654349.8967871927, -499101.8235571935 654334.839038495, -499116.8418469635 653402.37070356, -500050.6705271369 653417.4072998033, -500035.63773700246 654349.8967871927))",398
399,,"POLYGON ((-499101.8235571935 654334.839038495, -498168.030549265 654319.7958204148, -498183.034340305 653387.3486175438, -499116.8418469635 653402.37070356, -499101.8235571935 654334.839038495))",399
400,,"POLYGON ((-498168.030549265 654319.7958204148, -497234.25869279867 654304.7671313143, -497249.2479867432 653372.3410401188, -498183.034340305 653387.3486175438, -498168.030549265 654319.7958204148))",400
401,,"POLYGON ((-497234.25869279867 654304.7671313143, -496300.5079673794 654289.7529695575, -496315.4827658598 653357.3479696512, -497249.2479867432 653372.3410401188, -497234.25869279867 654304.7671313143))",401
402,,"POLYGON ((-496300.5079673794 654289.7529695575, -495366.7783525927 654274.7533335096, -495381.7386572397 653342.3694045086, -496315.4827658598 653357.3479696512, -496300.5079673794 654289.7529695575))",402
403,,"POLYGON ((-495366.7783525927 654274.7533335096, -494433.0698280275 654259.7682215375, -494448.0156404696 653327.4053430603, -495381.7386572397 653342.3694045086, -495366.7783525927 654274.7533335096))",403
404,,"POLYGON ((-494433.0698280275 654259.7682215375, -493499.38237327547 654244.7976320104, -493514.31369513937 653312.4557836773, -494448.0156404696 653327.4053430603, -494433.0698280275 654259.7682215375))",404
405,,"POLYGON ((-493499.38237327547 654244.7976320104, -492565.71596792876 654229.8415632986, -492580.6328008395 653297.5207247322, -493514.31369513937 653312.4557836773, -493499.38237327547 654244.7976320104))",405
406,,"POLYGON ((-492565.71596792876 654229.8415632986, -491632.0705915829 654214.9000137742, -491646.9729371648 653282.6001645996, -492580.6328008395 653297.5207247322, -492565.71596792876 654229.8415632986))",406
407,,"POLYGON ((-491632.0705915829 654214.9000137742, -490698.4462238359 654199.9729818109, -490713.3340837102 653267.6941016554, -491646.9729371648 653282.6001645996, -491632.0705915829 654214.9000137742))",407
408,,"POLYGON ((-490698.4462238359 654199.9729818109, -489764.84284428717 654185.0604657844, -489779.7162200742 653252.8025342771, -490713.3340837102 653267.6941016554, -490698.4462238359 654199.9729818109))",408
409,,"POLYGON ((-489764.84284428717 654185.0604657844, -488831.2604325387 654170.1624640716, -488846.11932585726 653237.9254608445, -489779.7162200742 653252.8025342771, -489764.84284428717 654185.0604657844))",409
410,,"POLYGON ((-565472.5146344164 654506.1263259094, -564537.1529289759 654490.0698491108, -564553.1675044317 653556.0709574671, -565488.5438081322 653572.1048473556, -565472.5146344164 654506.1263259094))",410
411,,"POLYGON ((-564537.1529289759 654490.0698491108, -563601.8138321375 654474.0280012105, -563617.8138110836 653540.0516759222, -564553.1675044317 653556.0709574671, -564537.1529289759 654490.0698491108))",411
412,,"POLYGON ((-563601.8138321375 654474.0280012105, -562666.4973233191 654458.000780455, -562682.4827075046 653524.0470009703, -563617.8138110836 653540.0516759222, -563601.8138321375 654474.0280012105))",412
413,,"POLYGON ((-562666.4973233191 654458.000780455, -561731.2033819403 654441.9881850925, -561747.1741731132 653508.0569308616, -562682.4827075046 653524.0470009703, -562666.4973233191 654458.000780455))",413
414,,"POLYGON ((-561731.2033819403 654441.9881850925, -560795.9319874241 654425.9902133725, -560811.8881873298 653492.0814638482, -561747.1741731132 653508.0569308616, -561731.2033819403 654441.9881850925))",414
415,,"POLYGON ((-560795.9319874241 654425.9902133725, -559860.683119195 654410.0068635464, -559876.624729577 653476.1205981838, -560811.8881873298 653492.0814638482, -560795.9319874241 654425.9902133725))",415
416,,"POLYGON ((-559860.683119195 654410.0068635464, -558925.456756681 654394.0381338679, -558941.3837792815 653460.1743321245, -559876.624729577 653476.1205981838, -559860.683119195 654410.0068635464))",416
417,,"POLYGON ((-558925.456756681 654394.0381338679, -557990.2528793106 654378.0840225912, -558006.1653158707 653444.2426639271, -558941.3837792815 653460.1743321245, -558925.456756681 654394.0381338679))",417
418,,"POLYGON ((-557990.2528793106 654378.0840225912, -557055.0714665169 654362.1445279733, -557070.9693187752 653428.3255918508, -558006.1653158707 653444.2426639271, -557990.2528793106 654378.0840225912))",418
419,,"POLYGON ((-557055.0714665169 654362.1445279733, -556119.9124977344 654346.2196482723, -556135.7957674279 653412.4231141559, -557070.9693187752 653428.3255918508, -557055.0714665169 654362.1445279733))",419
420,,"POLYGON ((-556119.9124977344 654346.2196482723, -555184.775952399 654330.3093817481, -555200.6446412639 653396.535229105, -556135.7957674279 653412.4231141559, -556119.9124977344 654346.2196482723))",420
421,,"POLYGON ((-555184.775952399 654330.3093817481, -554249.6618099508 654314.4137266625, -554265.5159197203 653380.6619349621, -555200.6446412639 653396.535229105, -555184.775952399 654330.3093817481))",421
422,,"POLYGON ((-554249.6618099508 654314.4137266625, -553314.5700498314 654298.5326812789, -553330.4095822375 653364.8032299932, -554265.5159197203 653380.6619349621, -554249.6618099508 654314.4137266625))",422
423,,"POLYGON ((-553314.5700498314 654298.5326812789, -552379.5006514844 654282.6662438621, -552395.325608257 653348.959112465, -553330.4095822375 653364.8032299932, -553314.5700498314 654298.5326812789))",423
424,,"POLYGON ((-552379.5006514844 654282.6662438621, -551444.4535943563 654266.814412679, -551460.2639772247 653333.1295806472, -552395.325608257 653348.959112465, -552379.5006514844 654282.6662438621))",424
425,,"POLYGON ((-551444.4535943563 654266.814412679, -550509.4288578958 654250.977185998, -550525.2246685873 653317.3146328105, -551460.2639772247 653333.1295806472, -551444.4535943563 654266.814412679))",425
426,,"POLYGON ((-550509.4288578958 654250.977185998, -549574.4264215543 654235.1545620895, -549590.207661794 653301.5142672276, -550525.2246685873 653317.3146328105, -550509.4288578958 654250.977185998))",426
427,,"POLYGON ((-549574.4264215543 654235.1545620895, -548639.446264785 654219.3465392248, -548655.2129362966 653285.7284821722, -549590.207661794 653301.5142672276, -549574.4264215543 654235.1545620895))",427
428,,"POLYGON ((-548639.446264785 654219.3465392248, -547704.4883670433 654203.553115678, -547720.2404715489 653269.9572759207, -548655.2129362966 653285.7284821722, -548639.446264785 654219.3465392248))",428
429,,"POLYGON ((-547704.4883670433 654203.553115678, -546769.5527077887 654187.7742897238, -546785.2902470082 653254.2006467503, -547720.2404715489 653269.9572759207, -547704.4883670433 654203.553115678))",429
430,,"POLYGON ((-546769.5527077887 654187.7742897238, -545834.6392664812 654172.0100596396, -545850.3622421332 653238.4585929405, -546785.2902470082 653254.2006467503, -546769.5527077887 654187.7742897238))",430
431,,"POLYGON ((-545834.6392664812 654172.0100596396, -544899.7480225832 654156.2604237037, -544915.4564363848 653222.731112772, -545850.3622421332 653238.4585929405, -545834.6392664812 654172.0100596396))",431
432,,"POLYGON ((-544899.7480225832 654156.2604237037, -543964.8789555605 654140.5253801963, -543980.5728092266 653207.0182045278, -544915.4564363848 653222.731112772, -544899.7480225832 654156.2604237037))",432
433,,"POLYGON ((-543964.8789555605 654140.5253801963, -543030.0320448807 654124.8049273997, -543045.711340125 653191.319866492, -543980.5728092266 653207.0182045278, -543964.8789555605 654140.5253801963))",433
434,99.0683822631836,"POLYGON ((-543030.0320448807 654124.8049273997, -542095.2072700139 654109.0990635975, -542110.8720085479 653175.636096951, -543045.711340125 653191.319866492, -543030.0320448807 654124.8049273997))",434
435,105.2471694946289,"POLYGON ((-542095.2072700139 654109.0990635975, -541160.4046104319 654093.407787075, -541176.0547939665 653159.9668941919, -542110.8720085479 653175.636096951, -542095.2072700139 654109.0990635975))",435
436,145.2919158935547,"POLYGON ((-541160.4046104319 654093.407787075, -540225.6240456103 654077.7310961193, -540241.259675853 653144.3122565045, -541176.0547939665 653159.9668941919, -541160.4046104319 654093.407787075))",436
437,147.68133544921875,"POLYGON ((-540225.6240456103 654077.7310961193, -539290.8655550259 654062.068989019, -539306.4866336838 653128.6721821801, -540241.259675853 653144.3122565045, -540225.6240456103 654077.7310961193))",437
438,84.1880874633789,"POLYGON ((-539290.8655550259 654062.068989019, -538356.1291181574 654046.4214640649, -538371.7356469358 653113.0466695109, -539306.4866336838 653128.6721821801, -539290.8655550259 654062.068989019))",438
439,71.1981201171875,"POLYGON ((-538356.1291181574 654046.4214640649, -537421.414714487 654030.7885195486, -537437.0066950892 653097.4357167919, -538371.7356469358 653113.0466695109, -538356.1291181574 654046.4214640649))",439
440,60.872623443603516,"POLYGON ((-537421.414714487 654030.7885195486, -536486.7223234994 654015.1701537645, -536502.2997576267 653081.8393223189, -537437.0066950892 653097.4357167919, -537421.414714487 654030.7885195486))",440
441,54.54195785522461,"POLYGON ((-536486.7223234994 654015.1701537645, -535552.0519246805 653999.5663650077, -535567.6148140333 653066.25748439, -536502.2997576267 653081.8393223189, -536486.7223234994 654015.1701537645))",441
442,,"POLYGON ((-535552.0519246805 653999.5663650077, -534617.4034975186 653983.9771515755, -534632.9518437949 653050.6902013046, -535567.6148140333 653066.25748439, -535552.0519246805 653999.5663650077))",442
443,,"POLYGON ((-534617.4034975186 653983.9771515755, -533682.7770215056 653968.402511767, -533698.3108264024 653035.1374713639, -534632.9518437949 653050.6902013046, -534617.4034975186 653983.9771515755))",443
444,,"POLYGON ((-533682.7770215056 653968.402511767, -532748.1724761345 653952.8424438825, -532763.6917413463 653019.5992928707, -533698.3108264024 653035.1374713639, -533682.7770215056 653968.402511767))",444
445,,"POLYGON ((-532748.1724761345 653952.8424438825, -531813.589840901 653937.2969462242, -531829.0945681215 653004.0756641299, -532763.6917413463 653019.5992928707, -532748.1724761345 653952.8424438825))",445
446,,"POLYGON ((-531813.589840901 653937.2969462242, -530879.0290953036 653921.7660170966, -530894.519286224 652988.5665834475, -531829.0945681215 653004.0756641299, -531813.589840901 653937.2969462242))",446
447,,"POLYGON ((-530879.0290953036 653921.7660170966, -529944.4902188416 653906.2496548046, -529959.9658751524 652973.0720491315, -530894.519286224 652988.5665834475, -530879.0290953036 653921.7660170966))",447
448,,"POLYGON ((-529944.4902188416 653906.2496548046, -529009.9731910193 653890.747857656, -529025.4343144083 652957.5920594917, -529959.9658751524 652973.0720491315, -529944.4902188416 653906.2496548046))",448
449,,"POLYGON ((-529009.9731910193 653890.747857656, -528075.4779913406 653875.2606239595, -528090.9245834943 652942.126612839, -529025.4343144083 652957.5920594917, -529009.9731910193 653890.747857656))",449
450,,"POLYGON ((-528075.4779913406 653875.2606239595, -527141.0045993131 653859.7879520261, -527156.4366619167 652926.675707487, -528090.9245834943 652942.126612839, -528075.4779913406 653875.2606239595))",450
451,64.83829498291016,"POLYGON ((-527141.0045993131 653859.7879520261, -526206.5529944467 653844.3298401679, -526221.9705291832 652911.2393417499, -527156.4366619167 652926.675707487, -527141.0045993131 653859.7879520261))",451
452,89.9190902709961,"POLYGON ((-526206.5529944467 653844.3298401679, -525272.123156253 653828.8862866991, -525287.5261648041 652895.8175139442, -526221.9705291832 652911.2393417499, -526206.5529944467 653844.3298401679))",452
453,60.01634216308594,"POLYGON ((-525272.123156253 653828.8862866991, -524337.7150642467 653813.4572899352, -524353.1035482918 652880.410222388, -525287.5261648041 652895.8175139442, -525272.123156253 653828.8862866991))",453
454,61.54800033569336,"POLYGON ((-524337.7150642467 653813.4572899352, -523403.3286979444 653798.042848194, -523418.7026591619 652865.0174654009, -524353.1035482918 652880.410222388, -524337.7150642467 653813.4572899352))",454
455,67.45588684082031,"POLYGON ((-523403.3286979444 653798.042848194, -522468.9640368646 653782.6429597944, -522484.32347693096 652849.6392413044, -523418.7026591619 652865.0174654009, -523403.3286979444 653798.042848194))",455
456,64.1778335571289,"POLYGON ((-522468.9640368646 653782.6429597944, -521534.62106052856 653767.2576230569, -521549.96598111885 652834.2755484214, -522484.32347693096 652849.6392413044, -522468.9640368646 653782.6429597944))",456
457,103.21440124511719,"POLYGON ((-521534.62106052856 653767.2576230569, -520600.2997484604 653751.8868363044, -520615.630151247 652818.9263850768, -521549.96598111885 652834.2755484214, -521534.62106052856 653767.2576230569))",457
458,108.72640991210938,"POLYGON ((-520600.2997484604 653751.8868363044, -519666.00008018524 653736.530597861, -519681.31596684013 652803.5917495971, -520615.630151247 652818.9263850768, -520600.2997484604 653751.8868363044))",458
459,57.3525276184082,"POLYGON ((-519666.00008018524 653736.530597861, -518731.7220352314 653721.1889060523, -518747.0234074242 652788.2716403104, -519681.31596684013 652803.5917495971, -519666.00008018524 653736.530597861))",459
460,42.746212005615234,"POLYGON ((-518731.7220352314 653721.1889060523, -517797.46559312893 653705.8617592057, -517812.7524525282 652772.9660555463, -518747.0234074242 652788.2716403104, -518731.7220352314 653721.1889060523))",460
461,55.94327926635742,"POLYGON ((-517797.46559312893 653705.8617592057, -516863.2307334114 653690.5491556508, -516878.50308168307 652757.6749936366, -517812.7524525282 652772.9660555463, -517797.46559312893 653705.8617592057))",461
462,116.4900131225586,"POLYGON ((-516863.2307334114 653690.5491556508, -515929.017435613 653675.2510937181, -515944.27527442167 652742.398452914, -516878.50308168307 652757.6749936366, -516863.2307334114 653690.5491556508))",462
463,199.24636840820312,"POLYGON ((-515929.017435613 653675.2510937181, -514994.8256792715 653659.9675717404, -515010.0690102803 652727.1364317137, -515944.27527442167 652742.398452914, -515929.017435613 653675.2510937181))",463
464,216.5745391845703,"POLYGON ((-514994.8256792715 653659.9675717404, -514060.6554439255 653644.6985880517, -514075.88426879654 652711.888928372, -515010.0690102803 652727.1364317137, -514994.8256792715 653659.9675717404))",464
465,296.5652160644531,"POLYGON ((-514060.6554439255 653644.6985880517, -513126.50670911814 653629.4441409879, -513141.7210295106 652696.6559412271, -514075.88426879654 652711.888928372, -514060.6554439255 653644.6985880517))",465
466,195.96389770507812,"POLYGON ((-513126.50670911814 653629.4441409879, -512192.3794543927 653614.2042288868, -512207.5792719644 652681.4374686187, -513141.7210295106 652696.6559412271, -513126.50670911814 653629.4441409879))",466
467,99.79197692871094,"POLYGON ((-512192.3794543927 653614.2042288868, -511258.27365929564 653598.9788500873, -511273.458975703 652666.2335088887, -512207.5792719644 652681.4374686187, -512192.3794543927 653614.2042288868))",467
468,84.78047180175781,"POLYGON ((-511258.27365929564 653598.9788500873, -510324.189303376 653583.7680029304, -510339.360120274 652651.0440603798, -511273.458975703 652666.2335088887, -511258.27365929564 653598.9788500873))",468
469,75.1172866821289,"POLYGON ((-510324.189303376 653583.7680029304, -509390.126366184 653568.5716857589, -509405.2826852255 652635.8691214374, -510339.360120274 652651.0440603798, -510324.189303376 653583.7680029304))",469
470,65.4056396484375,"POLYGON ((-509390.126366184 653568.5716857589, -508456.08482727373 653553.389896917, -508471.22665011 652620.7086904077, -509405.2826852255 652635.8691214374, -509390.126366184 653568.5716857589))",470
471,39.80681228637695,"POLYGON ((-508456.08482727373 653553.389896917, -507522.0646662002 653538.2226347507, -507537.191994481 652605.5627656388, -508471.22665011 652620.7086904077, -508456.08482727373 653553.389896917))",471
472,17.066484451293945,"POLYGON ((-507522.0646662002 653538.2226347507, -506588.0658625207 653523.0698976073, -506603.17869789444 652590.4313454811, -507537.191994481 652605.5627656388, -507522.0646662002 653538.2226347507))",472
473,15.31509780883789,"POLYGON ((-506588.0658625207 653523.0698976073, -505654.0883957959 653507.9316838365, -505669.18673990865 652575.3144282855, -506603.17869789444 652590.4313454811, -506588.0658625207 653523.0698976073))",473
474,17.232864379882812,"POLYGON ((-505654.0883957959 653507.9316838365, -504720.13224558823 653492.807991789, -504735.21610008425 652560.2120124056, -505669.18673990865 652575.3144282855, -505654.0883957959 653507.9316838365))",474
475,21.592782974243164,"POLYGON ((-504720.13224558823 653492.807991789, -503786.19739146135 653477.6988198175, -503801.2667579842 652545.1240961963, -504735.21610008425 652560.2120124056, -504720.13224558823 653492.807991789))",475
476,27.4212646484375,"POLYGON ((-503786.19739146135 653477.6988198175, -502852.28381298285 653462.6041662763, -502867.3386931736 652530.050678014, -503801.2667579842 652545.1240961963, -503786.19739146135 653477.6988198175))",476
477,22.773656845092773,"POLYGON ((-502852.28381298285 653462.6041662763, -501918.3914897215 653447.5240295217, -501933.4318852199 652514.9917562171, -502867.3386931736 652530.050678014, -502852.28381298285 653462.6041662763))",477
478,16.633527755737305,"POLYGON ((-501918.3914897215 653447.5240295217, -500984.5204012479 653432.4584079109, -500999.54631369247 652499.9473291653, -501933.4318852199 652514.9917562171, -501918.3914897215 653447.5240295217))",478
479,14.987364768981934,"POLYGON ((-500984.5204012479 653432.4584079109, -500050.6705271369 653417.4072998033, -500065.6819581629 652484.9173952205, -500999.54631369247 652499.9473291653, -500984.5204012479 653432.4584079109))",479
480,17.32444190979004,"POLYGON ((-500050.6705271369 653417.4072998033, -499116.8418469635 653402.37070356, -499131.83879820607 652469.9019527456, -500065.6819581629 652484.9173952205, -500050.6705271369 653417.4072998033))",480
481,,"POLYGON ((-499116.8418469635 653402.37070356, -498183.034340305 653387.3486175438, -498198.01681339776 652454.9010001058, -499131.83879820607 652469.9019527456, -499116.8418469635 653402.37070356))",481
482,,"POLYGON ((-498183.034340305 653387.3486175438, -497249.2479867432 653372.3410401188, -497264.21598331677 652439.9145356673, -498198.01681339776 652454.9010001058, -498183.034340305 653387.3486175438))",482
483,,"POLYGON ((-497249.2479867432 653372.3410401188, -496315.4827658598 653357.3479696512, -496330.43628754397 652424.9425577987, -497264.21598331677 652439.9145356673, -497249.2479867432 653372.3410401188))",483
484,,"POLYGON ((-496315.4827658598 653357.3479696512, -495381.7386572397 653342.3694045086, -495396.6777056622 652409.9850648697, -496330.43628754397 652424.9425577987, -496315.4827658598 653357.3479696512))",484
485,,"POLYGON ((-495381.7386572397 653342.3694045086, -494448.0156404696 653327.4053430603, -494462.94021725736 652395.042055252, -495396.6777056622 652409.9850648697, -495381.7386572397 653342.3694045086))",485
486,,"POLYGON ((-494448.0156404696 653327.4053430603, -493514.31369513937 653312.4557836773, -493529.2238019167 652380.1135273189, -494462.94021725736 652395.042055252, -494448.0156404696 653327.4053430603))",486
487,,"POLYGON ((-493514.31369513937 653312.4557836773, -492580.6328008395 653297.5207247322, -492595.5284392297 652365.1994794451, -493529.2238019167 652380.1135273189, -493514.31369513937 653312.4557836773))",487
488,,"POLYGON ((-492580.6328008395 653297.5207247322, -491646.9729371648 653282.6001645996, -491661.8541087888 652350.2999100072, -492595.5284392297 652365.1994794451, -492580.6328008395 653297.5207247322))",488
489,,"POLYGON ((-491646.9729371648 653282.6001645996, -490713.3340837102 653267.6941016554, -490728.2007901878 652335.4148173836, -491661.8541087888 652350.2999100072, -491646.9729371648 653282.6001645996))",489
490,,"POLYGON ((-490713.3340837102 653267.6941016554, -489779.7162200742 653252.8025342771, -489794.568463024 652320.544199954, -490728.2007901878 652335.4148173836, -490713.3340837102 653267.6941016554))",490
491,,"POLYGON ((-489779.7162200742 653252.8025342771, -488846.11932585726 653237.9254608445, -488860.9571068948 652305.6880561003, -489794.568463024 652320.544199954, -489779.7162200742 653252.8025342771))",491
492,,"POLYGON ((-565488.5438081322 653572.1048473556, -564553.1675044317 653556.0709574671, -564569.1592946951 652622.0715553915, -565504.5501759101 652638.0828569622, -565488.5438081322 653572.1048473556))",492
493,,"POLYGON ((-564553.1675044317 653556.0709574671, -563617.8138110836 653540.0516759222, -563633.7910255813 652606.0748416089, -564569.1592946951 652622.0715553915, -564553.1675044317 653556.0709574671))",493
494,,"POLYGON ((-563617.8138110836 653540.0516759222, -562682.4827075046 653524.0470009703, -562698.4453479829 652590.0927138656, -563633.7910255813 652606.0748416089, -563617.8138110836 653540.0516759222))",494
495,,"POLYGON ((-562682.4827075046 653524.0470009703, -561747.1741731132 653508.0569308616, -561763.1222413168 652574.1251704145, -562698.4453479829 652590.0927138656, -562682.4827075046 653524.0470009703))",495
496,,"POLYGON ((-561747.1741731132 653508.0569308616, -560811.8881873298 653492.0814638482, -560827.821685002 652558.1722095101, -561763.1222413168 652574.1251704145, -561747.1741731132 653508.0569308616))",496
497,,"POLYGON ((-560811.8881873298 653492.0814638482, -559876.624729577 653476.1205981838, -559892.5436584596 652542.2338294085, -560827.821685002 652558.1722095101, -560811.8881873298 653492.0814638482))",497
498,,"POLYGON ((-559876.624729577 653476.1205981838, -558941.3837792815 653460.1743321245, -558957.2881411146 652526.3100283681, -559892.5436584596 652542.2338294085, -559876.624729577 653476.1205981838))",498
499,,"POLYGON ((-558941.3837792815 653460.1743321245, -558006.1653158707 653444.2426639271, -558022.0551123922 652510.4008046481, -558957.2881411146 652526.3100283681, -558941.3837792815 653460.1743321245))",499
500,,"POLYGON ((-558006.1653158707 653444.2426639271, -557070.9693187752 653428.3255918508, -557086.8445517209 652494.50615651, -558022.0551123922 652510.4008046481, -558006.1653158707 653444.2426639271))",500
501,,"POLYGON ((-557070.9693187752 653428.3255918508, -556135.7957674279 653412.4231141559, -556151.6564385332 652478.6260822169, -557086.8445517209 652494.50615651, -557070.9693187752 653428.3255918508))",501
502,,"POLYGON ((-556135.7957674279 653412.4231141559, -555200.6446412639 653396.535229105, -555216.4907522618 652462.7605800334, -556151.6564385332 652478.6260822169, -556135.7957674279 653412.4231141559))",502
503,,"POLYGON ((-555200.6446412639 653396.535229105, -554265.5159197203 653380.6619349621, -554281.347472342 652446.9096482259, -555216.4907522618 652462.7605800334, -555200.6446412639 653396.535229105))",503
504,,"POLYGON ((-554265.5159197203 653380.6619349621, -553330.4095822375 653364.8032299932, -553346.2265782128 652431.0732850627, -554281.347472342 652446.9096482259, -554265.5159197203 653380.6619349621))",504
505,,"POLYGON ((-553330.4095822375 653364.8032299932, -552395.325608257 653348.959112465, -552411.1280493145 652415.2514888133, -553346.2265782128 652431.0732850627, -553330.4095822375 653364.8032299932))",505
506,,"POLYGON ((-552395.325608257 653348.959112465, -551460.2639772247 653333.1295806472, -551476.0518650902 652399.4442577495, -552411.1280493145 652415.2514888133, -552395.325608257 653348.959112465))",506
507,,"POLYGON ((-551460.2639772247 653333.1295806472, -550525.2246685873 653317.3146328105, -550540.9980049853 652383.6515901443, -551476.0518650902 652399.4442577495, -551460.2639772247 653333.1295806472))",507
508,,"POLYGON ((-550525.2246685873 653317.3146328105, -549590.207661794 653301.5142672276, -549605.9664484477 652367.8734842726, -550540.9980049853 652383.6515901443, -550525.2246685873 653317.3146328105))",508
509,,"POLYGON ((-549590.207661794 653301.5142672276, -548655.2129362966 653285.7284821722, -548670.957174927 652352.109938411, -549605.9664484477 652367.8734842726, -549590.207661794 653301.5142672276))",509
510,,"POLYGON ((-548655.2129362966 653285.7284821722, -547720.2404715489 653269.9572759207, -547735.9701638754 652336.3609508377, -548670.957174927 652352.109938411, -548655.2129362966 653285.7284821722))",510
511,,"POLYGON ((-547720.2404715489 653269.9572759207, -546785.2902470082 653254.2006467503, -546801.0053947491 652320.6265198328, -547735.9701638754 652336.3609508377, -547720.2404715489 653269.9572759207))",511
512,,"POLYGON ((-546785.2902470082 653254.2006467503, -545850.3622421332 653238.4585929405, -545866.0628470042 652304.9066436777, -546801.0053947491 652320.6265198328, -546785.2902470082 653254.2006467503))",512
513,,"POLYGON ((-545850.3622421332 653238.4585929405, -544915.4564363848 653222.731112772, -544931.1425001008 652289.2013206559, -545866.0628470042 652304.9066436777, -545850.3622421332 653238.4585929405))",513
514,,"POLYGON ((-544915.4564363848 653222.731112772, -543980.5728092266 653207.0182045278, -543996.2443335002 652273.5105490522, -544931.1425001008 652289.2013206559, -544915.4564363848 653222.731112772))",514
515,,"POLYGON ((-543980.5728092266 653207.0182045278, -543045.711340125 653191.319866492, -543061.3683266672 652257.8343271534, -543996.2443335002 652273.5105490522, -543980.5728092266 653207.0182045278))",515
516,87.12751007080078,"POLYGON ((-543045.711340125 653191.319866492, -542110.8720085479 653175.636096951, -542126.5144590689 652242.1726532482, -543061.3683266672 652257.8343271534, -543045.711340125 653191.319866492))",516
517,148.5874481201172,"POLYGON ((-542110.8720085479 653175.636096951, -541176.0547939665 653159.9668941919, -541191.682710173 652226.525525626, -542126.5144590689 652242.1726532482, -542110.8720085479 653175.636096951))",517
518,249.18116760253906,"POLYGON ((-541176.0547939665 653159.9668941919, -540241.259675853 653144.3122565045, -540256.8730594516 652210.8929425791, -541191.682710173 652226.525525626, -541176.0547939665 653159.9668941919))",518
519,231.5934600830078,"POLYGON ((-540241.259675853 653144.3122565045, -539306.4866336838 653128.6721821801, -539322.0854863791 652195.274902401, -540256.8730594516 652210.8929425791, -540241.259675853 653144.3122565045))",519
520,189.00234985351562,"POLYGON ((-539306.4866336838 653128.6721821801, -538371.7356469358 653113.0466695109, -538387.3199704302 652179.6714033862, -539322.0854863791 652195.274902401, -539306.4866336838 653128.6721821801))",520
521,137.71705627441406,"POLYGON ((-538371.7356469358 653113.0466695109, -537437.0066950892 653097.4357167919, -537452.576491084 652164.0824438321, -538387.3199704302 652179.6714033862, -538371.7356469358 653113.0466695109))",521
522,62.082706451416016,"POLYGON ((-537437.0066950892 653097.4357167919, -536502.2997576267 653081.8393223189, -536517.8550278209 652148.508022037, -537452.576491084 652164.0824438321, -537437.0066950892 653097.4357167919))",522
523,43.66926574707031,"POLYGON ((-536502.2997576267 653081.8393223189, -535567.6148140333 653066.25748439, -535583.1555601243 652132.948136301, -536517.8550278209 652148.508022037, -536502.2997576267 653081.8393223189))",523
524,,"POLYGON ((-535567.6148140333 653066.25748439, -534632.9518437949 653050.6902013046, -534648.4780674796 652117.402784926, -535583.1555601243 652132.948136301, -535567.6148140333 653066.25748439))",524
525,,"POLYGON ((-534632.9518437949 653050.6902013046, -533698.3108264024 653035.1374713639, -533713.8225293743 652101.8719662157, -534648.4780674796 652117.402784926, -534632.9518437949 653050.6902013046))",525
526,,"POLYGON ((-533698.3108264024 653035.1374713639, -532763.6917413463 653019.5992928707, -532779.1889252984 652086.3556784751, -533713.8225293743 652101.8719662157, -533698.3108264024 653035.1374713639))",526
527,,"POLYGON ((-532763.6917413463 653019.5992928707, -531829.0945681215 653004.0756641299, -531844.5772347444 652070.8539200112, -532779.1889252984 652086.3556784751, -532763.6917413463 653019.5992928707))",527
528,,"POLYGON ((-531829.0945681215 653004.0756641299, -530894.519286224 652988.5665834475, -530909.9874372069 652055.3666891326, -531844.5772347444 652070.8539200112, -531829.0945681215 653004.0756641299))",528
529,,"POLYGON ((-530894.519286224 652988.5665834475, -529959.9658751524 652973.0720491315, -529975.4195121832 652039.8939841496, -530909.9874372069 652055.3666891326, -530894.519286224 652988.5665834475))",529
530,63.40293502807617,"POLYGON ((-529959.9658751524 652973.0720491315, -529025.4343144083 652957.5920594917, -529040.8734391727 652024.435803374, -529975.4195121832 652039.8939841496, -529959.9658751524 652973.0720491315))",530
531,92.7665023803711,"POLYGON ((-529025.4343144083 652957.5920594917, -528090.9245834943 652942.126612839, -528106.3491976764 652008.9921451196, -529040.8734391727 652024.435803374, -529025.4343144083 652957.5920594917))",531
532,104.16988372802734,"POLYGON ((-528090.9245834943 652942.126612839, -527156.4366619167 652926.675707487, -527171.8467671991 651993.5630077017, -528106.3491976764 652008.9921451196, -528090.9245834943 652942.126612839))",532
533,108.48809814453125,"POLYGON ((-527156.4366619167 652926.675707487, -526221.9705291832 652911.2393417499, -526237.3661272471 651978.1483894371, -527171.8467671991 651993.5630077017, -527156.4366619167 652926.675707487))",533
534,123.45407104492188,"POLYGON ((-526221.9705291832 652911.2393417499, -525287.5261648041 652895.8175139442, -525302.9072573282 651962.7482886446, -526237.3661272471 651978.1483894371, -526221.9705291832 652911.2393417499))",534
535,99.7133560180664,"POLYGON ((-525287.5261648041 652895.8175139442, -524353.1035482918 652880.410222388, -524368.4701369543 651947.3627036446, -525302.9072573282 651962.7482886446, -525287.5261648041 652895.8175139442))",535
536,56.15968322753906,"POLYGON ((-524353.1035482918 652880.410222388, -523418.7026591619 652865.0174654009, -523434.0547456383 651931.991632759, -524368.4701369543 651947.3627036446, -524353.1035482918 652880.410222388))",536
537,55.83494186401367,"POLYGON ((-523418.7026591619 652865.0174654009, -522484.32347693096 652849.6392413044, -522499.66106289485 651916.6350743116, -523434.0547456383 651931.991632759, -523418.7026591619 652865.0174654009))",537
538,92.19847106933594,"POLYGON ((-522484.32347693096 652849.6392413044, -521549.96598111885 652834.2755484214, -521565.2890682431 651901.2930266277, -522499.66106289485 651916.6350743116, -522484.32347693096 652849.6392413044))",538
539,138.44703674316406,"POLYGON ((-521549.96598111885 652834.2755484214, -520615.630151247 652818.9263850768, -520630.9387412028 651885.9654880345, -521565.2890682431 651901.2930266277, -521549.96598111885 652834.2755484214))",539
540,57.1715087890625,"POLYGON ((-520615.630151247 652818.9263850768, -519681.31596684013 652803.5917495971, -519696.61006129626 651870.6524568605, -520630.9387412028 651885.9654880345, -520615.630151247 652818.9263850768))",540
541,38.01502990722656,"POLYGON ((-519681.31596684013 652803.5917495971, -518747.0234074242 652788.2716403104, -518762.30300804786 651855.3539314363, -519696.61006129626 651870.6524568605, -519681.31596684013 652803.5917495971))",541
542,36.140289306640625,"POLYGON ((-518747.0234074242 652788.2716403104, -517812.7524525282 652772.9660555463, -517828.0175609854 651840.0699100938, -518762.30300804786 651855.3539314363, -518747.0234074242 652788.2716403104))",542
543,69.71671295166016,"POLYGON ((-517812.7524525282 652772.9660555463, -516878.50308168307 652757.6749936366, -516893.75369963783 651824.8003911669, -517828.0175609854 651840.0699100938, -517812.7524525282 652772.9660555463))",543
544,198.47991943359375,"POLYGON ((-516878.50308168307 652757.6749936366, -515944.27527442167 652742.398452914, -515959.51140353666 651809.5453729911, -516893.75369963783 651824.8003911669, -516878.50308168307 652757.6749936366))",544
545,358.0276184082031,"POLYGON ((-515944.27527442167 652742.398452914, -515010.0690102803 652727.1364317137, -515025.2906522162 651794.304853903, -515959.51140353666 651809.5453729911, -515944.27527442167 652742.398452914))",545
546,411.52862548828125,"POLYGON ((-515010.0690102803 652727.1364317137, -514075.88426879654 652711.888928372, -514091.09142521245 651779.0788322422, -515025.2906522162 651794.304853903, -515010.0690102803 652727.1364317137))",546
547,451.8761291503906,"POLYGON ((-514075.88426879654 652711.888928372, -513141.7210295106 652696.6559412271, -513156.9137020637 651763.8673063484, -514091.09142521245 651779.0788322422, -514075.88426879654 652711.888928372))",547
548,217.23178100585938,"POLYGON ((-513141.7210295106 652696.6559412271, -512207.5792719644 652681.4374686187, -512222.7574623107 651748.6702745642, -513156.9137020637 651763.8673063484, -513141.7210295106 652696.6559412271))",548
549,106.91863250732422,"POLYGON ((-512207.5792719644 652681.4374686187, -511273.458975703 652666.2335088887, -511288.6226854968 651733.487735233, -512222.7574623107 651748.6702745642, -512207.5792719644 652681.4374686187))",549
550,87.58092498779297,"POLYGON ((-511273.458975703 652666.2335088887, -510339.360120274 652651.0440603798, -510354.50935116713 651718.3196867007, -511288.6226854968 651733.487735233, -511273.458975703 652666.2335088887))",550
551,80.51673126220703,"POLYGON ((-510339.360120274 652651.0440603798, -509405.2826852255 652635.8691214374, -509420.4174388697 651703.1661273141, -510354.50935116713 651718.3196867007, -510339.360120274 652651.0440603798))",551
552,65.77058410644531,"POLYGON ((-509405.2826852255 652635.8691214374, -508471.22665011 652620.7086904077, -508486.34692815307 651688.0270554221, -509420.4174388697 651703.1661273141, -509405.2826852255 652635.8691214374))",552
553,31.964279174804688,"POLYGON ((-508471.22665011 652620.7086904077, -507537.191994481 652605.5627656388, -507552.2977985707 651672.9024693752, -508486.34692815307 651688.0270554221, -508471.22665011 652620.7086904077))",553
554,21.59942626953125,"POLYGON ((-507537.191994481 652605.5627656388, -506603.17869789444 652590.4313454811, -506618.2700296772 651657.7923675254, -507552.2977985707 651672.9024693752, -507537.191994481 652605.5627656388))",554
555,17.471439361572266,"POLYGON ((-506603.17869789444 652590.4313454811, -505669.18673990865 652575.3144282855, -505684.26360102766 651642.6967482266, -506618.2700296772 651657.7923675254, -506603.17869789444 652590.4313454811))",555
556,18.246305465698242,"POLYGON ((-505669.18673990865 652575.3144282855, -504735.21610008425 652560.2120124056, -504750.2784921825 651627.6156098347, -505684.26360102766 651642.6967482266, -505669.18673990865 652575.3144282855))",556
557,19.5112247467041,"POLYGON ((-504735.21610008425 652560.2120124056, -503801.2667579842 652545.1240961963, -503816.3146827022 651612.5489507061, -504750.2784921825 651627.6156098347, -504735.21610008425 652560.2120124056))",557
558,37.10243225097656,"POLYGON ((-503801.2667579842 652545.1240961963, -502867.3386931736 652530.050678014, -502882.37215215014 651597.4967692002, -503816.3146827022 651612.5489507061, -503801.2667579842 652545.1240961963))",558
559,41.044166564941406,"POLYGON ((-502867.3386931736 652530.050678014, -501933.4318852199 652514.9917562171, -501948.4508800928 651582.4590636771, -502882.37215215014 651597.4967692002, -502867.3386931736 652530.050678014))",559
560,27.340686798095703,"POLYGON ((-501933.4318852199 652514.9917562171, -500999.54631369247 652499.9473291653, -501014.5508460973 651567.4358324993, -501948.4508800928 651582.4590636771, -501933.4318852199 652514.9917562171))",560
561,21.464338302612305,"POLYGON ((-500999.54631369247 652499.9473291653, -500065.6819581629 652484.9173952205, -500080.672029734 651552.4270740303, -501014.5508460973 651567.4358324993, -500999.54631369247 652499.9473291653))",561
562,23.557619094848633,"POLYGON ((-500065.6819581629 652484.9173952205, -499131.83879820607 652469.9019527456, -499146.81441057555 651537.4327866357, -500080.672029734 651552.4270740303, -500065.6819581629 652484.9173952205))",562
563,27.22133445739746,"POLYGON ((-499131.83879820607 652469.9019527456, -498198.01681339776 652454.9010001058, -498212.97796819627 651522.4529686829, -499146.81441057555 651537.4327866357, -499131.83879820607 652469.9019527456))",563
564,,"POLYGON ((-498198.01681339776 652454.9010001058, -497264.21598331677 652439.9145356673, -497279.1626821734 651507.4876185401, -498212.97796819627 651522.4529686829, -498198.01681339776 652454.9010001058))",564
565,,"POLYGON ((-497264.21598331677 652439.9145356673, -496330.43628754397 652424.9425577987, -496345.36853208626 651492.5367345784, -497279.1626821734 651507.4876185401, -497264.21598331677 652439.9145356673))",565
566,,"POLYGON ((-496330.43628754397 652424.9425577987, -495396.6777056622 652409.9850648697, -495411.5954975162 651477.6003151698, -496345.36853208626 651492.5367345784, -496330.43628754397 652424.9425577987))",566
567,,"POLYGON ((-495396.6777056622 652409.9850648697, -494462.94021725736 652395.042055252, -494477.84355804697 651462.6783586879, -495411.5954975162 651477.6003151698, -495396.6777056622 652409.9850648697))",567
568,,"POLYGON ((-494462.94021725736 652395.042055252, -493529.2238019167 652380.1135273189, -493544.1126932639 651447.7708635083, -494477.84355804697 651462.6783586879, -494462.94021725736 652395.042055252))",568
569,,"POLYGON ((-493529.2238019167 652380.1135273189, -492595.5284392297 652365.1994794451, -492610.4028827556 651432.8778280083, -493544.1126932639 651447.7708635083, -493529.2238019167 652380.1135273189))",569
570,,"POLYGON ((-492595.5284392297 652365.1994794451, -491661.8541087888 652350.2999100072, -491676.7141061125 651417.9992505664, -492610.4028827556 651432.8778280083, -492595.5284392297 652365.1994794451))",570
571,,"POLYGON ((-491661.8541087888 652350.2999100072, -490728.2007901878 652335.4148173836, -490743.0463429268 651403.1351295633, -491676.7141061125 651417.9992505664, -491661.8541087888 652350.2999100072))",571
572,,"POLYGON ((-490728.2007901878 652335.4148173836, -489794.568463024 652320.544199954, -489809.39957279374 651388.2854633807, -490743.0463429268 651403.1351295633, -490728.2007901878 652335.4148173836))",572
573,,"POLYGON ((-489794.568463024 652320.544199954, -488860.9571068948 652305.6880561003, -488875.77377530956 651373.450250403, -489809.39957279374 651388.2854633807, -489794.568463024 652320.544199954))",573
574,,"POLYGON ((-565504.5501759101 652638.0828569622, -564569.1592946951 652622.0715553915, -564585.1282993904 651688.0716436033, -565520.5337373735 651704.0603554503, -565504.5501759101 652638.0828569622))",574
575,,"POLYGON ((-564569.1592946951 652622.0715553915, -563633.7910255813 652606.0748416089, -563649.7454752545 651672.0974989873, -564585.1282993904 651688.0716436033, -564569.1592946951 652622.0715553915))",575
576,,"POLYGON ((-563633.7910255813 652606.0748416089, -562698.4453479829 652590.0927138656, -562714.3852443779 651656.1379198559, -563649.7454752545 651672.0974989873, -563633.7910255813 652606.0748416089))",576
577,,"POLYGON ((-562698.4453479829 652590.0927138656, -561763.1222413168 652574.1251704145, -561779.0475861768 651640.1929044641, -562714.3852443779 651656.1379198559, -562698.4453479829 652590.0927138656))",577
578,,"POLYGON ((-561763.1222413168 652574.1251704145, -560827.821685002 652558.1722095101, -560843.7324800673 651624.2624510691, -561779.0475861768 651640.1929044641, -561763.1222413168 652574.1251704145))",578
579,,"POLYGON ((-560827.821685002 652558.1722095101, -559892.5436584596 652542.2338294085, -559908.4399054695 651608.3465579294, -560843.7324800673 651624.2624510691, -560827.821685002 652558.1722095101))",579
580,,"POLYGON ((-559892.5436584596 652542.2338294085, -558957.2881411146 652526.3100283681, -558973.1698418059 651592.4452233054, -559908.4399054695 651608.3465579294, -559892.5436584596 652542.2338294085))",580
581,,"POLYGON ((-558957.2881411146 652526.3100283681, -558022.0551123922 652510.4008046481, -558037.9222685008 651576.558445459, -558973.1698418059 651592.4452233054, -558957.2881411146 652526.3100283681))",581
582,,"POLYGON ((-558022.0551123922 652510.4008046481, -557086.8445517209 652494.50615651, -557102.6971649821 651560.6862226542, -558037.9222685008 651576.558445459, -558022.0551123922 652510.4008046481))",582
583,,"POLYGON ((-557086.8445517209 652494.50615651, -556151.6564385332 652478.6260822169, -556167.4945106783 651544.8285531562, -557102.6971649821 651560.6862226542, -557086.8445517209 652494.50615651))",583
584,,"POLYGON ((-556151.6564385332 652478.6260822169, -555216.4907522618 652462.7605800334, -555232.3142850215 651528.9854352322, -556167.4945106783 651544.8285531562, -556151.6564385332 652478.6260822169))",584
585,,"POLYGON ((-555216.4907522618 652462.7605800334, -554281.347472342 652446.9096482259, -554297.1564674454 651513.1568671509, -555232.3142850215 651528.9854352322, -555216.4907522618 652462.7605800334))",585
586,,"POLYGON ((-554281.347472342 652446.9096482259, -553346.2265782128 652431.0732850627, -553362.0210373874 651497.3428471829, -554297.1564674454 651513.1568671509, -554281.347472342 652446.9096482259))",586
587,,"POLYGON ((-553346.2265782128 652431.0732850627, -552411.1280493145 652415.2514888133, -552426.907974286 651481.5433736002, -553362.0210373874 651497.3428471829, -553346.2265782128 652431.0732850627))",587
588,,"POLYGON ((-552411.1280493145 652415.2514888133, -551476.0518650902 652399.4442577495, -551491.817257582 651465.7584446769, -552426.907974286 651481.5433736002, -552411.1280493145 652415.2514888133))",588
589,,"POLYGON ((-551476.0518650902 652399.4442577495, -550540.9980049853 652383.6515901443, -550556.7488667197 651449.9880586885, -551491.817257582 651465.7584446769, -551476.0518650902 652399.4442577495))",589
590,,"POLYGON ((-550540.9980049853 652383.6515901443, -549605.9664484477 652367.8734842726, -549621.702781145 651434.232213912, -550556.7488667197 651449.9880586885, -550540.9980049853 652383.6515901443))",590
591,,"POLYGON ((-549605.9664484477 652367.8734842726, -548670.957174927 652352.109938411, -548686.6789803067 651418.4909086265, -549621.702781145 651434.232213912, -549605.9664484477 652367.8734842726))",591
592,,"POLYGON ((-548670.957174927 652352.109938411, -547735.9701638754 652336.3609508377, -547751.6774436549 651402.7641411128, -548686.6789803067 651418.4909086265, -548670.957174927 652352.109938411))",592
593,,"POLYGON ((-547735.9701638754 652336.3609508377, -546801.0053947491 652320.6265198328, -546816.698150643 651387.0519096528, -547751.6774436549 651402.7641411128, -547735.9701638754 652336.3609508377))",593
594,,"POLYGON ((-546801.0053947491 652320.6265198328, -545866.0628470042 652304.9066436777, -545881.7410807273 651371.3542125309, -546816.698150643 651387.0519096528, -546801.0053947491 652320.6265198328))",594
595,,"POLYGON ((-545866.0628470042 652304.9066436777, -544931.1425001008 652289.2013206559, -544946.8062133639 651355.6710480325, -545881.7410807273 651371.3542125309, -545866.0628470042 652304.9066436777))",595
596,,"POLYGON ((-544931.1425001008 652289.2013206559, -543996.2443335002 652273.5105490522, -544011.8935280149 651340.002414445, -544946.8062133639 651355.6710480325, -544931.1425001008 652289.2013206559))",596
597,,"POLYGON ((-543996.2443335002 652273.5105490522, -543061.3683266672 652257.8343271534, -543077.003004142 651324.3483100575, -544011.8935280149 651340.002414445, -543996.2443335002 652273.5105490522))",597
598,107.13204956054688,"POLYGON ((-543061.3683266672 652257.8343271534, -542126.5144590689 652242.1726532482, -542142.1346212104 651308.7087331609, -543077.003004142 651324.3483100575, -543061.3683266672 652257.8343271534))",598
599,208.613037109375,"POLYGON ((-542126.5144590689 652242.1726532482, -541191.682710173 652226.525525626, -541207.288358687 651293.0836820473, -542142.1346212104 651308.7087331609, -542126.5144590689 652242.1726532482))",599
600,265.9493713378906,"POLYGON ((-541191.682710173 652226.525525626, -540256.8730594516 652210.8929425791, -540272.4641960419 651277.473155011, -541207.288358687 651293.0836820473, -541191.682710173 652226.525525626))",600
601,271.0056457519531,"POLYGON ((-540256.8730594516 652210.8929425791, -539322.0854863791 652195.274902401, -539337.6621127467 651261.8771503477, -540272.4641960419 651277.473155011, -540256.8730594516 652210.8929425791))",601
602,266.9030456542969,"POLYGON ((-539322.0854863791 652195.274902401, -538387.3199704302 652179.6714033862, -538402.8820882766 651246.2956663549, -539337.6621127467 651261.8771503477, -539322.0854863791 652195.274902401))",602
603,202.80093383789062,"POLYGON ((-538387.3199704302 652179.6714033862, -537452.576491084 652164.0824438321, -537468.1241021074 651230.7287013317, -538402.8820882766 651246.2956663549, -538387.3199704302 652179.6714033862))",603
604,112.6379165649414,"POLYGON ((-537452.576491084 652164.0824438321, -536517.8550278209 652148.508022037, -536533.3881337186 651215.176253579, -537468.1241021074 651230.7287013317, -537452.576491084 652164.0824438321))",604
605,67.44355010986328,"POLYGON ((-536517.8550278209 652148.508022037, -535583.1555601243 652132.948136301, -535598.6741625915 651199.6383213991, -536533.3881337186 651215.176253579, -536517.8550278209 652148.508022037))",605
606,,"POLYGON ((-535583.1555601243 652132.948136301, -534648.4780674796 652117.402784926, -534663.9821682093 651184.1149030965, -535598.6741625915 651199.6383213991, -535583.1555601243 652132.948136301))",606
607,,"POLYGON ((-534648.4780674796 652117.402784926, -533713.8225293743 652101.8719662157, -533729.312130059 651168.6059969771, -534663.9821682093 651184.1149030965, -534648.4780674796 652117.402784926))",607
608,,"POLYGON ((-533713.8225293743 652101.8719662157, -532779.1889252984 652086.3556784751, -532794.6640276283 651153.1116013479, -533729.312130059 651168.6059969771, -533713.8225293743 652101.8719662157))",608
609,,"POLYGON ((-532779.1889252984 652086.3556784751, -531844.5772347444 652070.8539200112, -531860.0378404083 651137.631714519, -532794.6640276283 651153.1116013479, -532779.1889252984 652086.3556784751))",609
610,102.62728118896484,"POLYGON ((-531844.5772347444 652070.8539200112, -530909.9874372069 652055.3666891326, -530925.4335478914 651122.1663348005, -531860.0378404083 651137.631714519, -531844.5772347444 652070.8539200112))",610
611,118.6994857788086,"POLYGON ((-530909.9874372069 652055.3666891326, -529975.4195121832 652039.8939841496, -529990.8511295738 651106.7154605055, -530925.4335478914 651122.1663348005, -530909.9874372069 652055.3666891326))",611
612,101.1321029663086,"POLYGON ((-529975.4195121832 652039.8939841496, -529040.8734391727 652024.435803374, -529056.2905649527 651091.2790899478, -529990.8511295738 651106.7154605055, -529975.4195121832 652039.8939841496))",612
613,83.11030578613281,"POLYGON ((-529040.8734391727 652024.435803374, -528106.3491976764 652008.9921451196, -528121.7518335276 651075.8572214438, -529056.2905649527 651091.2790899478, -529040.8734391727 652024.435803374))",613
614,97.28453826904297,"POLYGON ((-528106.3491976764 652008.9921451196, -527171.8467671991 651993.5630077017, -527187.2349148025 651060.4498533111, -528121.7518335276 651075.8572214438, -528106.3491976764 652008.9921451196))",614
615,91.66361236572266,"POLYGON ((-527171.8467671991 651993.5630077017, -526237.3661272471 651978.1483894371, -526252.7397882801 651045.0569838685, -527187.2349148025 651060.4498533111, -527171.8467671991 651993.5630077017))",615
616,83.3070068359375,"POLYGON ((-526237.3661272471 651978.1483894371, -525302.9072573282 651962.7482886446, -525318.2664334686 651029.6786114376, -526252.7397882801 651045.0569838685, -526237.3661272471 651978.1483894371))",616
617,75.71357727050781,"POLYGON ((-525302.9072573282 651962.7482886446, -524368.4701369543 651947.3627036446, -524383.8148298764 651014.3147343406, -525318.2664334686 651029.6786114376, -525302.9072573282 651962.7482886446))",617
618,49.947044372558594,"POLYGON ((-524368.4701369543 651947.3627036446, -523434.0547456383 651931.991632759, -523449.3849570155 650998.9653509022, -524383.8148298764 651014.3147343406, -524368.4701369543 651947.3627036446))",618
619,80.0336685180664,"POLYGON ((-523434.0547456383 651931.991632759, -522499.66106289485 651916.6350743116, -522514.9767943999 650983.6304594481, -523449.3849570155 650998.9653509022, -523434.0547456383 651931.991632759))",619
620,132.36148071289062,"POLYGON ((-522499.66106289485 651916.6350743116, -521565.2890682431 651901.2930266277, -521580.59032154584 650968.310058306, -522514.9767943999 650983.6304594481, -522499.66106289485 651916.6350743116))",620
621,190.24771118164062,"POLYGON ((-521565.2890682431 651901.2930266277, -520630.9387412028 651885.9654880345, -520646.2255179713 650953.0041458054, -521580.59032154584 650968.310058306, -521565.2890682431 651901.2930266277))",621
622,75.72381591796875,"POLYGON ((-520630.9387412028 651885.9654880345, -519696.61006129626 651870.6524568605, -519711.88236319786 650937.712720277, -520646.2255179713 650953.0041458054, -520630.9387412028 651885.9654880345))",622
623,40.639923095703125,"POLYGON ((-519696.61006129626 651870.6524568605, -518762.30300804786 651855.3539314363, -518777.56083674764 650922.4357800541, -519711.88236319786 650937.712720277, -519696.61006129626 651870.6524568605))",623
624,36.62302017211914,"POLYGON ((-518762.30300804786 651855.3539314363, -517828.0175609854 651840.0699100938, -517843.2609181468 650907.1733234703, -518777.56083674764 650922.4357800541, -518762.30300804786 651855.3539314363))",624
625,63.29578399658203,"POLYGON ((-517828.0175609854 651840.0699100938, -516893.75369963783 651824.8003911669, -516908.98258692224 650891.9253488624, -517843.2609181468 650907.1733234703, -517828.0175609854 651840.0699100938))",625
626,82.24034118652344,"POLYGON ((-516893.75369963783 651824.8003911669, -515959.51140353666 651809.5453729911, -515974.7258226045 650876.6918545675, -516908.98258692224 650891.9253488624, -516893.75369963783 651824.8003911669))",626
627,183.2762908935547,"POLYGON ((-515959.51140353666 651809.5453729911, -515025.2906522162 651794.304853903, -515040.4906047259 650861.4728389254, -515974.7258226045 650876.6918545675, -515959.51140353666 651809.5453729911))",627
628,481.39825439453125,"POLYGON ((-515025.2906522162 651794.304853903, -514091.09142521245 651779.0788322422, -514106.27691282076 650846.2683002771, -515040.4906047259 650861.4728389254, -515025.2906522162 651794.304853903))",628
629,548.1953735351562,"POLYGON ((-514091.09142521245 651779.0788322422, -513156.9137020637 651763.8673063484, -513172.0847264258 650831.078236965, -514106.27691282076 650846.2683002771, -514091.09142521245 651779.0788322422))",629
630,360.0872497558594,"POLYGON ((-513156.9137020637 651763.8673063484, -512222.7574623107 651748.6702745642, -512237.9140250804 650815.9026473339, -513172.0847264258 650831.078236965, -513156.9137020637 651763.8673063484))",630
631,130.82015991210938,"POLYGON ((-512222.7574623107 651748.6702745642, -511288.6226854968 651733.487735233, -511303.7647883254 650800.7415297295, -512237.9140250804 650815.9026473339, -512222.7574623107 651748.6702745642))",631
632,93.95269012451172,"POLYGON ((-511288.6226854968 651733.487735233, -510354.50935116713 651718.3196867007, -510369.6369957047 650785.5948824998, -511303.7647883254 650800.7415297295, -511288.6226854968 651733.487735233))",632
633,85.1092300415039,"POLYGON ((-510354.50935116713 651718.3196867007, -509420.4174388697 651703.1661273141, -509435.5306267645 650770.4627039941, -510369.6369957047 650785.5948824998, -510354.50935116713 651718.3196867007))",633
634,48.74738311767578,"POLYGON ((-509420.4174388697 651703.1661273141, -508486.34692815307 651688.0270554221, -508501.4456610527 650755.3449925635, -509435.5306267645 650770.4627039941, -509420.4174388697 651703.1661273141))",634
635,24.365571975708008,"POLYGON ((-508486.34692815307 651688.0270554221, -507552.2977985707 651672.9024693752, -507567.3820781199 650740.2417465608, -508501.4456610527 650755.3449925635, -508486.34692815307 651688.0270554221))",635
636,18.434383392333984,"POLYGON ((-507552.2977985707 651672.9024693752, -506618.2700296772 651657.7923675254, -506633.3398575189 650725.1529643403, -507567.3820781199 650740.2417465608, -507552.2977985707 651672.9024693752))",636
637,17.916584014892578,"POLYGON ((-506618.2700296772 651657.7923675254, -505684.26360102766 651642.6967482266, -505699.3189788045 650710.0786442581, -506633.3398575189 650725.1529643403, -506618.2700296772 651657.7923675254))",637
638,18.750642776489258,"POLYGON ((-505684.26360102766 651642.6967482266, -504750.2784921825 651627.6156098347, -504765.31942153396 650695.0187846719, -505699.3189788045 650710.0786442581, -505684.26360102766 651642.6967482266))",638
639,20.934492111206055,"POLYGON ((-504750.2784921825 651627.6156098347, -503816.3146827022 651612.5489507061, -503831.34116526693 650679.9733839413, -504765.31942153396 650695.0187846719, -504750.2784921825 651627.6156098347))",639
640,38.29768371582031,"POLYGON ((-503816.3146827022 651612.5489507061, -502882.37215215014 651597.4967692002, -502897.38418956555 650664.9424404271, -503831.34116526693 650679.9733839413, -503816.3146827022 651612.5489507061))",640
641,62.74685287475586,"POLYGON ((-502882.37215215014 651597.4967692002, -501948.4508800928 651582.4590636771, -501963.4484739932 650649.9259524922, -502897.38418956555 650664.9424404271, -502882.37215215014 651597.4967692002))",641
642,62.33848571777344,"POLYGON ((-501948.4508800928 651582.4590636771, -501014.5508460973 651567.4358324993, -501029.5339981159 650634.9239185009, -501963.4484739932 650649.9259524922, -501948.4508800928 651582.4590636771))",642
643,57.15150451660156,"POLYGON ((-501014.5508460973 651567.4358324993, -500080.672029734 651552.4270740303, -500095.6407415037 650619.9363368194, -501029.5339981159 650634.9239185009, -501014.5508460973 651567.4358324993))",643
644,58.93063735961914,"POLYGON ((-500080.672029734 651552.4270740303, -499146.81441057555 651537.4327866357, -499161.7686837255 650604.9632058154, -500095.6407415037 650619.9363368194, -500080.672029734 651552.4270740303))",644
645,59.5117073059082,"POLYGON ((-499146.81441057555 651537.4327866357, -498212.97796819627 651522.4529686829, -498227.91780435527 650590.0045238581, -499161.7686837255 650604.9632058154, -499146.81441057555 651537.4327866357))",645
646,28.228912353515625,"POLYGON ((-498212.97796819627 651522.4529686829, -497279.1626821734 651507.4876185401, -497294.0880829686 650575.0602893187, -498227.91780435527 650590.0045238581, -498212.97796819627 651522.4529686829))",646
647,,"POLYGON ((-497279.1626821734 651507.4876185401, -496345.36853208626 651492.5367345784, -496360.27949914266 650560.13050057, -497294.0880829686 650575.0602893187, -497279.1626821734 651507.4876185401))",647
648,,"POLYGON ((-496345.36853208626 651492.5367345784, -495411.5954975162 651477.6003151698, -495426.492032457 650545.2151559864, -496360.27949914266 650560.13050057, -496345.36853208626 651492.5367345784))",648
649,,"POLYGON ((-495411.5954975162 651477.6003151698, -494477.84355804697 651462.6783586879, -494492.72566249396 650530.3142539437, -495426.492032457 650545.2151559864, -495411.5954975162 651477.6003151698))",649
650,,"POLYGON ((-494477.84355804697 651462.6783586879, -493544.1126932639 651447.7708635083, -493558.9803688375 650515.4277928199, -494492.72566249396 650530.3142539437, -494477.84355804697 651462.6783586879))",650
651,,"POLYGON ((-493544.1126932639 651447.7708635083, -492610.4028827556 651432.8778280083, -492625.2561310745 650500.555770994, -493558.9803688375 650515.4277928199, -493544.1126932639 651447.7708635083))",651
652,,"POLYGON ((-492610.4028827556 651432.8778280083, -491676.7141061125 651417.9992505664, -491691.5529287931 650485.6981868474, -492625.2561310745 650500.555770994, -492610.4028827556 651432.8778280083))",652
653,,"POLYGON ((-491676.7141061125 651417.9992505664, -490743.0463429268 651403.1351295633, -490757.8707415848 650470.8550387627, -491691.5529287931 650485.6981868474, -491676.7141061125 651417.9992505664))",653
654,,"POLYGON ((-490743.0463429268 651403.1351295633, -489809.39957279374 651388.2854633807, -489824.2095490424 650456.026325124, -490757.8707415848 650470.8550387627, -490743.0463429268 651403.1351295633))",654
655,,"POLYGON ((-489809.39957279374 651388.2854633807, -488875.77377530956 651373.450250403, -488890.56933076144 650441.2120443174, -489824.2095490424 650456.026325124, -489809.39957279374 651388.2854633807))",655
656,,"POLYGON ((-565520.5337373735 651704.0603554503, -564585.1282993904 651688.0716436033, -564601.0745181418 650754.0712228204, -565536.4944921462 650770.0373435395, -565520.5337373735 651704.0603554503))",656
657,,"POLYGON ((-564585.1282993904 651688.0716436033, -563649.7454752545 651672.0974989873, -563665.677159728 650738.1196487736, -564601.0745181418 650754.0712228204, -564585.1282993904 651688.0716436033))",657
658,,"POLYGON ((-563649.7454752545 651672.0974989873, -562714.3852443779 651656.1379198559, -562730.3023963158 650722.1826196552, -563665.677159728 650738.1196487736, -563649.7454752545 651672.0974989873))",658
659,,"POLYGON ((-562714.3852443779 651656.1379198559, -561779.0475861768 651640.1929044641, -561794.9502073184 650706.2601337224, -562730.3023963158 650722.1826196552, -562714.3852443779 651656.1379198559))",659
660,,"POLYGON ((-561779.0475861768 651640.1929044641, -560843.7324800673 651624.2624510691, -560859.6205721514 650690.3521892354, -561794.9502073184 650706.2601337224, -561779.0475861768 651640.1929044641))",660
661,,"POLYGON ((-560843.7324800673 651624.2624510691, -559908.4399054695 651608.3465579294, -559924.3134702328 650674.4587844544, -560859.6205721514 650690.3521892354, -560843.7324800673 651624.2624510691))",661
662,,"POLYGON ((-559908.4399054695 651608.3465579294, -558973.1698418059 651592.4452233054, -558989.0288809834 650658.5799176426, -559924.3134702328 650674.4587844544, -559908.4399054695 651608.3465579294))",662
663,,"POLYGON ((-558973.1698418059 651592.4452233054, -558037.9222685008 651576.558445459, -558053.7667838256 650642.7155870643, -558989.0288809834 650658.5799176426, -558973.1698418059 651592.4452233054))",663
664,,"POLYGON ((-558037.9222685008 651576.558445459, -557102.6971649821 651560.6862226542, -557118.5271581861 650626.8657909855, -558053.7667838256 650642.7155870643, -558037.9222685008 651576.558445459))",664
665,,"POLYGON ((-557102.6971649821 651560.6862226542, -556167.4945106783 651544.8285531562, -556183.3099834914 650611.0305276741, -557118.5271581861 650626.8657909855, -557102.6971649821 651560.6862226542))",665
666,,"POLYGON ((-556167.4945106783 651544.8285531562, -555232.3142850215 651528.9854352322, -555248.1152391718 650595.2097953999, -556183.3099834914 650611.0305276741, -556167.4945106783 651544.8285531562))",666
667,,"POLYGON ((-555232.3142850215 651528.9854352322, -554297.1564674454 651513.1568671509, -554312.94290466 650579.4035924334, -555248.1152391718 650595.2097953999, -555232.3142850215 651528.9854352322))",667
668,,"POLYGON ((-554297.1564674454 651513.1568671509, -553362.0210373874 651497.3428471829, -553377.7929593902 650563.6119170481, -554312.94290466 650579.4035924334, -554297.1564674454 651513.1568671509))",668
669,,"POLYGON ((-553362.0210373874 651497.3428471829, -552426.907974286 651481.5433736002, -552442.6653828009 650547.8347675182, -553377.7929593902 650563.6119170481, -553362.0210373874 651497.3428471829))",669
670,,"POLYGON ((-552426.907974286 651481.5433736002, -551491.817257582 651465.7584446769, -551507.5601543307 650532.07214212, -552442.6653828009 650547.8347675182, -552426.907974286 651481.5433736002))",670
671,,"POLYGON ((-551491.817257582 651465.7584446769, -550556.7488667197 651449.9880586885, -550572.4772534217 650516.3240391315, -551507.5601543307 650532.07214212, -551491.817257582 651465.7584446769))",671
672,,"POLYGON ((-550556.7488667197 651449.9880586885, -549621.702781145 651434.232213912, -549637.4166595188 650500.5904568321, -550572.4772534217 650516.3240391315, -550556.7488667197 651449.9880586885))",672
673,,"POLYGON ((-549621.702781145 651434.232213912, -548686.6789803067 651418.4909086265, -548702.3783520679 650484.8713935034, -549637.4166595188 650500.5904568321, -549621.702781145 651434.232213912))",673
674,,"POLYGON ((-548686.6789803067 651418.4909086265, -547751.6774436549 651402.7641411128, -547767.3623105192 650469.1668474283, -548702.3783520679 650484.8713935034, -548686.6789803067 651418.4909086265))",674
675,,"POLYGON ((-547751.6774436549 651402.7641411128, -546816.698150643 651387.0519096528, -546832.3685143231 650453.4768168911, -547767.3623105192 650469.1668474283, -547751.6774436549 651402.7641411128))",675
676,,"POLYGON ((-546816.698150643 651387.0519096528, -545881.7410807273 651371.3542125309, -545897.3969429343 650437.8013001787, -546832.3685143231 650453.4768168911, -546816.698150643 651387.0519096528))",676
677,,"POLYGON ((-545881.7410807273 651371.3542125309, -544946.8062133639 651355.6710480325, -544962.4475758085 650422.1402955789, -545897.3969429343 650437.8013001787, -545881.7410807273 651371.3542125309))",677
678,,"POLYGON ((-544946.8062133639 651355.6710480325, -544011.8935280149 651340.002414445, -544027.5203924044 650406.4938013813, -544962.4475758085 650422.1402955789, -544946.8062133639 651355.6710480325))",678
679,,"POLYGON ((-544011.8935280149 651340.002414445, -543077.003004142 651324.3483100575, -543092.6153721832 650390.8618158773, -544027.5203924044 650406.4938013813, -544011.8935280149 651340.002414445))",679
680,73.14964294433594,"POLYGON ((-543077.003004142 651324.3483100575, -542142.1346212104 651308.7087331609, -542157.7324946072 650375.2443373604, -543092.6153721832 650390.8618158773, -543077.003004142 651324.3483100575))",680
681,164.12506103515625,"POLYGON ((-542142.1346212104 651308.7087331609, -541207.288358687 651293.0836820473, -541222.8717391435 650359.6413641246, -542157.7324946072 650375.2443373604, -542142.1346212104 651308.7087331609))",681
682,255.07040405273438,"POLYGON ((-541207.288358687 651293.0836820473, -540272.4641960419 651277.473155011, -540288.0330852588 650344.0528944671, -541222.8717391435 650359.6413641246, -541207.288358687 651293.0836820473))",682
683,269.7306823730469,"POLYGON ((-540272.4641960419 651277.473155011, -539337.6621127467 651261.8771503477, -539353.2165124243 650328.4789266858, -540288.0330852588 650344.0528944671, -540272.4641960419 651277.473155011))",683
684,275.14190673828125,"POLYGON ((-539337.6621127467 651261.8771503477, -538402.8820882766 651246.2956663549, -538418.422000112 650312.9194590801, -539353.2165124243 650328.4789266858, -539337.6621127467 651261.8771503477))",684
685,238.03260803222656,"POLYGON ((-538402.8820882766 651246.2956663549, -537468.1241021074 651230.7287013317, -537483.6495277972 650297.3744899519, -538418.422000112 650312.9194590801, -538402.8820882766 651246.2956663549))",685
686,136.5995330810547,"POLYGON ((-537468.1241021074 651230.7287013317, -536533.3881337186 651215.176253579, -536548.8990749575 650281.8440176042, -537483.6495277972 650297.3744899519, -537468.1241021074 651230.7287013317))",686
687,106.26971435546875,"POLYGON ((-536533.3881337186 651215.176253579, -535598.6741625915 651199.6383213991, -535614.1706210724 650266.3280403422, -536548.8990749575 650281.8440176042, -536533.3881337186 651215.176253579))",687
688,,"POLYGON ((-535598.6741625915 651199.6383213991, -534663.9821682093 651184.1149030965, -534679.4641456236 650250.8265564719, -535614.1706210724 650266.3280403422, -535598.6741625915 651199.6383213991))",688
689,,"POLYGON ((-534663.9821682093 651184.1149030965, -533729.312130059 651168.6059969771, -533744.7796280966 650235.3395643019, -534679.4641456236 650250.8265564719, -534663.9821682093 651184.1149030965))",689
690,72.67581176757812,"POLYGON ((-533729.312130059 651168.6059969771, -532794.6640276283 651153.1116013479, -532810.1170479761 650219.8670621417, -533744.7796280966 650235.3395643019, -533729.312130059 651168.6059969771))",690
691,86.0282211303711,"POLYGON ((-532794.6640276283 651153.1116013479, -531860.0378404083 651137.631714519, -531875.4763847535 650204.4090483031, -532810.1170479761 650219.8670621417, -532794.6640276283 651153.1116013479))",691
692,88.15909576416016,"POLYGON ((-531860.0378404083 651137.631714519, -530925.4335478914 651122.1663348005, -530940.8576179183 650188.9655210994, -531875.4763847535 650204.4090483031, -531860.0378404083 651137.631714519))",692
693,112.19444274902344,"POLYGON ((-530925.4335478914 651122.1663348005, -529990.8511295738 651106.7154605055, -530006.2607269648 650173.5364788453, -530940.8576179183 650188.9655210994, -530925.4335478914 651122.1663348005))",693
694,80.99398803710938,"POLYGON ((-529990.8511295738 651106.7154605055, -529056.2905649527 651091.2790899478, -529071.6856913895 650158.1219198576, -530006.2607269648 650173.5364788453, -529990.8511295738 651106.7154605055))",694
695,55.55013656616211,"POLYGON ((-529056.2905649527 651091.2790899478, -528121.7518335276 651075.8572214438, -528137.13249069 650142.7218424543, -529071.6856913895 650158.1219198576, -529056.2905649527 651091.2790899478))",695
696,86.31043243408203,"POLYGON ((-528121.7518335276 651075.8572214438, -527187.2349148025 651060.4498533111, -527202.6011043673 650127.3362449555, -528137.13249069 650142.7218424543, -528121.7518335276 651075.8572214438))",696
697,67.29100799560547,"POLYGON ((-527187.2349148025 651060.4498533111, -526252.7397882801 651045.0569838685, -526268.0915119242 650111.965125683, -527202.6011043673 650127.3362449555, -527187.2349148025 651060.4498533111))",697
698,65.22511291503906,"POLYGON ((-526252.7397882801 651045.0569838685, -525318.2664334686 651029.6786114376, -525333.6036928665 650096.6084829598, -526268.0915119242 650111.965125683, -526252.7397882801 651045.0569838685))",698
699,48.3758430480957,"POLYGON ((-525318.2664334686 651029.6786114376, -524383.8148298764 651014.3147343406, -524399.1376267014 650081.266315111, -525333.6036928665 650096.6084829598, -525318.2664334686 651029.6786114376))",699
700,42.59012222290039,"POLYGON ((-524383.8148298764 651014.3147343406, -523449.3849570155 650998.9653509022, -523464.6932929383 650065.9386204629, -524399.1376267014 650081.266315111, -524383.8148298764 651014.3147343406))",700
701,73.86961364746094,"POLYGON ((-523449.3849570155 650998.9653509022, -522514.9767943999 650983.6304594481, -522530.2706710899 650050.6253973442, -523464.6932929383 650065.9386204629, -523449.3849570155 650998.9653509022))",701
702,159.40985107421875,"POLYGON ((-522514.9767943999 650983.6304594481, -521580.59032154584 650968.310058306, -521595.8697406711 650035.3266440848, -522530.2706710899 650050.6253973442, -522514.9767943999 650983.6304594481))",702
703,238.49334716796875,"POLYGON ((-521580.59032154584 650968.310058306, -520646.2255179713 650953.0041458054, -520661.4904811982 650020.0423590164, -521595.8697406711 650035.3266440848, -521580.59032154584 650968.310058306))",703
704,167.9824676513672,"POLYGON ((-520646.2255179713 650953.0041458054, -519711.88236319786 650937.712720277, -519727.1328721902 650004.772540472, -520661.4904811982 650020.0423590164, -520646.2255179713 650953.0041458054))",704
705,50.315120697021484,"POLYGON ((-519711.88236319786 650937.712720277, -518777.56083674764 650922.4357800541, -518792.7968931687 649989.5171867869, -519727.1328721902 650004.772540472, -519711.88236319786 650937.712720277))",705
706,57.13326644897461,"POLYGON ((-518777.56083674764 650922.4357800541, -517843.2609181468 650907.1733234703, -517858.48252365773 649974.2762962974, -518792.7968931687 649989.5171867869, -518777.56083674764 650922.4357800541))",706
707,60.26988983154297,"POLYGON ((-517843.2609181468 650907.1733234703, -516908.98258692224 650891.9253488624, -516924.1897431825 649959.0498673423, -517858.48252365773 649974.2762962974, -517843.2609181468 650907.1733234703))",707
708,65.76542663574219,"POLYGON ((-516908.98258692224 650891.9253488624, -515974.7258226045 650876.6918545675, -515989.9185312722 649943.8378982614, -516924.1897431825 649959.0498673423, -516908.98258692224 650891.9253488624))",708
709,190.8475341796875,"POLYGON ((-515974.7258226045 650876.6918545675, -515040.4906047259 650861.4728389254, -515055.66886745696 649928.6403873963, -515989.9185312722 649943.8378982614, -515974.7258226045 650876.6918545675))",709
710,537.6659545898438,"POLYGON ((-515040.4906047259 650861.4728389254, -514106.27691282076 650846.2683002771, -514121.44073126966 649913.4573330905, -515055.66886745696 649928.6403873963, -515040.4906047259 650861.4728389254))",710
711,564.8857421875,"POLYGON ((-514106.27691282076 650846.2683002771, -513172.0847264258 650831.078236965, -513187.2341022452 649898.2887336889, -514121.44073126966 649913.4573330905, -514106.27691282076 650846.2683002771))",711
712,526.6298217773438,"POLYGON ((-513172.0847264258 650831.078236965, -512237.9140250804 650815.9026473339, -512253.04895992146 649883.134587538, -513187.2341022452 649898.2887336889, -513172.0847264258 650831.078236965))",712
713,207.20640563964844,"POLYGON ((-512237.9140250804 650815.9026473339, -511303.7647883254 650800.7415297295, -511318.8852838377 649867.9948929865, -512253.04895992146 649883.134587538, -512237.9140250804 650815.9026473339))",713
714,103.45021057128906,"POLYGON ((-511303.7647883254 650800.7415297295, -510369.6369957047 650785.5948824998, -510384.74305353616 649852.8696483839, -511318.8852838377 649867.9948929865, -511303.7647883254 650800.7415297295))",714
715,88.60099029541016,"POLYGON ((-510369.6369957047 650785.5948824998, -509435.5306267645 650770.4627039941, -509450.62224856124 649837.7588520823, -510384.74305353616 649852.8696483839, -510369.6369957047 650785.5948824998))",715
716,76.07718658447266,"POLYGON ((-509435.5306267645 650770.4627039941, -508501.4456610527 650755.3449925635, -508516.5228484592 649822.662502435, -509450.62224856124 649837.7588520823, -509435.5306267645 650770.4627039941))",716
717,65.80970764160156,"POLYGON ((-508501.4456610527 650755.3449925635, -507567.3820781199 650740.2417465608, -507582.444832779 649807.580597797, -508516.5228484592 649822.662502435, -508501.4456610527 650755.3449925635))",717
718,20.694488525390625,"POLYGON ((-507567.3820781199 650740.2417465608, -506633.3398575189 650725.1529643403, -506648.3881810716 649792.5131365247, -507582.444832779 649807.580597797, -507567.3820781199 650740.2417465608))",718
719,17.408613204956055,"POLYGON ((-506633.3398575189 650725.1529643403, -505699.3189788045 650710.0786442581, -505714.35287289065 649777.4601169768, -506648.3881810716 649792.5131365247, -506633.3398575189 650725.1529643403))",719
720,19.074398040771484,"POLYGON ((-505699.3189788045 650710.0786442581, -504765.31942153396 650695.0187846719, -504780.33888779127 649762.421537513, -505714.35287289065 649777.4601169768, -505699.3189788045 650710.0786442581))",720
721,21.318042755126953,"POLYGON ((-504765.31942153396 650695.0187846719, -503831.34116526693 650679.9733839413, -503846.3462053314 649747.3973964951, -504780.33888779127 649762.421537513, -504765.31942153396 650695.0187846719))",721
722,28.647098541259766,"POLYGON ((-503831.34116526693 650679.9733839413, -502897.38418956555 650664.9424404271, -502912.3748050716 649732.3876922864, -503846.3462053314 649747.3973964951, -503831.34116526693 650679.9733839413))",722
723,40.237152099609375,"POLYGON ((-502897.38418956555 650664.9424404271, -501963.4484739932 650649.9259524922, -501978.4246665741 649717.392423252, -502912.3748050716 649732.3876922864, -502897.38418956555 650664.9424404271))",723
724,85.68390655517578,"POLYGON ((-501963.4484739932 650649.9259524922, -501029.5339981159 650634.9239185009, -501044.49576940294 649702.4115877583, -501978.4246665741 649717.392423252, -501963.4484739932 650649.9259524922))",724
725,155.7696533203125,"POLYGON ((-501029.5339981159 650634.9239185009, -500095.6407415037 650619.9363368194, -500110.5880931254 649687.445184174, -501044.49576940294 649702.4115877583, -501029.5339981159 650634.9239185009))",725
726,139.45346069335938,"POLYGON ((-500095.6407415037 650619.9363368194, -499161.7686837255 650604.9632058154, -499176.70161731064 649672.4932108686, -500110.5880931254 649687.445184174, -500095.6407415037 650619.9363368194))",726
727,94.56031036376953,"POLYGON ((-499161.7686837255 650604.9632058154, -498227.91780435527 650590.0045238581, -498242.83632153017 649657.5556662141, -499176.70161731064 649672.4932108686, -499161.7686837255 650604.9632058154))",727
728,47.4292106628418,"POLYGON ((-498227.91780435527 650590.0045238581, -497294.0880829686 650575.0602893187, -497308.9921853575 649642.6325485836, -498242.83632153017 649657.5556662141, -498227.91780435527 650590.0045238581))",728
729,24.385974884033203,"POLYGON ((-497294.0880829686 650575.0602893187, -496360.27949914266 650560.13050057, -496375.1691883685 649627.723856352, -497308.9921853575 649642.6325485836, -497294.0880829686 650575.0602893187))",729
730,,"POLYGON ((-496360.27949914266 650560.13050057, -495426.492032457 650545.2151559864, -495441.367310141 649612.8295878964, -496375.1691883685 649627.723856352, -496360.27949914266 650560.13050057))",730
731,,"POLYGON ((-495426.492032457 650545.2151559864, -494492.72566249396 650530.3142539437, -494507.58653025574 649597.9497415943, -495441.367310141 649612.8295878964, -495426.492032457 650545.2151559864))",731
732,,"POLYGON ((-494492.72566249396 650530.3142539437, -493558.9803688375 650515.4277928199, -493573.8268282955 649583.0843158263, -494507.58653025574 649597.9497415943, -494492.72566249396 650530.3142539437))",732
733,,"POLYGON ((-493558.9803688375 650515.4277928199, -492625.2561310745 650500.555770994, -492640.0881838439 649568.2333089736, -493573.8268282955 649583.0843158263, -493558.9803688375 650515.4277928199))",733
734,,"POLYGON ((-492625.2561310745 650500.555770994, -491691.5529287931 650485.6981868474, -491706.3705764896 649553.3967194197, -492640.0881838439 649568.2333089736, -492625.2561310745 650500.555770994))",734
735,,"POLYGON ((-491691.5529287931 650485.6981868474, -490757.8707415848 650470.8550387627, -490772.6739858206 649538.5745455496, -491706.3705764896 649553.3967194197, -491691.5529287931 650485.6981868474))",735
736,,"POLYGON ((-490757.8707415848 650470.8550387627, -489824.2095490424 650456.026325124, -489838.99839142885 649523.7667857491, -490772.6739858206 649538.5745455496, -490757.8707415848 650470.8550387627))",736
737,,"POLYGON ((-489824.2095490424 650456.026325124, -488890.56933076144 650441.2120443174, -488905.3437729081 649508.9734384075, -489838.99839142885 649523.7667857491, -489824.2095490424 650456.026325124))",737
738,,"POLYGON ((-565536.4944921462 650770.0373435395, -564601.0745181418 650754.0712228204, -564616.9979505744 649820.0702937611, -565552.4324398527 649836.0138219505, -565536.4944921462 650770.0373435395))",738
739,,"POLYGON ((-564601.0745181418 650754.0712228204, -563665.677159728 650738.1196487736, -563681.5860786275 649804.141291684, -564616.9979505744 649820.0702937611, -564601.0745181418 650754.0712228204))",739
740,,"POLYGON ((-563665.677159728 650738.1196487736, -562730.3023963158 650722.1826196552, -562746.1968034215 649788.2268139777, -563681.5860786275 649804.141291684, -563665.677159728 650738.1196487736))",740
741,,"POLYGON ((-562730.3023963158 650722.1826196552, -561794.9502073184 650706.2601337224, -561810.8301043678 649772.3268589021, -562746.1968034215 649788.2268139777, -562730.3023963158 650722.1826196552))",741
742,,"POLYGON ((-561794.9502073184 650706.2601337224, -560859.6205721514 650690.3521892354, -560875.4859608803 649756.4414247192, -561810.8301043678 649772.3268589021, -561794.9502073184 650706.2601337224))",742
743,,"POLYGON ((-560859.6205721514 650690.3521892354, -559924.3134702328 650674.4587844544, -559940.164352376 649740.5705096923, -560875.4859608803 649756.4414247192, -560859.6205721514 650690.3521892354))",743
744,,"POLYGON ((-559924.3134702328 650674.4587844544, -558989.0288809834 650658.5799176426, -559004.8652582739 649724.7141120865, -559940.164352376 649740.5705096923, -559924.3134702328 650674.4587844544))",744
745,,"POLYGON ((-558989.0288809834 650658.5799176426, -558053.7667838256 650642.7155870643, -558069.5886579938 649708.8722301683, -559004.8652582739 649724.7141120865, -558989.0288809834 650658.5799176426))",745
746,,"POLYGON ((-558053.7667838256 650642.7155870643, -557118.5271581861 650626.8657909855, -557134.3345309608 649693.0448622067, -558069.5886579938 649708.8722301683, -558053.7667838256 650642.7155870643))",746
747,,"POLYGON ((-557118.5271581861 650626.8657909855, -556183.3099834914 650611.0305276741, -556199.1028566011 649677.2320064716, -557134.3345309608 649693.0448622067, -557118.5271581861 650626.8657909855))",747
748,,"POLYGON ((-556183.3099834914 650611.0305276741, -555248.1152391718 650595.2097953999, -555263.8936143415 649661.4336612351, -556199.1028566011 649677.2320064716, -556183.3099834914 650611.0305276741))",748
749,,"POLYGON ((-555248.1152391718 650595.2097953999, -554312.94290466 650579.4035924334, -554328.7067836144 649645.6498247705, -555263.8936143415 649661.4336612351, -555248.1152391718 650595.2097953999))",749
750,,"POLYGON ((-554312.94290466 650579.4035924334, -553377.7929593902 650563.6119170481, -553393.5423438521 649629.8804953533, -554328.7067836144 649645.6498247705, -554312.94290466 650579.4035924334))",750
751,,"POLYGON ((-553377.7929593902 650563.6119170481, -552442.6653828009 650547.8347675182, -552458.4002744902 649614.1256712601, -553393.5423438521 649629.8804953533, -553377.7929593902 650563.6119170481))",751
752,,"POLYGON ((-552442.6653828009 650547.8347675182, -551507.5601543307 650532.07214212, -551523.280554967 649598.3853507697, -552458.4002744902 649614.1256712601, -552442.6653828009 650547.8347675182))",752
753,,"POLYGON ((-551507.5601543307 650532.07214212, -550572.4772534217 650516.3240391315, -550588.1831647225 649582.6595321625, -551523.280554967 649598.3853507697, -551507.5601543307 650532.07214212))",753
754,,"POLYGON ((-550572.4772534217 650516.3240391315, -549637.4166595188 650500.5904568321, -549653.1080831995 649566.9482137202, -550588.1831647225 649582.6595321625, -550572.4772534217 650516.3240391315))",754
755,,"POLYGON ((-549637.4166595188 650500.5904568321, -548702.3783520679 650484.8713935034, -548718.0552898436 649551.2513937268, -549653.1080831995 649566.9482137202, -549637.4166595188 650500.5904568321))",755
756,,"POLYGON ((-548702.3783520679 650484.8713935034, -547767.3623105192 650469.1668474283, -547783.0247641011 649535.5690704674, -548718.0552898436 649551.2513937268, -548702.3783520679 650484.8713935034))",756
757,,"POLYGON ((-547767.3623105192 650469.1668474283, -546832.3685143231 650453.4768168911, -546848.0164854225 649519.9012422292, -547783.0247641011 649535.5690704674, -547767.3623105192 650469.1668474283))",757
758,,"POLYGON ((-546832.3685143231 650453.4768168911, -545897.3969429343 650437.8013001787, -545913.0304332601 649504.2479073006, -546848.0164854225 649519.9012422292, -546832.3685143231 650453.4768168911))",758
759,,"POLYGON ((-545897.3969429343 650437.8013001787, -544962.4475758085 650422.1402955789, -544978.066587068 649488.6090639724, -545913.0304332601 649504.2479073006, -545897.3969429343 650437.8013001787))",759
760,,"POLYGON ((-544962.4475758085 650422.1402955789, -544027.5203924044 650406.4938013813, -544043.1249263035 649472.9847105363, -544978.066587068 649488.6090639724, -544962.4475758085 650422.1402955789))",760
761,,"POLYGON ((-544027.5203924044 650406.4938013813, -543092.6153721832 650390.8618158773, -543108.2054304257 649457.3748452864, -544043.1249263035 649472.9847105363, -544027.5203924044 650406.4938013813))",761
762,81.7182388305664,"POLYGON ((-543092.6153721832 650390.8618158773, -542157.7324946072 650375.2443373604, -542173.3080788959 649441.779466518, -543108.2054304257 649457.3748452864, -543092.6153721832 650390.8618158773))",762
763,132.9072723388672,"POLYGON ((-542157.7324946072 650375.2443373604, -541222.8717391435 650359.6413641246, -541238.4328511785 649426.1985725279, -542173.3080788959 649441.779466518, -542157.7324946072 650375.2443373604))",763
764,209.7815704345703,"POLYGON ((-541222.8717391435 650359.6413641246, -540288.0330852588 650344.0528944671, -540303.5797267391 649410.6321616153, -541238.4328511785 649426.1985725279, -541222.8717391435 650359.6413641246))",764
765,239.11685180664062,"POLYGON ((-540288.0330852588 650344.0528944671, -539353.2165124243 650328.4789266858, -539368.7486850473 649395.0802320805, -540303.5797267391 649410.6321616153, -540288.0330852588 650344.0528944671))",765
766,242.73135375976562,"POLYGON ((-539353.2165124243 650328.4789266858, -538418.422000112 650312.9194590801, -538433.939705573 649379.5427822258, -539368.7486850473 649395.0802320805, -539353.2165124243 650328.4789266858))",766
767,181.00579833984375,"POLYGON ((-538418.422000112 650312.9194590801, -537483.6495277972 650297.3744899519, -537499.1527677906 649364.0198103547, -538433.939705573 649379.5427822258, -538418.422000112 650312.9194590801))",767
768,101.18673706054688,"POLYGON ((-537483.6495277972 650297.3744899519, -536548.8990749575 650281.8440176042, -536564.3878511757 649348.5113147731, -537499.1527677906 649364.0198103547, -537483.6495277972 650297.3744899519))",768
769,92.4143295288086,"POLYGON ((-536548.8990749575 650281.8440176042, -535614.1706210724 650266.3280403422, -535629.6449352057 649333.0172937879, -536564.3878511757 649348.5113147731, -536548.8990749575 650281.8440176042))",769
770,73.63414001464844,"POLYGON ((-535614.1706210724 650266.3280403422, -534679.4641456236 650250.8265564719, -534694.923999361 649317.5377457079, -535629.6449352057 649333.0172937879, -535614.1706210724 650266.3280403422))",770
771,52.29438781738281,"POLYGON ((-534679.4641456236 650250.8265564719, -533744.7796280966 650235.3395643019, -533760.2250231247 649302.0726688439, -534694.923999361 649317.5377457079, -534679.4641456236 650250.8265564719))",771
772,45.15892791748047,"POLYGON ((-533744.7796280966 650235.3395643019, -532810.1170479761 650219.8670621417, -532825.5479859815 649286.622061508, -533760.2250231247 649302.0726688439, -533744.7796280966 650235.3395643019))",772
773,49.4339714050293,"POLYGON ((-532810.1170479761 650219.8670621417, -531875.4763847535 650204.4090483031, -531890.8928674193 649271.185922014, -532825.5479859815 649286.622061508, -532810.1170479761 650219.8670621417))",773
774,57.36685562133789,"POLYGON ((-531875.4763847535 650204.4090483031, -530940.8576179183 650188.9655210994, -530956.2596469271 649255.7642486775, -531890.8928674193 649271.185922014, -531875.4763847535 650204.4090483031))",774
775,62.35535430908203,"POLYGON ((-530940.8576179183 650188.9655210994, -530006.2607269648 650173.5364788453, -530021.6483039974 649240.3570398157, -530956.2596469271 649255.7642486775, -530940.8576179183 650188.9655210994))",775
776,50.177188873291016,"POLYGON ((-530006.2607269648 650173.5364788453, -529071.6856913895 650158.1219198576, -529087.0588181241 649224.9642937477, -530021.6483039974 649240.3570398157, -530006.2607269648 650173.5364788453))",776
777,44.65971755981445,"POLYGON ((-529071.6856913895 650158.1219198576, -528137.13249069 650142.7218424543, -528152.4911688044 649209.5860087937, -529087.0588181241 649224.9642937477, -529071.6856913895 650158.1219198576))",777
778,57.71579360961914,"POLYGON ((-528137.13249069 650142.7218424543, -527202.6011043673 650127.3362449555, -527217.9453355371 649194.2221832762, -528152.4911688044 649209.5860087937, -528137.13249069 650142.7218424543))",778
779,42.51166534423828,"POLYGON ((-527202.6011043673 650127.3362449555, -526268.0915119242 650111.965125683, -526283.4212978228 649178.8728155191, -527217.9453355371 649194.2221832762, -527202.6011043673 650127.3362449555))",779
780,52.77751922607422,"POLYGON ((-526268.0915119242 650111.965125683, -525333.6036928665 650096.6084829598, -525348.919035166 649163.5379038482, -526283.4212978228 649178.8728155191, -526268.0915119242 650111.965125683))",780
781,42.92656707763672,"POLYGON ((-525333.6036928665 650096.6084829598, -524399.1376267014 650081.266315111, -524414.4385270729 649148.2174465903, -525348.919035166 649163.5379038482, -525333.6036928665 650096.6084829598))",781
782,38.548465728759766,"POLYGON ((-524399.1376267014 650081.266315111, -523464.6932929383 650065.9386204629, -523479.9797530504 649132.9114420747, -524414.4385270729 649148.2174465903, -524399.1376267014 650081.266315111))",782
783,65.7730484008789,"POLYGON ((-523464.6932929383 650065.9386204629, -522530.2706710899 650050.6253973442, -522545.5426926097 649117.6198886319, -523479.9797530504 649132.9114420747, -523464.6932929383 650065.9386204629))",783
784,110.20660400390625,"POLYGON ((-522530.2706710899 650050.6253973442, -521595.8697406711 650035.3266440848, -521611.1273252638 649102.3427845939, -522545.5426926097 649117.6198886319, -522530.2706710899 650050.6253973442))",784
785,214.2556610107422,"POLYGON ((-521595.8697406711 650035.3266440848, -520661.4904811982 650020.0423590164, -520676.733630528 649087.0801282951, -521611.1273252638 649102.3427845939, -521595.8697406711 650035.3266440848))",785
786,133.8634033203125,"POLYGON ((-520661.4904811982 650020.0423590164, -519727.1328721902 650004.772540472, -519742.36158791964 649071.8319180709, -520676.733630528 649087.0801282951, -520661.4904811982 650020.0423590164))",786
787,108.52891540527344,"POLYGON ((-519727.1328721902 650004.772540472, -518792.7968931687 649989.5171867869, -518808.011176958 649056.5981522585, -519742.36158791964 649071.8319180709, -519727.1328721902 650004.772540472))",787
788,168.14370727539062,"POLYGON ((-518792.7968931687 649989.5171867869, -517858.48252365773 649974.2762962974, -517873.6823771654 649041.3788291971, -518808.011176958 649056.5981522585, -518792.7968931687 649989.5171867869))",788
789,135.33755493164062,"POLYGON ((-517858.48252365773 649974.2762962974, -516924.1897431825 649959.0498673423, -516939.3751680661 649026.1739472271, -517873.6823771654 649041.3788291971, -517858.48252365773 649974.2762962974))",789
790,117.91378021240234,"POLYGON ((-516924.1897431825 649959.0498673423, -515989.9185312722 649943.8378982614, -516005.08952918695 649010.9835046908, -516939.3751680661 649026.1739472271, -516924.1897431825 649959.0498673423))",790
791,190.95880126953125,"POLYGON ((-515989.9185312722 649943.8378982614, -515055.66886745696 649928.6403873963, -515070.82544005685 648995.8074999322, -516005.08952918695 649010.9835046908, -515989.9185312722 649943.8378982614))",791
792,489.3033447265625,"POLYGON ((-515055.66886745696 649928.6403873963, -514121.44073126966 649913.4573330905, -514136.582880207 648980.6459312971, -515070.82544005685 648995.8074999322, -515055.66886745696 649928.6403873963))",792
793,464.7619934082031,"POLYGON ((-514121.44073126966 649913.4573330905, -513187.2341022452 649898.2887336889, -513202.3618291705 648965.4987971323, -514136.582880207 648980.6459312971, -514121.44073126966 649913.4573330905))",793
794,363.129150390625,"POLYGON ((-513187.2341022452 649898.2887336889, -512253.04895992146 649883.134587538, -512268.16226648365 648950.3660957873, -513202.3618291705 648965.4987971323, -513187.2341022452 649898.2887336889))",794
795,176.02392578125,"POLYGON ((-512253.04895992146 649883.134587538, -511318.8852838377 649867.9948929865, -511333.98417168355 648935.2478256124, -512268.16226648365 648950.3660957873, -512253.04895992146 649883.134587538))",795
796,113.59648132324219,"POLYGON ((-511318.8852838377 649867.9948929865, -510384.74305353616 649852.8696483839, -510399.82752431196 648920.1439849598, -511333.98417168355 648935.2478256124, -511318.8852838377 649867.9948929865))",796
797,84.1120376586914,"POLYGON ((-510384.74305353616 649852.8696483839, -509450.62224856124 649837.7588520823, -509465.6923039104 648905.0545721836, -510399.82752431196 648920.1439849598, -510384.74305353616 649852.8696483839))",797
798,110.02156066894531,"POLYGON ((-509450.62224856124 649837.7588520823, -508516.5228484592 649822.662502435, -508531.57849002397 648889.9795856397, -509465.6923039104 648905.0545721836, -509450.62224856124 649837.7588520823))",798
799,103.47779083251953,"POLYGON ((-508516.5228484592 649822.662502435, -507582.444832779 649807.580597797, -507597.48606219946 648874.9190236847, -508531.57849002397 648889.9795856397, -508516.5228484592 649822.662502435))",799
800,32.74027633666992,"POLYGON ((-507582.444832779 649807.580597797, -506648.3881810716 649792.5131365247, -506663.41499998735 648859.8728846781, -507597.48606219946 648874.9190236847, -507582.444832779 649807.580597797))",800
801,23.37032127380371,"POLYGON ((-506648.3881810716 649792.5131365247, -505714.35287289065 649777.4601169768, -505729.36528293835 648844.8411669802, -506663.41499998735 648859.8728846781, -506648.3881810716 649792.5131365247))",801
802,21.93829345703125,"POLYGON ((-505714.35287289065 649777.4601169768, -504780.33888779127 649762.421537513, -504795.336890607 648829.8238689534, -505729.36528293835 648844.8411669802, -505714.35287289065 649777.4601169768))",802
803,24.594141006469727,"POLYGON ((-504780.33888779127 649762.421537513, -503846.3462053314 649747.3973964951, -503861.32980254875 648814.8209889616, -504795.336890607 648829.8238689534, -504780.33888779127 649762.421537513))",803
804,32.81760787963867,"POLYGON ((-503846.3462053314 649747.3973964951, -502912.3748050716 649732.3876922864, -502927.34399832296 648799.8325253703, -503861.32980254875 648814.8209889616, -503846.3462053314 649747.3973964951))",804
805,69.570068359375,"POLYGON ((-502912.3748050716 649732.3876922864, -501978.4246665741 649717.392423252, -501993.37945748935 648784.8584765467, -502927.34399832296 648799.8325253703, -502912.3748050716 649732.3876922864))",805
806,123.87970733642578,"POLYGON ((-501978.4246665741 649717.392423252, -501044.49576940294 649702.4115877583, -501059.436159612 648769.8988408599, -501993.37945748935 648784.8584765467, -501978.4246665741 649717.392423252))",806
807,171.19189453125,"POLYGON ((-501044.49576940294 649702.4115877583, -500110.5880931254 649687.445184174, -500125.51408425544 648754.9536166803, -501059.436159612 648769.8988408599, -501044.49576940294 649702.4115877583))",807
808,179.42800903320312,"POLYGON ((-500110.5880931254 649687.445184174, -499176.70161731064 649672.4932108686, -499191.6132109873 648740.0228023803, -500125.51408425544 648754.9536166803, -500110.5880931254 649687.445184174))",808
809,140.5750274658203,"POLYGON ((-499176.70161731064 649672.4932108686, -498242.83632153017 649657.5556662141, -498257.7335193767 648725.1063963334, -499191.6132109873 648740.0228023803, -499176.70161731064 649672.4932108686))",809
810,58.22846603393555,"POLYGON ((-498242.83632153017 649657.5556662141, -497308.9921853575 649642.6325485836, -497323.87498899666 648710.2043969154, -498257.7335193767 648725.1063963334, -498242.83632153017 649657.5556662141))",810
811,35.13923263549805,"POLYGON ((-497308.9921853575 649642.6325485836, -496375.1691883685 649627.723856352, -496390.03759942076 648695.3168025038, -497323.87498899666 648710.2043969154, -497308.9921853575 649642.6325485836))",811
812,22.01521873474121,"POLYGON ((-496375.1691883685 649627.723856352, -495441.367310141 649612.8295878964, -495456.22133022535 648680.4436114767, -496390.03759942076 648695.3168025038, -496375.1691883685 649627.723856352))",812
813,17.43061637878418,"POLYGON ((-495441.367310141 649612.8295878964, -494507.58653025574 649597.9497415943, -494522.4261609897 648665.5848222153, -495456.22133022535 648680.4436114767, -495441.367310141 649612.8295878964))",813
814,,"POLYGON ((-494507.58653025574 649597.9497415943, -493573.8268282955 649583.0843158263, -493588.65207129426 648650.7404331015, -494522.4261609897 648665.5848222153, -494507.58653025574 649597.9497415943))",814
815,,"POLYGON ((-493573.8268282955 649583.0843158263, -492640.0881838439 649568.2333089736, -492654.8990407222 648635.910442519, -493588.65207129426 648650.7404331015, -493573.8268282955 649583.0843158263))",815
816,,"POLYGON ((-492640.0881838439 649568.2333089736, -491706.3705764896 649553.3967194197, -491721.16704885906 648621.0948488534, -492654.8990407222 648635.910442519, -492640.0881838439 649568.2333089736))",816
817,,"POLYGON ((-491706.3705764896 649553.3967194197, -490772.6739858206 649538.5745455496, -490787.45607529255 648606.293650492, -491721.16704885906 648621.0948488534, -491706.3705764896 649553.3967194197))",817
818,,"POLYGON ((-490772.6739858206 649538.5745455496, -489838.99839142885 649523.7667857491, -489853.76609961246 648591.5068458233, -490787.45607529255 648606.293650492, -490772.6739858206 649538.5745455496))",818
819,,"POLYGON ((-489838.99839142885 649523.7667857491, -488905.3437729081 649508.9734384075, -488920.0971014105 648576.7344332377, -489853.76609961246 648591.5068458233, -489838.99839142885 649523.7667857491))",819
820,,"POLYGON ((-565552.4324398527 649836.0138219505, -564616.9979505744 649820.0702937611, -564632.8985963133 648886.068857144, -565568.3475801179 648901.9897914035, -565552.4324398527 649836.0138219505))",820
821,,"POLYGON ((-564616.9979505744 649820.0702937611, -563681.5860786275 649804.141291684, -563697.4722315778 648870.1624284352, -564632.8985963133 648886.068857144, -564616.9979505744 649820.0702937611))",821
822,,"POLYGON ((-563681.5860786275 649804.141291684, -562746.1968034215 649788.2268139777, -562762.0684653209 648854.2705035383, -563697.4722315778 648870.1624284352, -563681.5860786275 649804.141291684))",822
823,,"POLYGON ((-562746.1968034215 649788.2268139777, -561810.8301043678 649772.3268589021, -561826.6872769515 648838.3930807157, -562762.0684653209 648854.2705035383, -562746.1968034215 649788.2268139777))",823
824,,"POLYGON ((-561810.8301043678 649772.3268589021, -560875.4859608803 649756.4414247192, -560891.3286458822 648822.5301582316, -561826.6872769515 648838.3930807157, -561810.8301043678 649772.3268589021))",824
825,,"POLYGON ((-560875.4859608803 649756.4414247192, -559940.164352376 649740.5705096923, -559955.9925515279 648806.6817343516, -560891.3286458822 648822.5301582316, -560875.4859608803 649756.4414247192))",825
826,,"POLYGON ((-559940.164352376 649740.5705096923, -559004.8652582739 649724.7141120865, -559020.6789733053 648790.8478073432, -559955.9925515279 648806.6817343516, -559940.164352376 649740.5705096923))",826
827,,"POLYGON ((-559004.8652582739 649724.7141120865, -558069.5886579938 649708.8722301683, -558085.3878906339 648775.0283754759, -559020.6789733053 648790.8478073432, -559004.8652582739 649724.7141120865))",827
828,,"POLYGON ((-558069.5886579938 649708.8722301683, -557134.3345309608 649693.0448622067, -557150.1192829364 648759.2234370202, -558085.3878906339 648775.0283754759, -558069.5886579938 649708.8722301683))",828
829,,"POLYGON ((-557134.3345309608 649693.0448622067, -556199.1028566011 649677.2320064716, -556214.8731296365 648743.4329902491, -557150.1192829364 648759.2234370202, -557134.3345309608 649693.0448622067))",829
830,,"POLYGON ((-556199.1028566011 649677.2320064716, -555263.8936143415 649661.4336612351, -555279.6494101612 648727.6570334367, -556214.8731296365 648743.4329902491, -556199.1028566011 649677.2320064716))",830
831,,"POLYGON ((-555263.8936143415 649661.4336612351, -554328.7067836144 649645.6498247705, -554344.4481039396 648711.8955648587, -555279.6494101612 648727.6570334367, -555263.8936143415 649661.4336612351))",831
832,,"POLYGON ((-554328.7067836144 649645.6498247705, -553393.5423438521 649629.8804953533, -553409.2691904029 648696.148582793, -554344.4481039396 648711.8955648587, -554328.7067836144 649645.6498247705))",832
833,,"POLYGON ((-553393.5423438521 649629.8804953533, -552458.4002744902 649614.1256712601, -552474.1126489849 648680.4160855187, -553409.2691904029 648696.148582793, -553393.5423438521 649629.8804953533))",833
834,,"POLYGON ((-552458.4002744902 649614.1256712601, -551523.280554967 649598.3853507697, -551538.9784591226 648664.698071317, -552474.1126489849 648680.4160855187, -552458.4002744902 649614.1256712601))",834
835,,"POLYGON ((-551523.280554967 649598.3853507697, -550588.1831647225 649582.6595321625, -550603.8666002541 648648.9945384704, -551538.9784591226 648664.698071317, -551523.280554967 649598.3853507697))",835
836,,"POLYGON ((-550588.1831647225 649582.6595321625, -549653.1080831995 649566.9482137202, -549668.7770518207 648633.3054852634, -550603.8666002541 648648.9945384704, -550588.1831647225 649582.6595321625))",836
837,,"POLYGON ((-549653.1080831995 649566.9482137202, -548718.0552898436 649551.2513937268, -548733.7097932652 648617.6309099817, -549668.7770518207 648633.3054852634, -549653.1080831995 649566.9482137202))",837
838,,"POLYGON ((-548718.0552898436 649551.2513937268, -547783.0247641011 649535.5690704674, -547798.6648040342 648601.9708109134, -548733.7097932652 648617.6309099817, -548718.0552898436 649551.2513937268))",838
839,,"POLYGON ((-547783.0247641011 649535.5690704674, -546848.0164854225 649519.9012422292, -546863.6420635749 648586.3251863477, -547798.6648040342 648601.9708109134, -547783.0247641011 649535.5690704674))",839
840,,"POLYGON ((-546848.0164854225 649519.9012422292, -545913.0304332601 649504.2479073006, -545928.6415513384 648570.6940345758, -546863.6420635749 648586.3251863477, -546848.0164854225 649519.9012422292))",840
841,,"POLYGON ((-545913.0304332601 649504.2479073006, -544978.066587068 649488.6090639724, -544993.6632467775 648555.0773538902, -545928.6415513384 648570.6940345758, -545913.0304332601 649504.2479073006))",841
842,,"POLYGON ((-544978.066587068 649488.6090639724, -544043.1249263035 649472.9847105363, -544058.7071293471 648539.4751425856, -544993.6632467775 648555.0773538902, -544978.066587068 649488.6090639724))",842
843,,"POLYGON ((-544043.1249263035 649472.9847105363, -543108.2054304257 649457.3748452864, -543123.7731785052 648523.8873989579, -544058.7071293471 648539.4751425856, -544043.1249263035 649472.9847105363))",843
844,82.67384338378906,"POLYGON ((-543108.2054304257 649457.3748452864, -542173.3080788959 649441.779466518, -542188.8613737111 648508.3141213051, -543123.7731785052 648523.8873989579, -543108.2054304257 649457.3748452864))",844
845,84.19699096679688,"POLYGON ((-542173.3080788959 649441.779466518, -541238.4328511785 649426.1985725279, -541253.9716944274 648492.7553079263, -542188.8613737111 648508.3141213051, -542173.3080788959 649441.779466518))",845
846,102.46297454833984,"POLYGON ((-541238.4328511785 649426.1985725279, -540303.5797267391 649410.6321616153, -540319.1041201191 648477.2109571232, -541253.9716944274 648492.7553079263, -541238.4328511785 649426.1985725279))",846
847,172.4091796875,"POLYGON ((-540303.5797267391 649410.6321616153, -539368.7486850473 649395.0802320805, -539384.2586302531 648461.681067198, -540319.1041201191 648477.2109571232, -540303.5797267391 649410.6321616153))",847
848,223.3622283935547,"POLYGON ((-539368.7486850473 649395.0802320805, -538433.939705573 649379.5427822258, -538449.4352042982 648446.1656364556, -539384.2586302531 648461.681067198, -539368.7486850473 649395.0802320805))",848
849,193.28443908691406,"POLYGON ((-538433.939705573 649379.5427822258, -537499.1527677906 649364.0198103547, -537514.6338217262 648430.664663202, -538449.4352042982 648446.1656364556, -538433.939705573 649379.5427822258))",849
850,106.87733459472656,"POLYGON ((-537499.1527677906 649364.0198103547, -536564.3878511757 649348.5113147731, -536579.8544620114 648415.178145745, -537514.6338217262 648430.664663202, -537499.1527677906 649364.0198103547))",850
851,77.86715698242188,"POLYGON ((-536564.3878511757 649348.5113147731, -535629.6449352057 649333.0172937879, -535645.0971046299 648399.7060823942, -536579.8544620114 648415.178145745, -536564.3878511757 649348.5113147731))",851
852,61.83770751953125,"POLYGON ((-535629.6449352057 649333.0172937879, -534694.923999361 649317.5377457079, -534710.3617290605 648384.2484714608, -535645.0971046299 648399.7060823942, -535629.6449352057 649333.0172937879))",852
853,54.64228439331055,"POLYGON ((-534694.923999361 649317.5377457079, -533760.2250231247 649302.0726688439, -533775.6483147844 648368.8053112577, -534710.3617290605 648384.2484714608, -534694.923999361 649317.5377457079))",853
854,59.1649284362793,"POLYGON ((-533760.2250231247 649302.0726688439, -532825.5479859815 649286.622061508, -532840.9568412845 648353.3766000994, -533775.6483147844 648368.8053112577, -533760.2250231247 649302.0726688439))",854
855,72.78898620605469,"POLYGON ((-532825.5479859815 649286.622061508, -531890.8928674193 649271.185922014, -531906.287288047 648337.9623363019, -532840.9568412845 648353.3766000994, -532825.5479859815 649286.622061508))",855
856,56.07248306274414,"POLYGON ((-531890.8928674193 649271.185922014, -530956.2596469271 649255.7642486775, -530971.6396345599 648322.5625181835, -531906.287288047 648337.9623363019, -531890.8928674193 649271.185922014))",856
857,43.15402603149414,"POLYGON ((-530956.2596469271 649255.7642486775, -530021.6483039974 649240.3570398157, -530037.013860313 648307.1771440633, -530971.6396345599 648322.5625181835, -530956.2596469271 649255.7642486775))",857
858,36.76256561279297,"POLYGON ((-530021.6483039974 649240.3570398157, -529087.0588181241 649224.9642937477, -529102.4099447989 648291.8062122627, -530037.013860313 648307.1771440633, -530021.6483039974 649240.3570398157))",858
859,34.739593505859375,"POLYGON ((-529087.0588181241 649224.9642937477, -528152.4911688044 649209.5860087937, -528167.8278675135 648276.4497211046, -529102.4099447989 648291.8062122627, -529087.0588181241 649224.9642937477))",859
860,38.522422790527344,"POLYGON ((-528152.4911688044 649209.5860087937, -527217.9453355371 649194.2221832762, -527233.2676079539 648261.1076689137, -528167.8278675135 648276.4497211046, -528152.4911688044 649209.5860087937))",860
861,54.2222785949707,"POLYGON ((-527217.9453355371 649194.2221832762, -526283.4212978228 649178.8728155191, -526298.7291456189 648245.780054016, -527233.2676079539 648261.1076689137, -527217.9453355371 649194.2221832762))",861
862,60.74472427368164,"POLYGON ((-526283.4212978228 649178.8728155191, -525348.919035166 649163.5379038482, -525364.212460011 648230.4668747396, -526298.7291456189 648245.780054016, -526283.4212978228 649178.8728155191))",862
863,42.75408172607422,"POLYGON ((-525348.919035166 649163.5379038482, -524414.4385270729 649148.2174465903, -524429.7175306348 648215.168129414, -525364.212460011 648230.4668747396, -525348.919035166 649163.5379038482))",863
864,47.106327056884766,"POLYGON ((-524414.4385270729 649148.2174465903, -523479.9797530504 649132.9114420747, -523495.2443369962 648199.8838163705, -524429.7175306348 648215.168129414, -524414.4385270729 649148.2174465903))",864
865,83.10693359375,"POLYGON ((-523479.9797530504 649132.9114420747, -522545.5426926097 649117.6198886319, -522560.7928586039 648184.6139339418, -523495.2443369962 648199.8838163705, -523479.9797530504 649132.9114420747))",865
866,120.16337585449219,"POLYGON ((-522545.5426926097 649117.6198886319, -521611.1273252638 649102.3427845939, -521626.36307496997 648169.3584804627, -522560.7928586039 648184.6139339418, -522545.5426926097 649117.6198886319))",866
867,187.1007080078125,"POLYGON ((-521611.1273252638 649102.3427845939, -520676.733630528 649087.0801282951, -520691.95496560726 648154.1174542693, -521626.36307496997 648169.3584804627, -521611.1273252638 649102.3427845939))",867
868,156.31533813476562,"POLYGON ((-520676.733630528 649087.0801282951, -519742.36158791964 649071.8319180709, -519757.568510032 648138.8908536995, -520691.95496560726 648154.1174542693, -520676.733630528 649087.0801282951))",868
869,230.5547637939453,"POLYGON ((-519742.36158791964 649071.8319180709, -518808.011176958 649056.5981522585, -518823.2036877612 648123.678677093, -519757.568510032 648138.8908536995, -519742.36158791964 649071.8319180709))",869
870,270.7646484375,"POLYGON ((-518808.011176958 649056.5981522585, -517873.6823771654 649041.3788291971, -517888.8604783168 648108.480922791, -518823.2036877612 648123.678677093, -518808.011176958 649056.5981522585))",870
871,268.8055419921875,"POLYGON ((-517873.6823771654 649041.3788291971, -516939.3751680661 649026.1739472271, -516954.5388612206 648093.2975891363, -517888.8604783168 648108.480922791, -517873.6823771654 649041.3788291971))",871
872,227.17971801757812,"POLYGON ((-516939.3751680661 649026.1739472271, -516005.08952918695 649010.9835046908, -516020.2388159974 648078.1286744736, -516954.5388612206 648093.2975891363, -516939.3751680661 649026.1739472271))",872
873,220.07431030273438,"POLYGON ((-516005.08952918695 649010.9835046908, -515070.82544005685 648995.8074999322, -515085.9603221748 648062.9741771492, -516020.2388159974 648078.1286744736, -516005.08952918695 649010.9835046908))",873
874,168.5445098876953,"POLYGON ((-515070.82544005685 648995.8074999322, -514136.582880207 648980.6459312971, -514151.7033592821 648047.8340955109, -515085.9603221748 648062.9741771492, -515070.82544005685 648995.8074999322))",874
875,166.4527587890625,"POLYGON ((-514136.582880207 648980.6459312971, -513202.3618291705 648965.4987971323, -513217.4679068511 648032.7084279081, -514151.7033592821 648047.8340955109, -514136.582880207 648980.6459312971))",875
876,144.28648376464844,"POLYGON ((-513202.3618291705 648965.4987971323, -512268.16226648365 648950.3660957873, -512283.25394441653 648017.5971726922, -513217.4679068511 648032.7084279081, -513202.3618291705 648965.4987971323))",876
877,157.64112854003906,"POLYGON ((-512268.16226648365 648950.3660957873, -511333.98417168355 648935.2478256124, -511349.06145151344 648002.5003282161, -512283.25394441653 648017.5971726922, -512268.16226648365 648950.3660957873))",877
878,115.79058837890625,"POLYGON ((-511333.98417168355 648935.2478256124, -510399.82752431196 648920.1439849598, -510414.89040768193 647987.4178928344, -511349.06145151344 648002.5003282161, -511333.98417168355 648935.2478256124))",878
879,93.22810363769531,"POLYGON ((-510399.82752431196 648920.1439849598, -509465.6923039104 648905.0545721836, -509480.74079246214 647972.3498649033, -510414.89040768193 647987.4178928344, -510399.82752431196 648920.1439849598))",879
880,119.00311279296875,"POLYGON ((-509465.6923039104 648905.0545721836, -508531.57849002397 648889.9795856397, -508546.61258539744 647957.2962427804, -509480.74079246214 647972.3498649033, -509465.6923039104 648905.0545721836))",880
881,152.8209991455078,"POLYGON ((-508531.57849002397 648889.9795856397, -507597.48606219946 648874.9190236847, -507612.50576603354 647942.2570248256, -508546.61258539744 647957.2962427804, -508531.57849002397 648889.9795856397))",881
882,76.37627410888672,"POLYGON ((-507597.48606219946 648874.9190236847, -506663.41499998735 648859.8728846781, -506678.42031391803 647927.2322093998, -507612.50576603354 647942.2570248256, -507597.48606219946 648874.9190236847))",882
883,31.086191177368164,"POLYGON ((-506663.41499998735 648859.8728846781, -505729.36528293835 648844.8411669802, -505744.35620860034 647912.2217948661, -506678.42031391803 647927.2322093998, -506663.41499998735 648859.8728846781))",883
884,34.80429458618164,"POLYGON ((-505729.36528293835 648844.8411669802, -504795.336890607 648829.8238689534, -504810.31342963385 647897.225779589, -505744.35620860034 647912.2217948661, -505729.36528293835 648844.8411669802))",884
885,34.70001220703125,"POLYGON ((-504795.336890607 648829.8238689534, -503861.32980254875 648814.8209889616, -503876.2919565723 647882.2441619345, -504810.31342963385 647897.225779589, -504795.336890607 648829.8238689534))",885
886,58.142913818359375,"POLYGON ((-503861.32980254875 648814.8209889616, -502927.34399832296 648799.8325253703, -502942.2917689731 647867.2769402706, -503876.2919565723 647882.2441619345, -503861.32980254875 648814.8209889616))",886
887,110.10881042480469,"POLYGON ((-502927.34399832296 648799.8325253703, -501993.37945748935 648784.8584765467, -502008.3128463945 647852.3241129667, -502942.2917689731 647867.2769402706, -502927.34399832296 648799.8325253703))",887
888,162.5885467529297,"POLYGON ((-501993.37945748935 648784.8584765467, -501059.436159612 648769.8988408599, -501074.35516839824 647837.3856783939, -502008.3128463945 647852.3241129667, -501993.37945748935 648784.8584765467))",888
889,171.943603515625,"POLYGON ((-501059.436159612 648769.8988408599, -500125.51408425544 648754.9536166803, -500140.4187145479 647822.4616349251, -501074.35516839824 647837.3856783939, -501059.436159612 648769.8988408599))",889
890,163.86599731445312,"POLYGON ((-500125.51408425544 648754.9536166803, -499191.6132109873 648740.0228023803, -499206.50346440915 647807.5519809347, -500140.4187145479 647822.4616349251, -500125.51408425544 648754.9536166803))",890
891,103.11581420898438,"POLYGON ((-499191.6132109873 648740.0228023803, -498257.7335193767 648725.1063963334, -498272.6093975507 647792.6567147989, -499206.50346440915 647807.5519809347, -499191.6132109873 648740.0228023803))",891
892,62.87209701538086,"POLYGON ((-498257.7335193767 648725.1063963334, -497323.87498899666 648710.2043969154, -497338.73649354186 647777.7758348954, -498272.6093975507 647792.6567147989, -498257.7335193767 648725.1063963334))",892
893,33.08365249633789,"POLYGON ((-497323.87498899666 648710.2043969154, -496390.03759942076 648695.3168025038, -496404.8847319558 647762.9093396037, -497338.73649354186 647777.7758348954, -497323.87498899666 648710.2043969154))",893
894,21.32315444946289,"POLYGON ((-496390.03759942076 648695.3168025038, -495456.22133022535 648680.4436114767, -495471.0540923673 647748.057227305, -496404.8847319558 647762.9093396037, -496390.03759942076 648695.3168025038))",894
895,28.125530242919922,"POLYGON ((-495456.22133022535 648680.4436114767, -494522.4261609897 648665.5848222153, -494537.2445543532 647733.2194963818, -495471.0540923673 647748.057227305, -495456.22133022535 648680.4436114767))",895
896,34.19281768798828,"POLYGON ((-494522.4261609897 648665.5848222153, -493588.65207129426 648650.7404331015, -493603.45609749295 647718.3961452188, -494537.2445543532 647733.2194963818, -494522.4261609897 648665.5848222153))",896
897,,"POLYGON ((-493588.65207129426 648650.7404331015, -492654.8990407222 648635.910442519, -492669.68870136805 647703.5871722015, -493603.45609749295 647718.3961452188, -493588.65207129426 648650.7404331015))",897
898,,"POLYGON ((-492654.8990407222 648635.910442519, -491721.16704885906 648621.0948488534, -491735.94234556204 647688.7925757183, -492669.68870136805 647703.5871722015, -492654.8990407222 648635.910442519))",898
899,,"POLYGON ((-491721.16704885906 648621.0948488534, -490787.45607529255 648606.293650492, -490802.21700966056 647674.012354158, -491735.94234556204 647688.7925757183, -491721.16704885906 648621.0948488534))",899
900,,"POLYGON ((-490787.45607529255 648606.293650492, -489853.76609961246 648591.5068458233, -489868.5126732527 647659.2465059119, -490802.21700966056 647674.012354158, -490787.45607529255 648606.293650492))",900
901,,"POLYGON ((-489853.76609961246 648591.5068458233, -488920.0971014105 648576.7344332377, -488934.82931592816 647644.4950293725, -489868.5126732527 647659.2465059119, -489853.76609961246 648591.5068458233))",901
902,,"POLYGON ((-565568.3475801179 648901.9897914035, -564632.8985963133 648886.068857144, -564648.7764549837 647952.0669136873, -565584.239912567 647967.9652526191, -565568.3475801179 648901.9897914035))",902
903,,"POLYGON ((-564632.8985963133 648886.068857144, -563697.4722315778 648870.1624284352, -563713.3356182065 647936.1830597436, -564648.7764549837 647952.0669136873, -564632.8985963133 648886.068857144))",903
904,,"POLYGON ((-563697.4722315778 648870.1624284352, -562762.0684653209 648854.2705035383, -562777.9173816419 647920.3136890514, -563713.3356182065 647936.1830597436, -563697.4722315778 648870.1624284352))",904
905,,"POLYGON ((-562762.0684653209 648854.2705035383, -561826.6872769515 648838.3930807157, -561842.5217246977 647904.4587998756, -562777.9173816419 647920.3136890514, -562762.0684653209 648854.2705035383))",905
906,,"POLYGON ((-561826.6872769515 648838.3930807157, -560891.3286458822 648822.5301582316, -560907.1486267846 647888.6183904827, -561842.5217246977 647904.4587998756, -561826.6872769515 648838.3930807157))",906
907,,"POLYGON ((-560891.3286458822 648822.5301582316, -559955.9925515279 648806.6817343516, -559971.7980673155 647872.7924591408, -560907.1486267846 647888.6183904827, -560891.3286458822 648822.5301582316))",907
908,,"POLYGON ((-559955.9925515279 648806.6817343516, -559020.6789733053 648790.8478073432, -559036.4700257063 647856.9810041199, -559971.7980673155 647872.7924591408, -559955.9925515279 648806.6817343516))",908
909,,"POLYGON ((-559020.6789733053 648790.8478073432, -558085.3878906339 648775.0283754759, -558101.1644813747 647841.1840236916, -559036.4700257063 647856.9810041199, -559020.6789733053 648790.8478073432))",909
910,,"POLYGON ((-558085.3878906339 648775.0283754759, -557150.1192829364 648759.2234370202, -557165.8814137408 647825.401516129, -558101.1644813747 647841.1840236916, -558085.3878906339 648775.0283754759))",910
911,,"POLYGON ((-557150.1192829364 648759.2234370202, -556214.8731296365 648743.4329902491, -556230.6208022281 647809.6334797075, -557165.8814137408 647825.401516129, -557150.1192829364 648759.2234370202))",911
912,,"POLYGON ((-556214.8731296365 648743.4329902491, -555279.6494101612 648727.6570334367, -555295.3826262606 647793.8799127033, -556230.6208022281 647809.6334797075, -556214.8731296365 648743.4329902491))",912
913,,"POLYGON ((-555279.6494101612 648727.6570334367, -554344.4481039396 648711.8955648587, -554360.1668652659 647778.1408133948, -555295.3826262606 647793.8799127033, -555279.6494101612 648727.6570334367))",913
914,,"POLYGON ((-554344.4481039396 648711.8955648587, -553409.2691904029 648696.148582793, -553424.9734986739 647762.4161800623, -554360.1668652659 647778.1408133948, -554344.4481039396 648711.8955648587))",914
915,,"POLYGON ((-553409.2691904029 648696.148582793, -552474.1126489849 648680.4160855187, -552489.8025059171 647746.706010987, -553424.9734986739 647762.4161800623, -553409.2691904029 648696.148582793))",915
916,,"POLYGON ((-552474.1126489849 648680.4160855187, -551538.9784591226 648664.698071317, -551554.6538664303 647731.0103044527, -552489.8025059171 647746.706010987, -552474.1126489849 648680.4160855187))",916
917,,"POLYGON ((-551538.9784591226 648664.698071317, -550603.8666002541 648648.9945384704, -550619.5275596492 647715.3290587442, -551554.6538664303 647731.0103044527, -551538.9784591226 648664.698071317))",917
918,,"POLYGON ((-550603.8666002541 648648.9945384704, -549668.7770518207 648633.3054852634, -549684.4235650145 647699.6622721483, -550619.5275596492 647715.3290587442, -550603.8666002541 648648.9945384704))",918
919,,"POLYGON ((-549668.7770518207 648633.3054852634, -548733.7097932652 648617.6309099817, -548749.3418619672 647684.0099429532, -549684.4235650145 647699.6622721483, -549668.7770518207 648633.3054852634))",919
920,,"POLYGON ((-548733.7097932652 648617.6309099817, -547798.6648040342 648601.9708109134, -547814.2824299517 647668.3720694494, -548749.3418619672 647684.0099429532, -548733.7097932652 648617.6309099817))",920
921,,"POLYGON ((-547798.6648040342 648601.9708109134, -546863.6420635749 648586.3251863477, -546879.2452484143 647652.7486499281, -547814.2824299517 647668.3720694494, -547798.6648040342 648601.9708109134))",921
922,,"POLYGON ((-546863.6420635749 648586.3251863477, -545928.6415513384 648570.6940345758, -545944.2302968041 647637.1396826833, -546879.2452484143 647652.7486499281, -546863.6420635749 648586.3251863477))",922
923,,"POLYGON ((-545928.6415513384 648570.6940345758, -544993.6632467775 648555.0773538902, -545009.2375545716 647621.5451660098, -545944.2302968041 647637.1396826833, -545928.6415513384 648570.6940345758))",923
924,,"POLYGON ((-544993.6632467775 648555.0773538902, -544058.7071293471 648539.4751425856, -544074.2670011708 647605.9650982044, -545009.2375545716 647621.5451660098, -544993.6632467775 648555.0773538902))",924
925,,"POLYGON ((-544058.7071293471 648539.4751425856, -543123.7731785052 648523.8873989579, -543139.3186160575 647590.3994775655, -544074.2670011708 647605.9650982044, -544058.7071293471 648539.4751425856))",925
926,,"POLYGON ((-543123.7731785052 648523.8873989579, -542188.8613737111 648508.3141213051, -542204.39237869 647574.8483023935, -543139.3186160575 647590.3994775655, -543123.7731785052 648523.8873989579))",926
927,74.81951904296875,"POLYGON ((-542188.8613737111 648508.3141213051, -541253.9716944274 648492.7553079263, -541269.4882685287 647559.3115709898, -542204.39237869 647574.8483023935, -542188.8613737111 648508.3141213051))",927
928,91.03707885742188,"POLYGON ((-541253.9716944274 648492.7553079263, -540319.1041201191 648477.2109571232, -540334.6062650369 647543.7892816581, -541269.4882685287 647559.3115709898, -541253.9716944274 648492.7553079263))",928
929,156.59469604492188,"POLYGON ((-540319.1041201191 648477.2109571232, -539384.2586302531 648461.681067198, -539399.7463476795 647528.2814327038, -540334.6062650369 647543.7892816581, -540319.1041201191 648477.2109571232))",929
930,226.30946350097656,"POLYGON ((-539384.2586302531 648461.681067198, -538449.4352042982 648446.1656364556, -538464.9084959244 647512.7880224333, -539399.7463476795 647528.2814327038, -539384.2586302531 648461.681067198))",930
931,250.308837890625,"POLYGON ((-538449.4352042982 648446.1656364556, -537514.6338217262 648430.664663202, -537530.0926892419 647497.3090491553, -538464.9084959244 647512.7880224333, -538449.4352042982 648446.1656364556))",931
932,162.82872009277344,"POLYGON ((-537514.6338217262 648430.664663202, -536579.8544620114 648415.178145745, -536595.2989071038 647481.8445111802, -537530.0926892419 647497.3090491553, -537514.6338217262 648430.664663202))",932
933,96.47120666503906,"POLYGON ((-536579.8544620114 648415.178145745, -535645.0971046299 648399.7060823942, -535660.5271289852 647466.3944068194, -536595.2989071038 647481.8445111802, -536579.8544620114 648415.178145745))",933
934,102.40130615234375,"POLYGON ((-535645.0971046299 648399.7060823942, -534710.3617290605 648384.2484714608, -534725.7773343626 647450.9587343866, -535660.5271289852 647466.3944068194, -535645.0971046299 648399.7060823942))",934
935,104.65965270996094,"POLYGON ((-534710.3617290605 648384.2484714608, -533775.6483147844 648368.8053112577, -533791.0495027157 647435.5374921972, -534725.7773343626 647450.9587343866, -534710.3617290605 648384.2484714608))",935
936,95.39507293701172,"POLYGON ((-533775.6483147844 648368.8053112577, -532840.9568412845 648353.3766000994, -532856.3436135264 647420.1306785679, -533791.0495027157 647435.5374921972, -533775.6483147844 648368.8053112577))",936
937,92.33882904052734,"POLYGON ((-532840.9568412845 648353.3766000994, -531906.287288047 648337.9623363019, -531921.659646278 647404.7382918173, -532856.3436135264 647420.1306785679, -532840.9568412845 648353.3766000994))",937
938,47.645896911621094,"POLYGON ((-531906.287288047 648337.9623363019, -530971.6396345599 648322.5625181835, -530986.9975804577 647389.3603302655, -531921.659646278 647404.7382918173, -531906.287288047 648337.9623363019))",938
939,34.464569091796875,"POLYGON ((-530971.6396345599 648322.5625181835, -530037.013860313 648307.1771440633, -530052.3573955538 647373.9967922342, -530986.9975804577 647389.3603302655, -530971.6396345599 648322.5625181835))",939
940,32.902854919433594,"POLYGON ((-530037.013860313 648307.1771440633, -529102.4099447989 648291.8062122627, -529117.7390710567 647358.6476760474, -530052.3573955538 647373.9967922342, -530037.013860313 648307.1771440633))",940
941,36.62352752685547,"POLYGON ((-529102.4099447989 648291.8062122627, -528167.8278675135 648276.4497211046, -528183.142586461 647343.3129800298, -529117.7390710567 647358.6476760474, -529102.4099447989 648291.8062122627))",941
942,48.13202667236328,"POLYGON ((-528167.8278675135 648276.4497211046, -527233.2676079539 648261.1076689137, -527248.5679212615 647327.9927025088, -528183.142586461 647343.3129800298, -528167.8278675135 648276.4497211046))",942
943,78.15461730957031,"POLYGON ((-527233.2676079539 648261.1076689137, -526298.7291456189 648245.780054016, -526314.0150549558 647312.6868418125, -527248.5679212615 647327.9927025088, -527233.2676079539 648261.1076689137))",943
944,61.49895477294922,"POLYGON ((-526298.7291456189 648245.780054016, -525364.212460011 648230.4668747396, -525379.4839670452 647297.3953962715, -526314.0150549558 647312.6868418125, -526298.7291456189 648245.780054016))",944
945,49.28787612915039,"POLYGON ((-525364.212460011 648230.4668747396, -524429.7175306348 648215.168129414, -524444.9746370321 647282.1183642172, -525379.4839670452 647297.3953962715, -525364.212460011 648230.4668747396))",945
946,66.9960708618164,"POLYGON ((-524429.7175306348 648215.168129414, -523495.2443369962 648199.8838163705, -523510.48704442056 647266.8557439836, -524444.9746370321 647282.1183642172, -524429.7175306348 648215.168129414))",946
947,71.63641357421875,"POLYGON ((-523495.2443369962 648199.8838163705, -522560.7928586039 648184.6139339418, -522576.02116871835 647251.6075339058, -523510.48704442056 647266.8557439836, -523495.2443369962 648199.8838163705))",947
948,112.20280456542969,"POLYGON ((-522560.7928586039 648184.6139339418, -521626.36307496997 648169.3584804627, -521641.57698943524 647236.3737323204, -522576.02116871835 647251.6075339058, -522560.7928586039 648184.6139339418))",948
949,223.54994201660156,"POLYGON ((-521626.36307496997 648169.3584804627, -520691.95496560726 648154.1174542693, -520707.15448608226 647221.1543375663, -521641.57698943524 647236.3737323204, -521626.36307496997 648169.3584804627))",949
950,322.44427490234375,"POLYGON ((-520691.95496560726 648154.1174542693, -519757.568510032 648138.8908536995, -519772.75363817404 647205.9493479836, -520707.15448608226 647221.1543375663, -520691.95496560726 648154.1174542693))",950
951,325.5223388671875,"POLYGON ((-519757.568510032 648138.8908536995, -518823.2036877612 648123.678677093, -518838.37442522706 647190.758761914, -519772.75363817404 647205.9493479836, -519757.568510032 648138.8908536995))",951
952,273.56427001953125,"POLYGON ((-518823.2036877612 648123.678677093, -517888.8604783168 648108.480922791, -517904.01682676 647175.5825777011, -518838.37442522706 647190.758761914, -518823.2036877612 648123.678677093))",952
953,301.4618225097656,"POLYGON ((-517888.8604783168 648108.480922791, -516954.5388612206 648093.2975891363, -516969.680822294 647160.4207936903, -517904.01682676 647175.5825777011, -517888.8604783168 648108.480922791))",953
954,309.3982238769531,"POLYGON ((-516954.5388612206 648093.2975891363, -516020.2388159974 648078.1286744736, -516035.36639135145 647145.2734082283, -516969.680822294 647160.4207936903, -516954.5388612206 648093.2975891363))",954
955,271.320068359375,"POLYGON ((-516020.2388159974 648078.1286744736, -515085.9603221748 648062.9741771492, -515101.07351345895 647130.1404196635, -516035.36639135145 647145.2734082283, -516020.2388159974 648078.1286744736))",955
956,112.01091003417969,"POLYGON ((-515085.9603221748 648062.9741771492, -514151.7033592821 648047.8340955109, -514166.8021681438 647115.0218263464, -515101.07351345895 647130.1404196635, -515085.9603221748 648062.9741771492))",956
957,67.09941101074219,"POLYGON ((-514151.7033592821 648047.8340955109, -513217.4679068511 648032.7084279081, -513232.5523349367 647099.9176266285, -514166.8021681438 647115.0218263464, -514151.7033592821 648047.8340955109))",957
958,61.836639404296875,"POLYGON ((-513217.4679068511 648032.7084279081, -512283.25394441653 648017.5971726922, -512298.32399337005 647084.8278188636, -513232.5523349367 647099.9176266285, -513217.4679068511 648032.7084279081))",958
959,119.7914047241211,"POLYGON ((-512283.25394441653 648017.5971726922, -511349.06145151344 648002.5003282161, -511364.11712297844 647069.7524014066, -512298.32399337005 647084.8278188636, -512283.25394441653 648017.5971726922))",959
960,92.51065826416016,"POLYGON ((-511349.06145151344 648002.5003282161, -510414.89040768193 647987.4178928344, -510429.9317032979 647054.6913726146, -511364.11712297844 647069.7524014066, -511349.06145151344 648002.5003282161))",960
961,98.94335174560547,"POLYGON ((-510414.89040768193 647987.4178928344, -509480.74079246214 647972.3498649033, -509495.76771386864 647039.6447308458, -510429.9317032979 647054.6913726146, -510414.89040768193 647987.4178928344))",961
962,77.744384765625,"POLYGON ((-509480.74079246214 647972.3498649033, -508546.61258539744 647957.2962427804, -508561.6251342327 647024.6124744605, -509495.76771386864 647039.6447308458, -509480.74079246214 647972.3498649033))",962
963,82.55512237548828,"POLYGON ((-508546.61258539744 647957.2962427804, -507612.50576603354 647942.2570248256, -507627.50394393306 647009.5946018206, -508561.6251342327 647024.6124744605, -508546.61258539744 647957.2962427804))",963
964,72.45588684082031,"POLYGON ((-507612.50576603354 647942.2570248256, -506678.42031391803 647927.2322093998, -506693.40412251605 646994.5911112893, -507627.50394393306 647009.5946018206, -507612.50576603354 647942.2570248256))",964
965,77.50012969970703,"POLYGON ((-506678.42031391803 647927.2322093998, -505744.35620860034 647912.2217948661, -505759.32564953016 646979.602001232, -506693.40412251605 646994.5911112893, -506678.42031391803 647927.2322093998))",965
966,50.72265625,"POLYGON ((-505744.35620860034 647912.2217948661, -504810.31342963385 647897.225779589, -504825.2685045259 646964.6272700152, -505759.32564953016 646979.602001232, -505744.35620860034 647912.2217948661))",966
967,47.4004020690918,"POLYGON ((-504810.31342963385 647897.225779589, -503876.2919565723 647882.2441619345, -503891.232667056 646949.6669160075, -504825.2685045259 646964.6272700152, -504810.31342963385 647897.225779589))",967
968,90.05364227294922,"POLYGON ((-503876.2919565723 647882.2441619345, -502942.2917689731 647867.2769402706, -502957.2181166762 646934.7209375792, -503891.232667056 646949.6669160075, -503876.2919565723 647882.2441619345))",968
969,110.53378295898438,"POLYGON ((-502942.2917689731 647867.2769402706, -502008.3128463945 647852.3241129667, -502023.22483294294 646919.7893331015, -502957.2181166762 646934.7209375792, -502942.2917689731 647867.2769402706))",969
970,146.50140380859375,"POLYGON ((-502008.3128463945 647852.3241129667, -501074.35516839824 647837.3856783939, -501089.2527954166 646904.8721009484, -502023.22483294294 646919.7893331015, -502008.3128463945 647852.3241129667))",970
971,165.7626953125,"POLYGON ((-501074.35516839824 647837.3856783939, -500140.4187145479 647822.4616349251, -500155.30198365904 646889.9692394945, -501089.2527954166 646904.8721009484, -501074.35516839824 647837.3856783939))",971
972,140.71351623535156,"POLYGON ((-500140.4187145479 647822.4616349251, -499206.50346440915 647807.5519809347, -499221.3723772344 646875.0807471167, -500155.30198365904 646889.9692394945, -500140.4187145479 647822.4616349251))",972
973,82.37714385986328,"POLYGON ((-499206.50346440915 647807.5519809347, -498272.6093975507 647792.6567147989, -498287.46395570843 646860.2066221933, -499221.3723772344 646875.0807471167, -499206.50346440915 647807.5519809347))",973
974,63.16323471069336,"POLYGON ((-498272.6093975507 647792.6567147989, -497338.73649354186 647777.7758348954, -497353.5766986507 646845.3468631043, -498287.46395570843 646860.2066221933, -498272.6093975507 647792.6567147989))",974
975,46.283145904541016,"POLYGON ((-497338.73649354186 647777.7758348954, -496404.8847319558 647762.9093396037, -496419.7105856318 646830.5014682317, -497353.5766986507 646845.3468631043, -497338.73649354186 647777.7758348954))",975
976,35.943912506103516,"POLYGON ((-496404.8847319558 647762.9093396037, -495471.0540923673 647748.057227305, -495485.86559622467 646815.6704359583, -496419.7105856318 646830.5014682317, -496404.8847319558 647762.9093396037))",976
977,20.81480598449707,"POLYGON ((-495471.0540923673 647748.057227305, -494537.2445543532 647733.2194963818, -494552.0417100049 646800.8537646694, -495485.86559622467 646815.6704359583, -495471.0540923673 647748.057227305))",977
978,37.68754196166992,"POLYGON ((-494537.2445543532 647733.2194963818, -493603.45609749295 647718.3961452188, -493618.2389065502 646786.0514527515, -494552.0417100049 646800.8537646694, -494537.2445543532 647733.2194963818))",978
979,54.37580871582031,"POLYGON ((-493603.45609749295 647718.3961452188, -492669.68870136805 647703.5871722015, -492684.4571654396 646771.263498593, -493618.2389065502 646786.0514527515, -493603.45609749295 647718.3961452188))",979
980,,"POLYGON ((-492669.68870136805 647703.5871722015, -491735.94234556204 647688.7925757183, -491750.6964662565 646756.489900584, -492684.4571654396 646771.263498593, -492669.68870136805 647703.5871722015))",980
981,,"POLYGON ((-491735.94234556204 647688.7925757183, -490802.21700966056 647674.012354158, -490816.9567885848 646741.7306571157, -491750.6964662565 646756.489900584, -491735.94234556204 647688.7925757183))",981
982,,"POLYGON ((-490802.21700966056 647674.012354158, -489868.5126732527 647659.2465059119, -489883.2381120102 646726.9857665815, -490816.9567885848 646741.7306571157, -490802.21700966056 647674.012354158))",982
983,,"POLYGON ((-489868.5126732527 647659.2465059119, -488934.82931592816 647644.4950293725, -488949.5404161224 646712.2552273762, -489883.2381120102 646726.9857665815, -489868.5126732527 647659.2465059119))",983
984,,"POLYGON ((-565584.239912567 647967.9652526191, -564648.7764549837 647952.0669136873, -564664.6315262131 647018.0644641097, -565600.1094368261 647033.9402063179, -565584.239912567 647967.9652526191))",984
985,,"POLYGON ((-564648.7764549837 647952.0669136873, -563713.3356182065 647936.1830597436, -563729.1762381396 647002.2031863258, -564664.6315262131 647018.0644641097, -564648.7764549837 647952.0669136873))",985
986,,"POLYGON ((-563713.3356182065 647936.1830597436, -562777.9173816419 647920.3136890514, -562793.7435520105 646986.3563712317, -563729.1762381396 647002.2031863258, -563713.3356182065 647936.1830597436))",986
987,,"POLYGON ((-562777.9173816419 647920.3136890514, -561842.5217246977 647904.4587998756, -561858.3334472328 646970.5240170945, -562793.7435520105 646986.3563712317, -562777.9173816419 647920.3136890514))",987
988,,"POLYGON ((-561842.5217246977 647904.4587998756, -560907.1486267846 647888.6183904827, -560922.9459032151 646954.7061221835, -561858.3334472328 646970.5240170945, -561842.5217246977 647904.4587998756))",988
989,,"POLYGON ((-560907.1486267846 647888.6183904827, -559971.7980673155 647872.7924591408, -559987.580899368 646938.9026847688, -560922.9459032151 646954.7061221835, -560907.1486267846 647888.6183904827))",989
990,,"POLYGON ((-559971.7980673155 647872.7924591408, -559036.4700257063 647856.9810041199, -559052.2384151064 646923.1137031231, -559987.580899368 646938.9026847688, -559971.7980673155 647872.7924591408))",990
991,,"POLYGON ((-559036.4700257063 647856.9810041199, -558101.1644813747 647841.1840236916, -558116.9184298462 646907.3391755202, -559052.2384151064 646923.1137031231, -559036.4700257063 647856.9810041199))",991
992,,"POLYGON ((-558101.1644813747 647841.1840236916, -557165.8814137408 647825.401516129, -557181.6209230053 646891.579100236, -558116.9184298462 646907.3391755202, -558101.1644813747 647841.1840236916))",992
993,,"POLYGON ((-557165.8814137408 647825.401516129, -556230.6208022281 647809.6334797075, -556246.3458740059 646875.8334755475, -557181.6209230053 646891.579100236, -557165.8814137408 647825.401516129))",993
994,,"POLYGON ((-556230.6208022281 647809.6334797075, -555295.3826262606 647793.8799127033, -555311.0932622703 646860.1022997339, -556246.3458740059 646875.8334755475, -556230.6208022281 647809.6334797075))",994
995,,"POLYGON ((-555295.3826262606 647793.8799127033, -554360.1668652659 647778.1408133948, -554375.8630672249 646844.3855710761, -555311.0932622703 646860.1022997339, -555295.3826262606 647793.8799127033))",995
996,,"POLYGON ((-554360.1668652659 647778.1408133948, -553424.9734986739 647762.4161800623, -553440.6552682973 646828.683287856, -554375.8630672249 646844.3855710761, -554360.1668652659 647778.1408133948))",996
997,,"POLYGON ((-553424.9734986739 647762.4161800623, -552489.8025059171 647746.706010987, -552505.4698449185 646812.9954483582, -553440.6552682973 646828.683287856, -553424.9734986739 647762.4161800623))",997
998,,"POLYGON ((-552489.8025059171 647746.706010987, -551554.6538664303 647731.0103044527, -551570.306776521 646797.3220508681, -552505.4698449185 646812.9954483582, -552489.8025059171 647746.706010987))",998
999,,"POLYGON ((-551554.6538664303 647731.0103044527, -550619.5275596492 647715.3290587442, -550635.1660425409 646781.6630936731, -551570.306776521 646797.3220508681, -551554.6538664303 647731.0103044527))",999
1000,,"POLYGON ((-550619.5275596492 647715.3290587442, -549684.4235650145 647699.6622721483, -549700.0476224148 646766.0185750624, -550635.1660425409 646781.6630936731, -550619.5275596492 647715.3290587442))",1000
1001,,"POLYGON ((-549684.4235650145 647699.6622721483, -548749.3418619672 647684.0099429532, -548764.9514955834 646750.3884933267, -549700.0476224148 646766.0185750624, -549684.4235650145 647699.6622721483))",1001
1002,,"POLYGON ((-548749.3418619672 647684.0099429532, -547814.2824299517 647668.3720694494, -547829.8776414889 646734.7728467586, -548764.9514955834 646750.3884933267, -548749.3418619672 647684.0099429532))",1002
1003,,"POLYGON ((-547814.2824299517 647668.3720694494, -546879.2452484143 647652.7486499281, -546894.826039576 646719.171633652, -547829.8776414889 646734.7728467586, -547814.2824299517 647668.3720694494))",1003
1004,,"POLYGON ((-546879.2452484143 647652.7486499281, -545944.2302968041 647637.1396826833, -545959.7966692921 646703.5848523028, -546894.826039576 646719.171633652, -546879.2452484143 647652.7486499281))",1004
1005,,"POLYGON ((-545944.2302968041 647637.1396826833, -545009.2375545716 647621.5451660098, -545024.7895100861 646688.0125010085, -545959.7966692921 646703.5848523028, -545944.2302968041 647637.1396826833))",1005
1006,,"POLYGON ((-545009.2375545716 647621.5451660098, -544074.2670011708 647605.9650982044, -544089.8045414109 646672.4545780682, -545024.7895100861 646688.0125010085, -545009.2375545716 647621.5451660098))",1006
1007,,"POLYGON ((-544074.2670011708 647605.9650982044, -543139.3186160575 647590.3994775655, -543154.8417427196 646656.9110817827, -544089.8045414109 646672.4545780682, -544074.2670011708 647605.9650982044))",1007
1008,,"POLYGON ((-543139.3186160575 647590.3994775655, -542204.39237869 647574.8483023935, -542219.9010934696 646641.3820104545, -543154.8417427196 646656.9110817827, -543139.3186160575 647590.3994775655))",1008
1009,,"POLYGON ((-542204.39237869 647574.8483023935, -541269.4882685287 647559.3115709898, -541284.982573119 646625.8673623878, -542219.9010934696 646641.3820104545, -542204.39237869 647574.8483023935))",1009
1010,86.32266998291016,"POLYGON ((-541269.4882685287 647559.3115709898, -540334.6062650369 647543.7892816581, -540350.0861611294 646610.3671358882, -541284.982573119 646625.8673623878, -541269.4882685287 647559.3115709898))",1010
1011,102.71088409423828,"POLYGON ((-540334.6062650369 647543.7892816581, -539399.7463476795 647528.2814327038, -539415.2118369655 646594.8813292637, -540350.0861611294 646610.3671358882, -540334.6062650369 647543.7892816581))",1011
1012,171.1339569091797,"POLYGON ((-539399.7463476795 647528.2814327038, -538464.9084959244 647512.7880224333, -538480.359580092 646579.4099408231, -539415.2118369655 646594.8813292637, -539399.7463476795 647528.2814327038))",1012
1013,225.76248168945312,"POLYGON ((-538464.9084959244 647512.7880224333, -537530.0926892419 647497.3090491553, -537545.5293699773 646563.952968877, -538480.359580092 646579.4099408231, -538464.9084959244 647512.7880224333))",1013
1014,221.48672485351562,"POLYGON ((-537530.0926892419 647497.3090491553, -536595.2989071038 647481.8445111802, -536610.7211860927 646548.5104117385, -537545.5293699773 646563.952968877, -537530.0926892419 647497.3090491553))",1014
1015,142.9853515625,"POLYGON ((-536595.2989071038 647481.8445111802, -535660.5271289852 647466.3944068194, -535675.935007911 646533.0822677214, -536610.7211860927 646548.5104117385, -536595.2989071038 647481.8445111802))",1015
1016,103.685546875,"POLYGON ((-535660.5271289852 647466.3944068194, -534725.7773343626 647450.9587343866, -534741.1708149072 646517.6685351417, -535675.935007911 646533.0822677214, -535660.5271289852 647466.3944068194))",1016
1017,111.33208465576172,"POLYGON ((-534725.7773343626 647450.9587343866, -533791.0495027157 647435.5374921972, -533806.4285865594 646502.2692123171, -534741.1708149072 646517.6685351417, -534725.7773343626 647450.9587343866))",1017
1018,126.26183319091797,"POLYGON ((-533791.0495027157 647435.5374921972, -532856.3436135264 647420.1306785679, -532871.7083023472 646486.8842975664, -533806.4285865594 646502.2692123171, -533791.0495027157 647435.5374921972))",1018
1019,104.0350570678711,"POLYGON ((-532856.3436135264 647420.1306785679, -531921.659646278 647404.7382918173, -531937.0099417538 646471.5137892105, -532871.7083023472 646486.8842975664, -532856.3436135264 647420.1306785679))",1019
1020,68.68809509277344,"POLYGON ((-531921.659646278 647404.7382918173, -530986.9975804577 647389.3603302655, -531002.3334842633 646456.1576855722, -531937.0099417538 646471.5137892105, -531921.659646278 647404.7382918173))",1020
1021,40.70253372192383,"POLYGON ((-530986.9975804577 647389.3603302655, -530052.3573955538 647373.9967922342, -530067.6789093621 646440.8159849754, -531002.3334842633 646456.1576855722, -530986.9975804577 647389.3603302655))",1021
1022,42.98334884643555,"POLYGON ((-530052.3573955538 647373.9967922342, -529117.7390710567 647358.6476760474, -529133.0461965404 646425.4886857464, -530067.6789093621 646440.8159849754, -530052.3573955538 647373.9967922342))",1022
1023,73.44686889648438,"POLYGON ((-529117.7390710567 647358.6476760474, -528183.142586461 647343.3129800298, -528198.4353252895 646410.1757862122, -529133.0461965404 646425.4886857464, -529117.7390710567 647358.6476760474))",1023
1024,82.48092651367188,"POLYGON ((-528183.142586461 647343.3129800298, -527248.5679212615 647327.9927025088, -527263.8462751039 646394.8772847024, -528198.4353252895 646410.1757862122, -528183.142586461 647343.3129800298))",1024
1025,66.91993713378906,"POLYGON ((-527248.5679212615 647327.9927025088, -526314.0150549558 647312.6868418125, -526329.2790254792 646379.5931795477, -527263.8462751039 646394.8772847024, -527248.5679212615 647327.9927025088))",1025
1026,52.7106819152832,"POLYGON ((-526314.0150549558 647312.6868418125, -525379.4839670452 647297.3953962715, -525394.733555914 646364.3234690806, -526329.2790254792 646379.5931795477, -526314.0150549558 647312.6868418125))",1026
1027,54.47426223754883,"POLYGON ((-525379.4839670452 647297.3953962715, -524444.9746370321 647282.1183642172, -524460.20984591 646349.0681516351, -525394.733555914 646364.3234690806, -525379.4839670452 647297.3953962715))",1027
1028,64.79558563232422,"POLYGON ((-524444.9746370321 647282.1183642172, -523510.48704442056 647266.8557439836, -523525.7078749699 646333.8272255475, -524460.20984591 646349.0681516351, -524444.9746370321 647282.1183642172))",1028
1029,91.9741439819336,"POLYGON ((-523510.48704442056 647266.8557439836, -522576.02116871835 647251.6075339058, -522591.2276225992 646318.600689155, -523525.7078749699 646333.8272255475, -523510.48704442056 647266.8557439836))",1029
1030,156.5005645751953,"POLYGON ((-522576.02116871835 647251.6075339058, -521641.57698943524 647236.3737323204, -521656.7690683054 646303.3885407968, -522591.2276225992 646318.600689155, -522576.02116871835 647251.6075339058))",1030
1031,328.102294921875,"POLYGON ((-521641.57698943524 647236.3737323204, -520707.15448608226 647221.1543375663, -520722.33219159965 646288.190778814, -521656.7690683054 646303.3885407968, -521641.57698943524 647236.3737323204))",1031
1032,350.39007568359375,"POLYGON ((-520707.15448608226 647221.1543375663, -519772.75363817404 647205.9493479836, -519787.9169719934 646273.0074015486, -520722.33219159965 646288.190778814, -520707.15448608226 647221.1543375663))",1032
1033,234.1031494140625,"POLYGON ((-519772.75363817404 647205.9493479836, -518838.37442522706 647190.758761914, -518853.5233890023 646257.8384073452, -519787.9169719934 646273.0074015486, -519772.75363817404 647205.9493479836))",1033
1034,156.56581115722656,"POLYGON ((-518838.37442522706 647190.758761914, -517904.01682676 647175.5825777011, -517919.15142214263 646242.6837945494, -518853.5233890023 646257.8384073452, -518838.37442522706 647190.758761914))",1034
1035,300.2773742675781,"POLYGON ((-517904.01682676 647175.5825777011, -516969.680822294 647160.4207936903, -516984.8010509341 646227.543561509, -517919.15142214263 646242.6837945494, -517904.01682676 647175.5825777011))",1035
1036,386.2436828613281,"POLYGON ((-516969.680822294 647160.4207936903, -516035.36639135145 647145.2734082283, -516050.47225489817 646212.4177065727, -516984.8010509341 646227.543561509, -516969.680822294 647160.4207936903))",1036
1037,245.99891662597656,"POLYGON ((-516035.36639135145 647145.2734082283, -515101.07351345895 647130.1404196635, -515116.16501355893 646197.3062280916, -516050.47225489817 646212.4177065727, -516035.36639135145 647145.2734082283))",1037
1038,118.95016479492188,"POLYGON ((-515101.07351345895 647130.1404196635, -514166.8021681438 647115.0218263464, -514181.87930644315 646182.2091244181, -515116.16501355893 646197.3062280916, -515101.07351345895 647130.1404196635))",1038
1039,86.24462127685547,"POLYGON ((-514166.8021681438 647115.0218263464, -513232.5523349367 647099.9176266285, -513247.61511307815 646167.1263939063, -514181.87930644315 646182.2091244181, -514166.8021681438 647115.0218263464))",1039
1040,76.7818374633789,"POLYGON ((-513232.5523349367 647099.9176266285, -512298.32399337005 647084.8278188636, -512313.3724129952 646152.058034912, -513247.61511307815 646167.1263939063, -513232.5523349367 647099.9176266285))",1040
1041,145.35079956054688,"POLYGON ((-512298.32399337005 647084.8278188636, -511364.11712297844 647069.7524014066, -511379.1511857277 646137.0040457925, -512313.3724129952 646152.058034912, -512298.32399337005 647084.8278188636))",1041
1042,99.88069915771484,"POLYGON ((-511364.11712297844 647069.7524014066, -510429.9317032979 647054.6913726146, -510444.9514108108 646121.9644249072, -511379.1511857277 646137.0040457925, -511364.11712297844 647069.7524014066))",1042
1043,92.16795349121094,"POLYGON ((-510429.9317032979 647054.6913726146, -509495.76771386864 647039.6447308458, -509510.77306778217 646106.9391706166, -510444.9514108108 646121.9644249072, -510429.9317032979 647054.6913726146))",1043
1044,92.66741943359375,"POLYGON ((-509495.76771386864 647039.6447308458, -508561.6251342327 647024.6124744605, -508576.61613618163 646091.9282812834, -509510.77306778217 646106.9391706166, -509495.76771386864 647039.6447308458))",1044
1045,73.37279510498047,"POLYGON ((-508561.6251342327 647024.6124744605, -507627.50394393306 647009.5946018206, -507642.48059555085 646076.9317552713, -508576.61613618163 646091.9282812834, -508561.6251342327 647024.6124744605))",1045
1046,80.95454406738281,"POLYGON ((-507627.50394393306 647009.5946018206, -506693.40412251605 646994.5911112893, -506708.3664254352 646061.9495909462, -507642.48059555085 646076.9317552713, -507627.50394393306 647009.5946018206))",1046
1047,119.05289459228516,"POLYGON ((-506693.40412251605 646994.5911112893, -505759.32564953016 646979.602001232, -505774.2736053807 646046.9817866754, -506708.3664254352 646061.9495909462, -506693.40412251605 646994.5911112893))",1047
1048,106.54197692871094,"POLYGON ((-505759.32564953016 646979.602001232, -504825.2685045259 646964.6272700152, -504840.2021149368 646032.0283408281, -505774.2736053807 646046.9817866754, -505759.32564953016 646979.602001232))",1048
1049,40.444820404052734,"POLYGON ((-504825.2685045259 646964.6272700152, -503891.232667056 646949.6669160075, -503906.15193365444 646017.089251775, -504840.2021149368 646032.0283408281, -504825.2685045259 646964.6272700152))",1049
1050,59.17454147338867,"POLYGON ((-503891.232667056 646949.6669160075, -502957.2181166762 646934.7209375792, -502972.1230410873 646002.1645178882, -503906.15193365444 646017.089251775, -503891.232667056 646949.6669160075))",1050
1051,80.59407806396484,"POLYGON ((-502957.2181166762 646934.7209375792, -502023.22483294294 646919.7893331015, -502038.1154167912 645987.2541375421, -502972.1230410873 646002.1645178882, -502957.2181166762 646934.7209375792))",1051
1052,102.16122436523438,"POLYGON ((-502023.22483294294 646919.7893331015, -501089.2527954166 646904.8721009484, -501104.1290403233 645972.3581091119, -502038.1154167912 645987.2541375421, -502023.22483294294 646919.7893331015))",1052
1053,144.40374755859375,"POLYGON ((-501089.2527954166 646904.8721009484, -500155.30198365904 646889.9692394945, -500170.163891245 645957.4764309752, -501104.1290403233 645972.3581091119, -501089.2527954166 646904.8721009484))",1053
1054,128.49794006347656,"POLYGON ((-500155.30198365904 646889.9692394945, -499221.3723772344 646875.0807471167, -499236.2199491183 645942.6091015107, -500170.163891245 645957.4764309752, -500155.30198365904 646889.9692394945))",1054
1055,74.38220977783203,"POLYGON ((-499221.3723772344 646875.0807471167, -498287.46395570843 646860.2066221933, -498302.2971935078 645927.7561190996, -499236.2199491183 645942.6091015107, -499221.3723772344 646875.0807471167))",1055
1056,54.619049072265625,"POLYGON ((-498287.46395570843 646860.2066221933, -497353.5766986507 646845.3468631043, -497368.3956039803 645912.9174821232, -498302.2971935078 645927.7561190996, -498287.46395570843 646860.2066221933))",1056
1057,77.18436431884766,"POLYGON ((-497353.5766986507 646845.3468631043, -496419.7105856318 646830.5014682317, -496434.5151601061 645898.0931889662, -497368.3956039803 645912.9174821232, -497353.5766986507 646845.3468631043))",1057
1058,101.0531234741211,"POLYGON ((-496419.7105856318 646830.5014682317, -495485.86559622467 646815.6704359583, -495500.6558414558 645883.2832380139, -496434.5151601061 645898.0931889662, -496419.7105856318 646830.5014682317))",1058
1059,112.52924346923828,"POLYGON ((-495485.86559622467 646815.6704359583, -494552.0417100049 646800.8537646694, -494566.8176276031 645868.4876276535, -495500.6558414558 645883.2832380139, -495485.86559622467 646815.6704359583))",1059
1060,54.990699768066406,"POLYGON ((-494552.0417100049 646800.8537646694, -493618.2389065502 646786.0514527515, -493633.00049812463 645853.706356274, -494566.8176276031 645868.4876276535, -494552.0417100049 646800.8537646694))",1060
1061,91.77841186523438,"POLYGON ((-493618.2389065502 646786.0514527515, -492684.4571654396 646771.263498593, -492699.20443259785 645838.9394222656, -493633.00049812463 645853.706356274, -493618.2389065502 646786.0514527515))",1061
1062,103.77305603027344,"POLYGON ((-492684.4571654396 646771.263498593, -491750.6964662565 646756.489900584, -491765.4294106043 645824.1868240208, -492699.20443259785 645838.9394222656, -492684.4571654396 646771.263498593))",1062
1063,83.97472381591797,"POLYGON ((-491750.6964662565 646756.489900584, -490816.9567885848 646741.7306571157, -490831.67541172483 645809.4485599332, -491765.4294106043 645824.1868240208, -491750.6964662565 646756.489900584))",1063
1064,,"POLYGON ((-490816.9567885848 646741.7306571157, -489883.2381120102 646726.9857665815, -489897.9424155457 645794.7246283983, -490831.67541172483 645809.4485599332, -490816.9567885848 646741.7306571157))",1064
1065,,"POLYGON ((-489883.2381120102 646726.9857665815, -488949.5404161224 646712.2552273762, -488964.2304016544 645780.0150278134, -489897.9424155457 645794.7246283983, -489883.2381120102 646726.9857665815))",1065
1066,,"POLYGON ((-565600.1094368261 647033.9402063179, -564664.6315262131 647018.0644641097, -564680.4638096273 646084.0615091299, -565615.9561525218 646099.9146532203, -565600.1094368261 647033.9402063179))",1066
1067,,"POLYGON ((-564664.6315262131 647018.0644641097, -563729.1762381396 647002.2031863258, -563744.9940910046 646068.2228088983, -564680.4638096273 646084.0615091299, -564664.6315262131 647018.0644641097))",1067
1068,,"POLYGON ((-563729.1762381396 647002.2031863258, -562793.7435520105 646986.3563712317, -562809.5469760557 646052.3985507934, -563744.9940910046 646068.2228088983, -563729.1762381396 647002.2031863258))",1068
1069,,"POLYGON ((-562793.7435520105 646986.3563712317, -561858.3334472328 646970.5240170945, -561874.1224441859 646036.588733085, -562809.5469760557 646052.3985507934, -562793.7435520105 646986.3563712317))",1069
1070,,"POLYGON ((-561858.3334472328 646970.5240170945, -560922.9459032151 646954.7061221835, -560938.7204748022 646020.7933540442, -561874.1224441859 646036.588733085, -561858.3334472328 646970.5240170945))",1070
1071,,"POLYGON ((-560922.9459032151 646954.7061221835, -559987.580899368 646938.9026847688, -560003.3410473145 646005.012411944, -560938.7204748022 646020.7933540442, -560922.9459032151 646954.7061221835))",1071
1072,,"POLYGON ((-559987.580899368 646938.9026847688, -559052.2384151064 646923.1137031231, -559067.9841411349 645989.2459050594, -560003.3410473145 646005.012411944, -559987.580899368 646938.9026847688))",1072
1073,,"POLYGON ((-559052.2384151064 646923.1137031231, -558116.9184298462 646907.3391755202, -558132.6497356775 645973.4938316664, -559067.9841411349 645989.2459050594, -559052.2384151064 646923.1137031231))",1073
1074,,"POLYGON ((-558116.9184298462 646907.3391755202, -557181.6209230053 646891.579100236, -557197.3378103597 645957.7561900433, -558132.6497356775 645973.4938316664, -558116.9184298462 646907.3391755202))",1074
1075,,"POLYGON ((-557181.6209230053 646891.579100236, -556246.3458740059 646875.8334755475, -556262.0483446007 645942.0329784699, -557197.3378103597 645957.7561900433, -557181.6209230053 646891.579100236))",1075
1076,,"POLYGON ((-556246.3458740059 646875.8334755475, -555311.0932622703 646860.1022997339, -555326.7813178222 645926.3241952272, -556262.0483446007 645942.0329784699, -556246.3458740059 646875.8334755475))",1076
1077,,"POLYGON ((-555311.0932622703 646860.1022997339, -554375.8630672249 646844.3855710761, -554391.5367094481 645910.6298385989, -555326.7813178222 645926.3241952272, -555311.0932622703 646860.1022997339))",1077
1078,,"POLYGON ((-554375.8630672249 646844.3855710761, -553440.6552682973 646828.683287856, -553456.3144989051 645894.9499068692, -554391.5367094481 645910.6298385989, -554375.8630672249 646844.3855710761))",1078
1079,,"POLYGON ((-553440.6552682973 646828.683287856, -552505.4698449185 646812.9954483582, -552521.1146656221 645879.2843983248, -553456.3144989051 645894.9499068692, -553440.6552682973 646828.683287856))",1079
1080,,"POLYGON ((-552505.4698449185 646812.9954483582, -551570.306776521 646797.3220508681, -551585.9371890295 645863.6333112537, -552521.1146656221 645879.2843983248, -552505.4698449185 646812.9954483582))",1080
1081,,"POLYGON ((-551570.306776521 646797.3220508681, -550635.1660425409 646781.6630936731, -550650.7820485621 645847.9966439458, -551585.9371890295 645863.6333112537, -551570.306776521 646797.3220508681))",1081
1082,,"POLYGON ((-550635.1660425409 646781.6630936731, -549700.0476224148 646766.0185750624, -549715.6492236557 645832.3743946927, -550650.7820485621 645847.9966439458, -550635.1660425409 646781.6630936731))",1082
1083,,"POLYGON ((-549700.0476224148 646766.0185750624, -548764.9514955834 646750.3884933267, -548780.538693748 645816.766561787, -549715.6492236557 645832.3743946927, -549700.0476224148 646766.0185750624))",1083
1084,,"POLYGON ((-548764.9514955834 646750.3884933267, -547829.8776414889 646734.7728467586, -547845.45043828 645801.1731435241, -548780.538693748 645816.766561787, -548764.9514955834 646750.3884933267))",1084
1085,,"POLYGON ((-547829.8776414889 646734.7728467586, -546894.826039576 646719.171633652, -546910.3844366949 645785.5941382002, -547845.45043828 645801.1731435241, -547829.8776414889 646734.7728467586))",1085
1086,,"POLYGON ((-546894.826039576 646719.171633652, -545959.7966692921 646703.5848523028, -545975.3406684384 645770.0295441134, -546910.3844366949 645785.5941382002, -546894.826039576 646719.171633652))",1086
1087,,"POLYGON ((-545959.7966692921 646703.5848523028, -545024.7895100861 646688.0125010085, -545040.3191129576 645754.4793595638, -545975.3406684384 645770.0295441134, -545959.7966692921 646703.5848523028))",1087
1088,,"POLYGON ((-545024.7895100861 646688.0125010085, -544089.8045414109 646672.4545780682, -544105.3197497035 645738.9435828525, -545040.3191129576 645754.4793595638, -545024.7895100861 646688.0125010085))",1088
1089,,"POLYGON ((-544089.8045414109 646672.4545780682, -543154.8417427196 646656.9110817827, -543170.3425581281 645723.4222122829, -544105.3197497035 645738.9435828525, -544089.8045414109 646672.4545780682))",1089
1090,,"POLYGON ((-543154.8417427196 646656.9110817827, -542219.9010934696 646641.3820104545, -542235.3875176865 645707.91524616, -543170.3425581281 645723.4222122829, -543154.8417427196 646656.9110817827))",1090
1091,,"POLYGON ((-542219.9010934696 646641.3820104545, -541284.982573119 646625.8673623878, -541300.4546078359 645692.4226827899, -542235.3875176865 645707.91524616, -542219.9010934696 646641.3820104545))",1091
1092,79.45683288574219,"POLYGON ((-541284.982573119 646625.8673623878, -540350.0861611294 646610.3671358882, -540365.5438080361 645676.9445204812, -541300.4546078359 645692.4226827899, -541284.982573119 646625.8673623878))",1092
1093,76.57556915283203,"POLYGON ((-540350.0861611294 646610.3671358882, -539415.2118369655 646594.8813292637, -539430.655097749 645661.4807575435, -540365.5438080361 645676.9445204812, -540350.0861611294 646610.3671358882))",1093
1094,104.759521484375,"POLYGON ((-539415.2118369655 646594.8813292637, -538480.359580092 646579.4099408231, -538495.7884564388 645646.0313922883, -539430.655097749 645661.4807575435, -539415.2118369655 646594.8813292637))",1094
1095,170.93692016601562,"POLYGON ((-538480.359580092 646579.4099408231, -537545.5293699773 646563.952968877, -537560.9438635717 645630.5964230289, -538495.7884564388 645646.0313922883, -538480.359580092 646579.4099408231))",1095
1096,363.5144958496094,"POLYGON ((-537545.5293699773 646563.952968877, -536610.7211860927 646548.5104117385, -536626.121298618 645615.1758480802, -537560.9438635717 645630.5964230289, -537545.5293699773 646563.952968877))",1096
1097,229.40557861328125,"POLYGON ((-536610.7211860927 646548.5104117385, -535675.935007911 646533.0822677214, -535691.3207410481 645599.7696657585, -536626.121298618 645615.1758480802, -536610.7211860927 646548.5104117385))",1097
1098,184.46762084960938,"POLYGON ((-535675.935007911 646533.0822677214, -534741.1708149072 646517.6685351417, -534756.5421703355 645584.3778743821, -535691.3207410481 645599.7696657585, -535675.935007911 646533.0822677214))",1098
1099,136.1964569091797,"POLYGON ((-534741.1708149072 646517.6685351417, -533806.4285865594 646502.2692123171, -533821.7855659572 645569.000472271, -534756.5421703355 645584.3778743821, -534741.1708149072 646517.6685351417))",1099
1100,127.89608764648438,"POLYGON ((-533806.4285865594 646502.2692123171, -532871.7083023472 646486.8842975664, -532887.0509073904 645553.6374577464, -533821.7855659572 645569.000472271, -533806.4285865594 646502.2692123171))",1100
1101,83.24082946777344,"POLYGON ((-532871.7083023472 646486.8842975664, -531937.0099417538 646471.5137892105, -531952.3381741166 645538.288829132, -532887.0509073904 645553.6374577464, -532871.7083023472 646486.8842975664))",1101
1102,70.95657348632812,"POLYGON ((-531937.0099417538 646471.5137892105, -531002.3334842633 646456.1576855722, -531017.6473456188 645522.9545847522, -531952.3381741166 645538.288829132, -531937.0099417538 646471.5137892105))",1102
1103,68.02566528320312,"POLYGON ((-531002.3334842633 646456.1576855722, -530067.6789093621 646440.8159849754, -530082.9784013815 645507.6347229335, -531017.6473456188 645522.9545847522, -531002.3334842633 646456.1576855722))",1103
1104,75.85328674316406,"POLYGON ((-530067.6789093621 646440.8159849754, -529133.0461965404 646425.4886857464, -529148.3313208933 645492.3292420043, -530082.9784013815 645507.6347229335, -530067.6789093621 646440.8159849754))",1104
1105,119.78356170654297,"POLYGON ((-529133.0461965404 646425.4886857464, -528198.4353252895 646410.1757862122, -528213.7060836433 645477.0381402945, -529148.3313208933 645492.3292420043, -529133.0461965404 646425.4886857464))",1105
1106,120.68238067626953,"POLYGON ((-528198.4353252895 646410.1757862122, -527263.8462751039 646394.8772847024, -527279.102669125 645461.7614161354, -528213.7060836433 645477.0381402945, -528198.4353252895 646410.1757862122))",1106
1107,78.3418197631836,"POLYGON ((-527263.8462751039 646394.8772847024, -526329.2790254792 646379.5931795477, -526344.5210568326 645446.4990678603, -527279.102669125 645461.7614161354, -527263.8462751039 646394.8772847024))",1107
1108,79.96258544921875,"POLYGON ((-526329.2790254792 646379.5931795477, -525394.733555914 646364.3234690806, -525409.9612262622 645431.2510938039, -526344.5210568326 645446.4990678603, -526329.2790254792 646379.5931795477))",1108
1109,83.09761810302734,"POLYGON ((-525394.733555914 646364.3234690806, -524460.20984591 646349.0681516351, -524475.4231569141 645416.0174923028, -525409.9612262622 645431.2510938039, -525394.733555914 646364.3234690806))",1109
1110,63.05019760131836,"POLYGON ((-524460.20984591 646349.0681516351, -523525.7078749699 646333.8272255475, -523540.90682828974 645400.7982616952, -524475.4231569141 645416.0174923028, -524460.20984591 646349.0681516351))",1110
1111,113.78105163574219,"POLYGON ((-523525.7078749699 646333.8272255475, -522591.2276225992 646318.600689155, -522606.412219892 645385.593400321, -523540.90682828974 645400.7982616952, -523525.7078749699 646333.8272255475))",1111
1112,242.49557495117188,"POLYGON ((-522591.2276225992 646318.600689155, -521656.7690683054 646303.3885407968, -521671.93931122834 645370.4029065212, -522606.412219892 645385.593400321, -522591.2276225992 646318.600689155))",1112
1113,353.5369567871094,"POLYGON ((-521656.7690683054 646303.3885407968, -520722.33219159965 646288.190778814, -520737.4880818069 645355.2267786396, -521671.93931122834 645370.4029065212, -521656.7690683054 646303.3885407968))",1113
1114,355.0907287597656,"POLYGON ((-520722.33219159965 646288.190778814, -519787.9169719934 646273.0074015486, -519803.05851113796 645340.0650150204, -520737.4880818069 645355.2267786396, -520722.33219159965 646288.190778814))",1114
1115,232.4402313232422,"POLYGON ((-519787.9169719934 646273.0074015486, -518853.5233890023 646257.8384073452, -518868.65057873516 645324.9176140106, -519803.05851113796 645340.0650150204, -519787.9169719934 646273.0074015486))",1115
1116,146.9384002685547,"POLYGON ((-518853.5233890023 646257.8384073452, -517919.15142214263 646242.6837945494, -517934.2642641136 645309.7845739579, -518868.65057873516 645324.9176140106, -518853.5233890023 646257.8384073452))",1116
1117,235.96856689453125,"POLYGON ((-517919.15142214263 646242.6837945494, -516984.8010509341 646227.543561509, -516999.899546791 645294.6658932123, -517934.2642641136 645309.7845739579, -517919.15142214263 646242.6837945494))",1117
1118,348.7839660644531,"POLYGON ((-516984.8010509341 646227.543561509, -516050.47225489817 646212.4177065727, -516065.5564062878 645279.5615701252, -516999.899546791 645294.6658932123, -516984.8010509341 646227.543561509))",1118
1119,186.2523193359375,"POLYGON ((-516050.47225489817 646212.4177065727, -515116.16501355893 646197.3062280916, -515131.2348221252 645264.4716030495, -516065.5564062878 645279.5615701252, -516050.47225489817 646212.4177065727))",1119
1120,115.32002258300781,"POLYGON ((-515116.16501355893 646197.3062280916, -514181.87930644315 646182.2091244181, -514196.93477382907 645249.3959903403, -515131.2348221252 645264.4716030495, -515116.16501355893 646197.3062280916))",1120
1121,54.59614944458008,"POLYGON ((-514181.87930644315 646182.2091244181, -513247.61511307815 646167.1263939063, -513262.6562409251 645234.3347303538, -514196.93477382907 645249.3959903403, -514181.87930644315 646182.2091244181))",1121
1122,94.74056243896484,"POLYGON ((-513247.61511307815 646167.1263939063, -512313.3724129952 646152.058034912, -512328.3992029433 645219.2878214481, -513262.6562409251 645234.3347303538, -513247.61511307815 646167.1263939063))",1122
1123,162.0723419189453,"POLYGON ((-512313.3724129952 646152.058034912, -511379.1511857277 646137.0040457925, -511394.1636394148 645204.2552619826, -512328.3992029433 645219.2878214481, -512313.3724129952 646152.058034912))",1123
1124,99.16790008544922,"POLYGON ((-511379.1511857277 646137.0040457925, -510444.9514108108 646121.9644249072, -510459.949529873 645189.2370503193, -511394.1636394148 645204.2552619826, -511379.1511857277 646137.0040457925))",1124
1125,90.93763732910156,"POLYGON ((-510444.9514108108 646121.9644249072, -509510.77306778217 646106.9391706166, -509525.7568538543 645174.2331848207, -510459.949529873 645189.2370503193, -510444.9514108108 646121.9644249072))",1125
1126,101.50299072265625,"POLYGON ((-509510.77306778217 646106.9391706166, -508576.61613618163 646091.9282812834, -508591.5855908968 645159.2436638519, -509525.7568538543 645174.2331848207, -509510.77306778217 646106.9391706166))",1126
1127,74.69508361816406,"POLYGON ((-508576.61613618163 646091.9282812834, -507642.48059555085 646076.9317552713, -507657.43572054047 645144.2684857788, -508591.5855908968 645159.2436638519, -508576.61613618163 646091.9282812834))",1127
1128,95.0115966796875,"POLYGON ((-507642.48059555085 646076.9317552713, -506708.3664254352 646061.9495909462, -506723.3072223293 645129.3076489696, -507657.43572054047 645144.2684857788, -507642.48059555085 646076.9317552713))",1128
1129,155.47918701171875,"POLYGON ((-506708.3664254352 646061.9495909462, -505774.2736053807 646046.9817866754, -505789.20007580693 645114.3611517941, -506723.3072223293 645129.3076489696, -506708.3664254352 646061.9495909462))",1129
1130,189.22532653808594,"POLYGON ((-505774.2736053807 646046.9817866754, -504840.2021149368 646032.0283408281, -504855.1142605217 645099.4289926233, -505789.20007580693 645114.3611517941, -505774.2736053807 646046.9817866754))",1130
1131,148.89944458007812,"POLYGON ((-504840.2021149368 646032.0283408281, -503906.15193365444 646017.089251775, -503921.049756023 645084.5111698305, -504855.1142605217 645099.4289926233, -504840.2021149368 646032.0283408281))",1131
1132,65.99816131591797,"POLYGON ((-503906.15193365444 646017.089251775, -502972.1230410873 646002.1645178882, -502987.0065418625 645069.60768179, -503921.049756023 645084.5111698305, -503906.15193365444 646017.089251775))",1132
1133,72.52230834960938,"POLYGON ((-502972.1230410873 646002.1645178882, -502038.1154167912 645987.2541375421, -502052.98459759424 645054.7185268782, -502987.0065418625 645069.60768179, -502972.1230410873 646002.1645178882))",1133
1134,87.23091125488281,"POLYGON ((-502038.1154167912 645987.2541375421, -501104.1290403233 645972.3581091119, -501118.98390277475 645039.8437034729, -502052.98459759424 645054.7185268782, -502038.1154167912 645987.2541375421))",1134
1135,100.34465789794922,"POLYGON ((-501104.1290403233 645972.3581091119, -500170.163891245 645957.4764309752, -500185.0044369624 645024.9832099536, -501118.98390277475 645039.8437034729, -501104.1290403233 645972.3581091119))",1135
1136,90.13365173339844,"POLYGON ((-500170.163891245 645957.4764309752, -499236.2199491183 645942.6091015107, -499251.046179718 645010.1370447017, -500185.0044369624 645024.9832099536, -500170.163891245 645957.4764309752))",1136
1137,80.7587890625,"POLYGON ((-499236.2199491183 645942.6091015107, -498302.2971935078 645927.7561190996, -498317.10911060555 644995.3052061, -499251.046179718 645010.1370447017, -499236.2199491183 645942.6091015107))",1137
1138,54.916316986083984,"POLYGON ((-498302.2971935078 645927.7561190996, -497368.3956039803 645912.9174821232, -497383.193209189 644980.487692533, -498317.10911060555 644995.3052061, -498302.2971935078 645927.7561190996))",1138
1139,72.33629608154297,"POLYGON ((-497368.3956039803 645912.9174821232, -496434.5151601061 645898.0931889662, -496449.2984550372 644965.6845023867, -497383.193209189 644980.487692533, -497368.3956039803 645912.9174821232))",1139
1140,135.17105102539062,"POLYGON ((-496434.5151601061 645898.0931889662, -495500.6558414558 645883.2832380139, -495515.4248277192 644950.8956340491, -496449.2984550372 644965.6845023867, -496434.5151601061 645898.0931889662))",1140
1141,178.2864990234375,"POLYGON ((-495500.6558414558 645883.2832380139, -494566.8176276031 645868.4876276535, -494581.57230680715 644936.1210859095, -495515.4248277192 644950.8956340491, -495500.6558414558 645883.2832380139))",1141
1142,182.85118103027344,"POLYGON ((-494566.8176276031 645868.4876276535, -493633.00049812463 645853.706356274, -493647.7408718765 644921.3608563592, -494581.57230680715 644936.1210859095, -494566.8176276031 645868.4876276535))",1142
1143,183.5729217529297,"POLYGON ((-493633.00049812463 645853.706356274, -492699.20443259785 645838.9394222656, -492713.93050250225 644906.6149437907, -493647.7408718765 644921.3608563592, -493633.00049812463 645853.706356274))",1143
1144,169.90721130371094,"POLYGON ((-492699.20443259785 645838.9394222656, -491765.4294106043 645824.1868240208, -491780.14117826393 644891.8833465986, -492713.93050250225 644906.6149437907, -492699.20443259785 645838.9394222656))",1144
1145,109.81236267089844,"POLYGON ((-491765.4294106043 645824.1868240208, -490831.67541172483 645809.4485599332, -490846.37287874275 644877.1660631787, -491780.14117826393 644891.8833465986, -491765.4294106043 645824.1868240208))",1145
1146,61.21533203125,"POLYGON ((-490831.67541172483 645809.4485599332, -489897.9424155457 645794.7246283983, -489912.6255835211 644862.4630919287, -490846.37287874275 644877.1660631787, -490831.67541172483 645809.4485599332))",1146
1147,28.324172973632812,"POLYGON ((-489897.9424155457 645794.7246283983, -488964.2304016544 645780.0150278134, -488978.8992721855 644847.7744312484, -489912.6255835211 644862.4630919287, -489897.9424155457 645794.7246283983))",1147
1148,,"POLYGON ((-565615.9561525218 646099.9146532203, -564680.4638096273 646084.0615091299, -564696.2733048555 645150.0580494666, -565631.780059281 645165.8885940469, -565615.9561525218 646099.9146532203))",1148
1149,,"POLYGON ((-564680.4638096273 646084.0615091299, -563744.9940910046 646068.2228088983, -563760.7891764296 645134.2419281779, -564696.2733048555 645150.0580494666, -564680.4638096273 646084.0615091299))",1149
1150,,"POLYGON ((-563744.9940910046 646068.2228088983, -562809.5469760557 646052.3985507934, -562825.3276534055 645118.4402284517, -563760.7891764296 645134.2419281779, -563744.9940910046 646068.2228088983))",1150
1151,,"POLYGON ((-562809.5469760557 646052.3985507934, -561874.1224441859 646036.588733085, -561889.8887151859 645102.6529485597, -562825.3276534055 645118.4402284517, -562809.5469760557 646052.3985507934))",1151
1152,,"POLYGON ((-561874.1224441859 646036.588733085, -560938.7204748022 646020.7933540442, -560954.4723411761 645086.880086776, -561889.8887151859 645102.6529485597, -561874.1224441859 646036.588733085))",1152
1153,,"POLYGON ((-560938.7204748022 646020.7933540442, -560003.3410473145 646005.012411944, -560019.0785107848 645071.1216413755, -560954.4723411761 645086.880086776, -560938.7204748022 646020.7933540442))",1153
1154,,"POLYGON ((-560003.3410473145 646005.012411944, -559067.9841411349 645989.2459050594, -559083.7072034213 645055.3776106357, -560019.0785107848 645071.1216413755, -560003.3410473145 646005.012411944))",1154
1155,,"POLYGON ((-559067.9841411349 645989.2459050594, -558132.6497356775 645973.4938316664, -558148.3583984994 645039.6479928351, -559083.7072034213 645055.3776106357, -559067.9841411349 645989.2459050594))",1155
1156,,"POLYGON ((-558132.6497356775 645973.4938316664, -557197.3378103597 645957.7561900433, -557213.0320754347 645023.9327862544, -558148.3583984994 645039.6479928351, -558132.6497356775 645973.4938316664))",1156
1157,,"POLYGON ((-557197.3378103597 645957.7561900433, -556262.0483446007 645942.0329784699, -556277.7282136439 645008.2319891757, -557213.0320754347 645023.9327862544, -557197.3378103597 645957.7561900433))",1157
1158,,"POLYGON ((-556262.0483446007 645942.0329784699, -555326.7813178222 645926.3241952272, -555342.4467925478 644992.5455998825, -556277.7282136439 645008.2319891757, -556262.0483446007 645942.0329784699))",1158
1159,,"POLYGON ((-555326.7813178222 645926.3241952272, -554391.5367094481 645910.6298385989, -554407.187791568 644976.8736166605, -555342.4467925478 644992.5455998825, -555326.7813178222 645926.3241952272))",1159
1160,,"POLYGON ((-554391.5367094481 645910.6298385989, -553456.3144989051 645894.9499068692, -553471.9511901299 644961.2160377969, -554407.187791568 644976.8736166605, -554391.5367094481 645910.6298385989))",1160
1161,,"POLYGON ((-553456.3144989051 645894.9499068692, -552521.1146656221 645879.2843983248, -552536.73696766 644945.5728615803, -553471.9511901299 644961.2160377969, -553456.3144989051 645894.9499068692))",1161
1162,,"POLYGON ((-552521.1146656221 645879.2843983248, -551585.9371890295 645863.6333112537, -551601.5451035891 644929.9440863013, -552536.73696766 644945.5728615803, -552521.1146656221 645879.2843983248))",1162
1163,,"POLYGON ((-551585.9371890295 645863.6333112537, -550650.7820485621 645847.9966439458, -550666.3755773478 644914.3297102519, -551601.5451035891 644929.9440863013, -551585.9371890295 645863.6333112537))",1163
1164,,"POLYGON ((-550650.7820485621 645847.9966439458, -549715.6492236557 645832.3743946927, -549731.2283683713 644898.7297317262, -550666.3755773478 644914.3297102519, -550650.7820485621 645847.9966439458))",1164
1165,,"POLYGON ((-549715.6492236557 645832.3743946927, -548780.538693748 645816.766561787, -548796.1034560956 644883.1441490197, -549731.2283683713 644898.7297317262, -549715.6492236557 645832.3743946927))",1165
1166,,"POLYGON ((-548780.538693748 645816.766561787, -547845.45043828 645801.1731435241, -547861.0008199601 644867.5729604295, -548796.1034560956 644883.1441490197, -548780.538693748 645816.766561787))",1166
1167,,"POLYGON ((-547845.45043828 645801.1731435241, -546910.3844366949 645785.5941382002, -546925.9204394066 644852.0161642543, -547861.0008199601 644867.5729604295, -547845.45043828 645801.1731435241))",1167
1168,,"POLYGON ((-546910.3844366949 645785.5941382002, -545975.3406684384 645770.0295441134, -545990.8622938787 644836.4737587948, -546925.9204394066 644852.0161642543, -546910.3844366949 645785.5941382002))",1168
1169,,"POLYGON ((-545975.3406684384 645770.0295441134, -545040.3191129576 645754.4793595638, -545055.8263628223 644820.945742353, -545990.8622938787 644836.4737587948, -545975.3406684384 645770.0295441134))",1169
1170,,"POLYGON ((-545040.3191129576 645754.4793595638, -544105.3197497035 645738.9435828525, -544120.812625686 644805.432113233, -545055.8263628223 644820.945742353, -545040.3191129576 645754.4793595638))",1170
1171,,"POLYGON ((-544105.3197497035 645738.9435828525, -543170.3425581281 645723.4222122829, -543185.8210619205 644789.93286974, -544120.812625686 644805.432113233, -544105.3197497035 645738.9435828525))",1171
1172,,"POLYGON ((-543170.3425581281 645723.4222122829, -542235.3875176865 645707.91524616, -542250.8516509794 644774.4480101815, -543185.8210619205 644789.93286974, -543170.3425581281 645723.4222122829))",1172
1173,166.49783325195312,"POLYGON ((-542235.3875176865 645707.91524616, -541300.4546078359 645692.4226827899, -541315.9043723178 644758.9775328662, -542250.8516509794 644774.4480101815, -542235.3875176865 645707.91524616))",1173
1174,165.34068298339844,"POLYGON ((-541300.4546078359 645692.4226827899, -540365.5438080361 645676.9445204812, -540380.9792053945 644743.5214361046, -541315.9043723178 644758.9775328662, -541300.4546078359 645692.4226827899))",1174
1175,115.11492156982422,"POLYGON ((-540365.5438080361 645676.9445204812, -539430.655097749 645661.4807575435, -539446.0761296692 644728.079718209, -540380.9792053945 644743.5214361046, -540365.5438080361 645676.9445204812))",1175
1176,180.3987579345703,"POLYGON ((-539430.655097749 645661.4807575435, -538495.7884564388 645646.0313922883, -538511.1951246049 644712.6523774934, -539446.0761296692 644728.079718209, -539430.655097749 645661.4807575435))",1176
1177,366.3896484375,"POLYGON ((-538495.7884564388 645646.0313922883, -537560.9438635717 645630.5964230289, -537576.3361696658 644697.239412273, -538511.1951246049 644712.6523774934, -538495.7884564388 645646.0313922883))",1177
1178,456.9153747558594,"POLYGON ((-537560.9438635717 645630.5964230289, -536626.121298618 645615.1758480802, -536641.4992443202 644681.8408208651, -537576.3361696658 644697.239412273, -537560.9438635717 645630.5964230289))",1178
1179,411.00689697265625,"POLYGON ((-536626.121298618 645615.1758480802, -535691.3207410481 645599.7696657585, -535706.6843280374 644666.4566015886, -536641.4992443202 644681.8408208651, -536626.121298618 645615.1758480802))",1179
1180,293.9341125488281,"POLYGON ((-535691.3207410481 645599.7696657585, -534756.5421703355 645584.3778743821, -534771.8914002891 644651.0867527642, -535706.6843280374 644666.4566015886, -535691.3207410481 645599.7696657585))",1180
1181,182.0124053955078,"POLYGON ((-534756.5421703355 645584.3778743821, -533821.7855659572 645569.000472271, -533837.1204405501 644635.7312727139, -534771.8914002891 644651.0867527642, -534756.5421703355 645584.3778743821))",1181
1182,156.43719482421875,"POLYGON ((-533821.7855659572 645569.000472271, -532887.0509073904 645553.6374577464, -532902.3714282969 644620.3901597613, -533837.1204405501 644635.7312727139, -533821.7855659572 645569.000472271))",1182
1183,89.18258666992188,"POLYGON ((-532887.0509073904 645553.6374577464, -531952.3381741166 645538.288829132, -531967.6443430089 644605.0634122324, -532902.3714282969 644620.3901597613, -532887.0509073904 645553.6374577464))",1183
1184,74.80461883544922,"POLYGON ((-531952.3381741166 645538.288829132, -531017.6473456188 645522.9545847522, -531032.9391641669 644589.751028454, -531967.6443430089 644605.0634122324, -531952.3381741166 645538.288829132))",1184
1185,78.39122772216797,"POLYGON ((-531017.6473456188 645522.9545847522, -530082.9784013815 645507.6347229335, -530098.2558712548 644574.4530067551, -531032.9391641669 644589.751028454, -531017.6473456188 645522.9545847522))",1185
1186,119.19426727294922,"POLYGON ((-530082.9784013815 645507.6347229335, -529148.3313208933 645492.3292420043, -529163.5944437587 644559.1693454663, -530098.2558712548 644574.4530067551, -530082.9784013815 645507.6347229335))",1186
1187,126.7906723022461,"POLYGON ((-529148.3313208933 645492.3292420043, -528213.7060836433 645477.0381402945, -528228.9548611671 644543.9000429197, -529163.5944437587 644559.1693454663, -529148.3313208933 645492.3292420043))",1187
1188,114.96379852294922,"POLYGON ((-528213.7060836433 645477.0381402945, -527279.102669125 645461.7614161354, -527294.3371029702 644528.6450974491, -528228.9548611671 644543.9000429197, -528213.7060836433 645477.0381402945))",1188
1189,98.0309066772461,"POLYGON ((-527279.102669125 645461.7614161354, -526344.5210568326 645446.4990678603, -526359.7411486612 644513.4045073896, -527294.3371029702 644528.6450974491, -527279.102669125 645461.7614161354))",1189
1190,168.58851623535156,"POLYGON ((-526344.5210568326 645446.4990678603, -525409.9612262622 645431.2510938039, -525425.1669777356 644498.1782710791, -526359.7411486612 644513.4045073896, -526344.5210568326 645446.4990678603))",1190
1191,149.33099365234375,"POLYGON ((-525409.9612262622 645431.2510938039, -524475.4231569141 645416.0174923028, -524490.6145696907 644482.9663868558, -525425.1669777356 644498.1782710791, -525409.9612262622 645431.2510938039))",1191
1192,86.0953598022461,"POLYGON ((-524475.4231569141 645416.0174923028, -523540.90682828974 645400.7982616952, -523556.08390402654 644467.7688530606, -524490.6145696907 644482.9663868558, -524475.4231569141 645416.0174923028))",1192
1193,185.01101684570312,"POLYGON ((-523540.90682828974 645400.7982616952, -522606.412219892 645385.593400321, -522621.57496024505 644452.5856680351, -523556.08390402654 644467.7688530606, -523540.90682828974 645400.7982616952))",1193
1194,274.5457458496094,"POLYGON ((-522606.412219892 645385.593400321, -521671.93931122834 645370.4029065212, -521687.08771785104 644437.4168301235, -522621.57496024505 644452.5856680351, -522606.412219892 645385.593400321))",1194
1195,341.2914733886719,"POLYGON ((-521671.93931122834 645370.4029065212, -520737.4880818069 645355.2267786396, -520752.6221563518 644422.2623376711, -521687.08771785104 644437.4168301235, -521671.93931122834 645370.4029065212))",1195
1196,362.2859802246094,"POLYGON ((-520737.4880818069 645355.2267786396, -519803.05851113796 645340.0650150204, -519818.17825525557 644407.1221890252, -520752.6221563518 644422.2623376711, -520737.4880818069 645355.2267786396))",1196
1197,287.71478271484375,"POLYGON ((-519803.05851113796 645340.0650150204, -518868.65057873516 645324.9176140106, -518883.7559940743 644391.9963825342, -519818.17825525557 644407.1221890252, -519803.05851113796 645340.0650150204))",1197
1198,256.704345703125,"POLYGON ((-518868.65057873516 645324.9176140106, -517934.2642641136 645309.7845739579, -517949.35535232164 644376.8849165486, -518883.7559940743 644391.9963825342, -518868.65057873516 645324.9176140106))",1198
1199,331.7631530761719,"POLYGON ((-517934.2642641136 645309.7845739579, -516999.899546791 645294.6658932123, -517014.976309514 644361.7877894207, -517949.35535232164 644376.8849165486, -517934.2642641136 645309.7845739579))",1199
1200,240.44473266601562,"POLYGON ((-516999.899546791 645294.6658932123, -516065.5564062878 645279.5615701252, -516080.61884516897 644346.7049995041, -517014.976309514 644361.7877894207, -516999.899546791 645294.6658932123))",1200
1201,146.4841766357422,"POLYGON ((-516065.5564062878 645279.5615701252, -515131.2348221252 645264.4716030495, -515146.28293880774 644331.6365451539, -516080.61884516897 644346.7049995041, -516065.5564062878 645279.5615701252))",1201
1202,72.93656158447266,"POLYGON ((-515131.2348221252 645264.4716030495, -514196.93477382907 645249.3959903403, -514211.9685699531 644316.5824247279, -515146.28293880774 644331.6365451539, -515131.2348221252 645264.4716030495))",1202
1203,46.98152542114258,"POLYGON ((-514196.93477382907 645249.3959903403, -513262.6562409251 645234.3347303538, -513277.67571812985 644301.5426365839, -514211.9685699531 644316.5824247279, -514196.93477382907 645249.3959903403))",1203
1204,125.3224868774414,"POLYGON ((-513262.6562409251 645234.3347303538, -512328.3992029433 645219.2878214481, -512343.4043628662 644286.5171790826, -513277.67571812985 644301.5426365839, -513262.6562409251 645234.3347303538))",1204
1205,183.01881408691406,"POLYGON ((-512328.3992029433 645219.2878214481, -511394.1636394148 645204.2552619826, -511409.1544836912 644271.5060505862, -512343.4043628662 644286.5171790826, -512328.3992029433 645219.2878214481))",1205
1206,124.08650970458984,"POLYGON ((-511394.1636394148 645204.2552619826, -510459.949529873 645189.2370503193, -510474.92606013734 644256.509249458, -511409.1544836912 644271.5060505862, -511394.1636394148 645204.2552619826))",1206
1207,154.68609619140625,"POLYGON ((-510459.949529873 645189.2370503193, -509525.7568538543 645174.2331848207, -509540.71907173865 644241.5267740634, -510474.92606013734 644256.509249458, -510459.949529873 645189.2370503193))",1207
1208,179.0220184326172,"POLYGON ((-509525.7568538543 645174.2331848207, -508591.5855908968 645159.2436638519, -508606.53349803213 644226.5586227695, -509540.71907173865 644241.5267740634, -509525.7568538543 645174.2331848207))",1208
1209,107.7027816772461,"POLYGON ((-508591.5855908968 645159.2436638519, -507657.43572054047 645144.2684857788, -507672.3693185558 644211.6047939449, -508606.53349803213 644226.5586227695, -508591.5855908968 645159.2436638519))",1209
1210,142.62432861328125,"POLYGON ((-507657.43572054047 645144.2684857788, -506723.3072223293 645129.3076489696, -506738.2265128518 644196.6652859597, -507672.3693185558 644211.6047939449, -507657.43572054047 645144.2684857788))",1210
1211,190.32366943359375,"POLYGON ((-506723.3072223293 645129.3076489696, -505789.20007580693 645114.3611517941, -505804.1050604632 644181.7400971858, -506738.2265128518 644196.6652859597, -506723.3072223293 645129.3076489696))",1211
1212,225.71678161621094,"POLYGON ((-505789.20007580693 645114.3611517941, -504855.1142605217 645099.4289926233, -504870.0049409352 644166.829225997, -505804.1050604632 644181.7400971858, -505789.20007580693 645114.3611517941))",1212
1213,253.16595458984375,"POLYGON ((-504855.1142605217 645099.4289926233, -503921.049756023 645084.5111698305, -503935.9261338165 644151.9326707682, -504870.0049409352 644166.829225997, -504855.1142605217 645099.4289926233))",1213
1214,187.04876708984375,"POLYGON ((-503921.049756023 645084.5111698305, -502987.0065418625 645069.60768179, -503001.8686186569 644137.0504298764, -503935.9261338165 644151.9326707682, -503921.049756023 645084.5111698305))",1214
1215,91.09349822998047,"POLYGON ((-502987.0065418625 645069.60768179, -502052.98459759424 645054.7185268782, -502067.83237500873 644122.1825017002, -503001.8686186569 644137.0504298764, -502987.0065418625 645069.60768179))",1215
1216,108.76580047607422,"POLYGON ((-502052.98459759424 645054.7185268782, -501118.98390277475 645039.8437034729, -501133.81738242705 644107.3288846198, -502067.83237500873 644122.1825017002, -502052.98459759424 645054.7185268782))",1216
1217,113.13346099853516,"POLYGON ((-501118.98390277475 645039.8437034729, -500185.0044369624 645024.9832099536, -500199.8236204678 644092.4895770166, -501133.81738242705 644107.3288846198, -501118.98390277475 645039.8437034729))",1217
1218,95.84669494628906,"POLYGON ((-500185.0044369624 645024.9832099536, -499251.046179718 645010.1370447017, -499265.85106869217 644077.6645772742, -500199.8236204678 644092.4895770166, -500185.0044369624 645024.9832099536))",1218
1219,92.12622833251953,"POLYGON ((-499251.046179718 645010.1370447017, -498317.10911060555 644995.3052061, -498331.8997066594 644062.8538837782, -499265.85106869217 644077.6645772742, -499251.046179718 645010.1370447017))",1219
1220,76.9944839477539,"POLYGON ((-498317.10911060555 644995.3052061, -497383.193209189 644980.487692533, -497397.9695139349 644048.0574949147, -498331.8997066594 644062.8538837782, -498317.10911060555 644995.3052061))",1220
1221,90.14615631103516,"POLYGON ((-497383.193209189 644980.487692533, -496449.2984550372 644965.6845023867, -496464.06047008384 644033.2754090725, -497397.9695139349 644048.0574949147, -497383.193209189 644980.487692533))",1221
1222,140.40426635742188,"POLYGON ((-496449.2984550372 644965.6845023867, -495515.4248277192 644950.8956340491, -495530.17255467444 644018.5076246414, -496464.06047008384 644033.2754090725, -496449.2984550372 644965.6845023867))",1222
1223,201.92018127441406,"POLYGON ((-495515.4248277192 644950.8956340491, -494581.57230680715 644936.1210859095, -494596.30574727734 644003.7541400132, -495530.17255467444 644018.5076246414, -495515.4248277192 644950.8956340491))",1223
1224,185.1336669921875,"POLYGON ((-494581.57230680715 644936.1210859095, -493647.7408718765 644921.3608563592, -493662.4600274655 643989.0149535813, -494596.30574727734 644003.7541400132, -494581.57230680715 644936.1210859095))",1224
1225,181.95945739746094,"POLYGON ((-493647.7408718765 644921.3608563592, -492713.93050250225 644906.6149437907, -492728.6353748129 643974.2900637403, -493662.4600274655 643989.0149535813, -493647.7408718765 644921.3608563592))",1225
1226,177.37147521972656,"POLYGON ((-492713.93050250225 644906.6149437907, -491780.14117826393 644891.8833465986, -491794.83176889794 643959.5794688874, -492728.6353748129 643974.2900637403, -492713.93050250225 644906.6149437907))",1226
1227,122.83409118652344,"POLYGON ((-491780.14117826393 644891.8833465986, -490846.37287874275 644877.1660631787, -490861.04918929865 643944.8831674205, -491794.83176889794 643959.5794688874, -491780.14117826393 644891.8833465986))",1227
1228,71.41217041015625,"POLYGON ((-490846.37287874275 644877.1660631787, -489912.6255835211 644862.4630919287, -489927.2876155977 643930.2011577395, -490861.04918929865 643944.8831674205, -490846.37287874275 644877.1660631787))",1228
1229,35.95112609863281,"POLYGON ((-489912.6255835211 644862.4630919287, -488978.8992721855 644847.7744312484, -488993.5470273786 643915.533438246, -489927.2876155977 643930.2011577395, -489912.6255835211 644862.4630919287))",1229
1230,,"POLYGON ((-565631.780059281 645165.8885940469, -564696.2733048555 645150.0580494666, -564712.0600115245 644216.054085838, -565647.5811567316 644231.8620295184, -565631.780059281 645165.8885940469))",1230
1231,,"POLYGON ((-564696.2733048555 645150.0580494666, -563760.7891764296 645134.2419281779, -563776.5614940436 644200.2605448811, -564712.0600115245 644216.054085838, -564696.2733048555 645150.0580494666))",1231
1232,,"POLYGON ((-563760.7891764296 645134.2419281779, -562825.3276534055 645118.4402284517, -562841.0855836885 644184.4814049208, -563776.5614940436 644200.2605448811, -563760.7891764296 645134.2419281779))",1232
1233,,"POLYGON ((-562825.3276534055 645118.4402284517, -561889.8887151859 645102.6529485597, -561905.6322598611 644168.7166642315, -562841.0855836885 644184.4814049208, -562825.3276534055 645118.4402284517))",1233
1234,,"POLYGON ((-561889.8887151859 645102.6529485597, -560954.4723411761 645086.880086776, -560970.2015019658 644152.9663210892, -561905.6322598611 644168.7166642315, -561889.8887151859 645102.6529485597))",1234
1235,,"POLYGON ((-560954.4723411761 645086.880086776, -560019.0785107848 645071.1216413755, -560034.7932894081 644137.2303737717, -560970.2015019658 644152.9663210892, -560954.4723411761 645086.880086776))",1235
1236,,"POLYGON ((-560019.0785107848 645071.1216413755, -559083.7072034213 645055.3776106357, -559099.4076015975 644121.5088205587, -560034.7932894081 644137.2303737717, -560019.0785107848 645071.1216413755))",1236
1237,,"POLYGON ((-559083.7072034213 645055.3776106357, -558148.3583984994 645039.6479928351, -558164.0444179443 644105.8016597311, -559099.4076015975 644121.5088205587, -559083.7072034213 645055.3776106357))",1237
1238,,"POLYGON ((-558148.3583984994 645039.6479928351, -557213.0320754347 645023.9327862544, -557228.7037178625 644090.1088895719, -558164.0444179443 644105.8016597311, -558148.3583984994 645039.6479928351))",1238
1239,,"POLYGON ((-557213.0320754347 645023.9327862544, -556277.7282136439 645008.2319891757, -556293.3854807683 644074.4305083654, -557228.7037178625 644090.1088895719, -557213.0320754347 645023.9327862544))",1239
1240,,"POLYGON ((-556277.7282136439 645008.2319891757, -555342.4467925478 644992.5455998825, -555358.0896860796 644058.7665143982, -556293.3854807683 644074.4305083654, -556277.7282136439 645008.2319891757))",1240
1241,,"POLYGON ((-555342.4467925478 644992.5455998825, -554407.187791568 644976.8736166605, -554422.8163132176 644043.1169059578, -555358.0896860796 644058.7665143982, -555342.4467925478 644992.5455998825))",1241
1242,,"POLYGON ((-554407.187791568 644976.8736166605, -553471.9511901299 644961.2160377969, -553487.5653416056 644027.4816813337, -554422.8163132176 644043.1169059578, -554407.187791568 644976.8736166605))",1242
1243,,"POLYGON ((-553471.9511901299 644961.2160377969, -552536.73696766 644945.5728615803, -552552.3367506675 644011.8608388173, -553487.5653416056 644027.4816813337, -553471.9511901299 644961.2160377969))",1243
1244,,"POLYGON ((-552536.73696766 644945.5728615803, -551601.5451035891 644929.9440863013, -551617.1305198334 643996.2543767013, -552552.3367506675 644011.8608388173, -552536.73696766 644945.5728615803))",1244
1245,,"POLYGON ((-551601.5451035891 644929.9440863013, -550666.3755773478 644914.3297102519, -550681.9466285324 643980.6622932802, -551617.1305198334 643996.2543767013, -551601.5451035891 644929.9440863013))",1245
1246,,"POLYGON ((-550666.3755773478 644914.3297102519, -549731.2283683713 644898.7297317262, -549746.7850561966 643965.0845868505, -550681.9466285324 643980.6622932802, -550666.3755773478 644914.3297102519))",1246
1247,,"POLYGON ((-549731.2283683713 644898.7297317262, -548796.1034560956 644883.1441490197, -548811.6457822621 643949.5212557098, -549746.7850561966 643965.0845868505, -549731.2283683713 644898.7297317262))",1247
1248,,"POLYGON ((-548796.1034560956 644883.1441490197, -547861.0008199601 644867.5729604295, -547876.5287861663 643933.9722981578, -548811.6457822621 643949.5212557098, -548796.1034560956 644883.1441490197))",1248
1249,,"POLYGON ((-547861.0008199601 644867.5729604295, -546925.9204394066 644852.0161642543, -546941.4340473484 643918.4377124954, -547876.5287861663 643933.9722981578, -547861.0008199601 644867.5729604295))",1249
1250,,"POLYGON ((-546925.9204394066 644852.0161642543, -545990.8622938787 644836.4737587948, -546006.3615452505 643902.9174970259, -546941.4340473484 643918.4377124954, -546925.9204394066 644852.0161642543))",1250
1251,,"POLYGON ((-545990.8622938787 644836.4737587948, -545055.8263628223 644820.945742353, -545071.3112593176 643887.4116500535, -546006.3615452505 643902.9174970259, -545990.8622938787 644836.4737587948))",1251
1252,,"POLYGON ((-545055.8263628223 644820.945742353, -544120.812625686 644805.432113233, -544136.2831689959 643871.9201698846, -545071.3112593176 643887.4116500535, -545055.8263628223 644820.945742353))",1252
1253,,"POLYGON ((-544120.812625686 644805.432113233, -543185.8210619205 644789.93286974, -543201.2772537352 643856.443054827, -544136.2831689959 643871.9201698846, -544120.812625686 644805.432113233))",1253
1254,124.6429443359375,"POLYGON ((-543185.8210619205 644789.93286974, -542250.8516509794 644774.4480101815, -542266.2934929869 643840.9803031905, -543201.2772537352 643856.443054827, -543185.8210619205 644789.93286974))",1254
1255,225.14105224609375,"POLYGON ((-542250.8516509794 644774.4480101815, -541315.9043723178 644758.9775328662, -541331.3318662045 643825.531913286, -542266.2934929869 643840.9803031905, -542250.8516509794 644774.4480101815))",1255
1256,248.21328735351562,"POLYGON ((-541315.9043723178 644758.9775328662, -540380.9792053945 644743.5214361046, -540396.3923528448 643810.0978834264, -541331.3318662045 643825.531913286, -541315.9043723178 644758.9775328662))",1256
1257,229.83226013183594,"POLYGON ((-540380.9792053945 644743.5214361046, -539446.0761296692 644728.079718209, -539461.4749323667 643794.6782119264, -540396.3923528448 643810.0978834264, -540380.9792053945 644743.5214361046))",1257
1258,306.3451843261719,"POLYGON ((-539446.0761296692 644728.079718209, -538511.1951246049 644712.6523774934, -538526.5795842308 643779.2728971019, -539461.4749323667 643794.6782119264, -539446.0761296692 644728.079718209))",1258
1259,357.9750061035156,"POLYGON ((-538511.1951246049 644712.6523774934, -537576.3361696658 644697.239412273, -537591.7062878998 643763.8819372711, -538526.5795842308 643779.2728971019, -538511.1951246049 644712.6523774934))",1259
1260,414.48974609375,"POLYGON ((-537576.3361696658 644697.239412273, -536641.4992443202 644681.8408208651, -536656.8550228407 643748.5053307536, -537591.7062878998 643763.8819372711, -537576.3361696658 644697.239412273))",1260
1261,426.7774963378906,"POLYGON ((-536641.4992443202 644681.8408208651, -535706.6843280374 644666.4566015886, -535722.0257685207 643733.1430758701, -536656.8550228407 643748.5053307536, -536641.4992443202 644681.8408208651))",1261
1262,329.1636962890625,"POLYGON ((-535706.6843280374 644666.4566015886, -534771.8914002891 644651.0867527642, -534787.21850441 643717.795170944, -535722.0257685207 643733.1430758701, -535706.6843280374 644666.4566015886))",1262
1263,291.2479248046875,"POLYGON ((-534771.8914002891 644651.0867527642, -533837.1204405501 644635.7312727139, -533852.4332099815 643702.4616142994, -534787.21850441 643717.795170944, -534771.8914002891 644651.0867527642))",1263
1264,247.6319580078125,"POLYGON ((-533837.1204405501 644635.7312727139, -532902.3714282969 644620.3901597613, -532917.6698647104 643687.1424042628, -533852.4332099815 643702.4616142994, -533837.1204405501 644635.7312727139))",1264
1265,134.8004608154297,"POLYGON ((-532902.3714282969 644620.3901597613, -531967.6443430089 644605.0634122324, -531982.9284480745 643671.8375391619, -532917.6698647104 643687.1424042628, -532902.3714282969 644620.3901597613))",1265
1266,107.53695678710938,"POLYGON ((-531967.6443430089 644605.0634122324, -531032.9391641669 644589.751028454, -531048.2089395528 643656.5470173262, -531982.9284480745 643671.8375391619, -531967.6443430089 644605.0634122324))",1266
1267,105.77674865722656,"POLYGON ((-531032.9391641669 644589.751028454, -530098.2558712548 644574.4530067551, -530113.5113186272 643641.270837087, -531048.2089395528 643656.5470173262, -531032.9391641669 644589.751028454))",1267
1268,98.04273223876953,"POLYGON ((-530098.2558712548 644574.4530067551, -529163.5944437587 644559.1693454663, -529178.8355647826 643626.0089967768, -530113.5113186272 643641.270837087, -530098.2558712548 644574.4530067551))",1268
1269,142.37448120117188,"POLYGON ((-529163.5944437587 644559.1693454663, -528228.9548611671 644543.9000429197, -528244.1816575051 643610.7614947302, -529178.8355647826 643626.0089967768, -529163.5944437587 644559.1693454663))",1269
1270,147.6798858642578,"POLYGON ((-528228.9548611671 644543.9000429197, -527294.3371029702 644528.6450974491, -527309.5495762848 643595.5283292836, -528244.1816575051 643610.7614947302, -528228.9548611671 644543.9000429197))",1270
1271,115.83470916748047,"POLYGON ((-527294.3371029702 644528.6450974491, -526359.7411486612 644513.4045073896, -526374.9393006116 643580.3094987747, -527309.5495762848 643595.5283292836, -527294.3371029702 644528.6450974491))",1271
1272,126.2157974243164,"POLYGON ((-526359.7411486612 644513.4045073896, -525425.1669777356 644498.1782710791, -525440.3508099804 643565.1050015427, -526374.9393006116 643580.3094987747, -526359.7411486612 644513.4045073896))",1272
1273,140.4657440185547,"POLYGON ((-525425.1669777356 644498.1782710791, -524490.6145696907 644482.9663868558, -524505.7840838863 643549.9148359289, -525440.3508099804 643565.1050015427, -525425.1669777356 644498.1782710791))",1273
1274,125.64006042480469,"POLYGON ((-524490.6145696907 644482.9663868558, -523556.08390402654 644467.7688530606, -523571.2391018277 643534.7390002762, -524505.7840838863 643549.9148359289, -524490.6145696907 644482.9663868558))",1274
1275,201.57810974121094,"POLYGON ((-523556.08390402654 644467.7688530606, -522621.57496024505 644452.5856680351, -522636.7158433051 643519.5774929288, -523571.2391018277 643534.7390002762, -523556.08390402654 644467.7688530606))",1275
1276,318.4913024902344,"POLYGON ((-522621.57496024505 644452.5856680351, -521687.08771785104 644437.4168301235, -521702.2142878218 643504.4303122328, -522636.7158433051 643519.5774929288, -522621.57496024505 644452.5856680351))",1276
1277,385.01513671875,"POLYGON ((-521687.08771785104 644437.4168301235, -520752.6221563518 644422.2623376711, -520767.7344148831 643489.2974565362, -521702.2142878218 643504.4303122328, -521687.08771785104 644437.4168301235))",1277
1278,388.2528991699219,"POLYGON ((-520752.6221563518 644422.2623376711, -519818.17825525557 644407.1221890252, -519833.27620399545 643474.178924188, -520767.7344148831 643489.2974565362, -520752.6221563518 644422.2623376711))",1278
1279,321.3668518066406,"POLYGON ((-519818.17825525557 644407.1221890252, -518883.7559940743 644391.9963825342, -518898.8396346697 643459.0747135396, -519833.27620399545 643474.178924188, -519818.17825525557 644407.1221890252))",1279
1280,316.0979919433594,"POLYGON ((-518883.7559940743 644391.9963825342, -517949.35535232164 644376.8849165486, -517964.42468641757 643443.9848229435, -518898.8396346697 643459.0747135396, -518883.7559940743 644391.9963825342))",1280
1281,342.2125244140625,"POLYGON ((-517949.35535232164 644376.8849165486, -517014.976309514 644361.7877894207, -517030.0313387534 643428.9092507542, -517964.42468641757 643443.9848229435, -517949.35535232164 644376.8849165486))",1281
1282,174.10296630859375,"POLYGON ((-517014.976309514 644361.7877894207, -516080.61884516897 644346.7049995041, -516095.65957119374 643413.8479953276, -517030.0313387534 643428.9092507542, -517014.976309514 644361.7877894207))",1282
1283,136.78797912597656,"POLYGON ((-516080.61884516897 644346.7049995041, -515146.28293880774 644331.6365451539, -515161.3093632576 643398.8010550214, -516095.65957119374 643413.8479953276, -516080.61884516897 644346.7049995041))",1283
1284,100.4486312866211,"POLYGON ((-515146.28293880774 644331.6365451539, -514211.9685699531 644316.5824247279, -514226.9806944665 643383.7684281948, -515161.3093632576 643398.8010550214, -515146.28293880774 644331.6365451539))",1284
1285,47.098670959472656,"POLYGON ((-514211.9685699531 644316.5824247279, -513277.67571812985 644301.5426365839, -513292.67354434426 643368.750113209, -514226.9806944665 643383.7684281948, -514211.9685699531 644316.5824247279))",1285
1286,98.70274353027344,"POLYGON ((-513277.67571812985 644301.5426365839, -512343.4043628662 644286.5171790826, -512358.38789241575 643353.7461084265, -513292.67354434426 643368.750113209, -513277.67571812985 644301.5426365839))",1286
1287,157.8408966064453,"POLYGON ((-512343.4043628662 644286.5171790826, -511409.1544836912 644271.5060505862, -511424.1237182097 643338.7564122115, -512358.38789241575 643353.7461084265, -512343.4043628662 644286.5171790826))",1287
1288,169.4945526123047,"POLYGON ((-511409.1544836912 644271.5060505862, -510474.92606013734 644256.509249458, -510489.8810012565 643323.78102293, -511424.1237182097 643338.7564122115, -511409.1544836912 644271.5060505862))",1288
1289,249.03823852539062,"POLYGON ((-510474.92606013734 644256.509249458, -509540.71907173865 644241.5267740634, -509555.6597210887 643308.8199389497, -510489.8810012565 643323.78102293, -510474.92606013734 644256.509249458))",1289
1290,261.06195068359375,"POLYGON ((-509540.71907173865 644241.5267740634, -508606.53349803213 644226.5586227695, -508621.45985724125 643293.8731586396, -509555.6597210887 643308.8199389497, -509540.71907173865 644241.5267740634))",1290
1291,213.09840393066406,"POLYGON ((-508606.53349803213 644226.5586227695, -507672.3693185558 644211.6047939449, -507687.281389251 643278.9406803707, -508621.45985724125 643293.8731586396, -508606.53349803213 644226.5586227695))",1291
1292,187.09962463378906,"POLYGON ((-507672.3693185558 644211.6047939449, -506738.2265128518 644196.6652859597, -506753.1242966587 643264.0225025155, -507687.281389251 643278.9406803707, -507672.3693185558 644211.6047939449))",1292
1293,187.40286254882812,"POLYGON ((-506738.2265128518 644196.6652859597, -505804.1050604632 644181.7400971858, -505818.9885590045 643249.1186234481, -506753.1242966587 643264.0225025155, -506738.2265128518 644196.6652859597))",1293
1294,226.1819305419922,"POLYGON ((-505804.1050604632 644181.7400971858, -504870.0049409352 644166.829225997, -504884.8741558336 643234.2290415445, -505818.9885590045 643249.1186234481, -505804.1050604632 644181.7400971858))",1294
1295,310.47918701171875,"POLYGON ((-504870.0049409352 644166.829225997, -503935.9261338165 644151.9326707682, -503950.78106669174 643219.3537551818, -504884.8741558336 643234.2290415445, -504870.0049409352 644166.829225997))",1295
1296,338.5288391113281,"POLYGON ((-503935.9261338165 644151.9326707682, -503001.8686186569 644137.0504298764, -503016.7092711275 643204.4927627397, -503950.78106669174 643219.3537551818, -503935.9261338165 644151.9326707682))",1296
1297,264.1354675292969,"POLYGON ((-503001.8686186569 644137.0504298764, -502067.83237500873 644122.1825017002, -502082.6587486919 643189.6460625984, -503016.7092711275 643204.4927627397, -503001.8686186569 644137.0504298764))",1297
1298,147.50657653808594,"POLYGON ((-502067.83237500873 644122.1825017002, -501133.81738242705 644107.3288846198, -501148.62947893783 643174.8136531407, -502082.6587486919 643189.6460625984, -502067.83237500873 644122.1825017002))",1298
1299,121.20979309082031,"POLYGON ((-501133.81738242705 644107.3288846198, -500199.8236204678 644092.4895770166, -500214.62144142075 643159.9955327503, -501148.62947893783 643174.8136531407, -501133.81738242705 644107.3288846198))",1299
1300,111.94727325439453,"POLYGON ((-500199.8236204678 644092.4895770166, -499265.85106869217 644077.6645772742, -499280.63461569743 643145.1916998131, -500214.62144142075 643159.9955327503, -500199.8236204678 644092.4895770166))",1300
1301,102.160888671875,"POLYGON ((-499265.85106869217 644077.6645772742, -498331.8997066594 644062.8538837782, -498346.66898132896 643130.4021527165, -499280.63461569743 643145.1916998131, -499265.85106869217 644077.6645772742))",1301
1302,103.03104400634766,"POLYGON ((-498331.8997066594 644062.8538837782, -497397.9695139349 644048.0574949147, -497412.72451787745 643115.6268898493, -498346.66898132896 643130.4021527165, -498331.8997066594 644062.8538837782))",1302
1303,127.06015014648438,"POLYGON ((-497397.9695139349 644048.0574949147, -496464.06047008384 644033.2754090725, -496478.8012049056 643100.8659096025, -497412.72451787745 643115.6268898493, -497397.9695139349 644048.0574949147))",1303
1304,165.4356231689453,"POLYGON ((-496464.06047008384 644033.2754090725, -495530.17255467444 644018.5076246414, -495544.89902198175 643086.119210368, -496478.8012049056 643100.8659096025, -496464.06047008384 644033.2754090725))",1304
1305,186.25827026367188,"POLYGON ((-495530.17255467444 644018.5076246414, -494596.30574727734 644003.7541400132, -494611.01794867346 643071.3867905398, -495544.89902198175 643086.119210368, -495530.17255467444 644018.5076246414))",1305
1306,151.60696411132812,"POLYGON ((-494596.30574727734 644003.7541400132, -493662.4600274655 643989.0149535813, -493677.15796455217 643056.6686485135, -494611.01794867346 643071.3867905398, -494596.30574727734 644003.7541400132))",1306
1307,130.55690002441406,"POLYGON ((-493662.4600274655 643989.0149535813, -492728.6353748129 643974.2900637403, -492743.3190491912 643041.9647826863, -493677.15796455217 643056.6686485135, -493662.4600274655 643989.0149535813))",1307
1308,109.0344467163086,"POLYGON ((-492728.6353748129 643974.2900637403, -491794.83176889794 643959.5794688874, -491809.50118216686 643027.2751914571, -492743.3190491912 643041.9647826863, -492728.6353748129 643974.2900637403))",1308
1309,100.73501586914062,"POLYGON ((-491794.83176889794 643959.5794688874, -490861.04918929865 643944.8831674205, -490875.7043430557 643012.5998732265, -491809.50118216686 643027.2751914571, -491794.83176889794 643959.5794688874))",1309
1310,80.62640380859375,"POLYGON ((-490861.04918929865 643944.8831674205, -489927.2876155977 643930.2011577395, -489941.92851143784 642997.9388263961, -490875.7043430557 643012.5998732265, -490861.04918929865 643944.8831674205))",1310
1311,59.933311462402344,"POLYGON ((-489927.2876155977 643930.2011577395, -488993.5470273786 643915.533438246, -489008.17366689595 642983.2920493706, -489941.92851143784 642997.9388263961, -489927.2876155977 643930.2011577395))",1311
1312,,"POLYGON ((-565647.5811567316 644231.8620295184, -564712.0600115245 644216.054085838, -564727.8239292621 643282.0496189633, -565663.3594445013 643297.8349603555, -565647.5811567316 644231.8620295184))",1312
1313,,"POLYGON ((-564712.0600115245 644216.054085838, -563776.5614940436 644200.2605448811, -563792.3110434739 643266.278659725, -564727.8239292621 643282.0496189633, -564712.0600115245 644216.054085838))",1313
1314,,"POLYGON ((-563776.5614940436 644200.2605448811, -562841.0855836885 644184.4814049208, -562856.8207665344 643250.522080916, -563792.3110434739 643266.278659725, -563776.5614940436 644200.2605448811))",1314
1315,,"POLYGON ((-562841.0855836885 644184.4814049208, -561905.6322598611 644168.7166642315, -561921.3530778431 643234.7798808132, -562856.8207665344 643250.522080916, -562841.0855836885 644184.4814049208))",1315
1316,,"POLYGON ((-561905.6322598611 644168.7166642315, -560970.2015019658 644152.9663210892, -560985.9079568025 643219.0520576952, -561921.3530778431 643234.7798808132, -561905.6322598611 644168.7166642315))",1316
1317,,"POLYGON ((-560970.2015019658 644152.9663210892, -560034.7932894081 644137.2303737717, -560050.4853828165 643203.3386098419, -560985.9079568025 643219.0520576952, -560970.2015019658 644152.9663210892))",1317
1318,,"POLYGON ((-560034.7932894081 644137.2303737717, -559099.4076015975 644121.5088205587, -559115.0853352936 643187.6395355355, -560050.4853828165 643203.3386098419, -560034.7932894081 644137.2303737717))",1318
1319,,"POLYGON ((-559099.4076015975 644121.5088205587, -558164.0444179443 644105.8016597311, -558179.7077936425 643171.9548330595, -559115.0853352936 643187.6395355355, -559099.4076015975 644121.5088205587))",1319
1320,,"POLYGON ((-558164.0444179443 644105.8016597311, -557228.7037178625 644090.1088895719, -557244.352737275 643156.2845006989, -558179.7077936425 643171.9548330595, -558164.0444179443 644105.8016597311))",1320
1321,,"POLYGON ((-557228.7037178625 644090.1088895719, -556293.3854807683 644074.4305083654, -556309.0201456053 643140.6285367409, -557244.352737275 643156.2845006989, -557228.7037178625 644090.1088895719))",1321
1322,,"POLYGON ((-556293.3854807683 644074.4305083654, -555358.0896860796 644058.7665143982, -555373.7099980509 643124.9869394739, -556309.0201456053 643140.6285367409, -556293.3854807683 644074.4305083654))",1322
1323,,"POLYGON ((-555358.0896860796 644058.7665143982, -554422.8163132176 644043.1169059578, -554438.4222740303 643109.3597071881, -555373.7099980509 643124.9869394739, -555358.0896860796 644058.7665143982))",1323
1324,,"POLYGON ((-554422.8163132176 644043.1169059578, -553487.5653416056 644027.4816813337, -553503.1569529646 643093.7468381756, -554438.4222740303 643109.3597071881, -554422.8163132176 644043.1169059578))",1324
1325,,"POLYGON ((-553487.5653416056 644027.4816813337, -552552.3367506675 644011.8608388173, -552567.914014278 643078.1483307296, -553503.1569529646 643093.7468381756, -553487.5653416056 644027.4816813337))",1325
1326,,"POLYGON ((-552552.3367506675 644011.8608388173, -551617.1305198334 643996.2543767013, -551632.6934373972 643062.5641831455, -552567.914014278 643078.1483307296, -552552.3367506675 644011.8608388173))",1326
1327,,"POLYGON ((-551617.1305198334 643996.2543767013, -550681.9466285324 643980.6622932802, -550697.4952017497 643046.9943937205, -551632.6934373972 643062.5641831455, -551617.1305198334 643996.2543767013))",1327
1328,,"POLYGON ((-550681.9466285324 643980.6622932802, -549746.7850561966 643965.0845868505, -549762.3192867676 643031.4389607529, -550697.4952017497 643046.9943937205, -550681.9466285324 643980.6622932802))",1328
1329,,"POLYGON ((-549746.7850561966 643965.0845868505, -548811.6457822621 643949.5212557098, -548827.1656718838 643015.8978825429, -549762.3192867676 643031.4389607529, -549746.7850561966 643965.0845868505))",1329
1330,,"POLYGON ((-548811.6457822621 643949.5212557098, -547876.5287861663 643933.9722981578, -547892.0343365339 643000.3711573927, -548827.1656718838 643015.8978825429, -548811.6457822621 643949.5212557098))",1330
1331,,"POLYGON ((-547876.5287861663 643933.9722981578, -546941.4340473484 643918.4377124954, -546956.9252601559 642984.8587836055, -547892.0343365339 643000.3711573927, -547876.5287861663 643933.9722981578))",1331
1332,,"POLYGON ((-546941.4340473484 643918.4377124954, -546006.3615452505 643902.9174970259, -546021.8384221906 642969.3607594869, -546956.9252601559 642984.8587836055, -546941.4340473484 643918.4377124954))",1332
1333,,"POLYGON ((-546006.3615452505 643902.9174970259, -545071.3112593176 643887.4116500535, -545086.7738020809 642953.8770833435, -546021.8384221906 642969.3607594869, -546006.3615452505 643902.9174970259))",1333
1334,,"POLYGON ((-545071.3112593176 643887.4116500535, -544136.2831689959 643871.9201698846, -544151.7313792715 642938.407753484, -545086.7738020809 642953.8770833435, -545071.3112593176 643887.4116500535))",1334
1335,95.20339965820312,"POLYGON ((-544136.2831689959 643871.9201698846, -543201.2772537352 643856.443054827, -543216.7111332103 642922.9527682185, -544151.7313792715 642938.407753484, -544136.2831689959 643871.9201698846))",1335
1336,113.57524871826172,"POLYGON ((-543201.2772537352 643856.443054827, -542266.2934929869 643840.9803031905, -542281.7130433476 642907.5121258594, -543216.7111332103 642922.9527682185, -543201.2772537352 643856.443054827))",1336
1337,187.81539916992188,"POLYGON ((-542266.2934929869 643840.9803031905, -541331.3318662045 643825.531913286, -541346.7370891349 642892.0858247195, -542281.7130433476 642907.5121258594, -542266.2934929869 643840.9803031905))",1337
1338,253.08743286132812,"POLYGON ((-541331.3318662045 643825.531913286, -540396.3923528448 643810.0978834264, -540411.7832500272 642876.6738631146, -541346.7370891349 642892.0858247195, -541331.3318662045 643825.531913286))",1338
1339,287.4105529785156,"POLYGON ((-540396.3923528448 643810.0978834264, -539461.4749323667 643794.6782119264, -539476.8515054818 642861.2762393614, -540411.7832500272 642876.6738631146, -540396.3923528448 643810.0978834264))",1339
1340,216.70506286621094,"POLYGON ((-539461.4749323667 643794.6782119264, -538526.5795842308 643779.2728971019, -538541.9418349569 642845.8929517783, -539476.8515054818 642861.2762393614, -539461.4749323667 643794.6782119264))",1340
1341,187.1508026123047,"POLYGON ((-538526.5795842308 643779.2728971019, -537591.7062878998 643763.8819372711, -537607.054217915 642830.5239986859, -538541.9418349569 642845.8929517783, -538526.5795842308 643779.2728971019))",1341
1342,319.8915710449219,"POLYGON ((-537591.7062878998 643763.8819372711, -536656.8550228407 643748.5053307536, -536672.1886338206 642815.1693784058, -537607.054217915 642830.5239986859, -537591.7062878998 643763.8819372711))",1342
1343,375.2268371582031,"POLYGON ((-536656.8550228407 643748.5053307536, -535722.0257685207 643733.1430758701, -535737.3450621394 642799.8290892616, -536672.1886338206 642815.1693784058, -536656.8550228407 643748.5053307536))",1343
1344,334.63714599609375,"POLYGON ((-535722.0257685207 643733.1430758701, -534787.21850441 643717.795170944, -534802.52348234 642784.5031295782, -535737.3450621394 642799.8290892616, -535722.0257685207 643733.1430758701))",1344
1345,283.75360107421875,"POLYGON ((-534787.21850441 643717.795170944, -533852.4332099815 643702.4616142994, -533867.723873894 642769.191497683, -534802.52348234 642784.5031295782, -534787.21850441 643717.795170944))",1345
1346,276.41094970703125,"POLYGON ((-533852.4332099815 643702.4616142994, -532917.6698647104 643687.1424042628, -532932.9462162742 642753.894191904, -533867.723873894 642769.191497683, -533852.4332099815 643702.4616142994))",1346
1347,244.15782165527344,"POLYGON ((-532917.6698647104 643687.1424042628, -531982.9284480745 643671.8375391619, -531998.1904889568 642738.6112105716, -532932.9462162742 642753.894191904, -532917.6698647104 643687.1424042628))",1347
1348,222.9278564453125,"POLYGON ((-531982.9284480745 643671.8375391619, -531048.2089395528 643656.5470173262, -531063.4566714193 642723.3425520179, -531998.1904889568 642738.6112105716, -531982.9284480745 643671.8375391619))",1348
1349,210.91310119628906,"POLYGON ((-531048.2089395528 643656.5470173262, -530113.5113186272 643641.270837087, -530128.7447431424 642708.0882145759, -531063.4566714193 642723.3425520179, -531048.2089395528 643656.5470173262))",1349
1350,120.6681137084961,"POLYGON ((-530113.5113186272 643641.270837087, -529178.8355647826 643626.0089967768, -529194.0546836092 642692.8481965809, -530128.7447431424 642708.0882145759, -530113.5113186272 643641.270837087))",1350
1351,198.86996459960938,"POLYGON ((-529178.8355647826 643626.0089967768, -528244.1816575051 643610.7614947302, -528259.3864723039 642677.6224963699, -529194.0546836092 642692.8481965809, -529178.8355647826 643626.0089967768))",1351
1352,215.18157958984375,"POLYGON ((-528244.1816575051 643610.7614947302, -527309.5495762848 643595.5283292836, -527324.7400887142 642662.4111122813, -528259.3864723039 642677.6224963699, -528244.1816575051 643610.7614947302))",1352
1353,132.88546752929688,"POLYGON ((-527309.5495762848 643595.5283292836, -526374.9393006116 643580.3094987747, -526390.1155123302 642647.2140426548, -527324.7400887142 642662.4111122813, -527309.5495762848 643595.5283292836))",1353
1354,104.1412353515625,"POLYGON ((-526374.9393006116 643580.3094987747, -525440.3508099804 643565.1050015427, -525455.5127226431 642632.0312858328, -526390.1155123302 642647.2140426548, -526374.9393006116 643580.3094987747))",1354
1355,200.26800537109375,"POLYGON ((-525440.3508099804 643565.1050015427, -524505.7840838863 643549.9148359289, -524520.9316991479 642616.8628401582, -525455.5127226431 642632.0312858328, -525440.3508099804 643565.1050015427))",1355
1356,237.71934509277344,"POLYGON ((-524505.7840838863 643549.9148359289, -523571.2391018277 643534.7390002762, -523586.3724213408 642601.7087039765, -524520.9316991479 642616.8628401582, -524505.7840838863 643549.9148359289))",1356
1357,272.6086120605469,"POLYGON ((-523571.2391018277 643534.7390002762, -522636.7158433051 643519.5774929288, -522651.8348687206 642586.568875634, -523586.3724213408 642601.7087039765, -523571.2391018277 643534.7390002762))",1357
1358,356.4360046386719,"POLYGON ((-522636.7158433051 643519.5774929288, -521702.2142878218 643504.4303122328, -521717.31902078877 642571.4433534794, -522651.8348687206 642586.568875634, -522636.7158433051 643519.5774929288))",1358
1359,400.7359619140625,"POLYGON ((-521702.2142878218 643504.4303122328, -520767.7344148831 643489.2974565362, -520782.8248570488 642556.3321358628, -521717.31902078877 642571.4433534794, -521702.2142878218 643504.4303122328))",1359
1360,419.0975646972656,"POLYGON ((-520767.7344148831 643489.2974565362, -519833.27620399545 643474.178924188, -519848.35235700663 642541.2352211357, -520782.8248570488 642556.3321358628, -520767.7344148831 643489.2974565362))",1360
1361,377.33837890625,"POLYGON ((-519833.27620399545 643474.178924188, -518898.8396346697 643459.0747135396, -518913.9015001706 642526.1526076513, -519848.35235700663 642541.2352211357, -519833.27620399545 643474.178924188))",1361
1362,385.2738037109375,"POLYGON ((-518898.8396346697 643459.0747135396, -517964.42468641757 643443.9848229435, -517979.4722660502 642511.0842937649, -518913.9015001706 642526.1526076513, -518898.8396346697 643459.0747135396))",1362
1363,305.5387878417969,"POLYGON ((-517964.42468641757 643443.9848229435, -517030.0313387534 643428.9092507542, -517045.06463415886 642496.0302778332, -517979.4722660502 642511.0842937649, -517964.42468641757 643443.9848229435))",1363
1364,188.56072998046875,"POLYGON ((-517030.0313387534 643428.9092507542, -516095.65957119374 643413.8479953276, -516110.6785840121 642480.9905582143, -517045.06463415886 642496.0302778332, -517030.0313387534 643428.9092507542))",1364
1365,154.73045349121094,"POLYGON ((-516095.65957119374 643413.8479953276, -515161.3093632576 643398.8010550214, -515176.3140951261 642465.965133268, -516110.6785840121 642480.9905582143, -516095.65957119374 643413.8479953276))",1365
1366,108.5035171508789,"POLYGON ((-515161.3093632576 643398.8010550214, -514226.9806944665 643383.7684281948, -514241.9711470216 642450.9540013563, -515176.3140951261 642465.965133268, -515161.3093632576 643398.8010550214))",1366
1367,79.37132263183594,"POLYGON ((-514226.9806944665 643383.7684281948, -513292.67354434426 643368.750113209, -513307.64971921954 642435.9571608423, -514241.9711470216 642450.9540013563, -514226.9806944665 643383.7684281948))",1367
1368,180.5263214111328,"POLYGON ((-513292.67354434426 643368.750113209, -512358.38789241575 643353.7461084265, -512373.3497912447 642420.9746100906, -513307.64971921954 642435.9571608423, -513292.67354434426 643368.750113209))",1368
1369,197.9729461669922,"POLYGON ((-512358.38789241575 643353.7461084265, -511424.1237182097 643338.7564122115, -511439.0713426232 642406.0063474681, -512373.3497912447 642420.9746100906, -512358.38789241575 643353.7461084265))",1369
1370,214.61434936523438,"POLYGON ((-511424.1237182097 643338.7564122115, -510489.8810012565 643323.78102293, -510504.8143528841 642391.0523713431, -511439.0713426232 642406.0063474681, -511424.1237182097 643338.7564122115))",1370
1371,268.91314697265625,"POLYGON ((-510489.8810012565 643323.78102293, -509555.6597210887 643308.8199389497, -509570.578801558 642376.112680085, -510504.8143528841 642391.0523713431, -510489.8810012565 643323.78102293))",1371
1372,289.3174743652344,"POLYGON ((-509555.6597210887 643308.8199389497, -508621.45985724125 643293.8731586396, -508636.3646681787 642361.1872720657, -509570.578801558 642376.112680085, -509555.6597210887 643308.8199389497))",1372
1373,260.7820739746094,"POLYGON ((-508621.45985724125 643293.8731586396, -507687.281389251 643278.9406803707, -507702.1719322812 642346.2761456581, -508636.3646681787 642361.1872720657, -508621.45985724125 643293.8731586396))",1373
1374,227.93603515625,"POLYGON ((-507687.281389251 643278.9406803707, -506753.1242966587 643264.0225025155, -506768.0005734045 642331.3792992372, -507702.1719322812 642346.2761456581, -507687.281389251 643278.9406803707))",1374
1375,249.83401489257812,"POLYGON ((-506753.1242966587 643264.0225025155, -505818.9885590045 643249.1186234481, -505833.850571087 642316.4967311791, -506768.0005734045 642331.3792992372, -506753.1242966587 643264.0225025155))",1375
1376,249.77310180664062,"POLYGON ((-505818.9885590045 643249.1186234481, -504884.8741558336 643234.2290415445, -504899.7219048722 642301.6284398622, -505833.850571087 642316.4967311791, -505818.9885590045 643249.1186234481))",1376
1377,309.4892883300781,"POLYGON ((-504884.8741558336 643234.2290415445, -503950.78106669174 643219.3537551818, -503965.61455430463 642286.7744236661, -504899.7219048722 642301.6284398622, -504884.8741558336 643234.2290415445))",1377
1378,411.4033203125,"POLYGON ((-503950.78106669174 643219.3537551818, -503016.7092711275 643204.4927627397, -503031.52849893156 642271.9346809722, -503965.61455430463 642286.7744236661, -503950.78106669174 643219.3537551818))",1378
1379,454.36700439453125,"POLYGON ((-503016.7092711275 643204.4927627397, -502082.6587486919 643189.6460625984, -502097.46371830115 642257.1092101636, -503031.52849893156 642271.9346809722, -503016.7092711275 643204.4927627397))",1379
1380,315.1239929199219,"POLYGON ((-502082.6587486919 643189.6460625984, -501148.62947893783 643174.8136531407, -501163.4201919652 642242.2980096247, -502097.46371830115 642257.1092101636, -502082.6587486919 643189.6460625984))",1380
1381,144.33778381347656,"POLYGON ((-501148.62947893783 643174.8136531407, -500214.62144142075 643159.9955327503, -500229.3978994774 642227.501077742, -501163.4201919652 642242.2980096247, -501148.62947893783 643174.8136531407))",1381
1382,113.365966796875,"POLYGON ((-500214.62144142075 643159.9955327503, -499280.63461569743 643145.1916998131, -499295.3968203941 642212.7184129034, -500229.3978994774 642227.501077742, -500214.62144142075 643159.9955327503))",1382
1383,105.06244659423828,"POLYGON ((-499280.63461569743 643145.1916998131, -498346.66898132896 643130.4021527165, -498361.4169342731 642197.9500134985, -499295.3968203941 642212.7184129034, -499280.63461569743 643145.1916998131))",1383
1384,126.50186920166016,"POLYGON ((-498346.66898132896 643130.4021527165, -497412.72451787745 643115.6268898493, -497427.458220675 642183.1958779186, -498361.4169342731 642197.9500134985, -498346.66898132896 643130.4021527165))",1384
1385,159.14193725585938,"POLYGON ((-497412.72451787745 643115.6268898493, -496478.8012049056 643100.8659096025, -496493.52065916266 642168.4560045565, -497427.458220675 642183.1958779186, -497412.72451787745 643115.6268898493))",1385
1386,166.28741455078125,"POLYGON ((-496478.8012049056 643100.8659096025, -495544.89902198175 643086.119210368, -495559.6042293004 642153.7303918066, -496493.52065916266 642168.4560045565, -496478.8012049056 643100.8659096025))",1386
1387,133.90411376953125,"POLYGON ((-495544.89902198175 643086.119210368, -494611.01794867346 643071.3867905398, -494625.7089106559 642139.0190380652, -495559.6042293004 642153.7303918066, -495544.89902198175 643086.119210368))",1387
1388,102.52915954589844,"POLYGON ((-494611.01794867346 643071.3867905398, -493677.15796455217 643056.6686485135, -493691.83468279813 642124.3219417302, -494625.7089106559 642139.0190380652, -494611.01794867346 643071.3867905398))",1388
1389,71.66064453125,"POLYGON ((-493677.15796455217 643056.6686485135, -492743.3190491912 643041.9647826863, -492757.9815252994 642109.639101201, -493691.83468279813 642124.3219417302, -493677.15796455217 643056.6686485135))",1389
1390,56.55455017089844,"POLYGON ((-492743.3190491912 643041.9647826863, -491809.50118216686 643027.2751914571, -491824.1494177331 642094.9705148784, -492757.9815252994 642109.639101201, -492743.3190491912 643041.9647826863))",1390
1391,56.195796966552734,"POLYGON ((-491809.50118216686 643027.2751914571, -490875.7043430557 643012.5998732265, -490890.338339675 642080.3161811653, -491824.1494177331 642094.9705148784, -491809.50118216686 643027.2751914571))",1391
1392,70.52024841308594,"POLYGON ((-490875.7043430557 643012.5998732265, -489941.92851143784 642997.9388263961, -489956.54827070376 642065.676098466, -490890.338339675 642080.3161811653, -490875.7043430557 643012.5998732265))",1392
1393,72.36585235595703,"POLYGON ((-489941.92851143784 642997.9388263961, -489008.17366689595 642983.2920493706, -489022.7791904006 642051.0502651869, -489956.54827070376 642065.676098466, -489941.92851143784 642997.9388263961))",1393
1394,,"POLYGON ((-565663.3594445013 643297.8349603555, -564727.8239292621 643282.0496189633, -564743.5650576993 642348.044649561, -565679.1149222187 642363.8073872791, -565663.3594445013 643297.8349603555))",1394
1395,,"POLYGON ((-564727.8239292621 643282.0496189633, -563792.3110434739 643266.278659725, -563808.0378243518 642332.2962734259, -564743.5650576993 642348.044649561, -564727.8239292621 643282.0496189633))",1395
1396,,"POLYGON ((-563792.3110434739 643266.278659725, -562856.8207665344 643250.522080916, -562872.533201573 642316.5622571517, -563808.0378243518 642332.2962734259, -563792.3110434739 643266.278659725))",1396
1397,,"POLYGON ((-562856.8207665344 643250.522080916, -561921.3530778431 643234.7798808132, -561937.0511687608 642300.8425990175, -562872.533201573 642316.5622571517, -562856.8207665344 643250.522080916))",1397
1398,,"POLYGON ((-561921.3530778431 643234.7798808132, -560985.9079568025 643219.0520576952, -561001.591705316 642285.1372973043, -561937.0511687608 642300.8425990175, -561921.3530778431 643234.7798808132))",1398
1399,,"POLYGON ((-560985.9079568025 643219.0520576952, -560050.4853828165 643203.3386098419, -560066.1547906413 642269.4463502946, -561001.591705316 642285.1372973043, -560985.9079568025 643219.0520576952))",1399
1400,,"POLYGON ((-560050.4853828165 643203.3386098419, -559115.0853352936 643187.6395355355, -559130.7404041418 642253.7697562729, -560066.1547906413 642269.4463502946, -560050.4853828165 643203.3386098419))",1400
1401,,"POLYGON ((-559115.0853352936 643187.6395355355, -558179.7077936425 643171.9548330595, -558195.3485252263 642238.1075135248, -559130.7404041418 642253.7697562729, -559115.0853352936 643187.6395355355))",1401
1402,,"POLYGON ((-558179.7077936425 643171.9548330595, -557244.352737275 643156.2845006989, -557259.9791333044 642222.4596203383, -558195.3485252263 642238.1075135248, -558179.7077936425 643171.9548330595))",1402
1403,,"POLYGON ((-557244.352737275 643156.2845006989, -556309.0201456053 643140.6285367409, -556324.6322077888 642206.8260750023, -557259.9791333044 642222.4596203383, -557244.352737275 643156.2845006989))",1403
1404,,"POLYGON ((-556309.0201456053 643140.6285367409, -555373.7099980509 643124.9869394739, -555389.3077280945 642191.2068758081, -556324.6322077888 642206.8260750023, -556309.0201456053 643140.6285367409))",1404
1405,,"POLYGON ((-555373.7099980509 643124.9869394739, -554438.4222740303 643109.3597071881, -554454.0056736395 642175.6020210481, -555389.3077280945 642191.2068758081, -555373.7099980509 643124.9869394739))",1405
1406,,"POLYGON ((-554438.4222740303 643109.3597071881, -553503.1569529646 643093.7468381756, -553518.7260238423 642160.0115090166, -554454.0056736395 642175.6020210481, -554438.4222740303 643109.3597071881))",1406
1407,,"POLYGON ((-553503.1569529646 643093.7468381756, -552567.914014278 643078.1483307296, -552583.4687581263 642144.4353380097, -553518.7260238423 642160.0115090166, -553503.1569529646 643093.7468381756))",1407
1408,,"POLYGON ((-552567.914014278 643078.1483307296, -551632.6934373972 643062.5641831455, -551648.233855916 642128.873506325, -552583.4687581263 642144.4353380097, -552567.914014278 643078.1483307296))",1408
1409,,"POLYGON ((-551632.6934373972 643062.5641831455, -550697.4952017497 643046.9943937205, -550713.0212966374 642113.3260122614, -551648.233855916 642128.873506325, -551632.6934373972 643062.5641831455))",1409
1410,,"POLYGON ((-550697.4952017497 643046.9943937205, -549762.3192867676 643031.4389607529, -549777.8310597199 642097.7928541203, -550713.0212966374 642113.3260122614, -550697.4952017497 643046.9943937205))",1410
1411,,"POLYGON ((-549762.3192867676 643031.4389607529, -548827.1656718838 643015.8978825429, -548842.6631245965 642082.2740302043, -549777.8310597199 642097.7928541203, -549762.3192867676 643031.4389607529))",1411
1412,,"POLYGON ((-548827.1656718838 643015.8978825429, -547892.0343365339 643000.3711573927, -547907.5174707002 642066.7695388173, -548842.6631245965 642082.2740302043, -548827.1656718838 643015.8978825429))",1412
1413,,"POLYGON ((-547892.0343365339 643000.3711573927, -546956.9252601559 642984.8587836055, -546972.3940774672 642051.2793782656, -547907.5174707002 642066.7695388173, -547892.0343365339 643000.3711573927))",1413
1414,,"POLYGON ((-546956.9252601559 642984.8587836055, -546021.8384221906 642969.3607594869, -546037.2929243377 642035.8035468567, -546972.3940774672 642051.2793782656, -546956.9252601559 642984.8587836055))",1414
1415,,"POLYGON ((-546021.8384221906 642969.3607594869, -545086.7738020809 642953.8770833435, -545102.2139907512 642020.3420428998, -546037.2929243377 642035.8035468567, -546021.8384221906 642969.3607594869))",1415
1416,97.40390014648438,"POLYGON ((-545086.7738020809 642953.8770833435, -544151.7313792715 642938.407753484, -544167.157256152 642004.8948647059, -545102.2139907512 642020.3420428998, -545086.7738020809 642953.8770833435))",1416
1417,91.86727905273438,"POLYGON ((-544151.7313792715 642938.407753484, -543216.7111332103 642922.9527682185, -543232.1226999856 641989.4620105874, -544167.157256152 642004.8948647059, -544151.7313792715 642938.407753484))",1417
1418,127.79193878173828,"POLYGON ((-543216.7111332103 642922.9527682185, -542281.7130433476 642907.5121258594, -542297.1103017015 641974.043478859, -543232.1226999856 641989.4620105874, -543216.7111332103 642922.9527682185))",1418
1419,176.56597900390625,"POLYGON ((-542281.7130433476 642907.5121258594, -541346.7370891349 642892.0858247195, -541362.1200407485 641958.6392678362, -542297.1103017015 641974.043478859, -542281.7130433476 642907.5121258594))",1419
1420,269.2574462890625,"POLYGON ((-541346.7370891349 642892.0858247195, -540411.7832500272 642876.6738631146, -540427.1518965812 641943.2493758367, -541362.1200407485 641958.6392678362, -541346.7370891349 642892.0858247195))",1420
1421,269.9999694824219,"POLYGON ((-540411.7832500272 642876.6738631146, -539476.8515054818 642861.2762393614, -539492.2058486538 641927.8738011798, -540427.1518965812 641943.2493758367, -540411.7832500272 642876.6738631146))",1421
1422,169.91458129882812,"POLYGON ((-539476.8515054818 642861.2762393614, -538541.9418349569 642845.8929517783, -538557.2818764247 641912.5125421865, -539492.2058486538 641927.8738011798, -539476.8515054818 642861.2762393614))",1422
1423,190.9260711669922,"POLYGON ((-538541.9418349569 642845.8929517783, -537607.054217915 642830.5239986859, -537622.3799593531 641897.165597179, -538557.2818764247 641912.5125421865, -538541.9418349569 642845.8929517783))",1423
1424,295.58795166015625,"POLYGON ((-537607.054217915 642830.5239986859, -536672.1886338206 642815.1693784058, -536687.5000769022 641881.8329644818, -537622.3799593531 641897.165597179, -537607.054217915 642830.5239986859))",1424
1425,350.9441833496094,"POLYGON ((-536672.1886338206 642815.1693784058, -535737.3450621394 642799.8290892616, -535752.6422085367 641866.5146424205, -536687.5000769022 641881.8329644818, -536672.1886338206 642815.1693784058))",1425
1426,355.83538818359375,"POLYGON ((-535737.3450621394 642799.8290892616, -534802.52348234 642784.5031295782, -534817.8063337228 641851.2106293229, -535752.6422085367 641866.5146424205, -535737.3450621394 642799.8290892616))",1426
1427,287.67205810546875,"POLYGON ((-534802.52348234 642784.5031295782, -533867.723873894 642769.191497683, -533882.9924319306 641835.9209235181, -534817.8063337228 641851.2106293229, -534802.52348234 642784.5031295782))",1427
1428,267.57745361328125,"POLYGON ((-533867.723873894 642769.191497683, -532932.9462162742 642753.894191904, -532948.2004826317 641820.645523337, -533882.9924319306 641835.9209235181, -533867.723873894 642769.191497683))",1428
1429,294.7740783691406,"POLYGON ((-532932.9462162742 642753.894191904, -531998.1904889568 642738.6112105716, -532013.4304653001 641805.3844271118, -532948.2004826317 641820.645523337, -532932.9462162742 642753.894191904))",1429
1430,331.20379638671875,"POLYGON ((-531998.1904889568 642738.6112105716, -531063.4566714193 642723.3425520179, -531078.6823594121 641790.1376331771, -532013.4304653001 641805.3844271118, -531998.1904889568 642738.6112105716))",1430
1431,305.7322082519531,"POLYGON ((-531063.4566714193 642723.3425520179, -530128.7447431424 642708.0882145759, -530143.9561444463 641774.9051398685, -531078.6823594121 641790.1376331771, -531063.4566714193 642723.3425520179))",1431
1432,206.7495574951172,"POLYGON ((-530128.7447431424 642708.0882145759, -529194.0546836092 642692.8481965809, -529209.2517998841 641759.6869455235, -530143.9561444463 641774.9051398685, -530128.7447431424 642708.0882145759))",1432
1433,233.1811065673828,"POLYGON ((-529194.0546836092 642692.8481965809, -528259.3864723039 642677.6224963699, -528274.5693052084 641744.483048481, -529209.2517998841 641759.6869455235, -529194.0546836092 642692.8481965809))",1433
1434,349.1379089355469,"POLYGON ((-528259.3864723039 642677.6224963699, -527324.7400887142 642662.4111122813, -527339.9086399056 641729.2934470819, -528274.5693052084 641744.483048481, -528259.3864723039 642677.6224963699))",1434
1435,266.7720642089844,"POLYGON ((-527324.7400887142 642662.4111122813, -526390.1155123302 642647.2140426548, -526405.2697834631 641714.1181396691, -527339.9086399056 641729.2934470819, -527324.7400887142 642662.4111122813))",1435
1436,189.40403747558594,"POLYGON ((-526390.1155123302 642647.2140426548, -525455.5127226431 642632.0312858328, -525470.6527153713 641698.9571245859, -526405.2697834631 641714.1181396691, -526390.1155123302 642647.2140426548))",1436
1437,235.86146545410156,"POLYGON ((-525455.5127226431 642632.0312858328, -524520.9316991479 642616.8628401582, -524536.0574151234 641683.8104001784, -525470.6527153713 641698.9571245859, -525455.5127226431 642632.0312858328))",1437
1438,281.0625915527344,"POLYGON ((-524520.9316991479 642616.8628401582, -523586.3724213408 642601.7087039765, -523601.4838622138 641668.6779647941, -524536.0574151234 641683.8104001784, -524520.9316991479 642616.8628401582))",1438
1439,305.03680419921875,"POLYGON ((-523586.3724213408 642601.7087039765, -522651.8348687206 642586.568875634, -522666.9320361399 641653.559816782, -523601.4838622138 641668.6779647941, -523586.3724213408 642601.7087039765))",1439
1440,342.20172119140625,"POLYGON ((-522651.8348687206 642586.568875634, -521717.31902078877 642571.4433534794, -521732.4019164011 641638.4559544924, -522666.9320361399 641653.559816782, -522651.8348687206 642586.568875634))",1440
1441,405.7524719238281,"POLYGON ((-521717.31902078877 642571.4433534794, -520782.8248570488 642556.3321358628, -520797.8934824993 641623.3663762785, -521732.4019164011 641638.4559544924, -521717.31902078877 642571.4433534794))",1441
1442,432.0693054199219,"POLYGON ((-520782.8248570488 642556.3321358628, -519848.35235700663 642541.2352211357, -519863.40671393916 641608.2910804934, -520797.8934824993 641623.3663762785, -520782.8248570488 642556.3321358628))",1442
1443,420.06719970703125,"POLYGON ((-519848.35235700663 642541.2352211357, -518913.9015001706 642526.1526076513, -518928.94159022684 641593.230065493, -519863.40671393916 641608.2910804934, -519848.35235700663 642541.2352211357))",1443
1444,393.0768127441406,"POLYGON ((-518913.9015001706 642526.1526076513, -517979.4722660502 642511.0842937649, -517994.498090871 641578.1833296348, -518928.94159022684 641593.230065493, -518913.9015001706 642526.1526076513))",1444
1445,205.30690002441406,"POLYGON ((-517979.4722660502 642511.0842937649, -517045.06463415886 642496.0302778332, -517060.07619538286 641563.1508712778, -517994.498090871 641578.1833296348, -517979.4722660502 642511.0842937649))",1445
1446,151.66908264160156,"POLYGON ((-517045.06463415886 642496.0302778332, -516110.6785840121 642480.9905582143, -516125.6758832757 641548.1326887822, -517060.07619538286 641563.1508712778, -517045.06463415886 642496.0302778332))",1446
1447,132.25466918945312,"POLYGON ((-516110.6785840121 642480.9905582143, -515176.3140951261 642465.965133268, -515191.29713406577 641533.1287805104, -516125.6758832757 641548.1326887822, -516110.6785840121 642480.9905582143))",1447
1448,103.07756805419922,"POLYGON ((-515176.3140951261 642465.965133268, -514241.9711470216 642450.9540013563, -514256.9399272698 641518.1391448266, -515191.29713406577 641533.1287805104, -515176.3140951261 642465.965133268))",1448
1449,82.91586303710938,"POLYGON ((-514241.9711470216 642450.9540013563, -513307.64971921954 642435.9571608423, -513322.60424240923 641503.1637800959, -514256.9399272698 641518.1391448266, -514241.9711470216 642450.9540013563))",1449
1450,234.86509704589844,"POLYGON ((-513307.64971921954 642435.9571608423, -512373.3497912447 642420.9746100906, -512388.2900590064 641488.2026846857, -513322.60424240923 641503.1637800959, -513307.64971921954 642435.9571608423))",1450
1451,190.8374786376953,"POLYGON ((-512373.3497912447 642420.9746100906, -511439.0713426232 642406.0063474681, -511453.99735658546 641473.2558569649, -512388.2900590064 641488.2026846857, -512373.3497912447 642420.9746100906))",1451
1452,216.36936950683594,"POLYGON ((-511439.0713426232 642406.0063474681, -510504.8143528841 642391.0523713431, -510519.72611467424 641458.3232953036, -511453.99735658546 641473.2558569649, -511439.0713426232 642406.0063474681))",1452
1453,276.4081726074219,"POLYGON ((-510504.8143528841 642391.0523713431, -509570.578801558 642376.112680085, -509585.4763128015 641443.4049980744, -510519.72611467424 641458.3232953036, -510504.8143528841 642391.0523713431))",1453
1454,300.8149719238281,"POLYGON ((-509570.578801558 642376.112680085, -508636.3646681787 642361.1872720657, -508651.2479304995 641428.5009636509, -509585.4763128015 641443.4049980744, -509570.578801558 642376.112680085))",1454
1455,316.2480163574219,"POLYGON ((-508636.3646681787 642361.1872720657, -507702.1719322812 642346.2761456581, -507717.04094730166 641413.6111904082, -508651.2479304995 641428.5009636509, -508636.3646681787 642361.1872720657))",1455
1456,392.69683837890625,"POLYGON ((-507702.1719322812 642346.2761456581, -506768.0005734045 642331.3792992372, -506782.8553427446 641398.7356767239, -507717.04094730166 641413.6111904082, -507702.1719322812 642346.2761456581))",1456
1457,367.46014404296875,"POLYGON ((-506768.0005734045 642331.3792992372, -505833.850571087 642316.4967311791, -505848.69109636627 641383.8744209761, -506782.8553427446 641398.7356767239, -506768.0005734045 642331.3792992372))",1457
1458,311.1966247558594,"POLYGON ((-505833.850571087 642316.4967311791, -504899.7219048722 642301.6284398622, -504914.54818770813 641369.0274215457, -505848.69109636627 641383.8744209761, -505833.850571087 642316.4967311791))",1458
1459,253.23831176757812,"POLYGON ((-504899.7219048722 642301.6284398622, -503965.61455430463 642286.7744236661, -503980.42659631243 641354.1946768144, -504914.54818770813 641369.0274215457, -504899.7219048722 642301.6284398622))",1459
1460,328.331298828125,"POLYGON ((-503965.61455430463 642286.7744236661, -503031.52849893156 642271.9346809722, -503046.32630172535 641339.3761851657, -503980.42659631243 641354.1946768144, -503965.61455430463 642286.7744236661))",1460
1461,448.0322570800781,"POLYGON ((-503031.52849893156 642271.9346809722, -502097.46371830115 642257.1092101636, -502112.2472834933 641324.5719449854, -503046.32630172535 641339.3761851657, -503031.52849893156 642271.9346809722))",1461
1462,389.05267333984375,"POLYGON ((-502097.46371830115 642257.1092101636, -501163.4201919652 642242.2980096247, -501178.18952116685 641309.78195466, -502112.2472834933 641324.5719449854, -502097.46371830115 642257.1092101636))",1462
1463,375.3520812988281,"POLYGON ((-501163.4201919652 642242.2980096247, -500229.3978994774 642227.501077742, -500244.1529942977 641295.0062125778, -501178.18952116685 641309.78195466, -501163.4201919652 642242.2980096247))",1463
1464,294.73779296875,"POLYGON ((-500229.3978994774 642227.501077742, -499295.3968203941 642212.7184129034, -499310.1376824401 641280.2447171294, -500244.1529942977 641295.0062125778, -500229.3978994774 642227.501077742))",1464
1465,179.7127685546875,"POLYGON ((-499295.3968203941 642212.7184129034, -498361.4169342731 642197.9500134985, -498376.1435651509 641265.4974667067, -499310.1376824401 641280.2447171294, -499295.3968203941 642212.7184129034))",1465
1466,158.1854705810547,"POLYGON ((-498361.4169342731 642197.9500134985, -497427.458220675 642183.1958779186, -497442.17062198883 641250.7644597028, -498376.1435651509 641265.4974667067, -498361.4169342731 642197.9500134985))",1466
1467,182.22731018066406,"POLYGON ((-497427.458220675 642183.1958779186, -496493.52065916266 642168.4560045565, -496508.2188325145 641236.0456945132, -497442.17062198883 641250.7644597028, -497427.458220675 642183.1958779186))",1467
1468,154.60025024414062,"POLYGON ((-496493.52065916266 642168.4560045565, -495559.6042293004 642153.7303918066, -495574.2881762922 641221.3411695345, -496508.2188325145 641236.0456945132, -496493.52065916266 642168.4560045565))",1468
1469,127.37191009521484,"POLYGON ((-495559.6042293004 642153.7303918066, -494625.7089106559 642139.0190380652, -494640.378632886 641206.6508831648, -495574.2881762922 641221.3411695345, -495559.6042293004 642153.7303918066))",1469
1470,82.53030395507812,"POLYGON ((-494625.7089106559 642139.0190380652, -493691.83468279813 642124.3219417302, -493706.49018186505 641191.9748338048, -494640.378632886 641206.6508831648, -494625.7089106559 642139.0190380652))",1470
1471,68.49932861328125,"POLYGON ((-493691.83468279813 642124.3219417302, -492757.9815252994 642109.639101201, -492772.6228027983 641177.3130198556, -493706.49018186505 641191.9748338048, -493691.83468279813 642124.3219417302))",1471
1472,52.922115325927734,"POLYGON ((-492757.9815252994 642109.639101201, -491824.1494177331 642094.9705148784, -491838.77647525875 641162.6654397206, -492772.6228027983 641177.3130198556, -492757.9815252994 642109.639101201))",1472
1473,43.18569564819336,"POLYGON ((-491824.1494177331 642094.9705148784, -490890.338339675 642080.3161811653, -490904.95117882045 641148.032091805, -491838.77647525875 641162.6654397206, -491824.1494177331 642094.9705148784))",1473
1474,,"POLYGON ((-490890.338339675 642080.3161811653, -489956.54827070376 642065.676098466, -489971.14689305983 641133.4129745151, -490904.95117882045 641148.032091805, -490890.338339675 642080.3161811653))",1474
1475,,"POLYGON ((-489956.54827070376 642065.676098466, -489022.7791904006 642051.0502651869, -489037.3635975565 641118.8080862594, -489971.14689305983 641133.4129745151, -489956.54827070376 642065.676098466))",1475
1476,,"POLYGON ((-565679.1149222187 642363.8073872791, -564743.5650576993 642348.044649561, -564759.2833964643 641414.0391783499, -565694.8475895135 641429.7793110098, -565679.1149222187 642363.8073872791))",1476
1477,,"POLYGON ((-564743.5650576993 642348.044649561, -563808.0378243518 642332.2962734259, -563823.7418363069 641398.313386701, -564759.2833964643 641414.0391783499, -564743.5650576993 642348.044649561))",1477
1478,,"POLYGON ((-563808.0378243518 642332.2962734259, -562872.533201573 642316.5622571517, -562888.2228884348 641382.601934343, -563823.7418363069 641398.313386701, -563808.0378243518 642332.2962734259))",1478
1479,,"POLYGON ((-562872.533201573 642316.5622571517, -561937.0511687608 642300.8425990175, -561952.7265322458 641366.9048195573, -562888.2228884348 641382.601934343, -562872.533201573 642316.5622571517))",1479
1480,,"POLYGON ((-561937.0511687608 642300.8425990175, -561001.591705316 642285.1372973043, -561017.252747138 641351.2220406279, -561952.7265322458 641366.9048195573, -561937.0511687608 642300.8425990175))",1480
1481,,"POLYGON ((-561001.591705316 642285.1372973043, -560066.1547906413 642269.4463502946, -560081.8015125128 641335.5535958388, -561017.252747138 641351.2220406279, -561001.591705316 642285.1372973043))",1481
1482,,"POLYGON ((-560066.1547906413 642269.4463502946, -559130.7404041418 642253.7697562729, -559146.3728077747 641319.8994834778, -560081.8015125128 641335.5535958388, -560066.1547906413 642269.4463502946))",1482
1483,,"POLYGON ((-559130.7404041418 642253.7697562729, -558195.3485252263 642238.1075135248, -558210.9666123285 641304.2597018325, -559146.3728077747 641319.8994834778, -559130.7404041418 642253.7697562729))",1483
1484,,"POLYGON ((-558195.3485252263 642238.1075135248, -557259.9791333044 642222.4596203383, -557275.5829055838 641288.634249193, -558210.9666123285 641304.2597018325, -558195.3485252263 642238.1075135248))",1484
1485,,"POLYGON ((-557259.9791333044 642222.4596203383, -556324.6322077888 642206.8260750023, -556340.2216669517 641273.0231238513, -557275.5829055838 641288.634249193, -557259.9791333044 642222.4596203383))",1485
1486,,"POLYGON ((-556324.6322077888 642206.8260750023, -555389.3077280945 642191.2068758081, -555404.8828758453 641257.4263241002, -556340.2216669517 641273.0231238513, -556324.6322077888 642206.8260750023))",1486
1487,,"POLYGON ((-555389.3077280945 642191.2068758081, -554454.0056736395 642175.6020210481, -554469.5665116799 641241.8438482352, -555404.8828758453 641257.4263241002, -555389.3077280945 642191.2068758081))",1487
1488,,"POLYGON ((-554454.0056736395 642175.6020210481, -553518.7260238423 642160.0115090166, -553534.2725538742 641226.2756945528, -554469.5665116799 641241.8438482352, -554454.0056736395 642175.6020210481))",1488
1489,,"POLYGON ((-553518.7260238423 642160.0115090166, -552583.4687581263 642144.4353380097, -552599.0009818482 641210.7218613513, -553534.2725538742 641226.2756945528, -553518.7260238423 642160.0115090166))",1489
1490,,"POLYGON ((-552583.4687581263 642144.4353380097, -551648.233855916 642128.873506325, -551663.7517750252 641195.1823469307, -552599.0009818482 641210.7218613513, -552583.4687581263 642144.4353380097))",1490
1491,,"POLYGON ((-551648.233855916 642128.873506325, -550713.0212966374 642113.3260122614, -550728.52491283 641179.6571495926, -551663.7517750252 641195.1823469307, -551648.233855916 642128.873506325))",1491
1492,,"POLYGON ((-550713.0212966374 642113.3260122614, -549777.8310597199 642097.7928541203, -549793.3203746909 641164.1462676404, -550728.52491283 641179.6571495926, -550713.0212966374 642113.3260122614))",1492
1493,,"POLYGON ((-549777.8310597199 642097.7928541203, -548842.6631245965 642082.2740302043, -548858.1381400374 641148.6496993792, -549793.3203746909 641164.1462676404, -549777.8310597199 642097.7928541203))",1493
1494,,"POLYGON ((-548842.6631245965 642082.2740302043, -547907.5174707002 642066.7695388173, -547922.9781883024 641133.1674431155, -548858.1381400374 641148.6496993792, -548842.6631245965 642082.2740302043))",1494
1495,,"POLYGON ((-547907.5174707002 642066.7695388173, -546972.3940774672 642051.2793782656, -546987.8404989203 641117.6994971575, -547922.9781883024 641133.1674431155, -547907.5174707002 642066.7695388173))",1495
1496,98.93769836425781,"POLYGON ((-546972.3940774672 642051.2793782656, -546037.2929243377 642035.8035468567, -546052.7250513287 641102.2458598154, -546987.8404989203 641117.6994971575, -546972.3940774672 642051.2793782656))",1496
1497,90.70782470703125,"POLYGON ((-546037.2929243377 642035.8035468567, -545102.2139907512 642020.3420428998, -545117.6318249666 641086.8065294005, -546052.7250513287 641102.2458598154, -546037.2929243377 642035.8035468567))",1497
1498,97.98723602294922,"POLYGON ((-545102.2139907512 642020.3420428998, -544167.157256152 642004.8948647059, -544182.5607992758 641071.3815042266, -545117.6318249666 641086.8065294005, -545102.2139907512 642020.3420428998))",1498
1499,97.60137176513672,"POLYGON ((-544167.157256152 642004.8948647059, -543232.1226999856 641989.4620105874, -543247.5119537008 641055.9707826081, -544182.5607992758 641071.3815042266, -544167.157256152 642004.8948647059))",1499
1500,117.61894989013672,"POLYGON ((-543232.1226999856 641989.4620105874, -542297.1103017015 641974.043478859, -542312.4852676882 641040.574362862, -543247.5119537008 641055.9707826081, -543232.1226999856 641989.4620105874))",1500
1501,144.58370971679688,"POLYGON ((-542297.1103017015 641974.043478859, -541362.1200407485 641958.6392678362, -541377.4807206867 641025.1922433064, -542312.4852676882 641040.574362862, -542297.1103017015 641974.043478859))",1501
1502,151.58203125,"POLYGON ((-541362.1200407485 641958.6392678362, -540427.1518965812 641943.2493758367, -540442.4982921481 641009.8244222613, -541377.4807206867 641025.1922433064, -541362.1200407485 641958.6392678362))",1502
1503,132.5094757080078,"POLYGON ((-540427.1518965812 641943.2493758367, -539492.2058486538 641927.8738011798, -539507.5379615263 640994.4708980483, -540442.4982921481 641009.8244222613, -540427.1518965812 641943.2493758367))",1503
1504,101.7420654296875,"POLYGON ((-539492.2058486538 641927.8738011798, -538557.2818764247 641912.5125421865, -538572.599708276 640979.1316689905, -539507.5379615263 640994.4708980483, -539492.2058486538 641927.8738011798))",1504
1505,134.14285278320312,"POLYGON ((-538557.2818764247 641912.5125421865, -537622.3799593531 641897.165597179, -537637.6835118566 640963.8067334128, -538572.599708276 640979.1316689905, -538557.2818764247 641912.5125421865))",1505
1506,256.6762390136719,"POLYGON ((-537622.3799593531 641897.165597179, -536687.5000769022 641881.8329644818, -536702.7893517286 640948.4960896418, -537637.6835118566 640963.8067334128, -537622.3799593531 641897.165597179))",1506
1507,313.9405212402344,"POLYGON ((-536687.5000769022 641881.8329644818, -535752.6422085367 641866.5146424205, -535767.9172073558 640933.1997360059, -536702.7893517286 640948.4960896418, -536687.5000769022 641881.8329644818))",1507
1508,368.4466552734375,"POLYGON ((-535752.6422085367 641866.5146424205, -534817.8063337228 641851.2106293229, -534833.0670582019 640917.9176708348, -535767.9172073558 640933.1997360059, -535752.6422085367 641866.5146424205))",1508
1509,293.4620361328125,"POLYGON ((-534817.8063337228 641851.2106293229, -533882.9924319306 641835.9209235181, -533898.2388837358 640902.64989246, -534833.0670582019 640917.9176708348, -534817.8063337228 641851.2106293229))",1509
1510,276.1116943359375,"POLYGON ((-533882.9924319306 641835.9209235181, -532948.2004826317 641820.645523337, -532963.4326634273 640887.3963992145, -533898.2388837358 640902.64989246, -533882.9924319306 641835.9209235181))",1510
1511,312.1676330566406,"POLYGON ((-532948.2004826317 641820.645523337, -532013.4304653001 641805.3844271118, -532028.6483767491 640872.1571894333, -532963.4326634273 640887.3963992145, -532948.2004826317 641820.645523337))",1511
1512,344.41632080078125,"POLYGON ((-532013.4304653001 641805.3844271118, -531078.6823594121 641790.1376331771, -531093.8860031756 640856.9322614532, -532028.6483767491 640872.1571894333, -532013.4304653001 641805.3844271118))",1512
1513,342.5552978515625,"POLYGON ((-531078.6823594121 641790.1376331771, -530143.9561444463 641774.9051398685, -530159.145522184 640841.7216136118, -531093.8860031756 640856.9322614532, -531078.6823594121 641790.1376331771))",1513
1514,260.96649169921875,"POLYGON ((-530143.9561444463 641774.9051398685, -529209.2517998841 641759.6869455235, -529224.4269132537 640826.5252442493, -530159.145522184 640841.7216136118, -530143.9561444463 641774.9051398685))",1514
1515,316.1387023925781,"POLYGON ((-529209.2517998841 641759.6869455235, -528274.5693052084 641744.483048481, -528289.7301558661 640811.3431517067, -529224.4269132537 640826.5252442493, -529209.2517998841 641759.6869455235))",1515
1516,461.12969970703125,"POLYGON ((-528274.5693052084 641744.483048481, -527339.9086399056 641729.2934470819, -527355.0552295055 640796.1753343276, -528289.7301558661 640811.3431517067, -528274.5693052084 641744.483048481))",1516
1517,326.17431640625,"POLYGON ((-527339.9086399056 641729.2934470819, -526405.2697834631 641714.1181396691, -526420.4021136585 640781.0217904565, -527355.0552295055 640796.1753343276, -527339.9086399056 641729.2934470819))",1517
1518,314.35205078125,"POLYGON ((-526405.2697834631 641714.1181396691, -525470.6527153713 641698.9571245859, -525485.7707878132 640765.8825184397, -526420.4021136585 640781.0217904565, -526405.2697834631 641714.1181396691))",1518
1519,304.9350280761719,"POLYGON ((-525470.6527153713 641698.9571245859, -524536.0574151234 641683.8104001784, -524551.1612314614 640750.7575166253, -525485.7707878132 640765.8825184397, -525470.6527153713 641698.9571245859))",1519
1520,314.22607421875,"POLYGON ((-524536.0574151234 641683.8104001784, -523601.4838622138 641668.6779647941, -523616.57342409575 640735.6467833632, -524551.1612314614 640750.7575166253, -524536.0574151234 641683.8104001784))",1520
1521,318.5180969238281,"POLYGON ((-523601.4838622138 641668.6779647941, -522666.9320361399 641653.559816782, -522682.00734521204 640720.5503170044, -523616.57342409575 640735.6467833632, -523601.4838622138 641668.6779647941))",1521
1522,299.8198547363281,"POLYGON ((-522666.9320361399 641653.559816782, -521732.4019164011 641638.4559544924, -521747.4629743082 640705.4681159022, -522682.00734521204 640720.5503170044, -522666.9320361399 641653.559816782))",1522
1523,366.0735778808594,"POLYGON ((-521732.4019164011 641638.4559544924, -520797.8934824993 641623.3663762785, -520812.94029088435 640690.400178411, -521747.4629743082 640705.4681159022, -521732.4019164011 641638.4559544924))",1523
1524,454.46636962890625,"POLYGON ((-520797.8934824993 641623.3663762785, -519863.40671393916 641608.2910804934, -519878.43927444366 640675.3465028874, -520812.94029088435 640690.400178411, -520797.8934824993 641623.3663762785))",1524
1525,435.698486328125,"POLYGON ((-519863.40671393916 641608.2910804934, -518928.94159022684 641593.230065493, -518943.9599044896 640660.3070876888, -519878.43927444366 640675.3465028874, -519863.40671393916 641608.2910804934))",1525
1526,310.9904479980469,"POLYGON ((-518928.94159022684 641593.230065493, -517994.498090871 641578.1833296348, -518009.50216053077 640645.2819311754, -518943.9599044896 640660.3070876888, -518928.94159022684 641593.230065493))",1526
1527,170.6595001220703,"POLYGON ((-517994.498090871 641578.1833296348, -517060.07619538286 641563.1508712778, -517075.0660220758 640630.2710317082, -518009.50216053077 640645.2819311754, -517994.498090871 641578.1833296348))",1527
1528,134.415771484375,"POLYGON ((-517060.07619538286 641563.1508712778, -516125.6758832757 641548.1326887822, -516140.6514686368 640615.27438765, -517075.0660220758 640630.2710317082, -517060.07619538286 641563.1508712778))",1528
1529,109.03395080566406,"POLYGON ((-516125.6758832757 641548.1326887822, -515191.29713406577 641533.1287805104, -515206.25847972813 640600.2919973653, -516140.6514686368 640615.27438765, -516125.6758832757 641548.1326887822))",1529
1530,101.22931671142578,"POLYGON ((-515191.29713406577 641533.1287805104, -514256.9399272698 641518.1391448266, -514271.8870348651 640585.3238592205, -515206.25847972813 640600.2919973653, -515191.29713406577 641533.1287805104))",1530
1531,89.85755157470703,"POLYGON ((-514256.9399272698 641518.1391448266, -513322.60424240923 641503.1637800959, -513337.53711356677 640570.3699715831, -514271.8870348651 640585.3238592205, -514256.9399272698 641518.1391448266))",1531
1532,201.08750915527344,"POLYGON ((-513322.60424240923 641503.1637800959, -512388.2900590064 641488.2026846857, -512403.2086953544 640555.4303328228, -513337.53711356677 640570.3699715831, -513322.60424240923 641503.1637800959))",1532
1533,184.1720733642578,"POLYGON ((-512388.2900590064 641488.2026846857, -511453.99735658546 641473.2558569649, -511468.9017597508 640540.5049413107, -512403.2086953544 640555.4303328228, -512388.2900590064 641488.2026846857))",1533
1534,218.1614990234375,"POLYGON ((-511453.99735658546 641473.2558569649, -510519.72611467424 641458.3232953036, -510534.6162862814 640525.5937954193, -511468.9017597508 640540.5049413107, -511453.99735658546 641473.2558569649))",1534
1535,367.1461486816406,"POLYGON ((-510519.72611467424 641458.3232953036, -509585.4763128015 641443.4049980744, -509600.35225447395 640510.6968935233, -510534.6162862814 640525.5937954193, -510519.72611467424 641458.3232953036))",1535
1536,393.494140625,"POLYGON ((-509585.4763128015 641443.4049980744, -508651.2479304995 641428.5009636509, -508666.109643859 640495.8142339988, -509600.35225447395 640510.6968935233, -509585.4763128015 641443.4049980744))",1536
1537,359.4381103515625,"POLYGON ((-508651.2479304995 641428.5009636509, -507717.04094730166 641413.6111904082, -507731.8884339682 640480.945815223, -508666.109643859 640495.8142339988, -508651.2479304995 641428.5009636509))",1537
1538,673.3093872070312,"POLYGON ((-507717.04094730166 641413.6111904082, -506782.8553427446 641398.7356767239, -506797.6886043359 640466.0916355755, -507731.8884339682 640480.945815223, -507717.04094730166 641413.6111904082))",1538
1539,563.8461303710938,"POLYGON ((-506782.8553427446 641398.7356767239, -505848.69109636627 641383.8744209761, -505863.5101344995 640451.2516934376, -506797.6886043359 640466.0916355755, -506782.8553427446 641398.7356767239))",1539
1540,398.0674743652344,"POLYGON ((-505848.69109636627 641383.8744209761, -504914.54818770813 641369.0274215457, -504929.35300399794 640436.4259871914, -505863.5101344995 640451.2516934376, -505848.69109636627 641383.8744209761))",1540
1541,289.6770324707031,"POLYGON ((-504914.54818770813 641369.0274215457, -503980.42659631243 641354.1946768144, -503995.2171923729 640421.6145152214, -504929.35300399794 640436.4259871914, -504914.54818770813 641369.0274215457))",1541
1542,291.8353271484375,"POLYGON ((-503980.42659631243 641354.1946768144, -503046.32630172535 641339.3761851657, -503061.1026791675 640406.8172759132, -503995.2171923729 640421.6145152214, -503980.42659631243 641354.1946768144))",1542
1543,375.8031311035156,"POLYGON ((-503046.32630172535 641339.3761851657, -502112.2472834933 641324.5719449854, -502127.0094439278 640392.0342676548, -503061.1026791675 640406.8172759132, -503046.32630172535 641339.3761851657))",1543
1544,513.4873657226562,"POLYGON ((-502112.2472834933 641324.5719449854, -501178.18952116685 641309.78195466, -501192.9374662017 640377.2654888349, -502127.0094439278 640392.0342676548, -502112.2472834933 641324.5719449854))",1544
1545,491.02734375,"POLYGON ((-501178.18952116685 641309.78195466, -500244.1529942977 641295.0062125778, -500258.8867255404 640362.5109378448, -501192.9374662017 640377.2654888349, -501178.18952116685 641309.78195466))",1545
1546,433.1535339355469,"POLYGON ((-500244.1529942977 641295.0062125778, -499310.1376824401 641280.2447171294, -499324.8572014953 640347.7706130765, -500258.8867255404 640362.5109378448, -500244.1529942977 641295.0062125778))",1546
1547,394.136474609375,"POLYGON ((-499310.1376824401 641280.2447171294, -498376.1435651509 641265.4974667067, -498390.8488736225 640333.0445129243, -499324.8572014953 640347.7706130765, -499310.1376824401 641280.2447171294))",1547
1548,417.013671875,"POLYGON ((-498376.1435651509 641265.4974667067, -497442.17062198883 641250.7644597028, -497456.8617214785 640318.3326357837, -498390.8488736225 640333.0445129243, -498376.1435651509 641265.4974667067))",1548
1549,325.9459228515625,"POLYGON ((-497442.17062198883 641250.7644597028, -496508.2188325145 641236.0456945132, -496522.895724623 640303.6349800525, -497456.8617214785 640318.3326357837, -497442.17062198883 641250.7644597028))",1549
1550,286.52459716796875,"POLYGON ((-496508.2188325145 641236.0456945132, -495574.2881762922 641221.3411695345, -495588.9508626177 640288.9515441292, -496522.895724623 640303.6349800525, -496508.2188325145 641236.0456945132))",1550
1551,207.2500457763672,"POLYGON ((-495574.2881762922 641221.3411695345, -494640.378632886 641206.6508831648, -494655.0271150259 640274.2823264147, -495588.9508626177 640288.9515441292, -495574.2881762922 641221.3411695345))",1551
1552,127.10443115234375,"POLYGON ((-494640.378632886 641206.6508831648, -493706.49018186505 641191.9748338048, -493721.1244614142 640259.6273253113, -494655.0271150259 640274.2823264147, -494640.378632886 641206.6508831648))",1552
1553,74.9993896484375,"POLYGON ((-493706.49018186505 641191.9748338048, -492772.6228027983 641177.3130198556, -492787.2428813509 640244.9865392226, -493721.1244614142 640259.6273253113, -493706.49018186505 641191.9748338048))",1553
1554,46.25902557373047,"POLYGON ((-492772.6228027983 641177.3130198556, -491838.77647525875 641162.6654397206, -491853.3823544071 640230.3599665547, -492787.2428813509 640244.9865392226, -492772.6228027983 641177.3130198556))",1554
1555,44.76444625854492,"POLYGON ((-491838.77647525875 641162.6654397206, -490904.95117882045 641148.032091805, -490919.5428601549 640215.7476057141, -491853.3823544071 640230.3599665547, -491838.77647525875 641162.6654397206))",1555
1556,,"POLYGON ((-490904.95117882045 641148.032091805, -489971.14689305983 641133.4129745151, -489985.72437816916 640201.1494551103, -490919.5428601549 640215.7476057141, -490904.95117882045 641148.032091805))",1556
1557,,"POLYGON ((-489971.14689305983 641133.4129745151, -489037.3635975565 641118.8080862594, -489051.9268880279 640186.5655131532, -489985.72437816916 640201.1494551103, -489971.14689305983 641133.4129745151))",1557
1558,,"POLYGON ((-565694.8475895135 641429.7793110098, -564759.2833964643 641414.0391783499, -564774.9789451882 640480.0332060491, -565710.5574460148 640495.7507322683, -565694.8475895135 641429.7793110098))",1558
1559,,"POLYGON ((-564759.2833964643 641414.0391783499, -563823.7418363069 641398.313386701, -563839.4230789689 640464.3300002669, -564774.9789451882 640480.0332060491, -564759.2833964643 641414.0391783499))",1559
1560,,"POLYGON ((-563823.7418363069 641398.313386701, -562888.2228884348 641382.601934343, -562903.8898267515 640448.6411132045, -563839.4230789689 640464.3300002669, -563823.7418363069 641398.313386701))",1560
1561,,"POLYGON ((-562888.2228884348 641382.601934343, -561952.7265322458 641366.9048195573, -561968.3791679293 640432.9665431456, -562903.8898267515 640448.6411132045, -562888.2228884348 641382.601934343))",1561
1562,,"POLYGON ((-561952.7265322458 641366.9048195573, -561017.252747138 641351.2220406279, -561032.8910819006 640417.3062883763, -561968.3791679293 640432.9665431456, -561952.7265322458 641366.9048195573))",1562
1563,,"POLYGON ((-561017.252747138 641351.2220406279, -560081.8015125128 641335.5535958388, -560097.425548065 640401.6603471838, -561032.8910819006 640417.3062883763, -561017.252747138 641351.2220406279))",1563
1564,,"POLYGON ((-560081.8015125128 641335.5535958388, -559146.3728077747 641319.8994834778, -559161.9825458245 640386.0287178572, -560097.425548065 640401.6603471838, -560081.8015125128 641335.5535958388))",1564
1565,,"POLYGON ((-559146.3728077747 641319.8994834778, -558210.9666123285 641304.2597018325, -558226.5620545826 640370.4113986873, -559161.9825458245 640386.0287178572, -559146.3728077747 641319.8994834778))",1565
1566,,"POLYGON ((-558210.9666123285 641304.2597018325, -557275.5829055838 641288.634249193, -557291.1640537481 640354.8083879662, -558226.5620545826 640370.4113986873, -558210.9666123285 641304.2597018325))",1566
1567,,"POLYGON ((-557275.5829055838 641288.634249193, -556340.2216669517 641273.0231238513, -556355.7885227287 640339.2196839884, -557291.1640537481 640354.8083879662, -557275.5829055838 641288.634249193))",1567
1568,,"POLYGON ((-556340.2216669517 641273.0231238513, -555404.8828758453 641257.4263241002, -555420.435440937 640323.6452850495, -556355.7885227287 640339.2196839884, -556340.2216669517 641273.0231238513))",1568
1569,,"POLYGON ((-555404.8828758453 641257.4263241002, -554469.5665116799 641241.8438482352, -554485.104787787 640308.0851894466, -555420.435440937 640323.6452850495, -555404.8828758453 641257.4263241002))",1569
1570,,"POLYGON ((-554469.5665116799 641241.8438482352, -553534.2725538742 641226.2756945528, -553549.7965426943 640292.5393954791, -554485.104787787 640308.0851894466, -554469.5665116799 641241.8438482352))",1570
1571,,"POLYGON ((-553534.2725538742 641226.2756945528, -552599.0009818482 641210.7218613513, -552614.5106850786 640277.0079014476, -553549.7965426943 640292.5393954791, -553534.2725538742 641226.2756945528))",1571
1572,,"POLYGON ((-552599.0009818482 641210.7218613513, -551663.7517750252 641195.1823469307, -551679.2471943612 640261.4907056543, -552614.5106850786 640277.0079014476, -552599.0009818482 641210.7218613513))",1572
1573,,"POLYGON ((-551663.7517750252 641195.1823469307, -550728.52491283 641179.6571495926, -550744.006049965 640245.9878064033, -551679.2471943612 640261.4907056543, -551663.7517750252 641195.1823469307))",1573
1574,,"POLYGON ((-550728.52491283 641179.6571495926, -549793.3203746909 641164.1462676404, -549808.787231317 640230.4992020006, -550744.006049965 640245.9878064033, -550728.52491283 641179.6571495926))",1574
1575,,"POLYGON ((-549793.3203746909 641164.1462676404, -548858.1381400374 641148.6496993792, -548873.5907178447 640215.0248907531, -549808.787231317 640230.4992020006, -549793.3203746909 641164.1462676404))",1575
1576,,"POLYGON ((-548858.1381400374 641148.6496993792, -547922.9781883024 641133.1674431155, -547938.4164889789 640199.5648709703, -548873.5907178447 640215.0248907531, -548858.1381400374 641148.6496993792))",1576
1577,97.27469635009766,"POLYGON ((-547922.9781883024 641133.1674431155, -546987.8404989203 641117.6994971575, -547003.2645241534 640184.1191409625, -547938.4164889789 640199.5648709703, -547922.9781883024 641133.1674431155))",1577
1578,94.46745300292969,"POLYGON ((-546987.8404989203 641117.6994971575, -546052.7250513287 641102.2458598154, -546068.1348028034 640168.6876990421, -547003.2645241534 640184.1191409625, -546987.8404989203 641117.6994971575))",1578
1579,104.52149963378906,"POLYGON ((-546052.7250513287 641102.2458598154, -545117.6318249666 641086.8065294005, -545133.0273043665 640153.2705435231, -546068.1348028034 640168.6876990421, -546052.7250513287 641102.2458598154))",1579
1580,99.38011932373047,"POLYGON ((-545117.6318249666 641086.8065294005, -544182.5607992758 641071.3815042266, -544197.9420082829 640137.8676727214, -545133.0273043665 640153.2705435231, -545117.6318249666 641086.8065294005))",1580
1581,97.81710815429688,"POLYGON ((-544182.5607992758 641071.3815042266, -543247.5119537008 641055.9707826081, -543262.8788939951 640122.479084954, -544197.9420082829 640137.8676727214, -544182.5607992758 641071.3815042266))",1581
1582,108.64652252197266,"POLYGON ((-543247.5119537008 641055.9707826081, -542312.4852676882 641040.574362862, -542327.8379409488 640107.10477854, -543262.8788939951 640122.479084954, -543247.5119537008 641055.9707826081))",1582
1583,134.682861328125,"POLYGON ((-542312.4852676882 641040.574362862, -541377.4807206867 641025.1922433064, -541392.8191285902 640091.7447517999, -542327.8379409488 640107.10477854, -542312.4852676882 641040.574362862))",1583
1584,121.6650619506836,"POLYGON ((-541377.4807206867 641025.1922433064, -540442.4982921481 641009.8244222613, -540457.8224363702 640076.399003056, -541392.8191285902 640091.7447517999, -541377.4807206867 641025.1922433064))",1584
1585,89.00725555419922,"POLYGON ((-540442.4982921481 641009.8244222613, -539507.5379615263 640994.4708980483, -539522.8478437396 640061.0675306324, -540457.8224363702 640076.399003056, -540442.4982921481 641009.8244222613))",1585
1586,99.0013656616211,"POLYGON ((-539507.5379615263 640994.4708980483, -538572.599708276 640979.1316689905, -538587.8953301533 640045.7503328545, -539522.8478437396 640061.0675306324, -539507.5379615263 640994.4708980483))",1586
1587,157.89498901367188,"POLYGON ((-538572.599708276 640979.1316689905, -537637.6835118566 640963.8067334128, -537652.9648750679 640030.4474080495, -538587.8953301533 640045.7503328545, -538572.599708276 640979.1316689905))",1587
1588,225.4691925048828,"POLYGON ((-537637.6835118566 640963.8067334128, -536702.7893517286 640948.4960896418, -536718.0564579432 640015.1587545464, -537652.9648750679 640030.4474080495, -537637.6835118566 640963.8067334128))",1588
1589,278.7471923828125,"POLYGON ((-536702.7893517286 640948.4960896418, -535767.9172073558 640933.1997360059, -535783.1700582395 639999.8843706759, -536718.0564579432 640015.1587545464, -536702.7893517286 640948.4960896418))",1589
1590,344.13165283203125,"POLYGON ((-535767.9172073558 640933.1997360059, -534833.0670582019 640917.9176708348, -534848.3056554212 639984.6242547699, -535783.1700582395 639999.8843706759, -535767.9172073558 640933.1997360059))",1590
1591,337.1745910644531,"POLYGON ((-534833.0670582019 640917.9176708348, -533898.2388837358 640902.64989246, -533913.4632289537 639969.3784051625, -534848.3056554212 639984.6242547699, -534833.0670582019 640917.9176708348))",1591
1592,314.9500732421875,"POLYGON ((-533898.2388837358 640902.64989246, -532963.4326634273 640887.3963992145, -532978.6427583063 639954.1468201891, -533913.4632289537 639969.3784051625, -533898.2388837358 640902.64989246))",1592
1593,341.3946838378906,"POLYGON ((-532963.4326634273 640887.3963992145, -532028.6483767491 640872.1571894333, -532043.8442229497 639938.9294981868, -532978.6427583063 639954.1468201891, -532963.4326634273 640887.3963992145))",1593
1594,353.6603088378906,"POLYGON ((-532028.6483767491 640872.1571894333, -531093.8860031756 640856.9322614532, -531109.0676023563 639923.7264374945, -532043.8442229497 639938.9294981868, -532028.6483767491 640872.1571894333))",1594
1595,325.3507995605469,"POLYGON ((-531093.8860031756 640856.9322614532, -530159.145522184 640841.7216136118, -530174.3128760017 639908.5376364527, -531109.0676023563 639923.7264374945, -531093.8860031756 640856.9322614532))",1595
1596,276.4402770996094,"POLYGON ((-530159.145522184 640841.7216136118, -529224.4269132537 640826.5252442493, -529239.5800233642 639893.3630934034, -530174.3128760017 639908.5376364527, -530159.145522184 640841.7216136118))",1596
1597,319.7677917480469,"POLYGON ((-529224.4269132537 640826.5252442493, -528289.7301558661 640811.3431517067, -528304.8690239232 639878.2028066904, -529239.5800233642 639893.3630934034, -529224.4269132537 640826.5252442493))",1597
1598,417.89306640625,"POLYGON ((-528289.7301558661 640811.3431517067, -527355.0552295055 640796.1753343276, -527370.1798571616 639863.0567746591, -528304.8690239232 639878.2028066904, -528289.7301558661 640811.3431517067))",1598
1599,293.455322265625,"POLYGON ((-527355.0552295055 640796.1753343276, -526420.4021136585 640781.0217904565, -526435.5125025635 639847.9249956565, -527370.1798571616 639863.0567746591, -527355.0552295055 640796.1753343276))",1599
1600,238.12916564941406,"POLYGON ((-526420.4021136585 640781.0217904565, -525485.7707878132 640765.8825184397, -525500.8669396166 639832.8074680314, -526435.5125025635 639847.9249956565, -526420.4021136585 640781.0217904565))",1600
1601,308.5688171386719,"POLYGON ((-525485.7707878132 640765.8825184397, -524551.1612314614 640750.7575166253, -524566.2431478102 639817.7041901342, -525500.8669396166 639832.8074680314, -525485.7707878132 640765.8825184397))",1601
1602,312.8399353027344,"POLYGON ((-524551.1612314614 640750.7575166253, -523616.57342409575 640735.6467833632, -523631.64110663533 639802.6151603168, -524566.2431478102 639817.7041901342, -524551.1612314614 640750.7575166253))",1602
1603,345.6578674316406,"POLYGON ((-523616.57342409575 640735.6467833632, -522682.00734521204 640720.5503170044, -522697.0607955868 639787.5403769328, -523631.64110663533 639802.6151603168, -523616.57342409575 640735.6467833632))",1603
1604,348.1256408691406,"POLYGON ((-522682.00734521204 640720.5503170044, -521747.4629743082 640705.4681159022, -521762.50219416025 639772.4798383379, -522697.0607955868 639787.5403769328, -522682.00734521204 640720.5503170044))",1604
1605,333.783203125,"POLYGON ((-521747.4629743082 640705.4681159022, -520812.94029088435 640690.400178411, -520827.9652818538 639757.4335428885, -521762.50219416025 639772.4798383379, -521747.4629743082 640705.4681159022))",1605
1606,578.7891845703125,"POLYGON ((-520812.94029088435 640690.400178411, -519878.43927444366 640675.3465028874, -519893.45003816986 639742.4014889435, -520827.9652818538 639757.4335428885, -520812.94029088435 640690.400178411))",1606
1607,706.3938598632812,"POLYGON ((-519878.43927444366 640675.3465028874, -518943.9599044896 640660.3070876888, -518958.9564426106 639727.383674863, -519893.45003816986 639742.4014889435, -519878.43927444366 640675.3465028874))",1607
1608,302.00958251953125,"POLYGON ((-518943.9599044896 640660.3070876888, -518009.50216053077 640645.2819311754, -518024.48447468167 639712.3800990089, -518958.9564426106 639727.383674863, -518943.9599044896 640660.3070876888))",1608
1609,278.09912109375,"POLYGON ((-518009.50216053077 640645.2819311754, -517075.0660220758 640630.2710317082, -517090.03411389096 639697.3907597449, -518024.48447468167 639712.3800990089, -518009.50216053077 640645.2819311754))",1609
1610,163.53578186035156,"POLYGON ((-517075.0660220758 640630.2710317082, -516140.6514686368 640615.27438765, -516155.60533974844 639682.4156554361, -517090.03411389096 639697.3907597449, -517075.0660220758 640630.2710317082))",1610
1611,115.62877655029297,"POLYGON ((-516140.6514686368 640615.27438765, -515206.25847972813 640600.2919973653, -515221.1981317663 639667.454784449, -516155.60533974844 639682.4156554361, -516140.6514686368 640615.27438765))",1611
1612,109.82809448242188,"POLYGON ((-515206.25847972813 640600.2919973653, -514271.8870348651 640585.3238592205, -514286.81246945984 639652.5081451526, -515221.1981317663 639667.454784449, -515206.25847972813 640600.2919973653))",1612
1613,102.9285888671875,"POLYGON ((-514271.8870348651 640585.3238592205, -513337.53711356677 640570.3699715831, -513352.4483323458 639637.5757359165, -514286.81246945984 639652.5081451526, -514271.8870348651 640585.3238592205))",1613
1614,172.16165161132812,"POLYGON ((-513337.53711356677 640570.3699715831, -512403.2086953544 640555.4303328228, -512418.1056999434 639622.6575551128, -513352.4483323458 639637.5757359165, -513337.53711356677 640570.3699715831))",1614
1615,235.9707489013672,"POLYGON ((-512403.2086953544 640555.4303328228, -511468.9017597508 640540.5049413107, -511483.78455177345 639607.7536011146, -512418.1056999434 639622.6575551128, -512403.2086953544 640555.4303328228))",1615
1616,232.61375427246094,"POLYGON ((-511468.9017597508 640540.5049413107, -510534.6162862814 640525.5937954193, -510549.4848673609 639592.8638722972, -511483.78455177345 639607.7536011146, -511468.9017597508 640540.5049413107))",1616
1617,318.4375,"POLYGON ((-510534.6162862814 640525.5937954193, -509600.35225447395 640510.6968935233, -509615.20662623073 639577.988367037, -510549.4848673609 639592.8638722972, -510534.6162862814 640525.5937954193))",1617
1618,425.8133850097656,"POLYGON ((-509600.35225447395 640510.6968935233, -508666.109643859 640495.8142339988, -508680.9498079127 639563.1270837126, -509615.20662623073 639577.988367037, -509600.35225447395 640510.6968935233))",1618
1619,450.6461486816406,"POLYGON ((-508666.109643859 640495.8142339988, -507731.8884339682 640480.945815223, -507746.7143919362 639548.2800207037, -508680.9498079127 639563.1270837126, -508666.109643859 640495.8142339988))",1619
1620,744.8822631835938,"POLYGON ((-507731.8884339682 640480.945815223, -506797.6886043359 640466.0916355755, -506812.500357835 639533.4471763921, -507746.7143919362 639548.2800207037, -507731.8884339682 640480.945815223))",1620
1621,816.2073974609375,"POLYGON ((-506797.6886043359 640466.0916355755, -505863.5101344995 640451.2516934376, -505878.30768514343 639518.6285491608, -506812.500357835 639533.4471763921, -506797.6886043359 640466.0916355755))",1621
1622,661.1755981445312,"POLYGON ((-505863.5101344995 640451.2516934376, -504929.35300399794 640436.4259871914, -504944.1363533996 639503.8241373949, -505878.30768514343 639518.6285491608, -505863.5101344995 640451.2516934376))",1622
1623,459.0361022949219,"POLYGON ((-504929.35300399794 640436.4259871914, -503995.2171923729 640421.6145152214, -504009.98634214327 639489.0339394808, -504944.1363533996 639503.8241373949, -504929.35300399794 640436.4259871914))",1623
1624,355.4610595703125,"POLYGON ((-503995.2171923729 640421.6145152214, -503061.1026791675 640406.8172759132, -503075.8576309165 639474.2579538064, -504009.98634214327 639489.0339394808, -503995.2171923729 640421.6145152214))",1624
1625,460.54241943359375,"POLYGON ((-503061.1026791675 640406.8172759132, -502127.0094439278 640392.0342676548, -502141.75019926287 639459.4961787619, -503075.8576309165 639474.2579538064, -503061.1026791675 640406.8172759132))",1625
1626,525.0419311523438,"POLYGON ((-502127.0094439278 640392.0342676548, -501192.9374662017 640377.2654888349, -501207.66402672976 639444.7486127387, -502141.75019926287 639459.4961787619, -502127.0094439278 640392.0342676548))",1626
1627,495.0931396484375,"POLYGON ((-501192.9374662017 640377.2654888349, -500258.8867255404 640362.5109378448, -500273.59909286466 639430.0152541294, -501207.66402672976 639444.7486127387, -501192.9374662017 640377.2654888349))",1627
1628,575.2401123046875,"POLYGON ((-500258.8867255404 640362.5109378448, -499324.8572014953 640347.7706130765, -499339.5553772199 639415.2961013291, -500273.59909286466 639430.0152541294, -500258.8867255404 640362.5109378448))",1628
1629,535.7071533203125,"POLYGON ((-499324.8572014953 640347.7706130765, -498390.8488736225 640333.0445129243, -498405.53285934834 639400.5911527342, -499339.5553772199 639415.2961013291, -499324.8572014953 640347.7706130765))",1629
1630,384.41650390625,"POLYGON ((-498390.8488736225 640333.0445129243, -497456.8617214785 640318.3326357837, -497471.53151880554 639385.9004067424, -498405.53285934834 639400.5911527342, -498390.8488736225 640333.0445129243))",1630
1631,302.8697814941406,"POLYGON ((-497456.8617214785 640318.3326357837, -496522.895724623 640303.6349800525, -496537.5513351485 639371.2238617532, -497471.53151880554 639385.9004067424, -497456.8617214785 640318.3326357837))",1631
1632,222.7529296875,"POLYGON ((-496522.895724623 640303.6349800525, -495588.9508626177 640288.9515441292, -495603.5922879388 639356.5615161682, -496537.5513351485 639371.2238617532, -496522.895724623 640303.6349800525))",1632
1633,197.08901977539062,"POLYGON ((-495588.9508626177 640288.9515441292, -494655.0271150259 640274.2823264147, -494669.6543567373 639341.91336839, -495603.5922879388 639356.5615161682, -495588.9508626177 640288.9515441292))",1633
1634,196.32688903808594,"POLYGON ((-494655.0271150259 640274.2823264147, -493721.1244614142 640259.6273253113, -493735.7375211092 639327.2794168234, -494669.6543567373 639341.91336839, -494655.0271150259 640274.2823264147))",1634
1635,109.64321899414062,"POLYGON ((-493721.1244614142 640259.6273253113, -492787.2428813509 640244.9865392226, -492801.8417606208 639312.6596598742, -493735.7375211092 639327.2794168234, -493721.1244614142 640259.6273253113))",1635
1636,43.547279357910156,"POLYGON ((-492787.2428813509 640244.9865392226, -491853.3823544071 640230.3599665547, -491867.9670548412 639298.0540959503, -492801.8417606208 639312.6596598742, -492787.2428813509 640244.9865392226))",1636
1637,,"POLYGON ((-491853.3823544071 640230.3599665547, -490919.5428601549 640215.7476057141, -490934.1133833418 639283.462723461, -491867.9670548412 639298.0540959503, -491853.3823544071 640230.3599665547))",1637
1638,,"POLYGON ((-490919.5428601549 640215.7476057141, -489985.72437816916 640201.1494551103, -490000.2807256959 639268.8855408175, -490934.1133833418 639283.462723461, -490919.5428601549 640215.7476057141))",1638
1639,,"POLYGON ((-489985.72437816916 640201.1494551103, -489051.9268880279 640186.5655131532, -489066.4690614797 639254.3225464324, -490000.2807256959 639268.8855408175, -489985.72437816916 640201.1494551103))",1639
1640,,"POLYGON ((-565710.5574460148 640495.7507322683, -564774.9789451882 640480.0332060491, -564790.6517035007 639546.0267333772, -565726.2444913534 639561.7216517759, -565710.5574460148 640495.7507322683))",1640
1641,,"POLYGON ((-564774.9789451882 640480.0332060491, -563839.4230789689 640464.3300002669, -563855.08155197 639530.3461148408, -564790.6517035007 639546.0267333772, -564774.9789451882 640480.0332060491))",1641
1642,,"POLYGON ((-563839.4230789689 640464.3300002669, -562903.8898267515 640448.6411132045, -562919.5340161531 639514.6797944515, -563855.08155197 639530.3461148408, -563839.4230789689 640464.3300002669))",1642
1643,,"POLYGON ((-562903.8898267515 640448.6411132045, -561968.3791679293 640432.9665431456, -561984.0090754437 639499.0277704955, -562919.5340161531 639514.6797944515, -562903.8898267515 640448.6411132045))",1643
1644,,"POLYGON ((-561968.3791679293 640432.9665431456, -561032.8910819006 640417.3062883763, -561048.5067092364 639483.3900412612, -561984.0090754437 639499.0277704955, -561968.3791679293 640432.9665431456))",1644
1645,,"POLYGON ((-561032.8910819006 640417.3062883763, -560097.425548065 640401.6603471838, -560113.0268969298 639467.7666050383, -561048.5067092364 639483.3900412612, -561032.8910819006 640417.3062883763))",1645
1646,,"POLYGON ((-560097.425548065 640401.6603471838, -559161.9825458245 640386.0287178572, -559177.569617924 639452.1574601184, -560113.0268969298 639467.7666050383, -560097.425548065 640401.6603471838))",1646
1647,,"POLYGON ((-559161.9825458245 640386.0287178572, -558226.5620545826 640370.4113986873, -558242.1348516226 639436.5626047944, -559177.569617924 639452.1574601184, -559161.9825458245 640386.0287178572))",1647
1648,,"POLYGON ((-558226.5620545826 640370.4113986873, -557291.1640537481 640354.8083879662, -557306.7225774298 639420.9820373612, -558242.1348516226 639436.5626047944, -558226.5620545826 640370.4113986873))",1648
1649,,"POLYGON ((-557291.1640537481 640354.8083879662, -556355.7885227287 640339.2196839884, -556371.3327747546 639405.4157561155, -557306.7225774298 639420.9820373612, -557291.1640537481 640354.8083879662))",1649
1650,,"POLYGON ((-556355.7885227287 640339.2196839884, -555420.435440937 640323.6452850495, -555435.9654230049 639389.8637593547, -556371.3327747546 639405.4157561155, -556355.7885227287 640339.2196839884))",1650
1651,,"POLYGON ((-555420.435440937 640323.6452850495, -554485.104787787 640308.0851894466, -554500.6205015953 639374.3260453796, -555435.9654230049 639389.8637593547, -555420.435440937 640323.6452850495))",1651
1652,,"POLYGON ((-554485.104787787 640308.0851894466, -553549.7965426943 640292.5393954791, -553565.2979899391 639358.8026124907, -554500.6205015953 639374.3260453796, -554485.104787787 640308.0851894466))",1652
1653,,"POLYGON ((-553549.7965426943 640292.5393954791, -552614.5106850786 640277.0079014476, -552629.9978674548 639343.2934589917, -553565.2979899391 639358.8026124907, -553549.7965426943 640292.5393954791))",1653
1654,,"POLYGON ((-552614.5106850786 640277.0079014476, -551679.2471943612 640261.4907056543, -551694.7201135608 639327.7985831869, -552629.9978674548 639343.2934589917, -552614.5106850786 640277.0079014476))",1654
1655,,"POLYGON ((-551679.2471943612 640261.4907056543, -550744.006049965 640245.9878064033, -550759.4647076796 639312.3179833832, -551694.7201135608 639327.7985831869, -551679.2471943612 640261.4907056543))",1655
1656,,"POLYGON ((-550744.006049965 640245.9878064033, -549808.787231317 640230.4992020006, -549824.2316292357 639296.8516578883, -550759.4647076796 639312.3179833832, -550744.006049965 640245.9878064033))",1656
1657,,"POLYGON ((-549808.787231317 640230.4992020006, -548873.5907178447 640215.0248907531, -548889.0208576557 639281.3996050118, -549824.2316292357 639296.8516578883, -549808.787231317 640230.4992020006))",1657
1658,106.37687683105469,"POLYGON ((-548873.5907178447 640215.0248907531, -547938.4164889789 640199.5648709703, -547953.8323723684 639265.9618230659, -548889.0208576557 639281.3996050118, -548873.5907178447 640215.0248907531))",1658
1659,105.68549346923828,"POLYGON ((-547938.4164889789 640199.5648709703, -547003.2645241534 640184.1191409625, -547018.6661528059 639250.5383103625, -547953.8323723684 639265.9618230659, -547938.4164889789 640199.5648709703))",1659
1660,76.5560302734375,"POLYGON ((-547003.2645241534 640184.1191409625, -546068.1348028034 640168.6876990421, -546083.5221784009 639235.129065217, -547018.6661528059 639250.5383103625, -547003.2645241534 640184.1191409625))",1660
1661,69.9214859008789,"POLYGON ((-546068.1348028034 640168.6876990421, -545133.0273043665 640153.2705435231, -545148.4004285907 639219.7340859456, -546083.5221784009 639235.129065217, -546068.1348028034 640168.6876990421))",1661
1662,70.07769012451172,"POLYGON ((-545133.0273043665 640153.2705435231, -544197.9420082829 640137.8676727214, -544213.3008828135 639204.3533708664, -545148.4004285907 639219.7340859456, -545133.0273043665 640153.2705435231))",1662
1663,75.25758361816406,"POLYGON ((-544197.9420082829 640137.8676727214, -543262.8788939951 640122.479084954, -543278.2235205101 639188.986918299, -544213.3008828135 639204.3533708664, -544197.9420082829 640137.8676727214))",1663
1664,76.32898712158203,"POLYGON ((-543262.8788939951 640122.479084954, -542327.8379409488 640107.10477854, -542343.1683211235 639173.6347265649, -543278.2235205101 639188.986918299, -543262.8788939951 640122.479084954))",1664
1665,94.27330780029297,"POLYGON ((-542327.8379409488 640107.10477854, -541392.8191285902 640091.7447517999, -541408.1352641002 639158.2967939865, -542343.1683211235 639173.6347265649, -542327.8379409488 640107.10477854))",1665
1666,112.02708435058594,"POLYGON ((-541392.8191285902 640091.7447517999, -540457.8224363702 640076.399003056, -540473.1243288876 639142.9731188888, -541408.1352641002 639158.2967939865, -541392.8191285902 640091.7447517999))",1666
1667,122.479736328125,"POLYGON ((-540457.8224363702 640076.399003056, -539522.8478437396 640061.0675306324, -539538.1354949361 639127.6636995983, -540473.1243288876 639142.9731188888, -540457.8224363702 640076.399003056))",1667
1668,125.80410766601562,"POLYGON ((-539522.8478437396 640061.0675306324, -538587.8953301533 640045.7503328545, -538603.168741699 639112.3685344426, -539538.1354949361 639127.6636995983, -539522.8478437396 640061.0675306324))",1668
1669,204.25091552734375,"POLYGON ((-538587.8953301533 640045.7503328545, -537652.9648750679 640030.4474080495, -537668.2240486303 639097.0876217514, -538603.168741699 639112.3685344426, -538587.8953301533 640045.7503328545))",1669
1670,257.7475891113281,"POLYGON ((-537652.9648750679 640030.4474080495, -536718.0564579432 640015.1587545464, -536733.3013951883 639081.8209598559, -537668.2240486303 639097.0876217514, -537652.9648750679 640030.4474080495))",1670
1671,281.49066162109375,"POLYGON ((-536718.0564579432 640015.1587545464, -535783.1700582395 639999.8843706759, -535798.4007608325 639066.568547089, -536733.3013951883 639081.8209598559, -536718.0564579432 640015.1587545464))",1671
1672,341.6428527832031,"POLYGON ((-535783.1700582395 639999.8843706759, -534848.3056554212 639984.6242547699, -534863.5221250248 639051.3303817852, -535798.4007608325 639066.568547089, -535783.1700582395 639999.8843706759))",1672
1673,430.6220703125,"POLYGON ((-534848.3056554212 639984.6242547699, -533913.4632289537 639969.3784051625, -533928.6654672296 639036.1064622808, -534863.5221250248 639051.3303817852, -534848.3056554212 639984.6242547699))",1673
1674,402.2344970703125,"POLYGON ((-533913.4632289537 639969.3784051625, -532978.6427583063 639954.1468201891, -532993.8307669138 639020.8967869135, -533928.6654672296 639036.1064622808, -533913.4632289537 639969.3784051625))",1674
1675,399.9423522949219,"POLYGON ((-532978.6427583063 639954.1468201891, -532043.8442229497 639938.9294981868, -532059.018003547 639005.701354023, -532993.8307669138 639020.8967869135, -532978.6427583063 639954.1468201891))",1675
1676,401.6991882324219,"POLYGON ((-532043.8442229497 639938.9294981868, -531109.0676023563 639923.7264374945, -531124.2271565999 638990.5201619504, -532059.018003547 639005.701354023, -532043.8442229497 639938.9294981868))",1676
1677,335.4517822265625,"POLYGON ((-531109.0676023563 639923.7264374945, -530174.3128760017 639908.5376364527, -530189.4582055466 638975.3532090381, -531124.2271565999 638990.5201619504, -531109.0676023563 639923.7264374945))",1677
1678,390.10528564453125,"POLYGON ((-530174.3128760017 639908.5376364527, -529239.5800233642 639893.3630934034, -529254.7111298627 638960.200493631, -530189.4582055466 638975.3532090381, -530174.3128760017 639908.5376364527))",1678
1679,432.4820861816406,"POLYGON ((-529239.5800233642 639893.3630934034, -528304.8690239232 639878.2028066904, -528319.9859090275 638945.0620140749, -529254.7111298627 638960.200493631, -529239.5800233642 639893.3630934034))",1679
1680,369.5395812988281,"POLYGON ((-528304.8690239232 639878.2028066904, -527370.1798571616 639863.0567746591, -527385.2825225216 638929.9377687176, -528319.9859090275 638945.0620140749, -528304.8690239232 639878.2028066904))",1680
1681,265.8581237792969,"POLYGON ((-527370.1798571616 639863.0567746591, -526435.5125025635 639847.9249956565, -526450.6009498272 638914.8277559086, -527385.2825225216 638929.9377687176, -527370.1798571616 639863.0567746591))",1681
1682,251.0377197265625,"POLYGON ((-526435.5125025635 639847.9249956565, -525500.8669396166 639832.8074680314, -525515.9411704303 638899.7319739988, -526450.6009498272 638914.8277559086, -526435.5125025635 639847.9249956565))",1682
1683,286.902099609375,"POLYGON ((-525500.8669396166 639832.8074680314, -524566.2431478102 639817.7041901342, -524581.3031638191 638884.6504213407, -525515.9411704303 638899.7319739988, -525500.8669396166 639832.8074680314))",1683
1684,338.89324951171875,"POLYGON ((-524566.2431478102 639817.7041901342, -523631.64110663533 639802.6151603168, -523646.6869094828 638869.5830962891, -524581.3031638191 638884.6504213407, -524566.2431478102 639817.7041901342))",1684
1685,352.4842834472656,"POLYGON ((-523631.64110663533 639802.6151603168, -522697.0607955868 639787.5403769328, -522712.09238691384 638854.5299971995, -523646.6869094828 638869.5830962891, -523631.64110663533 639802.6151603168))",1685
1686,410.375732421875,"POLYGON ((-522697.0607955868 639787.5403769328, -521762.50219416025 639772.4798383379, -521777.5195756074 638839.4911224297, -522712.09238691384 638854.5299971995, -522697.0607955868 639787.5403769328))",1686
1687,367.77093505859375,"POLYGON ((-521762.50219416025 639772.4798383379, -520827.9652818538 639757.4335428885, -520842.96845505957 638824.4664703389, -521777.5195756074 638839.4911224297, -521762.50219416025 639772.4798383379))",1687
1688,560.0426635742188,"POLYGON ((-520827.9652818538 639757.4335428885, -519893.45003816986 639742.4014889435, -519908.43900477036 638809.4560392881, -520842.96845505957 638824.4664703389, -520827.9652818538 639757.4335428885))",1688
1689,604.8431396484375,"POLYGON ((-519893.45003816986 639742.4014889435, -518958.9564426106 639727.383674863, -518973.9312042411 638794.4598276396, -519908.43900477036 638809.4560392881, -519893.45003816986 639742.4014889435))",1689
1690,441.9970703125,"POLYGON ((-518958.9564426106 639727.383674863, -518024.48447468167 639712.3800990089, -518039.4450329755 638779.4778337578, -518973.9312042411 638794.4598276396, -518958.9564426106 639727.383674863))",1690
1691,440.8597717285156,"POLYGON ((-518024.48447468167 639712.3800990089, -517090.03411389096 639697.3907597449, -517104.9804704797 638764.5100560084, -518039.4450329755 638779.4778337578, -518024.48447468167 639712.3800990089))",1691
1692,253.93045043945312,"POLYGON ((-517090.03411389096 639697.3907597449, -516155.60533974844 639682.4156554361, -516170.5374962626 638749.5564927589, -517104.9804704797 638764.5100560084, -517090.03411389096 639697.3907597449))",1692
1693,140.76805114746094,"POLYGON ((-516155.60533974844 639682.4156554361, -515221.1981317663 639667.454784449, -515236.1160898345 638734.6171423785, -516170.5374962626 638749.5564927589, -516155.60533974844 639682.4156554361))",1693
1694,133.2515411376953,"POLYGON ((-515221.1981317663 639667.454784449, -514286.81246945984 639652.5081451526, -514301.7162307089 638719.6920032377, -515236.1160898345 638734.6171423785, -515221.1981317663 639667.454784449))",1694
1695,132.5852508544922,"POLYGON ((-514286.81246945984 639652.5081451526, -513352.4483323458 639637.5757359165, -513367.3378984006 638704.781073709, -514301.7162307089 638719.6920032377, -514286.81246945984 639652.5081451526))",1695
1696,121.00248718261719,"POLYGON ((-513352.4483323458 639637.5757359165, -512418.1056999434 639622.6575551128, -512432.98107242724 638689.8843521667, -513367.3378984006 638704.781073709, -513352.4483323458 639637.5757359165))",1696
1697,239.38687133789062,"POLYGON ((-512418.1056999434 639622.6575551128, -511483.78455177345 639607.7536011146, -511498.6457323093 638675.0018369859, -512432.98107242724 638689.8843521667, -512418.1056999434 639622.6575551128))",1697
1698,261.287109375,"POLYGON ((-511483.78455177345 639607.7536011146, -510549.4848673609 639592.8638722972, -510564.33185756765 638660.1335265446, -511498.6457323093 638675.0018369859, -511483.78455177345 639607.7536011146))",1698
1699,364.27191162109375,"POLYGON ((-510549.4848673609 639592.8638722972, -509615.20662623073 639577.988367037, -509630.0394277283 638645.2794192211, -510564.33185756765 638660.1335265446, -510549.4848673609 639592.8638722972))",1699
1700,452.77655029296875,"POLYGON ((-509615.20662623073 639577.988367037, -508680.9498079127 639563.1270837126, -508695.7684223172 638630.4395133962, -509630.0394277283 638645.2794192211, -509615.20662623073 639577.988367037))",1700
1701,533.2439575195312,"POLYGON ((-508680.9498079127 639563.1270837126, -507746.7143919362 639548.2800207037, -507761.5188208639 638615.6138074524, -508695.7684223172 638630.4395133962, -508680.9498079127 639563.1270837126))",1701
1702,341.59942626953125,"POLYGON ((-507746.7143919362 639548.2800207037, -506812.500357835 639533.4471763921, -506827.2906028988 638600.8022997732, -507761.5188208639 638615.6138074524, -507746.7143919362 639548.2800207037))",1702
1703,1261.245361328125,"POLYGON ((-506812.500357835 639533.4471763921, -505878.30768514343 639518.6285491608, -505893.08374795574 638586.004988744, -506827.2906028988 638600.8022997732, -506812.500357835 639533.4471763921))",1703
1704,1599.316650390625,"POLYGON ((-505878.30768514343 639518.6285491608, -504944.1363533996 639503.8241373949, -504958.89823557134 638571.2218727525, -505893.08374795574 638586.004988744, -505878.30768514343 639518.6285491608))",1704
1705,1229.1468505859375,"POLYGON ((-504944.1363533996 639503.8241373949, -504009.98634214327 639489.0339394808, -504024.73404528294 638556.4529501871, -504958.89823557134 638571.2218727525, -504944.1363533996 639503.8241373949))",1705
1706,1002.1401977539062,"POLYGON ((-504009.98634214327 639489.0339394808, -503075.8576309165 639474.2579538064, -503090.59115663124 638541.6982194381, -504024.73404528294 638556.4529501871, -504009.98634214327 639489.0339394808))",1706
1707,1206.2882080078125,"POLYGON ((-503075.8576309165 639474.2579538064, -502141.75019926287 639459.4961787619, -502156.4695491586 638526.9576788979, -503090.59115663124 638541.6982194381, -503075.8576309165 639474.2579538064))",1707
1708,662.5311279296875,"POLYGON ((-502141.75019926287 639459.4961787619, -501207.66402672976 639444.7486127387, -501222.36920240964 638512.2313269597, -502156.4695491586 638526.9576788979, -502141.75019926287 639459.4961787619))",1708
1709,448.496337890625,"POLYGON ((-501207.66402672976 639444.7486127387, -500273.59909286466 639430.0152541294, -500288.29009593173 638497.5191620189, -501222.36920240964 638512.2313269597, -501207.66402672976 639444.7486127387))",1709
1710,418.3123779296875,"POLYGON ((-500273.59909286466 639430.0152541294, -499339.5553772199 639415.2961013291, -499354.23220927455 638482.8211824729, -500288.29009593173 638497.5191620189, -500273.59909286466 639430.0152541294))",1710
1711,404.6120910644531,"POLYGON ((-499339.5553772199 639415.2961013291, -498405.53285934834 639400.5911527342, -498420.1955219896 638468.1373867199, -499354.23220927455 638482.8211824729, -499339.5553772199 639415.2961013291))",1711
1712,332.49383544921875,"POLYGON ((-498405.53285934834 639400.5911527342, -497471.53151880554 639385.9004067424, -497486.1800136308 638453.4677731602, -498420.1955219896 638468.1373867199, -498405.53285934834 639400.5911527342))",1712
1713,259.51043701171875,"POLYGON ((-497471.53151880554 639385.9004067424, -496537.5513351485 639371.2238617532, -496552.1856637541 638438.8123401955, -497486.1800136308 638453.4677731602, -497471.53151880554 639385.9004067424))",1713
1714,203.05300903320312,"POLYGON ((-496537.5513351485 639371.2238617532, -495603.5922879388 639356.5615161682, -495618.21245191793 638424.1710862295, -496552.1856637541 638438.8123401955, -496537.5513351485 639371.2238617532))",1714
1715,183.88906860351562,"POLYGON ((-495603.5922879388 639356.5615161682, -494669.6543567373 639341.91336839, -494684.26035768294 638409.5440096671, -495618.21245191793 638424.1710862295, -495603.5922879388 639356.5615161682))",1715
1716,178.02963256835938,"POLYGON ((-494669.6543567373 639341.91336839, -493735.7375211092 639327.2794168234, -493750.32936061185 638394.9311089152, -494684.26035768294 638409.5440096671, -494669.6543567373 639341.91336839))",1716
1717,162.39688110351562,"POLYGON ((-493735.7375211092 639327.2794168234, -492801.8417606208 639312.6596598742, -492816.4194402704 638380.3323823822, -493750.32936061185 638394.9311089152, -493735.7375211092 639327.2794168234))",1717
1718,,"POLYGON ((-492801.8417606208 639312.6596598742, -491867.9670548412 639298.0540959503, -491882.53057622537 638365.7478284779, -492816.4194402704 638380.3323823822, -492801.8417606208 639312.6596598742))",1718
1719,,"POLYGON ((-491867.9670548412 639298.0540959503, -490934.1133833418 639283.462723461, -490948.66274804634 638351.1774456141, -491882.53057622537 638365.7478284779, -491867.9670548412 639298.0540959503))",1719
1720,,"POLYGON ((-490934.1133833418 639283.462723461, -490000.2807256959 639268.8855408175, -490014.8159353053 638336.6212322039, -490948.66274804634 638351.1774456141, -490934.1133833418 639283.462723461))",1720
1721,,"POLYGON ((-490000.2807256959 639268.8855408175, -489066.4690614797 639254.3225464324, -489080.9901175761 638322.0791866624, -490014.8159353053 638336.6212322039, -490000.2807256959 639268.8855408175))",1721
1722,,"POLYGON ((-565726.2444913534 639561.7216517759, -564790.6517035007 639546.0267333772, -564806.3016710335 638612.0197610536, -565741.9087251602 638627.6920702533, -565726.2444913534 639561.7216517759))",1722
1723,,"POLYGON ((-564790.6517035007 639546.0267333772, -563855.08155197 639530.3461148408, -563870.7172549414 638596.3617311397, -564806.3016710335 638612.0197610536, -564790.6517035007 639546.0267333772))",1723
1724,,"POLYGON ((-563855.08155197 639530.3461148408, -562919.5340161531 639514.6797944515, -562935.1554562736 638580.7179787988, -563870.7172549414 638596.3617311397, -563855.08155197 639530.3461148408))",1724
1725,,"POLYGON ((-562919.5340161531 639514.6797944515, -561984.0090754437 639499.0277704955, -561999.6162544207 638565.0885023198, -562935.1554562736 638580.7179787988, -562919.5340161531 639514.6797944515))",1725
1726,,"POLYGON ((-561984.0090754437 639499.0277704955, -561048.5067092364 639483.3900412612, -561064.0996287784 638549.4732999934, -561999.6162544207 638565.0885023198, -561984.0090754437 639499.0277704955))",1726
1727,,"POLYGON ((-561048.5067092364 639483.3900412612, -560113.0268969298 639467.7666050383, -560128.6055587409 638533.8723701115, -561064.0996287784 638549.4732999934, -561048.5067092364 639483.3900412612))",1727
1728,,"POLYGON ((-560113.0268969298 639467.7666050383, -559177.569617924 639452.1574601184, -559193.1340237088 638518.2857109683, -560128.6055587409 638533.8723701115, -560113.0268969298 639467.7666050383))",1728
1729,,"POLYGON ((-559177.569617924 639452.1574601184, -558242.1348516226 639436.5626047944, -558257.6850030818 638502.713320859, -559193.1340237088 638518.2857109683, -559177.569617924 639452.1574601184))",1729
1730,,"POLYGON ((-558242.1348516226 639436.5626047944, -557306.7225774298 639420.9820373612, -557322.2584762648 638487.155198081, -558257.6850030818 638502.713320859, -558242.1348516226 639436.5626047944))",1730
1731,,"POLYGON ((-557306.7225774298 639420.9820373612, -556371.3327747546 639405.4157561155, -556386.8544226626 638471.6113409331, -557322.2584762648 638487.155198081, -557306.7225774298 639420.9820373612))",1731
1732,,"POLYGON ((-556371.3327747546 639405.4157561155, -555435.9654230049 639389.8637593547, -555451.4728216848 638456.0817477157, -556386.8544226626 638471.6113409331, -556371.3327747546 639405.4157561155))",1732
1733,,"POLYGON ((-555435.9654230049 639389.8637593547, -554500.6205015953 639374.3260453796, -554516.1136527415 638440.5664167312, -555451.4728216848 638456.0817477157, -555435.9654230049 639389.8637593547))",1733
1734,,"POLYGON ((-554500.6205015953 639374.3260453796, -553565.2979899391 639358.8026124907, -553580.7768952455 638425.0653462831, -554516.1136527415 638440.5664167312, -554500.6205015953 639374.3260453796))",1734
1735,,"POLYGON ((-553565.2979899391 639358.8026124907, -552629.9978674548 639343.2934589917, -552645.4625286129 638409.5785346772, -553580.7768952455 638425.0653462831, -553565.2979899391 639358.8026124907))",1735
1736,,"POLYGON ((-552629.9978674548 639343.2934589917, -551694.7201135608 639327.7985831869, -551710.1705322617 638394.1059802203, -552645.4625286129 638409.5785346772, -552629.9978674548 639343.2934589917))",1736
1737,,"POLYGON ((-551694.7201135608 639327.7985831869, -550759.4647076796 639312.3179833832, -550774.9008856118 638378.6476812214, -551710.1705322617 638394.1059802203, -551694.7201135608 639327.7985831869))",1737
1738,103.99524688720703,"POLYGON ((-550759.4647076796 639312.3179833832, -549824.2316292357 639296.8516578883, -549839.653568086 638363.2036359909, -550774.9008856118 638378.6476812214, -550759.4647076796 639312.3179833832))",1738
1739,90.37982940673828,"POLYGON ((-549824.2316292357 639296.8516578883, -548889.0208576557 639281.3996050118, -548904.4285591093 638347.7738428408, -549839.653568086 638363.2036359909, -549824.2316292357 639296.8516578883))",1739
1740,100.42700958251953,"POLYGON ((-548889.0208576557 639281.3996050118, -547953.8323723684 639265.9618230659, -547969.2258381094 638332.3583000853, -548904.4285591093 638347.7738428408, -548889.0208576557 639281.3996050118))",1740
1741,91.17642211914062,"POLYGON ((-547953.8323723684 639265.9618230659, -547018.6661528059 639250.5383103625, -547034.0453845161 638316.9570060391, -547969.2258381094 638332.3583000853, -547953.8323723684 639265.9618230659))",1741
1742,64.68628692626953,"POLYGON ((-547018.6661528059 639250.5383103625, -546083.5221784009 639235.129065217, -546098.8871777613 638301.5699590197, -547034.0453845161 638316.9570060391, -547018.6661528059 639250.5383103625))",1742
1743,50.11060333251953,"POLYGON ((-546083.5221784009 639235.129065217, -545148.4004285907 639219.7340859456, -545163.7511972797 638286.1971573456, -546098.8871777613 638301.5699590197, -546083.5221784009 639235.129065217))",1743
1744,60.78768539428711,"POLYGON ((-545148.4004285907 639219.7340859456, -544213.3008828135 639204.3533708664, -544228.6374225082 638270.8385993375, -545163.7511972797 638286.1971573456, -545148.4004285907 639219.7340859456))",1744
1745,64.93277740478516,"POLYGON ((-544213.3008828135 639204.3533708664, -543278.2235205101 639188.986918299, -543293.5458328864 638255.4942833172, -544228.6374225082 638270.8385993375, -544213.3008828135 639204.3533708664))",1745
1746,64.04429626464844,"POLYGON ((-543278.2235205101 639188.986918299, -542343.1683211235 639173.6347265649, -542358.476407855 638240.1642076084, -543293.5458328864 638255.4942833172, -543278.2235205101 639188.986918299))",1746
1747,99.49125671386719,"POLYGON ((-542343.1683211235 639173.6347265649, -541408.1352641002 639158.2967939865, -541423.4291268592 638224.8483705363, -542358.476407855 638240.1642076084, -542343.1683211235 639173.6347265649))",1747
1748,126.51959991455078,"POLYGON ((-541408.1352641002 639158.2967939865, -540473.1243288876 639142.9731188888, -540488.4039693442 638209.5467704282, -541423.4291268592 638224.8483705363, -541408.1352641002 639158.2967939865))",1748
1749,143.24652099609375,"POLYGON ((-540473.1243288876 639142.9731188888, -539538.1354949361 639127.6636995983, -539553.4009147597 638194.2594056124, -540488.4039693442 638209.5467704282, -540473.1243288876 639142.9731188888))",1749
1750,159.00466918945312,"POLYGON ((-539538.1354949361 639127.6636995983, -538603.168741699 639112.3685344426, -538618.4199425568 638178.9862744194, -539553.4009147597 638194.2594056124, -539538.1354949361 639127.6636995983))",1750
1751,256.2222900390625,"POLYGON ((-538603.168741699 639112.3685344426, -537668.2240486303 639097.0876217514, -537683.4610321876 638163.7273751808, -538618.4199425568 638178.9862744194, -538603.168741699 639112.3685344426))",1751
1752,306.61334228515625,"POLYGON ((-537668.2240486303 639097.0876217514, -536733.3013951883 639081.8209598559, -536748.5241631095 638148.4827062306, -537683.4610321876 638163.7273751808, -537668.2240486303 639097.0876217514))",1752
1753,332.7626953125,"POLYGON ((-536733.3013951883 639081.8209598559, -535798.4007608325 639066.568547089, -535813.6093147795 638133.2522659037, -536748.5241631095 638148.4827062306, -536733.3013951883 639081.8209598559))",1753
1754,387.4644775390625,"POLYGON ((-535798.4007608325 639066.568547089, -534863.5221250248 639051.3303817852, -534878.7164666584 638118.0360525372, -535813.6093147795 638133.2522659037, -535798.4007608325 639066.568547089))",1754
1755,492.6205139160156,"POLYGON ((-534863.5221250248 639051.3303817852, -533928.6654672296 639036.1064622808, -533943.8455982087 638102.8340644694, -534878.7164666584 638118.0360525372, -534863.5221250248 639051.3303817852))",1755
1756,546.3074951171875,"POLYGON ((-533928.6654672296 639036.1064622808, -532993.8307669138 639020.8967869135, -533008.9966888961 638087.6463000408, -533943.8455982087 638102.8340644694, -533928.6654672296 639036.1064622808))",1756
1757,500.3197021484375,"POLYGON ((-532993.8307669138 639020.8967869135, -532059.018003547 639005.701354023, -532074.1697181875 638072.4727575928, -533008.9966888961 638087.6463000408, -532993.8307669138 639020.8967869135))",1757
1758,480.3812561035156,"POLYGON ((-532059.018003547 639005.701354023, -531124.2271565999 638990.5201619504, -531139.3646655531 638057.3134354693, -532074.1697181875 638072.4727575928, -532059.018003547 639005.701354023))",1758
1759,376.5660400390625,"POLYGON ((-531124.2271565999 638990.5201619504, -530189.4582055466 638975.3532090381, -530204.581510465 638042.1683320149, -531139.3646655531 638057.3134354693, -531124.2271565999 638990.5201619504))",1759
1760,434.6296691894531,"POLYGON ((-530189.4582055466 638975.3532090381, -529254.7111298627 638960.200493631, -529269.8202323974 638027.037445577, -530204.581510465 638042.1683320149, -530189.4582055466 638975.3532090381))",1760
1761,501.2601013183594,"POLYGON ((-529254.7111298627 638960.200493631, -528319.9859090275 638945.0620140749, -528335.0808108269 638011.9207745034, -529269.8202323974 638027.037445577, -529254.7111298627 638960.200493631))",1761
1762,420.59149169921875,"POLYGON ((-528319.9859090275 638945.0620140749, -527385.2825225216 638929.9377687176, -527400.3632252334 637996.8183171444, -528335.0808108269 638011.9207745034, -528319.9859090275 638945.0620140749))",1762
1763,513.1943969726562,"POLYGON ((-527385.2825225216 638929.9377687176, -526450.6009498272 638914.8277559086, -526465.6674550978 637981.7300718519, -527400.3632252334 637996.8183171444, -527385.2825225216 638929.9377687176))",1763
1764,308.71038818359375,"POLYGON ((-526450.6009498272 638914.8277559086, -525515.9411704303 638899.7319739988, -525530.9934799039 637966.656036979, -526465.6674550978 637981.7300718519, -526450.6009498272 638914.8277559086))",1764
1765,351.6307067871094,"POLYGON ((-525515.9411704303 638899.7319739988, -524581.3031638191 638884.6504213407, -524596.3412791378 637951.5962108807, -525530.9934799039 637966.656036979, -525515.9411704303 638899.7319739988))",1765
1766,523.759765625,"POLYGON ((-524581.3031638191 638884.6504213407, -523646.6869094828 638869.5830962891, -523661.71083228756 637936.5505919134, -524596.3412791378 637951.5962108807, -524581.3031638191 638884.6504213407))",1766
1767,501.2923583984375,"POLYGON ((-523646.6869094828 638869.5830962891, -522712.09238691384 638854.5299971995, -522727.10211884417 637921.5191784358, -523661.71083228756 637936.5505919134, -523646.6869094828 638869.5830962891))",1767
1768,535.1268310546875,"POLYGON ((-522712.09238691384 638854.5299971995, -521777.5195756074 638839.4911224297, -521792.51511830045 637906.5019688074, -522727.10211884417 637921.5191784358, -522712.09238691384 638854.5299971995))",1768
1769,596.190185546875,"POLYGON ((-521777.5195756074 638839.4911224297, -520842.96845505957 638824.4664703389, -520857.94981015206 637891.4989613903, -521792.51511830045 637906.5019688074, -521777.5195756074 638839.4911224297))",1769
1770,741.8042602539062,"POLYGON ((-520842.96845505957 638824.4664703389, -519908.43900477036 638809.4560392881, -519923.40617389616 637876.510154547, -520857.94981015206 637891.4989613903, -520842.96845505957 638824.4664703389))",1770
1771,439.8772277832031,"POLYGON ((-519908.43900477036 638809.4560392881, -518973.9312042411 638794.4598276396, -518988.88418903295 637861.535546643, -519923.40617389616 637876.510154547, -519908.43900477036 638809.4560392881))",1771
1772,263.31634521484375,"POLYGON ((-518973.9312042411 638794.4598276396, -518039.4450329755 638779.4778337578, -518054.38383506495 637846.5751360442, -518988.88418903295 637861.535546643, -518973.9312042411 638794.4598276396))",1772
1773,238.34326171875,"POLYGON ((-518039.4450329755 638779.4778337578, -517104.9804704797 638764.5100560084, -517119.9050914963 637831.628921119, -518054.38383506495 637846.5751360442, -518039.4450329755 638779.4778337578))",1773
1774,206.94467163085938,"POLYGON ((-517104.9804704797 638764.5100560084, -516170.5374962626 638749.5564927589, -516185.4479378335 637816.6969002372, -517119.9050914963 637831.628921119, -517104.9804704797 638764.5100560084))",1774
1775,135.45277404785156,"POLYGON ((-516170.5374962626 638749.5564927589, -515236.1160898345 638734.6171423785, -515251.0123535866 637801.77907177, -516185.4479378335 637816.6969002372, -516170.5374962626 638749.5564927589))",1775
1776,163.43064880371094,"POLYGON ((-515236.1160898345 638734.6171423785, -514301.7162307089 638719.6920032377, -514316.59831826587 637786.8754340907, -515251.0123535866 637801.77907177, -515236.1160898345 638734.6171423785))",1776
1777,136.9281768798828,"POLYGON ((-514301.7162307089 638719.6920032377, -513367.3378984006 638704.781073709, -513382.2058113859 637771.9859855737, -514316.59831826587 637786.8754340907, -514301.7162307089 638719.6920032377))",1777
1778,124.9322738647461,"POLYGON ((-513367.3378984006 638704.781073709, -512432.98107242724 638689.8843521667, -512447.834812462 637757.1107245955, -513382.2058113859 637771.9859855737, -513367.3378984006 638704.781073709))",1778
1779,130.9270782470703,"POLYGON ((-512432.98107242724 638689.8843521667, -511498.6457323093 638675.0018369859, -511513.4853010129 637742.249649534, -512447.834812462 637757.1107245955, -512432.98107242724 638689.8843521667))",1779
1780,327.21978759765625,"POLYGON ((-511498.6457323093 638675.0018369859, -510564.33185756765 638660.1335265446, -510579.157256559 637727.4027587686, -511513.4853010129 637742.249649534, -511498.6457323093 638675.0018369859))",1780
1781,406.63861083984375,"POLYGON ((-510564.33185756765 638660.1335265446, -509630.0394277283 638645.2794192211, -509644.8506586229 637712.5700506808, -510579.157256559 637727.4027587686, -510564.33185756765 638660.1335265446))",1781
1782,415.08404541015625,"POLYGON ((-509630.0394277283 638645.2794192211, -508695.7684223172 638630.4395133962, -508710.56548672996 637697.7515236533, -509644.8506586229 637712.5700506808, -509630.0394277283 638645.2794192211))",1782
1783,462.4850769042969,"POLYGON ((-508695.7684223172 638630.4395133962, -507761.5188208639 638615.6138074524, -507776.30172040756 637682.9471760704, -508710.56548672996 637697.7515236533, -508695.7684223172 638630.4395133962))",1783
1784,589.1810913085938,"POLYGON ((-507761.5188208639 638615.6138074524, -506827.2906028988 638600.8022997732, -506842.05933918536 637668.1570063186, -507776.30172040756 637682.9471760704, -507761.5188208639 638615.6138074524))",1784
1785,803.911376953125,"POLYGON ((-506827.2906028988 638600.8022997732, -505893.08374795574 638586.004988744, -505907.8383225951 637653.3810127855, -506842.05933918536 637668.1570063186, -506827.2906028988 638600.8022997732))",1785
1786,1610.5128173828125,"POLYGON ((-505893.08374795574 638586.004988744, -504958.89823557134 638571.2218727525, -504973.63865017146 637638.6191938604, -505907.8383225951 637653.3810127855, -505893.08374795574 638586.004988744))",1786
1787,1696.98193359375,"POLYGON ((-504958.89823557134 638571.2218727525, -504024.73404528294 638556.4529501871, -504039.4603014502 637623.8715479347, -504973.63865017146 637638.6191938604, -504958.89823557134 638571.2218727525))",1787
1788,1485.564697265625,"POLYGON ((-504024.73404528294 638556.4529501871, -503090.59115663124 638541.6982194381, -503105.3032559707 637609.1380734006, -504039.4603014502 637623.8715479347, -504024.73404528294 638556.4529501871))",1788
1789,1386.20556640625,"POLYGON ((-503090.59115663124 638541.6982194381, -502156.4695491586 638526.9576788979, -502171.16749327374 637594.4187686526, -503105.3032559707 637609.1380734006, -503090.59115663124 638541.6982194381))",1789
1790,698.4075927734375,"POLYGON ((-502156.4695491586 638526.9576788979, -501222.36920240964 638512.2313269597, -501237.052992902 637579.7136320865, -502171.16749327374 637594.4187686526, -502156.4695491586 638526.9576788979))",1790
1791,525.44873046875,"POLYGON ((-501222.36920240964 638512.2313269597, -500288.29009593173 638497.5191620189, -500302.9597344019 637565.0226621001, -501237.052992902 637579.7136320865, -501222.36920240964 638512.2313269597))",1791
1792,434.5865173339844,"POLYGON ((-500288.29009593173 638497.5191620189, -499354.23220927455 638482.8211824729, -499368.8876973201 637550.3458570925, -500302.9597344019 637565.0226621001, -500288.29009593173 638497.5191620189))",1792
1793,332.60150146484375,"POLYGON ((-499354.23220927455 638482.8211824729, -498420.1955219896 638468.1373867199, -498434.8368612074 637535.6832154643, -499368.8876973201 637550.3458570925, -499354.23220927455 638482.8211824729))",1793
1794,280.4764404296875,"POLYGON ((-498420.1955219896 638468.1373867199, -497486.1800136308 638453.4677731602, -497500.8072056164 637521.0347356184, -498434.8368612074 637535.6832154643, -498420.1955219896 638468.1373867199))",1794
1795,245.08529663085938,"POLYGON ((-497486.1800136308 638453.4677731602, -496552.1856637541 638438.8123401955, -496566.7987101006 637506.4004159584, -497500.8072056164 637521.0347356184, -497486.1800136308 638453.4677731602))",1795
1796,258.2627868652344,"POLYGON ((-496552.1856637541 638438.8123401955, -495618.21245191793 638424.1710862295, -495632.8113542176 637491.7802548903, -496566.7987101006 637506.4004159584, -496552.1856637541 638438.8123401955))",1796
1797,261.1177062988281,"POLYGON ((-495618.21245191793 638424.1710862295, -494684.26035768294 638409.5440096671, -494698.8451175258 637477.1742508214, -495632.8113542176 637491.7802548903, -495618.21245191793 638424.1710862295))",1797
1798,217.42396545410156,"POLYGON ((-494684.26035768294 638409.5440096671, -493750.32936061185 638394.9311089152, -493764.89997958706 637462.5824021606, -494698.8451175258 637477.1742508214, -494684.26035768294 638409.5440096671))",1798
1799,142.8254852294922,"POLYGON ((-493750.32936061185 638394.9311089152, -492816.4194402704 638380.3323823822, -492830.9759199645 637448.0047073186, -493764.89997958706 637462.5824021606, -493750.32936061185 638394.9311089152))",1799
1800,,"POLYGON ((-492816.4194402704 638380.3323823822, -491882.53057622537 638365.7478284779, -491897.0729182232 637433.4411647078, -492830.9759199645 637448.0047073186, -492816.4194402704 638380.3323823822))",1800
1801,,"POLYGON ((-491882.53057622537 638365.7478284779, -490948.66274804634 638351.1774456141, -490963.1909539328 637418.8917727418, -491897.0729182232 637433.4411647078, -491882.53057622537 638365.7478284779))",1801
1802,,"POLYGON ((-490948.66274804634 638351.1774456141, -490014.8159353053 638336.6212322039, -490029.33000666206 637404.356529836, -490963.1909539328 637418.8917727418, -490948.66274804634 638351.1774456141))",1802
1803,,"POLYGON ((-490014.8159353053 638336.6212322039, -489080.9901175761 638322.0791866624, -489095.49005598354 637389.8354344077, -490029.33000666206 637404.356529836, -490014.8159353053 638336.6212322039))",1803
1804,,"POLYGON ((-565741.9087251602 638627.6920702533, -564806.3016710335 638612.0197610536, -564821.9288474186 637678.0122897968, -565757.5501470657 637693.6619884215, -565741.9087251602 638627.6920702533))",1804
1805,,"POLYGON ((-564806.3016710335 638612.0197610536, -563870.7172549414 638596.3617311397, -563886.3301875154 637662.3768498802, -564821.9288474186 637678.0122897968, -564806.3016710335 638612.0197610536))",1805
1806,,"POLYGON ((-563870.7172549414 638596.3617311397, -562935.1554562736 638580.7179787988, -562950.7541467445 637646.7556669614, -563886.3301875154 637662.3768498802, -563870.7172549414 638596.3617311397))",1806
1807,,"POLYGON ((-562935.1554562736 638580.7179787988, -561999.6162544207 638565.0885023198, -562015.200704495 637631.1487393316, -562950.7541467445 637646.7556669614, -562935.1554562736 638580.7179787988))",1807
1808,,"POLYGON ((-561999.6162544207 638565.0885023198, -561064.0996287784 638549.4732999934, -561079.6698401589 637615.5560652837, -562015.200704495 637631.1487393316, -561999.6162544207 638565.0885023198))",1808
1809,,"POLYGON ((-561064.0996287784 638549.4732999934, -560128.6055587409 638533.8723701115, -560144.1615331324 637599.9776431124, -561079.6698401589 637615.5560652837, -561064.0996287784 638549.4732999934))",1809
1810,,"POLYGON ((-560128.6055587409 638533.8723701115, -559193.1340237088 638518.2857109683, -559208.6757628112 637584.413471114, -560144.1615331324 637599.9776431124, -560128.6055587409 638533.8723701115))",1810
1811,,"POLYGON ((-559193.1340237088 638518.2857109683, -558257.6850030818 638502.713320859, -558273.212508596 637568.8635475861, -559208.6757628112 637584.413471114, -559193.1340237088 638518.2857109683))",1811
1812,,"POLYGON ((-558257.6850030818 638502.713320859, -557322.2584762648 638487.155198081, -557337.7717498876 637553.3278708287, -558273.212508596 637568.8635475861, -558257.6850030818 638502.713320859))",1812
1813,,"POLYGON ((-557322.2584762648 638487.155198081, -556386.8544226626 638471.6113409331, -556402.353466091 637537.8064391428, -557337.7717498876 637553.3278708287, -557322.2584762648 638487.155198081))",1813
1814,,"POLYGON ((-556386.8544226626 638471.6113409331, -555451.4728216848 638456.0817477157, -555466.9576366127 637522.2992508312, -556402.353466091 637537.8064391428, -556386.8544226626 638471.6113409331))",1814
1815,,"POLYGON ((-555451.4728216848 638456.0817477157, -554516.1136527415 638440.5664167312, -554531.5842408622 637506.8063041989, -555466.9576366127 637522.2992508312, -555451.4728216848 638456.0817477157))",1815
1816,,"POLYGON ((-554516.1136527415 638440.5664167312, -553580.7768952455 638425.0653462831, -553596.2332582502 637491.3275975516, -554531.5842408622 637506.8063041989, -554516.1136527415 638440.5664167312))",1816
1817,,"POLYGON ((-553580.7768952455 638425.0653462831, -552645.4625286129 638409.5785346772, -552660.904668191 637475.8631291973, -553596.2332582502 637491.3275975516, -553580.7768952455 638425.0653462831))",1817
1818,119.60220336914062,"POLYGON ((-552645.4625286129 638409.5785346772, -551710.1705322617 638394.1059802203, -551725.5984501017 637460.4128974456, -552660.904668191 637475.8631291973, -552645.4625286129 638409.5785346772))",1818
1819,140.1678924560547,"POLYGON ((-551710.1705322617 638394.1059802203, -550774.9008856118 638378.6476812214, -550790.3145833993 637444.9769006076, -551725.5984501017 637460.4128974456, -551710.1705322617 638394.1059802203))",1819
1820,142.06381225585938,"POLYGON ((-550774.9008856118 638378.6476812214, -549839.653568086 638363.2036359909, -549855.0530475059 637429.5551369962, -550790.3145833993 637444.9769006076, -550774.9008856118 638378.6476812214))",1820
1821,101.04288482666016,"POLYGON ((-549839.653568086 638363.2036359909, -548904.4285591093 638347.7738428408, -548919.813821845 637414.1476049257, -549855.0530475059 637429.5551369962, -549839.653568086 638363.2036359909))",1821
1822,123.01397705078125,"POLYGON ((-548904.4285591093 638347.7738428408, -547969.2258381094 638332.3583000853, -547984.5968858418 637398.7543027124, -548919.813821845 637414.1476049257, -548904.4285591093 638347.7738428408))",1822
1823,96.65953063964844,"POLYGON ((-547969.2258381094 638332.3583000853, -547034.0453845161 638316.9570060391, -547049.402218925 637383.3752286739, -547984.5968858418 637398.7543027124, -547969.2258381094 638332.3583000853))",1823
1824,71.73263549804688,"POLYGON ((-547034.0453845161 638316.9570060391, -546098.8871777613 638301.5699590197, -546114.2298005252 637368.0103811298, -547049.402218925 637383.3752286739, -547034.0453845161 638316.9570060391))",1824
1825,50.95872116088867,"POLYGON ((-546098.8871777613 638301.5699590197, -545163.7511972797 638286.1971573456, -545179.0796100745 637352.6597584011, -546114.2298005252 637368.0103811298, -546098.8871777613 638301.5699590197))",1825
1826,49.98268127441406,"POLYGON ((-545163.7511972797 638286.1971573456, -544228.6374225082 638270.8385993375, -544243.9516270088 637337.3233588105, -545179.0796100745 637352.6597584011, -545163.7511972797 638286.1971573456))",1826
1827,71.13998413085938,"POLYGON ((-544228.6374225082 638270.8385993375, -543293.5458328864 638255.4942833172, -543308.8458307656 637322.0011806823, -544243.9516270088 637337.3233588105, -544228.6374225082 638270.8385993375))",1827
1828,72.88314056396484,"POLYGON ((-543293.5458328864 638255.4942833172, -542358.476407855 638240.1642076084, -542373.7622007855 637306.6932223429, -543308.8458307656 637322.0011806823, -543293.5458328864 638255.4942833172))",1828
1829,114.14978790283203,"POLYGON ((-542358.476407855 638240.1642076084, -541423.4291268592 638224.8483705363, -541438.7007165093 637291.3994821196, -542373.7622007855 637306.6932223429, -542358.476407855 638240.1642076084))",1829
1830,130.12997436523438,"POLYGON ((-541423.4291268592 638224.8483705363, -540488.4039693442 638209.5467704282, -540503.6613573832 637276.1199583419, -541438.7007165093 637291.3994821196, -541423.4291268592 638224.8483705363))",1830
1831,139.01344299316406,"POLYGON ((-540488.4039693442 638209.5467704282, -539553.4009147597 638194.2594056124, -539568.6441028538 637260.8546493407, -540503.6613573832 637276.1199583419, -540488.4039693442 638209.5467704282))",1831
1832,165.17408752441406,"POLYGON ((-539553.4009147597 638194.2594056124, -538618.4199425568 638178.9862744194, -538633.6489323702 637245.6035534488, -539568.6441028538 637260.8546493407, -539553.4009147597 638194.2594056124))",1832
1833,258.6747131347656,"POLYGON ((-538618.4199425568 638178.9862744194, -537683.4610321876 638163.7273751808, -537698.6758253842 637230.366669, -538633.6489323702 637245.6035534488, -538618.4199425568 638178.9862744194))",1833
1834,315.05108642578125,"POLYGON ((-537683.4610321876 638163.7273751808, -536748.5241631095 638148.4827062306, -536763.7247613504 637215.1439943308, -537698.6758253842 637230.366669, -537683.4610321876 638163.7273751808))",1834
1835,357.9537658691406,"POLYGON ((-536748.5241631095 638148.4827062306, -535813.6093147795 638133.2522659037, -535828.7957197254 637199.9355277783, -536763.7247613504 637215.1439943308, -536748.5241631095 638148.4827062306))",1835
1836,372.5068054199219,"POLYGON ((-535813.6093147795 638133.2522659037, -534878.7164666584 638118.0360525372, -534893.8886799671 637184.7412676823, -535828.7957197254 637199.9355277783, -535813.6093147795 638133.2522659037))",1836
1837,491.967041015625,"POLYGON ((-534878.7164666584 638118.0360525372, -533943.8455982087 638102.8340644694, -533959.0036215375 637169.5612123829, -534893.8886799671 637184.7412676823, -534878.7164666584 638118.0360525372))",1837
1838,601.3363037109375,"POLYGON ((-533943.8455982087 638102.8340644694, -533008.9966888961 638087.6463000408, -533024.1405238986 637154.3953602231, -533959.0036215375 637169.5612123829, -533943.8455982087 638102.8340644694))",1838
1839,637.9025268554688,"POLYGON ((-533008.9966888961 638087.6463000408, -532074.1697181875 638072.4727575928, -532089.2993665185 637139.243709547, -533024.1405238986 637154.3953602231, -533008.9966888961 638087.6463000408))",1839
1840,525.7411499023438,"POLYGON ((-532074.1697181875 638072.4727575928, -531139.3646655531 638057.3134354693, -531154.480128864 637124.1062587003, -532089.2993665185 637139.243709547, -532074.1697181875 638072.4727575928))",1840
1841,482.0447082519531,"POLYGON ((-531139.3646655531 638057.3134354693, -530204.581510465 638042.1683320149, -530219.6827904052 637108.9830060303, -531154.480128864 637124.1062587003, -531139.3646655531 638057.3134354693))",1841
1842,515.7137451171875,"POLYGON ((-530204.581510465 638042.1683320149, -529269.8202323974 638027.037445577, -529284.9073306158 637093.8739498865, -530219.6827904052 637108.9830060303, -530204.581510465 638042.1683320149))",1842
1843,595.2223510742188,"POLYGON ((-529269.8202323974 638027.037445577, -528335.0808108269 638011.9207745034, -528350.1537289706 637078.7790886193, -529284.9073306158 637093.8739498865, -529269.8202323974 638027.037445577))",1843
1844,676.2354125976562,"POLYGON ((-528335.0808108269 638011.9207745034, -527400.3632252334 637996.8183171444, -527415.4219649473 637063.6984205811, -528350.1537289706 637078.7790886193, -528335.0808108269 638011.9207745034))",1844
1845,793.6384887695312,"POLYGON ((-527400.3632252334 637996.8183171444, -526465.6674550978 637981.7300718519, -526480.7120180253 637048.631944126, -527415.4219649473 637063.6984205811, -527400.3632252334 637996.8183171444))",1845
1846,609.755615234375,"POLYGON ((-526465.6674550978 637981.7300718519, -525530.9934799039 637966.656036979, -525546.0238676869 637033.5796576095, -526480.7120180253 637048.631944126, -526465.6674550978 637981.7300718519))",1846
1847,381.3659362792969,"POLYGON ((-525530.9934799039 637966.656036979, -524596.3412791378 637951.5962108807, -524611.3574934164 637018.541559389, -525546.0238676869 637033.5796576095, -525530.9934799039 637966.656036979))",1847
1848,456.2066345214844,"POLYGON ((-524596.3412791378 637951.5962108807, -523661.71083228756 637936.5505919134, -523676.71287470055 637003.5176478234, -524611.3574934164 637018.541559389, -524596.3412791378 637951.5962108807))",1848
1849,664.6123657226562,"POLYGON ((-523661.71083228756 637936.5505919134, -522727.10211884417 637921.5191784358, -522742.08999102865 636988.5079212734, -523676.71287470055 637003.5176478234, -523661.71083228756 637936.5505919134))",1849
1850,774.6416015625,"POLYGON ((-522727.10211884417 637921.5191784358, -521792.51511830045 637906.5019688074, -521807.4888218915 636973.512378101, -522742.08999102865 636988.5079212734, -522727.10211884417 637921.5191784358))",1850
1851,916.7239379882812,"POLYGON ((-521792.51511830045 637906.5019688074, -520857.94981015206 637891.4989613903, -520872.90934678365 636958.5310166704, -521807.4888218915 636973.512378101, -521792.51511830045 637906.5019688074))",1851
1852,1010.1021118164062,"POLYGON ((-520857.94981015206 637891.4989613903, -519923.40617389616 637876.510154547, -519938.35154520057 636943.5638353466, -520872.90934678365 636958.5310166704, -520857.94981015206 637891.4989613903))",1852
1853,463.94110107421875,"POLYGON ((-519923.40617389616 637876.510154547, -518988.88418903295 637861.535546643, -519003.8153966402 636928.610832497, -519938.35154520057 636943.5638353466, -519923.40617389616 637876.510154547))",1853
1854,208.96807861328125,"POLYGON ((-518988.88418903295 637861.535546643, -518054.38383506495 637846.5751360442, -518069.3008806036 636913.6720064904, -519003.8153966402 636928.610832497, -518988.88418903295 637861.535546643))",1854
1855,171.64447021484375,"POLYGON ((-518054.38383506495 637846.5751360442, -517119.9050914963 637831.628921119, -517134.8079765936 636898.7473556972, -518069.3008806036 636913.6720064904, -518054.38383506495 637846.5751360442))",1855
1856,233.67442321777344,"POLYGON ((-517119.9050914963 637831.628921119, -516185.4479378335 637816.6969002372, -516200.3366641153 636883.8368784895, -517134.8079765936 636898.7473556972, -517119.9050914963 637831.628921119))",1856
1857,192.233642578125,"POLYGON ((-516185.4479378335 637816.6969002372, -515251.0123535866 637801.77907177, -515265.88692267647 636868.9405732407, -516200.3366641153 636883.8368784895, -516185.4479378335 637816.6969002372))",1857
1858,178.77732849121094,"POLYGON ((-515251.0123535866 637801.77907177, -514316.59831826587 637786.8754340907, -514331.4587317859 636854.0584383265, -515265.88692267647 636868.9405732407, -515251.0123535866 637801.77907177))",1858
1859,173.53756713867188,"POLYGON ((-514316.59831826587 637786.8754340907, -513382.2058113859 637771.9859855737, -513397.0520709568 636839.1904721236, -514331.4587317859 636854.0584383265, -514316.59831826587 637786.8754340907))",1859
1860,151.79751586914062,"POLYGON ((-513382.2058113859 637771.9859855737, -512447.834812462 637757.1107245955, -512462.6669197029 636824.3366730105, -513397.0520709568 636839.1904721236, -513382.2058113859 637771.9859855737))",1860
1861,143.59092712402344,"POLYGON ((-512447.834812462 637757.1107245955, -511513.4853010129 637742.249649534, -511528.30325754103 636809.4970393676, -512462.6669197029 636824.3366730105, -512447.834812462 637757.1107245955))",1861
1862,324.7796936035156,"POLYGON ((-511513.4853010129 637742.249649534, -510579.157256559 637727.4027587686, -510593.96106399 636794.6715695767, -511528.30325754103 636809.4970393676, -511513.4853010129 637742.249649534))",1862
1863,437.1013488769531,"POLYGON ((-510579.157256559 637727.4027587686, -509644.8506586229 637712.5700506808, -509659.64031857124 636779.8602620215, -510593.96106399 636794.6715695767, -510579.157256559 637727.4027587686))",1863
1864,381.47869873046875,"POLYGON ((-509644.8506586229 637712.5700506808, -508710.56548672996 637697.7515236533, -508725.3410008078 636765.0631150869, -509659.64031857124 636779.8602620215, -509644.8506586229 637712.5700506808))",1864
1865,423.51129150390625,"POLYGON ((-508710.56548672996 637697.7515236533, -507776.30172040756 637682.9471760704, -507791.06309022557 636750.2801271598, -508725.3410008078 636765.0631150869, -508710.56548672996 637697.7515236533))",1865
1866,646.1118774414062,"POLYGON ((-507776.30172040756 637682.9471760704, -506842.05933918536 637668.1570063186, -506856.80656635296 636735.5112966284, -507791.06309022557 636750.2801271598, -507776.30172040756 637682.9471760704))",1866
1867,707.2396240234375,"POLYGON ((-506842.05933918536 637668.1570063186, -505907.8383225951 637653.3810127855, -505922.5714087199 636720.7566218828, -506856.80656635296 636735.5112966284, -506842.05933918536 637668.1570063186))",1867
1868,1272.413818359375,"POLYGON ((-505907.8383225951 637653.3810127855, -504973.63865017146 637638.6191938604, -504988.35759685864 636706.0161013148, -505922.5714087199 636720.7566218828, -505907.8383225951 637653.3810127855))",1868
1869,1952.66357421875,"POLYGON ((-504973.63865017146 637638.6191938604, -504039.4603014502 637623.8715479347, -504054.16511030507 636691.2897333177, -504988.35759685864 636706.0161013148, -504973.63865017146 637638.6191938604))",1869
1870,1858.0615234375,"POLYGON ((-504039.4603014502 637623.8715479347, -503105.3032559707 637609.1380734006, -503119.99392859533 636676.577516286, -504054.16511030507 636691.2897333177, -504039.4603014502 637623.8715479347))",1870
1871,1701.701416015625,"POLYGON ((-503105.3032559707 637609.1380734006, -502171.16749327374 637594.4187686526, -502185.8440312692 636661.8794486169, -503119.99392859533 636676.577516286, -503105.3032559707 637609.1380734006))",1871
1872,984.9195556640625,"POLYGON ((-502171.16749327374 637594.4187686526, -501237.052992902 637579.7136320865, -501251.71539786784 636647.195528708, -502185.8440312692 636661.8794486169, -502171.16749327374 637594.4187686526))",1872
1873,722.9591064453125,"POLYGON ((-501237.052992902 637579.7136320865, -500302.9597344019 637565.0226621001, -500317.60800793534 636632.5257549594, -501251.71539786784 636647.195528708, -501237.052992902 637579.7136320865))",1873
1874,470.9151306152344,"POLYGON ((-500302.9597344019 637565.0226621001, -499368.8876973201 637550.3458570925, -499383.52184101834 636617.8701257727, -500317.60800793534 636632.5257549594, -500302.9597344019 637565.0226621001))",1874
1875,328.2091064453125,"POLYGON ((-499368.8876973201 637550.3458570925, -498434.8368612074 637535.6832154643, -498449.4568766643 636603.2286395506, -499383.52184101834 636617.8701257727, -499368.8876973201 637550.3458570925))",1875
1876,257.07501220703125,"POLYGON ((-498434.8368612074 637535.6832154643, -497500.8072056164 637521.0347356184, -497515.41309442464 636588.601294698, -498449.4568766643 636603.2286395506, -498434.8368612074 637535.6832154643))",1876
1877,241.67208862304688,"POLYGON ((-497500.8072056164 637521.0347356184, -496566.7987101006 637506.4004159584, -496581.39047385193 636573.9880896214, -497515.41309442464 636588.601294698, -497500.8072056164 637521.0347356184))",1877
1878,255.77566528320312,"POLYGON ((-496566.7987101006 637506.4004159584, -495632.8113542176 637491.7802548903, -495647.38899450144 636559.3890227284, -496581.39047385193 636573.9880896214, -496566.7987101006 637506.4004159584))",1878
1879,262.21527099609375,"POLYGON ((-495632.8113542176 637491.7802548903, -494698.8451175258 637477.1742508214, -494713.40863593004 636544.8040924288, -495647.38899450144 636559.3890227284, -495632.8113542176 637491.7802548903))",1879
1880,272.29302978515625,"POLYGON ((-494698.8451175258 637477.1742508214, -493764.89997958706 637462.5824021606, -493779.4493776981 636530.2332971338, -494713.40863593004 636544.8040924288, -494698.8451175258 637477.1742508214))",1880
1881,122.07015228271484,"POLYGON ((-493764.89997958706 637462.5824021606, -492830.9759199645 637448.0047073186, -492845.511199367 636515.676635256, -493779.4493776981 636530.2332971338, -493764.89997958706 637462.5824021606))",1881
1882,,"POLYGON ((-492830.9759199645 637448.0047073186, -491897.0729182232 637433.4411647078, -491911.594080501 636501.1341052102, -492845.511199367 636515.676635256, -492830.9759199645 637448.0047073186))",1882
1883,,"POLYGON ((-491897.0729182232 637433.4411647078, -490963.1909539328 637418.8917727418, -490977.69800066657 636486.6057054126, -491911.594080501 636501.1341052102, -491897.0729182232 637433.4411647078))",1883
1884,,"POLYGON ((-490963.1909539328 637418.8917727418, -490029.33000666206 637404.356529836, -490043.82293943176 636472.0914342803, -490977.69800066657 636486.6057054126, -490963.1909539328 637418.8917727418))",1884
1885,,"POLYGON ((-490029.33000666206 637404.356529836, -489095.49005598354 637389.8354344077, -489109.96887636767 636457.5912902333, -490043.82293943176 636472.0914342803, -490029.33000666206 637404.356529836))",1885
1886,,"POLYGON ((-565757.5501470657 637693.6619884215, -564821.9288474186 637678.0122897968, -564837.5332322884 636744.0043203264, -565773.1687567024 636759.6314070016, -565757.5501470657 637693.6619884215))",1886
1887,,"POLYGON ((-564821.9288474186 637678.0122897968, -563886.3301875154 637662.3768498802, -563901.9203493246 636728.39147178, -564837.5332322884 636744.0043203264, -564821.9288474186 637678.0122897968))",1887
1888,,"POLYGON ((-563886.3301875154 637662.3768498802, -562950.7541467445 637646.7556669614, -562966.3300871989 636712.7928596546, -563901.9203493246 636728.39147178, -563886.3301875154 637662.3768498802))",1888
1889,,"POLYGON ((-562950.7541467445 637646.7556669614, -562015.200704495 637631.1487393316, -562030.7624252983 636697.2084822442, -562966.3300871989 636712.7928596546, -562950.7541467445 637646.7556669614))",1889
1890,,"POLYGON ((-562015.200704495 637631.1487393316, -561079.6698401589 637615.5560652837, -561095.2173430137 636681.6383378437, -562030.7624252983 636697.2084822442, -562015.200704495 637631.1487393316))",1890
1891,,"POLYGON ((-561079.6698401589 637615.5560652837, -560144.1615331324 637599.9776431124, -560159.6948197389 636666.0824247503, -561095.2173430137 636681.6383378437, -561079.6698401589 637615.5560652837))",1891
1892,,"POLYGON ((-560144.1615331324 637599.9776431124, -559208.6757628112 637584.413471114, -559224.1948348682 636650.5407412628, -560159.6948197389 636666.0824247503, -560144.1615331324 637599.9776431124))",1892
1893,,"POLYGON ((-559208.6757628112 637584.413471114, -558273.212508596 637568.8635475861, -558288.7173677997 636635.0132856811, -559224.1948348682 636650.5407412628, -559208.6757628112 637584.413471114))",1893
1894,,"POLYGON ((-558273.212508596 637568.8635475861, -557337.7717498876 637553.3278708287, -557353.2623979342 636619.5000563078, -558288.7173677997 636635.0132856811, -558273.212508596 637568.8635475861))",1894
1895,,"POLYGON ((-557337.7717498876 637553.3278708287, -556402.353466091 637537.8064391428, -556417.8299046748 636604.001051446, -557353.2623979342 636619.5000563078, -557337.7717498876 637553.3278708287))",1895
1896,,"POLYGON ((-556402.353466091 637537.8064391428, -555466.9576366127 637522.2992508312, -555482.4198674255 636588.5162694012, -556417.8299046748 636604.001051446, -556402.353466091 637537.8064391428))",1896
1897,,"POLYGON ((-555466.9576366127 637522.2992508312, -554531.5842408622 637506.8063041989, -554547.032265594 636573.0457084801, -555482.4198674255 636588.5162694012, -555466.9576366127 637522.2992508312))",1897
1898,,"POLYGON ((-554531.5842408622 637506.8063041989, -553596.2332582502 637491.3275975516, -553611.66707859 636557.5893669917, -554547.032265594 636573.0457084801, -554531.5842408622 637506.8063041989))",1898
1899,93.25774383544922,"POLYGON ((-553596.2332582502 637491.3275975516, -552660.904668191 637475.8631291973, -552676.3242858269 636542.1472432457, -553611.66707859 636557.5893669917, -553596.2332582502 637491.3275975516))",1899
1900,95.0578384399414,"POLYGON ((-552660.904668191 637475.8631291973, -551725.5984501017 637460.4128974456, -551741.0038667182 636526.7193355545, -552676.3242858269 636542.1472432457, -552660.904668191 637475.8631291973))",1900
1901,115.39278411865234,"POLYGON ((-551725.5984501017 637460.4128974456, -550790.3145833993 637444.9769006076, -550805.7058006809 636511.3056422314, -551741.0038667182 636526.7193355545, -551725.5984501017 637460.4128974456))",1901
1902,122.5599365234375,"POLYGON ((-550790.3145833993 637444.9769006076, -549855.0530475059 637429.5551369962, -549870.430067135 636495.9061615915, -550805.7058006809 636511.3056422314, -550790.3145833993 637444.9769006076))",1902
1903,127.3035659790039,"POLYGON ((-549855.0530475059 637429.5551369962, -548919.813821845 637414.1476049257, -548935.176645502 636480.520891952, -549870.430067135 636495.9061615915, -549855.0530475059 637429.5551369962))",1903
1904,129.44102478027344,"POLYGON ((-548919.813821845 637414.1476049257, -547984.5968858418 637398.7543027124, -547999.9455152055 636465.1498316311, -548935.176645502 636480.520891952, -548919.813821845 637414.1476049257))",1904
1905,127.57672882080078,"POLYGON ((-547984.5968858418 637398.7543027124, -547049.402218925 637383.3752286739, -547064.7366556729 636449.7929789487, -547999.9455152055 636465.1498316311, -547984.5968858418 637398.7543027124))",1905
1906,109.28191375732422,"POLYGON ((-547049.402218925 637383.3752286739, -546114.2298005252 637368.0103811298, -546129.5500463329 636434.4503322272, -547064.7366556729 636449.7929789487, -547049.402218925 637383.3752286739))",1906
1907,74.61161804199219,"POLYGON ((-546114.2298005252 637368.0103811298, -545179.0796100745 637352.6597584011, -545194.3856666164 636419.1218897897, -546129.5500463329 636434.4503322272, -546114.2298005252 637368.0103811298))",1907
1908,59.55585479736328,"POLYGON ((-545179.0796100745 637352.6597584011, -544243.9516270088 637337.3233588105, -544259.243495957 636403.8076499611, -545194.3856666164 636419.1218897897, -545179.0796100745 637352.6597584011))",1908
1909,61.17600631713867,"POLYGON ((-544243.9516270088 637337.3233588105, -543308.8458307656 637322.0011806823, -543324.1235137908 636388.5076110687, -544259.243495957 636403.8076499611, -544243.9516270088 637337.3233588105))",1909
1910,61.82686996459961,"POLYGON ((-543308.8458307656 637322.0011806823, -542373.7622007855 637306.6932223429, -542389.0256995566 636373.2217714405, -543324.1235137908 636388.5076110687, -543308.8458307656 637322.0011806823))",1910
1911,81.90239715576172,"POLYGON ((-542373.7622007855 637306.6932223429, -541438.7007165093 637291.3994821196, -541453.950032694 636357.9501294064, -542389.0256995566 636373.2217714405, -542373.7622007855 637306.6932223429))",1911
1912,113.87299346923828,"POLYGON ((-541438.7007165093 637291.3994821196, -540503.6613573832 637276.1199583419, -540518.8964926475 636342.6926832985, -541453.950032694 636357.9501294064, -541438.7007165093 637291.3994821196))",1912
1913,163.40431213378906,"POLYGON ((-540503.6613573832 637276.1199583419, -539568.6441028538 637260.8546493407, -539583.8650588616 636327.4494314498, -540518.8964926475 636342.6926832985, -540503.6613573832 637276.1199583419))",1913
1914,202.28587341308594,"POLYGON ((-539568.6441028538 637260.8546493407, -538633.6489323702 637245.6035534488, -538648.855710784 636312.2203721952, -539583.8650588616 636327.4494314498, -539568.6441028538 637260.8546493407))",1914
1915,282.5462951660156,"POLYGON ((-538633.6489323702 637245.6035534488, -537698.6758253842 637230.366669, -537713.8684278649 636297.0055038716, -538648.855710784 636312.2203721952, -538633.6489323702 637245.6035534488))",1915
1916,310.14215087890625,"POLYGON ((-537698.6758253842 637230.366669, -536763.7247613504 637215.1439943308, -536778.9031895575 636281.8048248172, -537713.8684278649 636297.0055038716, -537698.6758253842 637230.366669))",1916
1917,345.1315002441406,"POLYGON ((-536763.7247613504 637215.1439943308, -535828.7957197254 637199.9355277783, -535843.959975316 636266.6183333719, -536778.9031895575 636281.8048248172, -536763.7247613504 637215.1439943308))",1917
1918,361.2897033691406,"POLYGON ((-535828.7957197254 637199.9355277783, -534893.8886799671 637184.7412676823, -534909.0387645969 636251.446027877, -535843.959975316 636266.6183333719, -535828.7957197254 637199.9355277783))",1918
1919,477.5050354003906,"POLYGON ((-534893.8886799671 637184.7412676823, -533959.0036215375 637169.5612123829, -533974.1395368614 636236.287906676, -534909.0387645969 636251.446027877, -534893.8886799671 637184.7412676823))",1919
1920,539.86767578125,"POLYGON ((-533959.0036215375 637169.5612123829, -533024.1405238986 637154.3953602231, -533039.2622715697 636221.1439681137, -533974.1395368614 636236.287906676, -533959.0036215375 637169.5612123829))",1920
1921,613.2003173828125,"POLYGON ((-533024.1405238986 637154.3953602231, -532089.2993665185 637139.243709547, -532104.4069481867 636206.0142105364, -533039.2622715697 636221.1439681137, -533024.1405238986 637154.3953602231))",1921
1922,564.8607177734375,"POLYGON ((-532089.2993665185 637139.243709547, -531154.480128864 637124.1062587003, -531169.5735461792 636190.8986322924, -532104.4069481867 636206.0142105364, -532089.2993665185 637139.243709547))",1922
1923,512.1226196289062,"POLYGON ((-531154.480128864 637124.1062587003, -530219.6827904052 637108.9830060303, -530234.7620450155 636175.7972317314, -531169.5735461792 636190.8986322924, -531154.480128864 637124.1062587003))",1923
1924,468.9049377441406,"POLYGON ((-530219.6827904052 637108.9830060303, -529284.9073306158 637093.8739498865, -529299.9724241673 636160.7100072049, -530234.7620450155 636175.7972317314, -530219.6827904052 637108.9830060303))",1924
1925,739.3984375,"POLYGON ((-529284.9073306158 637093.8739498865, -528350.1537289706 637078.7790886193, -528365.2046631072 636145.6369570657, -529299.9724241673 636160.7100072049, -529284.9073306158 637093.8739498865))",1925
1926,891.0559692382812,"POLYGON ((-528350.1537289706 637078.7790886193, -527415.4219649473 637063.6984205811, -527430.4587413116 636130.5780796686, -528365.2046631072 636145.6369570657, -528350.1537289706 637078.7790886193))",1926
1927,831.4404907226562,"POLYGON ((-527415.4219649473 637063.6984205811, -526480.7120180253 637048.631944126, -526495.7346382593 636115.5333733702, -527430.4587413116 636130.5780796686, -527415.4219649473 637063.6984205811))",1927
1928,779.3125610351562,"POLYGON ((-526480.7120180253 637048.631944126, -525546.0238676869 637033.5796576095, -525561.0323334292 636100.502836528, -526495.7346382593 636115.5333733702, -526480.7120180253 637048.631944126))",1928
1929,472.1372985839844,"POLYGON ((-525546.0238676869 637033.5796576095, -524611.3574934164 637018.541559389, -524626.3518063058 636085.4864675018, -525561.0323334292 636100.502836528, -525546.0238676869 637033.5796576095))",1929
1930,587.6070556640625,"POLYGON ((-524611.3574934164 637018.541559389, -523676.71287470055 637003.5176478234, -523691.6930363731 636070.4842646532, -524626.3518063058 636085.4864675018, -524611.3574934164 637018.541559389))",1930
1931,911.8500366210938,"POLYGON ((-523676.71287470055 637003.5176478234, -522742.08999102865 636988.5079212734, -522757.05600311863 636055.4962263445, -523691.6930363731 636070.4842646532, -523676.71287470055 637003.5176478234))",1931
1932,1008.629638671875,"POLYGON ((-522742.08999102865 636988.5079212734, -521807.4888218915 636973.512378101, -521822.440686033 636040.5223509405, -522757.05600311863 636055.4962263445, -522742.08999102865 636988.5079212734))",1932
1933,1094.513671875,"POLYGON ((-521807.4888218915 636973.512378101, -520872.90934678365 636958.5310166704, -520887.8470646065 636025.5626368073, -521822.440686033 636040.5223509405, -521807.4888218915 636973.512378101))",1933
1934,1127.6630859375,"POLYGON ((-520872.90934678365 636958.5310166704, -519938.35154520057 636943.5638353466, -519953.2751183354 636010.6170823128, -520887.8470646065 636025.5626368073, -520872.90934678365 636958.5310166704))",1934
1935,737.277587890625,"POLYGON ((-519938.35154520057 636943.5638353466, -519003.8153966402 636928.610832497, -519018.7248267152 635995.6856858265, -519953.2751183354 636010.6170823128, -519938.35154520057 636943.5638353466))",1935
1936,485.999267578125,"POLYGON ((-519003.8153966402 636928.610832497, -518069.3008806036 636913.6720064904, -518084.1961692447 635980.7684457191, -519018.7248267152 635995.6856858265, -519003.8153966402 636928.610832497))",1936
1937,332.9787292480469,"POLYGON ((-518069.3008806036 636913.6720064904, -517134.8079765936 636898.7473556972, -517149.689125426 635965.8653603635, -518084.1961692447 635980.7684457191, -518069.3008806036 636913.6720064904))",1937
1938,326.96795654296875,"POLYGON ((-517134.8079765936 636898.7473556972, -516200.3366641153 636883.8368784895, -516215.2036747618 635950.9764281343, -517149.689125426 635965.8653603635, -517134.8079765936 636898.7473556972))",1938
1939,323.15985107421875,"POLYGON ((-516200.3366641153 636883.8368784895, -515265.88692267647 636868.9405732407, -515280.73979675863 635936.101647407, -516215.2036747618 635950.9764281343, -516200.3366641153 636883.8368784895))",1939
1940,259.5946350097656,"POLYGON ((-515265.88692267647 636868.9405732407, -514331.4587317859 636854.0584383265, -514346.2974709248 635921.2410165597, -515280.73979675863 635936.101647407, -515265.88692267647 636868.9405732407))",1940
1941,221.08773803710938,"POLYGON ((-514331.4587317859 636854.0584383265, -513397.0520709568 636839.1904721236, -513411.87667676935 635906.3945339712, -514346.2974709248 635921.2410165597, -514331.4587317859 636854.0584383265))",1941
1942,169.09005737304688,"POLYGON ((-513397.0520709568 636839.1904721236, -512462.6669197029 636824.3366730105, -512477.47739380656 635891.5621980226, -513411.87667676935 635906.3945339712, -513397.0520709568 636839.1904721236))",1942
1943,143.8638153076172,"POLYGON ((-512462.6669197029 636824.3366730105, -511528.30325754103 636809.4970393676, -511543.0996015506 635876.7440070963, -512477.47739380656 635891.5621980226, -512462.6669197029 636824.3366730105))",1943
1944,304.91900634765625,"POLYGON ((-511528.30325754103 636809.4970393676, -510593.96106399 636794.6715695767, -510608.7432795189 635861.9399595765, -511543.0996015506 635876.7440070963, -511528.30325754103 636809.4970393676))",1944
1945,451.1886291503906,"POLYGON ((-510593.96106399 636794.6715695767, -509659.64031857124 636779.8602620215, -509674.408407231 635847.1500538491, -510608.7432795189 635861.9399595765, -510593.96106399 636794.6715695767))",1945
1946,370.56036376953125,"POLYGON ((-509659.64031857124 636779.8602620215, -508725.3410008078 636765.0631150869, -508740.094964209 635832.3742883012, -509674.408407231 635847.1500538491, -509659.64031857124 636779.8602620215))",1946
1947,548.1882934570312,"POLYGON ((-508725.3410008078 636765.0631150869, -507791.06309022557 636750.2801271598, -507805.80292997626 635817.612661322, -508740.094964209 635832.3742883012, -508725.3410008078 636765.0631150869))",1947
1948,882.08984375,"POLYGON ((-507791.06309022557 636750.2801271598, -506856.80656635296 636735.5112966284, -506871.53228406026 635802.8651713023, -507805.80292997626 635817.612661322, -507791.06309022557 636750.2801271598))",1948
1949,771.9088745117188,"POLYGON ((-506856.80656635296 636735.5112966284, -505922.5714087199 636720.7566218828, -505937.28300598904 635788.1318166342, -506871.53228406026 635802.8651713023, -506856.80656635296 636735.5112966284))",1949
1950,1055.810302734375,"POLYGON ((-505922.5714087199 636720.7566218828, -504988.35759685864 636706.0161013148, -505003.05507529364 635773.4125957118, -505937.28300598904 635788.1318166342, -505922.5714087199 636720.7566218828))",1950
1951,1585.615234375,"POLYGON ((-504988.35759685864 636706.0161013148, -504054.16511030507 636691.2897333177, -504068.84847150696 635758.7075069303, -505003.05507529364 635773.4125957118, -504988.35759685864 636706.0161013148))",1951
1952,1788.69873046875,"POLYGON ((-504054.16511030507 636691.2897333177, -503119.99392859533 636676.577516286, -503134.66317416565 635744.0165486872, -504068.84847150696 635758.7075069303, -504054.16511030507 636691.2897333177))",1952
1953,1919.889892578125,"POLYGON ((-503119.99392859533 636676.577516286, -502185.8440312692 636661.8794486169, -502200.4991628055 635729.3397193814, -503134.66317416565 635744.0165486872, -503119.99392859533 636676.577516286))",1953
1954,916.6649780273438,"POLYGON ((-502185.8440312692 636661.8794486169, -501251.71539786784 636647.195528708, -501266.35641696793 635714.6770174131, -502200.4991628055 635729.3397193814, -502185.8440312692 636661.8794486169))",1954
1955,651.7626342773438,"POLYGON ((-501251.71539786784 636647.195528708, -500317.60800793534 636632.5257549594, -500332.2349161948 635700.0284411842, -501266.35641696793 635714.6770174131, -501251.71539786784 636647.195528708))",1955
1956,387.59710693359375,"POLYGON ((-500317.60800793534 636632.5257549594, -499383.52184101834 636617.8701257727, -499398.1346400309 635685.393989099, -500332.2349161948 635700.0284411842, -500317.60800793534 636632.5257549594))",1956
1957,324.0390930175781,"POLYGON ((-499383.52184101834 636617.8701257727, -498449.4568766643 636603.2286395506, -498464.0555680222 635670.7736595622, -499398.1346400309 635685.393989099, -499383.52184101834 636617.8701257727))",1957
1958,244.92454528808594,"POLYGON ((-498449.4568766643 636603.2286395506, -497515.41309442464 636588.601294698, -497529.9976797184 635656.167450981, -498464.0555680222 635670.7736595622, -498449.4568766643 636603.2286395506))",1958
1959,228.79428100585938,"POLYGON ((-497515.41309442464 636588.601294698, -496581.39047385193 636573.9880896214, -496595.96095467114 635641.5753617642, -497529.9976797184 635656.167450981, -497515.41309442464 636588.601294698))",1959
1960,248.48599243164062,"POLYGON ((-496581.39047385193 636573.9880896214, -495647.38899450144 636559.3890227284, -495661.9453724326 635626.9973903215, -496595.96095467114 635641.5753617642, -496581.39047385193 636573.9880896214))",1960
1961,246.93594360351562,"POLYGON ((-495647.38899450144 636559.3890227284, -494713.40863593004 636544.8040924288, -494727.9509125593 635612.4335350652, -495661.9453724326 635626.9973903215, -495647.38899450144 636559.3890227284))",1961
1962,177.35826110839844,"POLYGON ((-494713.40863593004 636544.8040924288, -493779.4493776981 636530.2332971338, -493793.97755460953 635597.8837944084, -494727.9509125593 635612.4335350652, -494713.40863593004 636544.8040924288))",1962
1963,20.76775360107422,"POLYGON ((-493779.4493776981 636530.2332971338, -492845.511199367 636515.676635256, -492860.02527814324 635583.3481667663, -493793.97755460953 635597.8837944084, -493779.4493776981 636530.2332971338))",1963
1964,,"POLYGON ((-492845.511199367 636515.676635256, -491911.594080501 636501.1341052102, -491926.0940627231 635568.8266505557, -492860.02527814324 635583.3481667663, -492845.511199367 636515.676635256))",1964
1965,,"POLYGON ((-491911.594080501 636501.1341052102, -490977.69800066657 636486.6057054126, -490992.18388791336 635554.3192441949, -491926.0940627231 635568.8266505557, -491911.594080501 636501.1341052102))",1965
1966,,"POLYGON ((-490977.69800066657 636486.6057054126, -490043.82293943176 636472.0914342803, -490058.29473328113 635539.8259461037, -490992.18388791336 635554.3192441949, -490977.69800066657 636486.6057054126))",1966
1967,,"POLYGON ((-490043.82293943176 636472.0914342803, -489109.96887636767 636457.5912902333, -489124.42657839553 635525.3467547038, -490058.29473328113 635539.8259461037, -490043.82293943176 636472.0914342803))",1967
1968,,"POLYGON ((-565773.1687567024 636759.6314070016, -564837.5332322884 636744.0043203264, -564853.114825275 635809.995853361, -565788.7645537024 635825.6003267145, -565773.1687567024 636759.6314070016))",1968
1969,,"POLYGON ((-564837.5332322884 636744.0043203264, -563901.9203493246 636728.39147178, -563917.487740003 635794.4055975557, -564853.114825275 635809.995853361, -564837.5332322884 636744.0043203264))",1969
1970,,"POLYGON ((-563901.9203493246 636728.39147178, -562966.3300871989 636712.7928596546, -562981.883277271 635778.8295575936, -563917.487740003 635794.4055975557, -563901.9203493246 636728.39147178))",1970
1971,,"POLYGON ((-562966.3300871989 636712.7928596546, -562030.7624252983 636697.2084822442, -562046.3014164658 635763.2677317704, -562981.883277271 635778.8295575936, -562966.3300871989 636712.7928596546))",1971
1972,,"POLYGON ((-562030.7624252983 636697.2084822442, -561095.2173430137 636681.6383378437, -561110.7421369767 635747.7201183843, -562046.3014164658 635763.2677317704, -562030.7624252983 636697.2084822442))",1972
1973,,"POLYGON ((-561095.2173430137 636681.6383378437, -560159.6948197389 636666.0824247503, -560175.2054181944 635732.1867157344, -561110.7421369767 635747.7201183843, -561095.2173430137 636681.6383378437))",1973
1974,,"POLYGON ((-560159.6948197389 636666.0824247503, -559224.1948348682 636650.5407412628, -559239.6912395135 635716.6675221219, -560175.2054181944 635732.1867157344, -560159.6948197389 636666.0824247503))",1974
1975,,"POLYGON ((-559224.1948348682 636650.5407412628, -558288.7173677997 636635.0132856811, -558304.1995803295 635701.1625358494, -559239.6912395135 635716.6675221219, -559224.1948348682 636650.5407412628))",1975
1976,,"POLYGON ((-558288.7173677997 636635.0132856811, -557353.2623979342 636619.5000563078, -557368.7304200411 635685.6717552213, -558304.1995803295 635701.1625358494, -558288.7173677997 636635.0132856811))",1976
1977,,"POLYGON ((-557353.2623979342 636619.5000563078, -556417.8299046748 636604.001051446, -556433.2837380504 635670.1951785438, -557368.7304200411 635685.6717552213, -557353.2623979342 636619.5000563078))",1977
1978,,"POLYGON ((-556417.8299046748 636604.001051446, -555482.4198674255 636588.5162694012, -555497.8595137594 635654.7328041242, -556433.2837380504 635670.1951785438, -556417.8299046748 636604.001051446))",1978
1979,,"POLYGON ((-555482.4198674255 636588.5162694012, -554547.032265594 636573.0457084801, -554562.4577265747 635639.2846302722, -555497.8595137594 635654.7328041242, -555482.4198674255 636588.5162694012))",1979
1980,152.33766174316406,"POLYGON ((-554547.032265594 636573.0457084801, -553611.66707859 636557.5893669917, -553627.078355904 635623.8506552984, -554562.4577265747 635639.2846302722, -554547.032265594 636573.0457084801))",1980
1981,111.2958755493164,"POLYGON ((-553611.66707859 636557.5893669917, -552676.3242858269 636542.1472432457, -552691.7213811586 635608.4308775158, -553627.078355904 635623.8506552984, -553611.66707859 636557.5893669917))",1981
1982,108.75528717041016,"POLYGON ((-552676.3242858269 636542.1472432457, -551741.0038667182 636526.7193355545, -551756.3867817507 635593.0252952382, -552691.7213811586 635608.4308775158, -552676.3242858269 636542.1472432457))",1982
1983,143.04095458984375,"POLYGON ((-551741.0038667182 636526.7193355545, -550805.7058006809 636511.3056422314, -550821.0745370963 635577.6339067821, -551756.3867817507 635593.0252952382, -551741.0038667182 636526.7193355545))",1983
1984,145.6074676513672,"POLYGON ((-550805.7058006809 636511.3056422314, -549870.430067135 636495.9061615915, -549885.7846266129 635562.2567104646, -550821.0745370963 635577.6339067821, -550805.7058006809 636511.3056422314))",1984
1985,131.96710205078125,"POLYGON ((-549870.430067135 636495.9061615915, -548935.176645502 636480.520891952, -548950.5170297206 635546.8937046053, -549885.7846266129 635562.2567104646, -549870.430067135 636495.9061615915))",1985
1986,125.46112823486328,"POLYGON ((-548935.176645502 636480.520891952, -547999.9455152055 636465.1498316311, -548015.2717258416 635531.5448875247, -548950.5170297206 635546.8937046053, -548935.176645502 636480.520891952))",1986
1987,118.46556091308594,"POLYGON ((-547999.9455152055 636465.1498316311, -547064.7366556729 636449.7929789487, -547080.048694401 635516.2102575453, -548015.2717258416 635531.5448875247, -547999.9455152055 636465.1498316311))",1987
1988,118.1543960571289,"POLYGON ((-547064.7366556729 636449.7929789487, -546129.5500463329 636434.4503322272, -546144.8479148259 635500.8898129916, -547080.048694401 635516.2102575453, -547064.7366556729 636449.7929789487))",1988
1989,126.2449722290039,"POLYGON ((-546129.5500463329 636434.4503322272, -545194.3856666164 636419.1218897897, -545209.6693665471 635485.5835521893, -546144.8479148259 635500.8898129916, -546129.5500463329 636434.4503322272))",1989
1990,108.59251403808594,"POLYGON ((-545194.3856666164 636419.1218897897, -544259.243495957 636403.8076499611, -544274.513028995 635470.2914734657, -545209.6693665471 635485.5835521893, -545194.3856666164 636419.1218897897))",1990
1991,106.25806427001953,"POLYGON ((-544259.243495957 636403.8076499611, -543324.1235137908 636388.5076110687, -543339.3788816042 635455.0135751499, -544274.513028995 635470.2914734657, -544259.243495957 636403.8076499611))",1991
1992,100.00796508789062,"POLYGON ((-543324.1235137908 636388.5076110687, -542389.0256995566 636373.2217714405, -542404.2669038121 635439.7498555729, -543339.3788816042 635455.0135751499, -543324.1235137908 636388.5076110687))",1992
1993,85.61727905273438,"POLYGON ((-542389.0256995566 636373.2217714405, -541453.950032694 636357.9501294064, -541469.1770750569 635424.5003130668, -542404.2669038121 635439.7498555729, -542389.0256995566 636373.2217714405))",1993
1994,116.18852233886719,"POLYGON ((-541453.950032694 636357.9501294064, -540518.8964926475 636342.6926832985, -540534.1093747808 635409.2649459657, -541469.1770750569 635424.5003130668, -541453.950032694 636357.9501294064))",1994
1995,166.162109375,"POLYGON ((-540518.8964926475 636342.6926832985, -539583.8650588616 636327.4494314498, -539599.0637824272 635394.0437526054, -540534.1093747808 635409.2649459657, -540518.8964926475 636342.6926832985))",1995
1996,217.60931396484375,"POLYGON ((-539583.8650588616 636327.4494314498, -538648.855710784 636312.2203721952, -538664.0402774428 635378.836731323, -539599.0637824272 635394.0437526054, -539583.8650588616 636327.4494314498))",1996
1997,271.5240478515625,"POLYGON ((-538648.855710784 636312.2203721952, -537713.8684278649 636297.0055038716, -537729.0388392747 635363.6438804577, -538664.0402774428 635378.836731323, -538648.855710784 636312.2203721952))",1997
1998,291.180908203125,"POLYGON ((-537713.8684278649 636297.0055038716, -536778.9031895575 636281.8048248172, -536794.0594473752 635348.4651983503, -537729.0388392747 635363.6438804577, -537713.8684278649 636297.0055038716))",1998
1999,333.81134033203125,"POLYGON ((-536778.9031895575 636281.8048248172, -535843.959975316 636266.6183333719, -535859.102081197 635333.3006833423, -536794.0594473752 635348.4651983503, -536778.9031895575 636281.8048248172))",1999
2000,446.096923828125,"POLYGON ((-535843.959975316 636266.6183333719, -534909.0387645969 636251.446027877, -534924.1667201952 635318.1503337782, -535859.102081197 635333.3006833423, -535843.959975316 636266.6183333719))",2000
2001,488.3877868652344,"POLYGON ((-534909.0387645969 636251.446027877, -533974.1395368614 636236.287906676, -533989.2533438283 635303.0141480035, -534924.1667201952 635318.1503337782, -534909.0387645969 636251.446027877))",2001
2002,496.7857360839844,"POLYGON ((-533974.1395368614 636236.287906676, -533039.2622715697 636221.1439681137, -533054.3619315554 635287.8921243651, -533989.2533438283 635303.0141480035, -533974.1395368614 636236.287906676))",2002
2003,508.5020751953125,"POLYGON ((-533039.2622715697 636221.1439681137, -532104.4069481867 636206.0142105364, -532119.4924628409 635272.784261212, -533054.3619315554 635287.8921243651, -533039.2622715697 636221.1439681137))",2003
2004,538.3553466796875,"POLYGON ((-532104.4069481867 636206.0142105364, -531169.5735461792 636190.8986322924, -531184.6449171477 635257.6905568946, -532119.4924628409 635272.784261212, -532104.4069481867 636206.0142105364))",2004
2005,478.97418212890625,"POLYGON ((-531169.5735461792 636190.8986322924, -530234.7620450155 636175.7972317314, -530249.8192739444 635242.6110097651, -531184.6449171477 635257.6905568946, -531169.5735461792 636190.8986322924))",2005
2006,357.2416076660156,"POLYGON ((-530234.7620450155 636175.7972317314, -529299.9724241673 636160.7100072049, -529315.0155126997 635227.545618177, -530249.8192739444 635242.6110097651, -530234.7620450155 636175.7972317314))",2006
2007,673.3455810546875,"POLYGON ((-529299.9724241673 636160.7100072049, -528365.2046631072 636145.6369570657, -528380.2336128858 635212.4943804857, -529315.0155126997 635227.545618177, -529299.9724241673 636160.7100072049))",2007
2008,860.6403198242188,"POLYGON ((-528365.2046631072 636145.6369570657, -527430.4587413116 636130.5780796686, -527445.4735539772 635197.4572950485, -528380.2336128858 635212.4943804857, -528365.2046631072 636145.6369570657))",2008
2009,636.9375,"POLYGON ((-527430.4587413116 636130.5780796686, -526495.7346382593 636115.5333733702, -526510.7353154498 635182.4343602237, -527445.4735539772 635197.4572950485, -527430.4587413116 636130.5780796686))",2009
2010,597.096923828125,"POLYGON ((-526495.7346382593 636115.5333733702, -525561.0323334292 636100.502836528, -525576.0188767829 635167.425574372, -526510.7353154498 635182.4343602237, -526495.7346382593 636115.5333733702))",2010
2011,547.7742309570312,"POLYGON ((-525561.0323334292 636100.502836528, -524626.3518063058 636085.4864675018, -524641.3242174572 635152.4309358547, -525576.0188767829 635167.425574372, -525561.0323334292 636100.502836528))",2011
2012,728.9034423828125,"POLYGON ((-524626.3518063058 636085.4864675018, -523691.6930363731 636070.4842646532, -523706.65131695685 635137.450443036, -524641.3242174572 635152.4309358547, -524626.3518063058 636085.4864675018))",2012
2013,1176.553466796875,"POLYGON ((-523691.6930363731 636070.4842646532, -522757.05600311863 636055.4962263445, -522772.00015476684 635122.4840942806, -523706.65131695685 635137.450443036, -523691.6930363731 636070.4842646532))",2013
2014,1132.9814453125,"POLYGON ((-522757.05600311863 636055.4962263445, -521822.440686033 636040.5223509405, -521837.3707103762 635107.5318879556, -522772.00015476684 635122.4840942806, -522757.05600311863 636055.4962263445))",2014
2015,1037.254638671875,"POLYGON ((-521822.440686033 636040.5223509405, -520887.8470646065 636025.5626368073, -520902.7629632744 635092.5938224293, -521837.3707103762 635107.5318879556, -521822.440686033 636040.5223509405))",2015
2016,1122.29150390625,"POLYGON ((-520887.8470646065 636025.5626368073, -519953.2751183354 636010.6170823128, -519968.1768929544 635077.6698960719, -520902.7629632744 635092.5938224293, -520887.8470646065 636025.5626368073))",2016
2017,1164.302001953125,"POLYGON ((-519953.2751183354 636010.6170823128, -519018.7248267152 635995.6856858265, -519033.6124789113 635062.7601072552, -519968.1768929544 635077.6698960719, -519953.2751183354 636010.6170823128))",2017
2018,808.9454345703125,"POLYGON ((-519018.7248267152 635995.6856858265, -518084.1961692447 635980.7684457191, -518099.0697006427 635047.8644543523, -519033.6124789113 635062.7601072552, -519018.7248267152 635995.6856858265))",2018
2019,436.0856628417969,"POLYGON ((-518084.1961692447 635980.7684457191, -517149.689125426 635965.8653603635, -517164.54853764793 635032.9829357385, -518099.0697006427 635047.8644543523, -518084.1961692447 635980.7684457191))",2019
2020,285.7135925292969,"POLYGON ((-517149.689125426 635965.8653603635, -516215.2036747618 635950.9764281343, -516230.048969429 635018.1155497902, -517164.54853764793 635032.9829357385, -517149.689125426 635965.8653603635))",2020
2021,333.0473327636719,"POLYGON ((-516215.2036747618 635950.9764281343, -515280.73979675863 635936.101647407, -515295.5709754897 635003.2622948859, -516230.048969429 635018.1155497902, -516215.2036747618 635950.9764281343))",2021
2022,378.9400939941406,"POLYGON ((-515280.73979675863 635936.101647407, -514346.2974709248 635921.2410165597, -514361.11453533755 634988.4231694053, -515295.5709754897 635003.2622948859, -515280.73979675863 635936.101647407))",2022
2023,321.15814208984375,"POLYGON ((-514346.2974709248 635921.2410165597, -513411.87667676935 635906.3945339712, -513426.6796284801 634973.5981717298, -514361.11453533755 634988.4231694053, -514346.2974709248 635921.2410165597))",2023
2024,191.85745239257812,"POLYGON ((-513411.87667676935 635906.3945339712, -512477.47739380656 635891.5621980226, -512492.2662344293 634958.7873002429, -513426.6796284801 634973.5981717298, -513411.87667676935 635906.3945339712))",2024
2025,165.7758331298828,"POLYGON ((-512477.47739380656 635891.5621980226, -511543.0996015506 635876.7440070963, -511557.8743326982 634943.9905533291, -512492.2662344293 634958.7873002429, -512477.47739380656 635891.5621980226))",2025
2026,247.92779541015625,"POLYGON ((-511543.0996015506 635876.7440070963, -510608.7432795189 635861.9399595765, -510623.50390280236 634929.2079293751, -511557.8743326982 634943.9905533291, -511543.0996015506 635876.7440070963))",2026
2027,540.4708251953125,"POLYGON ((-510608.7432795189 635861.9399595765, -509674.408407231 635847.1500538491, -509689.1549242601 634914.4394267687, -510623.50390280236 634929.2079293751, -510608.7432795189 635861.9399595765))",2027
2028,569.6775512695312,"POLYGON ((-509674.408407231 635847.1500538491, -508740.094964209 635832.3742883012, -508754.82737659116 634899.6850438996, -509689.1549242601 634914.4394267687, -509674.408407231 635847.1500538491))",2028
2029,697.7974243164062,"POLYGON ((-508740.094964209 635832.3742883012, -507805.80292997626 635817.612661322, -507820.5212393182 634884.944779159, -508754.82737659116 634899.6850438996, -508740.094964209 635832.3742883012))",2029
2030,894.7183837890625,"POLYGON ((-507805.80292997626 635817.612661322, -506871.53228406026 635802.8651713023, -506886.2364919664 634870.2186309404, -507820.5212393182 634884.944779159, -507805.80292997626 635817.612661322))",2030
2031,921.2322387695312,"POLYGON ((-506871.53228406026 635802.8651713023, -505937.28300598904 635788.1318166342, -505951.9731140622 634855.5065976377, -506886.2364919664 634870.2186309404, -506871.53228406026 635802.8651713023))",2031
2032,1114.927978515625,"POLYGON ((-505937.28300598904 635788.1318166342, -505003.05507529364 635773.4125957118, -505017.73108513525 634840.8086776474, -505951.9731140622 634855.5065976377, -505937.28300598904 635788.1318166342))",2032
2033,1304.3201904296875,"POLYGON ((-505003.05507529364 635773.4125957118, -504068.84847150696 635758.7075069303, -504083.5103847169 634826.1248693672, -505017.73108513525 634840.8086776474, -505003.05507529364 635773.4125957118))",2033
2034,957.6649169921875,"POLYGON ((-504068.84847150696 635758.7075069303, -503134.66317416565 635744.0165486872, -503149.3109923416 634811.4551711967, -504083.5103847169 634826.1248693672, -504068.84847150696 635758.7075069303))",2034
2035,1163.3309326171875,"POLYGON ((-503134.66317416565 635744.0165486872, -502200.4991628055 635729.3397193814, -502215.1328875446 634796.7995815367, -503149.3109923416 634811.4551711967, -503134.66317416565 635744.0165486872))",2035
2036,1098.7806396484375,"POLYGON ((-502200.4991628055 635729.3397193814, -501266.35641696793 635714.6770174131, -501280.97604986455 634782.1580987902, -502215.1328875446 634796.7995815367, -502200.4991628055 635729.3397193814))",2036
2037,639.700927734375,"POLYGON ((-501266.35641696793 635714.6770174131, -500332.2349161948 635700.0284411842, -500346.84045884246 634767.5307213614, -501280.97604986455 634782.1580987902, -501266.35641696793 635714.6770174131))",2037
2038,435.7716979980469,"POLYGON ((-500332.2349161948 635700.0284411842, -499398.1346400309 635685.393989099, -499412.7260940204 634752.9174476562, -500346.84045884246 634767.5307213614, -500332.2349161948 635700.0284411842))",2038
2039,408.7159118652344,"POLYGON ((-499398.1346400309 635685.393989099, -498464.0555680222 635670.7736595622, -498478.63293494424 634738.3182760822, -499412.7260940204 634752.9174476562, -499398.1346400309 635685.393989099))",2039
2040,375.0743103027344,"POLYGON ((-498464.0555680222 635670.7736595622, -497529.9976797184 635656.167450981, -497544.5609611614 634723.7332050485, -498478.63293494424 634738.3182760822, -498464.0555680222 635670.7736595622))",2040
2041,269.5188903808594,"POLYGON ((-497529.9976797184 635656.167450981, -496595.96095467114 635641.5753617642, -496610.5101522211 634709.1622329662, -497544.5609611614 634723.7332050485, -497529.9976797184 635656.167450981))",2041
2042,240.6595458984375,"POLYGON ((-496595.96095467114 635641.5753617642, -495661.9453724326 635626.9973903215, -495676.48048767576 634694.6053582473, -496610.5101522211 634709.1622329662, -496595.96095467114 635641.5753617642))",2042
2043,88.29080963134766,"POLYGON ((-495661.9453724326 635626.9973903215, -494727.9509125593 635612.4335350652, -494742.4719470785 634680.0625793064, -495676.48048767576 634694.6053582473, -495661.9453724326 635626.9973903215))",2043
2044,3.786696672439575,"POLYGON ((-494727.9509125593 635612.4335350652, -493793.97755460953 635597.8837944084, -493808.48450998694 634665.5338945588, -494742.4719470785 634680.0625793064, -494727.9509125593 635612.4335350652))",2044
2045,,"POLYGON ((-493793.97755460953 635597.8837944084, -492860.02527814324 635583.3481667663, -492874.51815595897 634651.0193024218, -493808.48450998694 634665.5338945588, -493793.97755460953 635597.8837944084))",2045
2046,,"POLYGON ((-492860.02527814324 635583.3481667663, -491926.0940627231 635568.8266505557, -491940.5728645553 634636.5188013145, -492874.51815595897 634651.0193024218, -492860.02527814324 635583.3481667663))",2046
2047,,"POLYGON ((-491926.0940627231 635568.8266505557, -490992.18388791336 635554.3192441949, -491006.6486153393 634622.0323896576, -491940.5728645553 634636.5188013145, -491926.0940627231 635568.8266505557))",2047
2048,,"POLYGON ((-490992.18388791336 635554.3192441949, -490058.29473328113 635539.8259461037, -490072.7453878763 634607.5600658727, -491006.6486153393 634622.0323896576, -490992.18388791336 635554.3192441949))",2048
2049,,"POLYGON ((-490058.29473328113 635539.8259461037, -489124.42657839553 635525.3467547038, -489138.8631617341 634593.1018283842, -490072.7453878763 634607.5600658727, -490058.29473328113 635539.8259461037))",2049
2050,,"POLYGON ((-565788.7645537024 635825.6003267145, -564853.114825275 635809.995853361, -564868.6736260124 634875.9868896198, -565804.3375376994 634891.5687482818, -565788.7645537024 635825.6003267145))",2050
2051,,"POLYGON ((-564853.114825275 635809.995853361, -563917.487740003 635794.4055975557, -563933.0323591831 634860.4192279247, -564868.6736260124 634875.9868896198, -564853.114825275 635809.995853361))",2051
2052,,"POLYGON ((-563917.487740003 635794.4055975557, -562981.883277271 635778.8295575936, -562997.4137165952 634844.8657614932, -563933.0323591831 634860.4192279247, -563917.487740003 635794.4055975557))",2052
2053,,"POLYGON ((-562981.883277271 635778.8295575936, -562046.3014164658 635763.2677317704, -562061.8176776324 634829.3264886239, -562997.4137165952 634844.8657614932, -562981.883277271 635778.8295575936))",2053
2054,,"POLYGON ((-562046.3014164658 635763.2677317704, -561110.7421369767 635747.7201183843, -561126.2442216824 634813.8014076169, -562061.8176776324 634829.3264886239, -562046.3014164658 635763.2677317704))",2054
2055,,"POLYGON ((-561110.7421369767 635747.7201183843, -560175.2054181944 635732.1867157344, -560190.6933281354 634798.290516774, -561126.2442216824 634813.8014076169, -561110.7421369767 635747.7201183843))",2055
2056,,"POLYGON ((-560175.2054181944 635732.1867157344, -559239.6912395135 635716.6675221219, -559255.1649763838 634782.7938143987, -560190.6933281354 634798.290516774, -560175.2054181944 635732.1867157344))",2056
2057,,"POLYGON ((-559239.6912395135 635716.6675221219, -558304.1995803295 635701.1625358494, -558319.6591458211 634767.3112987961, -559255.1649763838 634782.7938143987, -559239.6912395135 635716.6675221219))",2057
2058,,"POLYGON ((-558304.1995803295 635701.1625358494, -557368.7304200411 635685.6717552213, -557384.1758158451 634751.842968273, -558319.6591458211 634767.3112987961, -558304.1995803295 635701.1625358494))",2058
2059,,"POLYGON ((-557368.7304200411 635685.6717552213, -556433.2837380504 635670.1951785438, -556448.7149658555 634736.3888211377, -557384.1758158451 634751.842968273, -557368.7304200411 635685.6717552213))",2059
2060,,"POLYGON ((-556433.2837380504 635670.1951785438, -555497.8595137594 635654.7328041242, -555513.2765752529 634720.9488557003, -556448.7149658555 634736.3888211377, -556433.2837380504 635670.1951785438))",2060
2061,109.74384307861328,"POLYGON ((-555497.8595137594 635654.7328041242, -554562.4577265747 635639.2846302722, -554577.8606234426 634705.5230702726, -555513.2765752529 634720.9488557003, -555497.8595137594 635654.7328041242))",2061
2062,148.21343994140625,"POLYGON ((-554562.4577265747 635639.2846302722, -553627.078355904 635623.8506552984, -553642.4670898304 634690.1114631679, -554577.8606234426 634705.5230702726, -554562.4577265747 635639.2846302722))",2062
2063,162.92311096191406,"POLYGON ((-553627.078355904 635623.8506552984, -552691.7213811586 635608.4308775158, -552707.0959538254 634674.7140327011, -553642.4670898304 634690.1114631679, -553627.078355904 635623.8506552984))",2063
2064,112.00442504882812,"POLYGON ((-552691.7213811586 635608.4308775158, -551756.3867817507 635593.0252952382, -551771.7471948394 634659.3307771889, -552707.0959538254 634674.7140327011, -552691.7213811586 635608.4308775158))",2064
2065,147.13954162597656,"POLYGON ((-551756.3867817507 635593.0252952382, -550821.0745370963 635577.6339067821, -550836.4207922854 634643.9616949498, -551771.7471948394 634659.3307771889, -551756.3867817507 635593.0252952382))",2065
2066,154.32095336914062,"POLYGON ((-550821.0745370963 635577.6339067821, -549885.7846266129 635562.2567104646, -549901.1167255798 634628.6067843034, -550836.4207922854 634643.9616949498, -550821.0745370963 635577.6339067821))",2066
2067,146.2244110107422,"POLYGON ((-549885.7846266129 635562.2567104646, -548950.5170297206 635546.8937046053, -548965.8349741418 634613.2660435715, -549901.1167255798 634628.6067843034, -549885.7846266129 635562.2567104646))",2067
2068,121.84148406982422,"POLYGON ((-548950.5170297206 635546.8937046053, -548015.2717258416 635531.5448875247, -548030.5755173904 634597.9394710775, -548965.8349741418 634613.2660435715, -548950.5170297206 635546.8937046053))",2068
2069,101.65678405761719,"POLYGON ((-548015.2717258416 635531.5448875247, -547080.048694401 635516.2102575453, -547095.3383347506 634582.6270651459, -548030.5755173904 634597.9394710775, -548015.2717258416 635531.5448875247))",2069
2070,92.14857482910156,"POLYGON ((-547080.048694401 635516.2102575453, -546144.8479148259 635500.8898129916, -546160.1234056479 634567.3288241033, -547095.3383347506 634582.6270651459, -547080.048694401 635516.2102575453))",2070
2071,112.98353576660156,"POLYGON ((-546144.8479148259 635500.8898129916, -545209.6693665471 635485.5835521893, -545224.930709509 634552.0447462781, -546160.1234056479 634567.3288241033, -546144.8479148259 635500.8898129916))",2071
2072,94.07899475097656,"POLYGON ((-545209.6693665471 635485.5835521893, -544274.513028995 635470.2914734657, -544289.7602257656 634536.77483, -545224.930709509 634552.0447462781, -545209.6693665471 635485.5835521893))",2072
2073,84.5601806640625,"POLYGON ((-544274.513028995 635470.2914734657, -543339.3788816042 635455.0135751499, -543354.6119338492 634521.5190736005, -544289.7602257656 634536.77483, -544274.513028995 635470.2914734657))",2073
2074,122.45032501220703,"POLYGON ((-543339.3788816042 635455.0135751499, -542404.2669038121 635439.7498555729, -542419.4858131956 634506.2774754125, -543354.6119338492 634521.5190736005, -543339.3788816042 635455.0135751499))",2074
2075,144.1995849609375,"POLYGON ((-542404.2669038121 635439.7498555729, -541469.1770750569 635424.5003130668, -541484.3818432422 634491.0500337711, -542419.4858131956 634506.2774754125, -542404.2669038121 635439.7498555729))",2075
2076,120.50208282470703,"POLYGON ((-541469.1770750569 635424.5003130668, -540534.1093747808 635409.2649459657, -540549.3000034285 634475.8367470123, -541484.3818432422 634491.0500337711, -541469.1770750569 635424.5003130668))",2076
2077,121.19737243652344,"POLYGON ((-540534.1093747808 635409.2649459657, -539599.0637824272 635394.0437526054, -539614.2402731975 634460.6376134745, -540549.3000034285 634475.8367470123, -540534.1093747808 635409.2649459657))",2077
2078,215.3564910888672,"POLYGON ((-539599.0637824272 635394.0437526054, -538664.0402774428 635378.836731323, -538679.2026319919 634445.452631497, -539614.2402731975 634460.6376134745, -539599.0637824272 635394.0437526054))",2078
2079,275.9648132324219,"POLYGON ((-538664.0402774428 635378.836731323, -537729.0388392747 635363.6438804577, -537744.1870592597 634430.2817994213, -538679.2026319919 634445.452631497, -538664.0402774428 635378.836731323))",2079
2080,316.7782897949219,"POLYGON ((-537729.0388392747 635363.6438804577, -536794.0594473752 635348.4651983503, -536809.193534451 634415.1251155905, -537744.1870592597 634430.2817994213, -537729.0388392747 635363.6438804577))",2080
2081,319.6452331542969,"POLYGON ((-536794.0594473752 635348.4651983503, -535859.102081197 635333.3006833423, -535874.2220370157 634399.982578349, -536809.193534451 634415.1251155905, -536794.0594473752 635348.4651983503))",2081
2082,431.6723937988281,"POLYGON ((-535859.102081197 635333.3006833423, -534924.1667201952 635318.1503337782, -534939.2725464085 634384.8541860429, -535874.2220370157 634399.982578349, -535859.102081197 635333.3006833423))",2082
2083,525.3407592773438,"POLYGON ((-534924.1667201952 635318.1503337782, -533989.2533438283 635303.0141480035, -534004.3450420857 634369.7399370202, -534939.2725464085 634384.8541860429, -534924.1667201952 635318.1503337782))",2083
2084,517.9877319335938,"POLYGON ((-533989.2533438283 635303.0141480035, -533054.3619315554 635287.8921243651, -533069.4395035052 634354.6398296304, -534004.3450420857 634369.7399370202, -533989.2533438283 635303.0141480035))",2084
2085,470.9393005371094,"POLYGON ((-533054.3619315554 635287.8921243651, -532119.4924628409 635272.784261212, -532134.5559101285 634339.5538622249, -533069.4395035052 634354.6398296304, -533054.3619315554 635287.8921243651))",2085
2086,529.1845092773438,"POLYGON ((-532119.4924628409 635272.784261212, -531184.6449171477 635257.6905568946, -531199.6942414185 634324.4820331561, -532134.5559101285 634339.5538622249, -532119.4924628409 635272.784261212))",2086
2087,685.1321411132812,"POLYGON ((-531184.6449171477 635257.6905568946, -530249.8192739444 635242.6110097651, -530264.854476841 634309.4243407785, -531199.6942414185 634324.4820331561, -531184.6449171477 635257.6905568946))",2087
2088,585.56640625,"POLYGON ((-530249.8192739444 635242.6110097651, -529315.0155126997 635227.545618177, -529330.0365958641 634294.3807834485, -530264.854476841 634309.4243407785, -530249.8192739444 635242.6110097651))",2088
2089,686.777587890625,"POLYGON ((-529315.0155126997 635227.545618177, -528380.2336128858 635212.4943804857, -528395.2405779572 634279.3513595231, -529330.0365958641 634294.3807834485, -529315.0155126997 635227.545618177))",2089
2090,833.7063598632812,"POLYGON ((-528380.2336128858 635212.4943804857, -527445.4735539772 635197.4572950485, -527460.4664025942 634264.3360673623, -528395.2405779572 634279.3513595231, -528380.2336128858 635212.4943804857))",2090
2091,718.331787109375,"POLYGON ((-527445.4735539772 635197.4572950485, -526510.7353154498 635182.4343602237, -526525.7140492487 634249.3349053267, -527460.4664025942 634264.3360673623, -527445.4735539772 635197.4572950485))",2091
2092,686.7301635742188,"POLYGON ((-526510.7353154498 635182.4343602237, -525576.0188767829 635167.425574372, -525590.9834973982 634234.347871779, -526525.7140492487 634249.3349053267, -526510.7353154498 635182.4343602237))",2092
2093,761.770751953125,"POLYGON ((-525576.0188767829 635167.425574372, -524641.3242174572 635152.4309358547, -524656.274726523 634219.3749650836, -525590.9834973982 634234.347871779, -525576.0188767829 635167.425574372))",2093
2094,994.9182739257812,"POLYGON ((-524641.3242174572 635152.4309358547, -523706.65131695685 635137.450443036, -523721.58771610446 634204.416183606, -524656.274726523 634219.3749650836, -524641.3242174572 635152.4309358547))",2094
2095,1068.1234130859375,"POLYGON ((-523706.65131695685 635137.450443036, -522772.00015476684 635122.4840942806, -522786.9224456259 634189.471525714, -523721.58771610446 634204.416183606, -523706.65131695685 635137.450443036))",2095
2096,806.5709838867188,"POLYGON ((-522772.00015476684 635122.4840942806, -521837.3707103762 635107.5318879556, -521852.2788945746 634174.5409897766, -522786.9224456259 634189.471525714, -522772.00015476684 635122.4840942806))",2096
2097,761.0769653320312,"POLYGON ((-521837.3707103762 635107.5318879556, -520902.7629632744 635092.5938224293, -520917.65704244 634159.6245741646, -521852.2788945746 634174.5409897766, -521837.3707103762 635107.5318879556))",2097
2098,838.1815795898438,"POLYGON ((-520902.7629632744 635092.5938224293, -519968.1768929544 635077.6698960719, -519983.05686871184 634144.7222772504, -520917.65704244 634159.6245741646, -520902.7629632744 635092.5938224293))",2098
2099,923.0113525390625,"POLYGON ((-519968.1768929544 635077.6698960719, -519033.6124789113 635062.7601072552, -519048.4783528843 634129.8340974079, -519983.05686871184 634144.7222772504, -519968.1768929544 635077.6698960719))",2099
2100,1020.1229248046875,"POLYGON ((-519033.6124789113 635062.7601072552, -518099.0697006427 635047.8644543523, -518113.9214744525 634114.9600330129, -519048.4783528843 634129.8340974079, -519033.6124789113 635062.7601072552))",2100
2101,368.3575439453125,"POLYGON ((-518099.0697006427 635047.8644543523, -517164.54853764793 635032.9829357385, -517179.3862129147 634100.1000824429, -518113.9214744525 634114.9600330129, -518099.0697006427 635047.8644543523))",2101
2102,265.3197021484375,"POLYGON ((-517164.54853764793 635032.9829357385, -516230.048969429 635018.1155497902, -516244.87254777155 634085.2542440763, -517179.3862129147 634100.1000824429, -517164.54853764793 635032.9829357385))",2102
2103,285.1954650878906,"POLYGON ((-516230.048969429 635018.1155497902, -515295.5709754897 635003.2622948859, -515310.3804585256 634070.422516294, -516244.87254777155 634085.2542440763, -516230.048969429 635018.1155497902))",2103
2104,455.387451171875,"POLYGON ((-515295.5709754897 635003.2622948859, -514361.11453533755 634988.4231694053, -514375.90992468107 634055.6048974784, -515310.3804585256 634070.422516294, -515295.5709754897 635003.2622948859))",2104
2105,312.404052734375,"POLYGON ((-514361.11453533755 634988.4231694053, -513426.6796284801 634973.5981717298, -513441.4609257454 634040.8013860128, -514375.90992468107 634055.6048974784, -514361.11453533755 634988.4231694053))",2105
2106,194.66213989257812,"POLYGON ((-513426.6796284801 634973.5981717298, -512492.2662344293 634958.7873002429, -512507.0334412287 634026.0119802828, -513441.4609257454 634040.8013860128, -513426.6796284801 634973.5981717298))",2106
2107,185.12442016601562,"POLYGON ((-512492.2662344293 634958.7873002429, -511557.8743326982 634943.9905533291, -511572.6274506415 634011.2366786757, -512507.0334412287 634026.0119802828, -512492.2662344293 634958.7873002429))",2107
2108,247.01133728027344,"POLYGON ((-511557.8743326982 634943.9905533291, -510623.50390280236 634929.2079293751, -510638.2429334994 633996.47547958, -511572.6274506415 634011.2366786757, -511557.8743326982 634943.9905533291))",2108
2109,532.5443115234375,"POLYGON ((-510623.50390280236 634929.2079293751, -509689.1549242601 634914.4394267687, -509703.87986931705 633981.728381386, -510638.2429334994 633996.47547958, -510623.50390280236 634929.2079293751))",2109
2110,796.6951904296875,"POLYGON ((-509689.1549242601 634914.4394267687, -508754.82737659116 634899.6850438996, -508769.5382376141 633966.995382486, -509703.87986931705 633981.728381386, -509689.1549242601 634914.4394267687))",2110
2111,960.293701171875,"POLYGON ((-508754.82737659116 634899.6850438996, -507820.5212393182 634884.944779159, -507835.21801791084 633952.276481273, -508769.5382376141 633966.995382486, -508754.82737659116 634899.6850438996))",2111
2112,1065.1541748046875,"POLYGON ((-507820.5212393182 634884.944779159, -506886.2364919664 634870.2186309404, -506900.919189731 633937.5716761425, -507835.21801791084 633952.276481273, -507820.5212393182 634884.944779159))",2112
2113,935.9910888671875,"POLYGON ((-506886.2364919664 634870.2186309404, -505951.9731140622 634855.5065976377, -505966.64173259947 633922.8809654915, -506900.919189731 633937.5716761425, -506886.2364919664 634870.2186309404))",2113
2114,666.1395263671875,"POLYGON ((-505951.9731140622 634855.5065976377, -505017.73108513525 634840.8086776474, -505032.3856260448 633908.204347718, -505966.64173259947 633922.8809654915, -505951.9731140622 634855.5065976377))",2114
2115,1035.9910888671875,"POLYGON ((-505017.73108513525 634840.8086776474, -504083.5103847169 634826.1248693672, -504098.1508495958 633893.5418212226, -505032.3856260448 633908.204347718, -505017.73108513525 634840.8086776474))",2115
2116,1085.2117919921875,"POLYGON ((-504083.5103847169 634826.1248693672, -503149.3109923416 634811.4551711967, -503163.93738278537 633878.8933844068, -504098.1508495958 633893.5418212226, -504083.5103847169 634826.1248693672))",2116
2117,1213.7132568359375,"POLYGON ((-503149.3109923416 634811.4551711967, -502215.1328875446 634796.7995815367, -502229.7452051478 633864.2590356737, -503163.93738278537 633878.8933844068, -503149.3109923416 634811.4551711967))",2117
2118,1239.2891845703125,"POLYGON ((-502215.1328875446 634796.7995815367, -501280.97604986455 634782.1580987902, -501295.5742962196 633849.6387734286, -502229.7452051478 633864.2590356737, -502215.1328875446 634796.7995815367))",2118
2119,1048.8917236328125,"POLYGON ((-501280.97604986455 634782.1580987902, -500346.84045884246 634767.5307213614, -500361.4246355402 633835.0325960779, -501295.5742962196 633849.6387734286, -501280.97604986455 634782.1580987902))",2119
2120,837.0916137695312,"POLYGON ((-500346.84045884246 634767.5307213614, -499412.7260940204 634752.9174476562, -499427.2962026504 633820.4405020297, -500361.4246355402 633835.0325960779, -500346.84045884246 634767.5307213614))",2120
2121,679.1654663085938,"POLYGON ((-499412.7260940204 634752.9174476562, -498478.63293494424 634738.3182760822, -498493.18897709437 633805.8624896939, -499427.2962026504 633820.4405020297, -499412.7260940204 634752.9174476562))",2121
2122,544.3885498046875,"POLYGON ((-498478.63293494424 634738.3182760822, -497544.5609611614 634723.7332050485, -497559.10293841735 633791.2985574821, -498493.18897709437 633805.8624896939, -498478.63293494424 634738.3182760822))",2122
2123,403.65386962890625,"POLYGON ((-497544.5609611614 634723.7332050485, -496610.5101522211 634709.1622329662, -496625.0380661675 633776.7487038072, -497559.10293841735 633791.2985574821, -497544.5609611614 634723.7332050485))",2123
2124,251.37530517578125,"POLYGON ((-496610.5101522211 634709.1622329662, -495676.48048767576 634694.6053582473, -495690.9943398953 633762.2129270838, -496625.0380661675 633776.7487038072, -496610.5101522211 634709.1622329662))",2124
2125,,"POLYGON ((-495676.48048767576 634694.6053582473, -494742.4719470785 634680.0625793064, -494756.9717391529 633747.6912257285, -495690.9943398953 633762.2129270838, -495676.48048767576 634694.6053582473))",2125
2126,,"POLYGON ((-494742.4719470785 634680.0625793064, -493808.48450998694 634665.5338945588, -493822.9702434953 633733.183598159, -494756.9717391529 633747.6912257285, -494742.4719470785 634680.0625793064))",2126
2127,,"POLYGON ((-493808.48450998694 634665.5338945588, -492874.51815595897 634651.0193024218, -492888.98983247904 633718.6900427948, -493822.9702434953 633733.183598159, -493808.48450998694 634665.5338945588))",2127
2128,,"POLYGON ((-492874.51815595897 634651.0193024218, -491940.5728645553 634636.5188013145, -491955.03048566415 633704.2105580572, -492888.98983247904 633718.6900427948, -492874.51815595897 634651.0193024218))",2128
2129,,"POLYGON ((-491940.5728645553 634636.5188013145, -491006.6486153393 634622.0323896576, -491021.09218261146 633689.7451423691, -491955.03048566415 633704.2105580572, -491940.5728645553 634636.5188013145))",2129
2130,,"POLYGON ((-491006.6486153393 634622.0323896576, -490072.7453878763 634607.5600658727, -490087.1749028849 633675.2937941545, -491021.09218261146 633689.7451423691, -491006.6486153393 634622.0323896576))",2130
2131,,"POLYGON ((-490072.7453878763 634607.5600658727, -489138.8631617341 634593.1018283842, -489153.2786260509 633660.8565118398, -490087.1749028849 633675.2937941545, -490072.7453878763 634607.5600658727))",2131
2132,,"POLYGON ((-565804.3375376994 634891.5687482818, -564868.6736260124 634875.9868896198, -564884.2096341345 633941.9774298224, -565819.8877083261 633957.5366724244, -565804.3375376994 634891.5687482818))",2132
2133,,"POLYGON ((-564868.6736260124 634875.9868896198, -563933.0323591831 634860.4192279247, -563948.5542065003 633926.4323636042, -564884.2096341345 633941.9774298224, -564868.6736260124 634875.9868896198))",2133
2134,,"POLYGON ((-563933.0323591831 634860.4192279247, -562997.4137165952 634844.8657614932, -563012.9214048053 633910.9014720691, -563948.5542065003 633926.4323636042, -563933.0323591831 634860.4192279247))",2134
2135,,"POLYGON ((-562997.4137165952 634844.8657614932, -562061.8176776324 634829.3264886239, -562077.3112084323 633895.3847535178, -563012.9214048053 633910.9014720691, -562997.4137165952 634844.8657614932))",2135
2136,,"POLYGON ((-562061.8176776324 634829.3264886239, -561126.2442216824 634813.8014076169, -561141.7235967675 633879.8822062529, -562077.3112084323 633895.3847535178, -562061.8176776324 634829.3264886239))",2136
2137,,"POLYGON ((-561126.2442216824 634813.8014076169, -560190.6933281354 634798.290516774, -560206.1585491982 633864.3938285785, -561141.7235967675 633879.8822062529, -561126.2442216824 634813.8014076169))",2137
2138,,"POLYGON ((-560190.6933281354 634798.290516774, -559255.1649763838 634782.7938143987, -559270.6160451157 633848.9196188007, -560206.1585491982 633864.3938285785, -560190.6933281354 634798.290516774))",2138
2139,,"POLYGON ((-559255.1649763838 634782.7938143987, -558319.6591458211 634767.3112987961, -558335.0960639124 633833.4595752268, -559270.6160451157 633848.9196188007, -559255.1649763838 634782.7938143987))",2139
2140,,"POLYGON ((-558319.6591458211 634767.3112987961, -557384.1758158451 634751.842968273, -557399.5985849837 633818.0136961662, -558335.0960639124 633833.4595752268, -558319.6591458211 634767.3112987961))",2140
2141,,"POLYGON ((-557384.1758158451 634751.842968273, -556448.7149658555 634736.3888211377, -556464.123587728 633802.5819799294, -557399.5985849837 633818.0136961662, -557384.1758158451 634751.842968273))",2141
2142,105.27324676513672,"POLYGON ((-556448.7149658555 634736.3888211377, -555513.2765752529 634720.9488557003, -555528.6710515441 633787.164424829, -556464.123587728 633802.5819799294, -556448.7149658555 634736.3888211377))",2142
2143,117.8856201171875,"POLYGON ((-555513.2765752529 634720.9488557003, -554577.8606234426 634705.5230702726, -554593.2409558364 633771.7610291792, -555528.6710515441 633787.164424829, -555513.2765752529 634720.9488557003))",2143
2144,162.15115356445312,"POLYGON ((-554577.8606234426 634705.5230702726, -553642.4670898304 634690.1114631679, -553657.8332800078 633756.3717912956, -554593.2409558364 633771.7610291792, -554577.8606234426 634705.5230702726))",2144
2145,158.94740295410156,"POLYGON ((-553642.4670898304 634690.1114631679, -552707.0959538254 634674.7140327011, -552722.4480034669 633740.9967094954, -553657.8332800078 633756.3717912956, -553642.4670898304 634690.1114631679))",2145
2146,152.91380310058594,"POLYGON ((-552707.0959538254 634674.7140327011, -551771.7471948394 634659.3307771889, -551787.0851056231 633725.635782098, -552722.4480034669 633740.9967094954, -552707.0959538254 634674.7140327011))",2146
2147,165.34872436523438,"POLYGON ((-551771.7471948394 634659.3307771889, -550836.4207922854 634643.9616949498, -550851.7445658878 633710.289007424, -551787.0851056231 633725.635782098, -551771.7471948394 634659.3307771889))",2147
2148,136.7099151611328,"POLYGON ((-550836.4207922854 634643.9616949498, -549901.1167255798 634628.6067843034, -549916.426363677 633694.9563837956, -550851.7445658878 633710.289007424, -550836.4207922854 634643.9616949498))",2148
2149,149.89137268066406,"POLYGON ((-549901.1167255798 634628.6067843034, -548965.8349741418 634613.2660435715, -548981.1304784061 633679.6379095367, -549916.426363677 633694.9563837956, -549901.1167255798 634628.6067843034))",2149
2150,161.39031982421875,"POLYGON ((-548965.8349741418 634613.2660435715, -548030.5755173904 634597.9394710775, -548045.8568894946 633664.3335829731, -548981.1304784061 633679.6379095367, -548965.8349741418 634613.2660435715))",2150
2151,126.39622497558594,"POLYGON ((-548030.5755173904 634597.9394710775, -547095.3383347506 634582.6270651459, -547110.6055763642 633649.0434024319, -548045.8568894946 633664.3335829731, -548030.5755173904 634597.9394710775))",2151
2152,97.75657653808594,"POLYGON ((-547095.3383347506 634582.6270651459, -546160.1234056479 634567.3288241033, -546175.376518439 633633.7673662421, -547110.6055763642 633649.0434024319, -547095.3383347506 634582.6270651459))",2152
2153,100.18418884277344,"POLYGON ((-546160.1234056479 634567.3288241033, -545224.930709509 634552.0447462781, -545240.1696951452 633618.5054727342, -546175.376518439 633633.7673662421, -546160.1234056479 634567.3288241033))",2153
2154,104.93633270263672,"POLYGON ((-545224.930709509 634552.0447462781, -544289.7602257656 634536.77483, -544304.9850859119 633603.2577202403, -545240.1696951452 633618.5054727342, -545224.930709509 634552.0447462781))",2154
2155,105.88285827636719,"POLYGON ((-544289.7602257656 634536.77483, -543354.6119338492 634521.5190736005, -543369.8226701694 633588.0241070944, -544304.9850859119 633603.2577202403, -544289.7602257656 634536.77483))",2155
2156,126.81405639648438,"POLYGON ((-543354.6119338492 634521.5190736005, -542419.4858131956 634506.2774754125, -542434.6824273518 633572.8046316318, -543369.8226701694 633588.0241070944, -543354.6119338492 634521.5190736005))",2156
2157,147.05429077148438,"POLYGON ((-542419.4858131956 634506.2774754125, -541484.3818432422 634491.0500337711, -541499.5643368941 633557.5992921897, -542434.6824273518 633572.8046316318, -542419.4858131956 634506.2774754125))",2157
2158,131.99635314941406,"POLYGON ((-541484.3818432422 634491.0500337711, -540549.3000034285 634475.8367470123, -540564.4683782354 633542.4080871067, -541499.5643368941 633557.5992921897, -541484.3818432422 634491.0500337711))",2158
2159,121.59867858886719,"POLYGON ((-540549.3000034285 634475.8367470123, -539614.2402731975 634460.6376134745, -539629.3945308155 633527.2310147233, -540564.4683782354 633542.4080871067, -540549.3000034285 634475.8367470123))",2159
2160,231.5779571533203,"POLYGON ((-539614.2402731975 634460.6376134745, -538679.2026319919 634445.452631497, -538694.3427740778 633512.0680733814, -539629.3945308155 633527.2310147233, -539614.2402731975 634460.6376134745))",2160
2161,308.12677001953125,"POLYGON ((-538679.2026319919 634445.452631497, -537744.1870592597 634430.2817994213, -537759.313087467 633496.9192614248, -538694.3427740778 633512.0680733814, -538679.2026319919 634445.452631497))",2161
2162,376.7997741699219,"POLYGON ((-537744.1870592597 634430.2817994213, -536809.193534451 634415.1251155905, -536824.305450431 633481.7845771988, -537759.313087467 633496.9192614248, -537744.1870592597 634430.2817994213))",2162
2163,375.2306823730469,"POLYGON ((-536809.193534451 634415.1251155905, -535874.2220370157 634399.982578349, -535889.3198424195 633466.6640190502, -536824.305450431 633481.7845771988, -536809.193534451 634415.1251155905))",2163
2164,431.19091796875,"POLYGON ((-535874.2220370157 634399.982578349, -534939.2725464085 634384.8541860429, -534954.3562428848 633451.5575853275, -535889.3198424195 633466.6640190502, -535874.2220370157 634399.982578349))",2164
2165,540.8114013671875,"POLYGON ((-534939.2725464085 634384.8541860429, -534004.3450420857 634369.7399370202, -534019.4146312813 633436.4652743812, -534954.3562428848 633451.5575853275, -534939.2725464085 634384.8541860429))",2165
2166,541.2169189453125,"POLYGON ((-534004.3450420857 634369.7399370202, -533069.4395035052 634354.6398296304, -533084.4949870659 633421.3870845629, -534019.4146312813 633436.4652743812, -534004.3450420857 634369.7399370202))",2166
2167,693.7205810546875,"POLYGON ((-533069.4395035052 634354.6398296304, -532134.5559101285 634339.5538622249, -532149.5972896988 633406.3230142262, -533084.4949870659 633421.3870845629, -533069.4395035052 634354.6398296304))",2167
2168,940.84765625,"POLYGON ((-532134.5559101285 634339.5538622249, -531199.6942414185 634324.4820331561, -531214.7215186405 633391.273061726, -532149.5972896988 633406.3230142262, -532134.5559101285 634339.5538622249))",2168
2169,1098.6148681640625,"POLYGON ((-531199.6942414185 634324.4820331561, -530264.854476841 634309.4243407785, -530279.8676533556 633376.2372254194, -531214.7215186405 633391.273061726, -531199.6942414185 634324.4820331561))",2169
2170,989.2855224609375,"POLYGON ((-530264.854476841 634309.4243407785, -529330.0365958641 634294.3807834485, -529345.0356733096 633361.2155036643, -530279.8676533556 633376.2372254194, -530264.854476841 634309.4243407785))",2170
2171,765.3651733398438,"POLYGON ((-529330.0365958641 634294.3807834485, -528395.2405779572 634279.3513595231, -528410.2255579719 633346.2078948213, -529345.0356733096 633361.2155036643, -529330.0365958641 634294.3807834485))",2171
2172,882.5759887695312,"POLYGON ((-528395.2405779572 634279.3513595231, -527460.4664025942 634264.3360673623, -527475.4372868132 633331.2143972515, -528410.2255579719 633346.2078948213, -528395.2405779572 634279.3513595231))",2172
2173,763.93408203125,"POLYGON ((-527460.4664025942 634264.3360673623, -526525.7140492487 634249.3349053267, -526540.6708393067 633316.2350093186, -527475.4372868132 633331.2143972515, -527460.4664025942 634264.3360673623))",2173
2174,683.985107421875,"POLYGON ((-526525.7140492487 634249.3349053267, -525590.9834973982 634234.347871779, -525605.9261949277 633301.2697293872, -526540.6708393067 633316.2350093186, -526525.7140492487 634249.3349053267))",2174
2175,934.6849975585938,"POLYGON ((-525590.9834973982 634234.347871779, -524656.274726523 634219.3749650836, -524671.2033331546 633286.318555824, -525605.9261949277 633301.2697293872, -525590.9834973982 634234.347871779))",2175
2176,1060.362548828125,"POLYGON ((-524656.274726523 634219.3749650836, -523721.58771610446 634204.416183606, -523736.5022334674 633271.3814869974, -524671.2033331546 633286.318555824, -524656.274726523 634219.3749650836))",2176
2177,787.9733276367188,"POLYGON ((-523721.58771610446 634204.416183606, -522786.9224456259 634189.471525714, -522801.8228753485 633256.4585212766, -523736.5022334674 633271.3814869974, -523721.58771610446 634204.416183606))",2177
2178,1133.0653076171875,"POLYGON ((-522786.9224456259 634189.471525714, -521852.2788945746 634174.5409897766, -521867.16523828264 633241.5496570335, -522801.8228753485 633256.4585212766, -522786.9224456259 634189.471525714))",2178
2179,625.2820434570312,"POLYGON ((-521852.2788945746 634174.5409897766, -520917.65704244 634159.6245741646, -520932.5293017572 633226.6548926414, -521867.16523828264 633241.5496570335, -521852.2788945746 634174.5409897766))",2179
2180,620.5446166992188,"POLYGON ((-520917.65704244 634159.6245741646, -519983.05686871184 634144.7222772504, -519997.9150452615 633211.7742264742, -520932.5293017572 633226.6548926414, -520917.65704244 634159.6245741646))",2180
2181,685.8847045898438,"POLYGON ((-519983.05686871184 634144.7222772504, -519048.4783528843 634129.8340974079, -519063.3224482875 633196.9076569092, -519997.9150452615 633211.7742264742, -519983.05686871184 634144.7222772504))",2181
2182,1980.6986083984375,"POLYGON ((-519048.4783528843 634129.8340974079, -518113.9214744525 634114.9600330129, -518128.7514903287 633182.0551823234, -519063.3224482875 633196.9076569092, -519048.4783528843 634129.8340974079))",2182
2183,373.7129211425781,"POLYGON ((-518113.9214744525 634114.9600330129, -517179.3862129147 634100.1000824429, -517194.202150882 633167.2168010972, -518128.7514903287 633182.0551823234, -518113.9214744525 634114.9600330129))",2183
2184,399.4872741699219,"POLYGON ((-517179.3862129147 634100.1000824429, -516244.87254777155 634085.2542440763, -516259.67440944596 633152.3925116113, -517194.202150882 633167.2168010972, -517179.3862129147 634100.1000824429))",2184
2185,504.1053771972656,"POLYGON ((-516244.87254777155 634085.2542440763, -515310.3804585256 634070.422516294, -515325.1682455217 633137.5823122488, -516259.67440944596 633152.3925116113, -516244.87254777155 634085.2542440763))",2185
2186,547.1449584960938,"POLYGON ((-515310.3804585256 634070.422516294, -514375.90992468107 634055.6048974784, -514390.68363861204 633122.7862013939, -515325.1682455217 633137.5823122488, -515310.3804585256 634070.422516294))",2186
2187,350.3973693847656,"POLYGON ((-514375.90992468107 634055.6048974784, -513441.4609257454 634040.8013860128, -513456.2205682228 633108.0041774332, -514390.68363861204 633122.7862013939, -514375.90992468107 634055.6048974784))",2187
2188,242.22848510742188,"POLYGON ((-513441.4609257454 634040.8013860128, -512507.0334412287 634026.0119802828, -512521.7790138619 633093.2362387539, -513456.2205682228 633108.0041774332, -513441.4609257454 634040.8013860128))",2188
2189,227.63714599609375,"POLYGON ((-512507.0334412287 634026.0119802828, -511572.6274506415 634011.2366786757, -511587.3589550394 633078.4823837456, -512521.7790138619 633093.2362387539, -512507.0334412287 634026.0119802828))",2189
2190,263.1324768066406,"POLYGON ((-511572.6274506415 634011.2366786757, -510638.2429334994 633996.47547958, -510652.96037126717 633063.742610799, -511587.3589550394 633078.4823837456, -511572.6274506415 634011.2366786757))",2190
2191,346.6928405761719,"POLYGON ((-510638.2429334994 633996.47547958, -509703.87986931705 633981.728381386, -509718.58324206085 633049.0169183072, -510652.96037126717 633063.742610799, -510638.2429334994 633996.47547958))",2191
2192,828.6818237304688,"POLYGON ((-509703.87986931705 633981.728381386, -508769.5382376141 633966.995382486, -508784.2275469365 633034.3053046641, -509718.58324206085 633049.0169183072, -509703.87986931705 633981.728381386))",2192
2193,1091.344482421875,"POLYGON ((-508769.5382376141 633966.995382486, -507835.21801791084 633952.276481273, -507849.89326541405 633019.6077682656, -508784.2275469365 633034.3053046641, -508769.5382376141 633966.995382486))",2193
2194,857.08056640625,"POLYGON ((-507835.21801791084 633952.276481273, -506900.919189731 633937.5716761425, -506915.5803770146 633004.9243075091, -507849.89326541405 633019.6077682656, -507835.21801791084 633952.276481273))",2194
2195,808.7377319335938,"POLYGON ((-506900.919189731 633937.5716761425, -505966.64173259947 633922.8809654915, -505981.28886126203 632990.2549207938, -506915.5803770146 633004.9243075091, -506900.919189731 633937.5716761425))",2195
2196,542.6370849609375,"POLYGON ((-505966.64173259947 633922.8809654915, -505032.3856260448 633908.204347718, -505047.0186976824 632975.5996065205, -505981.28886126203 632990.2549207938, -505966.64173259947 633922.8809654915))",2196
2197,754.4176635742188,"POLYGON ((-505032.3856260448 633908.204347718, -504098.1508495958 633893.5418212226, -504112.76986580447 632960.9583630913, -505047.0186976824 632975.5996065205, -505032.3856260448 633908.204347718))",2197
2198,1180.9251708984375,"POLYGON ((-504098.1508495958 633893.5418212226, -503163.93738278537 633878.8933844068, -503178.5423451585 632946.3311889104, -504112.76986580447 632960.9583630913, -504098.1508495958 633893.5418212226))",2198
2199,1214.056640625,"POLYGON ((-503163.93738278537 633878.8933844068, -502229.7452051478 633864.2590356737, -502244.3361152769 632931.7180823833, -503178.5423451585 632946.3311889104, -503163.93738278537 633878.8933844068))",2199
2200,1245.5443115234375,"POLYGON ((-502229.7452051478 633864.2590356737, -501295.5742962196 633849.6387734286, -501310.15115569555 632917.1190419171, -502244.3361152769 632931.7180823833, -502229.7452051478 633864.2590356737))",2200
2201,1257.7607421875,"POLYGON ((-501295.5742962196 633849.6387734286, -500361.4246355402 633835.0325960779, -500375.9874459513 632902.5340659209, -501310.15115569555 632917.1190419171, -501295.5742962196 633849.6387734286))",2201
2202,888.4141235351562,"POLYGON ((-500361.4246355402 633835.0325960779, -499427.2962026504 633820.4405020297, -499441.8449655841 632887.9631528046, -500375.9874459513 632902.5340659209, -500361.4246355402 633835.0325960779))",2202
2203,686.6492919921875,"POLYGON ((-499427.2962026504 633820.4405020297, -498493.18897709437 633805.8624896939, -498507.72369413543 632873.4063009811, -499441.8449655841 632887.9631528046, -499427.2962026504 633820.4405020297))",2203
2204,784.7894897460938,"POLYGON ((-498493.18897709437 633805.8624896939, -497559.10293841735 633791.2985574821, -497573.6236111501 632858.8635088634, -498507.72369413543 632873.4063009811, -498493.18897709437 633805.8624896939))",2204
2205,383.0272521972656,"POLYGON ((-497559.10293841735 633791.2985574821, -496625.0380661675 633776.7487038072, -496639.5446961741 632844.334774867, -497573.6236111501 632858.8635088634, -497559.10293841735 633791.2985574821))",2205
2206,136.2001953125,"POLYGON ((-496625.0380661675 633776.7487038072, -495690.9943398953 633762.2129270838, -495705.48692875647 632829.820097409, -496639.5446961741 632844.334774867, -496625.0380661675 633776.7487038072))",2206
2207,,"POLYGON ((-495690.9943398953 633762.2129270838, -494756.9717391529 633747.6912257285, -494771.4502884471 632815.3194749077, -495705.48692875647 632829.820097409, -495690.9943398953 633762.2129270838))",2207
2208,,"POLYGON ((-494756.9717391529 633747.6912257285, -493822.9702434953 633733.183598159, -493837.4347548003 632800.8329057834, -494771.4502884471 632815.3194749077, -494756.9717391529 633747.6912257285))",2208
2209,,"POLYGON ((-493822.9702434953 633733.183598159, -492888.98983247904 633718.6900427948, -492903.4403073706 632786.3603884578, -493837.4347548003 632800.8329057834, -493822.9702434953 633733.183598159))",2209
2210,,"POLYGON ((-492888.98983247904 633718.6900427948, -491955.03048566415 633704.2105580572, -491969.4669257164 632771.9019213545, -492903.4403073706 632786.3603884578, -492888.98983247904 633718.6900427948))",2210
2211,,"POLYGON ((-491955.03048566415 633704.2105580572, -491021.09218261146 633689.7451423691, -491035.514589397 632757.4575028982, -491969.4669257164 632771.9019213545, -491955.03048566415 633704.2105580572))",2211
2212,,"POLYGON ((-491021.09218261146 633689.7451423691, -490087.1749028849 633675.2937941545, -490101.5832779744 632743.0271315158, -491035.514589397 632757.4575028982, -491021.09218261146 633689.7451423691))",2212
2213,,"POLYGON ((-490087.1749028849 633675.2937941545, -489153.2786260509 633660.8565118398, -489167.67297101335 632728.6108056353, -490101.5832779744 632743.0271315158, -490087.1749028849 633675.2937941545))",2213
2214,,"POLYGON ((-565819.8877083261 633957.5366724244, -564884.2096341345 633941.9774298224, -564899.7228492752 633007.9674746876, -565835.4150652166 633023.5040998629, -565819.8877083261 633957.5366724244))",2214
2215,,"POLYGON ((-564884.2096341345 633941.9774298224, -563948.5542065003 633926.4323636042, -563964.053281589 632992.4450053113, -564899.7228492752 633007.9674746876, -564884.2096341345 633941.9774298224))",2215
2216,,"POLYGON ((-563948.5542065003 633926.4323636042, -563012.9214048053 633910.9014720691, -563028.4063415374 632976.936690036, -563964.053281589 632992.4450053113, -563948.5542065003 633926.4323636042))",2216
2217,,"POLYGON ((-563012.9214048053 633910.9014720691, -562077.3112084323 633895.3847535178, -562092.7820085022 632961.4425271648, -563028.4063415374 632976.936690036, -563012.9214048053 633910.9014720691))",2217
2218,,"POLYGON ((-562077.3112084323 633895.3847535178, -561141.7235967675 633879.8822062529, -561157.1802618671 632945.9625150029, -562092.7820085022 632961.4425271648, -562077.3112084323 633895.3847535178))",2218
2219,,"POLYGON ((-561141.7235967675 633879.8822062529, -560206.1585491982 633864.3938285785, -560221.6010810188 632930.4966518567, -561157.1802618671 632945.9625150029, -561141.7235967675 633879.8822062529))",2219
2220,,"POLYGON ((-560206.1585491982 633864.3938285785, -559270.6160451157 633848.9196188007, -559286.0444453459 632915.0449360347, -560221.6010810188 632930.4966518567, -560206.1585491982 633864.3938285785))",2220
2221,,"POLYGON ((-559270.6160451157 633848.9196188007, -558335.0960639124 633833.4595752268, -558350.5103342398 632899.6073658464, -559286.0444453459 632915.0449360347, -559270.6160451157 633848.9196188007))",2221
2222,108.03146362304688,"POLYGON ((-558335.0960639124 633833.4595752268, -557399.5985849837 633818.0136961662, -557414.9987270946 632884.1839396037, -558350.5103342398 632899.6073658464, -558335.0960639124 633833.4595752268))",2222
2223,208.04708862304688,"POLYGON ((-557399.5985849837 633818.0136961662, -556464.123587728 633802.5819799294, -556479.5096033057 632868.7746556198, -557414.9987270946 632884.1839396037, -557399.5985849837 633818.0136961662))",2223
2224,246.98973083496094,"POLYGON ((-556464.123587728 633802.5819799294, -555528.6710515441 633787.164424829, -555544.042942272 632853.3795122092, -556479.5096033057 632868.7746556198, -556464.123587728 633802.5819799294))",2224
2225,172.54425048828125,"POLYGON ((-555528.6710515441 633787.164424829, -554593.2409558364 633771.7610291792, -554608.598723395 632837.9985076886, -555544.042942272 632853.3795122092, -555528.6710515441 633787.164424829))",2225
2226,145.31260681152344,"POLYGON ((-554593.2409558364 633771.7610291792, -553657.8332800078 633756.3717912956, -553673.1769260762 632822.6316403763, -554608.598723395 632837.9985076886, -554593.2409558364 633771.7610291792))",2226
2227,140.47384643554688,"POLYGON ((-553657.8332800078 633756.3717912956, -552722.4480034669 633740.9967094954, -552737.777529723 632807.2789085918, -553673.1769260762 632822.6316403763, -553657.8332800078 633756.3717912956))",2227
2228,126.1640396118164,"POLYGON ((-552722.4480034669 633740.9967094954, -551787.0851056231 633725.635782098, -551802.4005137428 632791.9403106568, -552737.777529723 632807.2789085918, -552722.4480034669 633740.9967094954))",2228
2229,114.34597778320312,"POLYGON ((-551787.0851056231 633725.635782098, -550851.7445658878 633710.289007424, -550867.0458575457 632776.615844894, -551802.4005137428 632791.9403106568, -551787.0851056231 633725.635782098))",2229
2230,123.11415100097656,"POLYGON ((-550851.7445658878 633710.289007424, -549916.426363677 633694.9563837956, -549931.713540545 632761.3055096283, -550867.0458575457 632776.615844894, -550851.7445658878 633710.289007424))",2230
2231,130.090087890625,"POLYGON ((-549916.426363677 633694.9563837956, -548981.1304784061 633679.6379095367, -548996.4035421559 632746.0093031861, -549931.713540545 632761.3055096283, -549916.426363677 633694.9563837956))",2231
2232,161.61138916015625,"POLYGON ((-548981.1304784061 633679.6379095367, -548045.8568894946 633664.3335829731, -548061.1158417951 632730.727223895, -548996.4035421559 632746.0093031861, -548981.1304784061 633679.6379095367))",2232
2233,138.55477905273438,"POLYGON ((-548045.8568894946 633664.3335829731, -547110.6055763642 633649.0434024319, -547125.850418884 632715.4592700851, -548061.1158417951 632730.727223895, -548045.8568894946 633664.3335829731))",2233
2234,127.70854949951172,"POLYGON ((-547110.6055763642 633649.0434024319, -546175.376518439 633633.7673662421, -546190.6072528438 632700.2054400875, -547125.850418884 632715.4592700851, -547110.6055763642 633649.0434024319))",2234
2235,106.33354949951172,"POLYGON ((-546175.376518439 633633.7673662421, -545240.1696951452 633618.5054727342, -545255.3863230995 632684.965732235, -546190.6072528438 632700.2054400875, -546175.376518439 633633.7673662421))",2235
2236,104.7417984008789,"POLYGON ((-545240.1696951452 633618.5054727342, -544304.9850859119 633603.2577202403, -544320.187609078 632669.7401448622, -545255.3863230995 632684.965732235, -545240.1696951452 633618.5054727342))",2236
2237,115.03295135498047,"POLYGON ((-544304.9850859119 633603.2577202403, -543369.8226701694 633588.0241070944, -543385.0110902094 632654.5286763053, -544320.187609078 632669.7401448622, -544304.9850859119 633603.2577202403))",2237
2238,115.00202941894531,"POLYGON ((-543369.8226701694 633588.0241070944, -542434.6824273518 633572.8046316318, -542449.8567459249 632639.3313249022, -543385.0110902094 632654.5286763053, -543369.8226701694 633588.0241070944))",2238
2239,121.8007583618164,"POLYGON ((-542434.6824273518 633572.8046316318, -541499.5643368941 633557.5992921897, -541514.7245556584 632624.1480889922, -542449.8567459249 632639.3313249022, -542434.6824273518 633572.8046316318))",2239
2240,96.80680847167969,"POLYGON ((-541499.5643368941 633557.5992921897, -540564.4683782354 633542.4080871067, -540579.6144988467 632608.9789669166, -541514.7245556584 632624.1480889922, -541499.5643368941 633557.5992921897))",2240
2241,157.56971740722656,"POLYGON ((-540564.4683782354 633542.4080871067, -539629.3945308155 633527.2310147233, -539644.526554929 632593.8239570176, -540579.6144988467 632608.9789669166, -540564.4683782354 633542.4080871067))",2241
2242,272.7149353027344,"POLYGON ((-539629.3945308155 633527.2310147233, -538694.3427740778 633512.0680733814, -538709.4607033463 632578.6830576403, -539644.526554929 632593.8239570176, -539629.3945308155 633527.2310147233))",2242
2243,325.505859375,"POLYGON ((-538694.3427740778 633512.0680733814, -537759.313087467 633496.9192614248, -537774.4169235423 632563.5562671302, -538709.4607033463 632578.6830576403, -538694.3427740778 633512.0680733814))",2243
2244,383.9991149902344,"POLYGON ((-537759.313087467 633496.9192614248, -536824.305450431 633481.7845771988, -536839.3951949623 632548.4435838351, -537774.4169235423 632563.5562671302, -537759.313087467 633496.9192614248))",2244
2245,365.9372863769531,"POLYGON ((-536824.305450431 633481.7845771988, -535889.3198424195 633466.6640190502, -535904.3954970551 632533.3450061043, -536839.3951949623 632548.4435838351, -536824.305450431 633481.7845771988))",2245
2246,457.0211486816406,"POLYGON ((-535889.3198424195 633466.6640190502, -534954.3562428848 633451.5575853275, -534969.4178092714 632518.2605322886, -535904.3954970551 632533.3450061043, -535889.3198424195 633466.6640190502))",2246
2247,544.2254028320312,"POLYGON ((-534954.3562428848 633451.5575853275, -534019.4146312813 633436.4652743812, -534034.4621110639 632503.1901607406, -534969.4178092714 632518.2605322886, -534954.3562428848 633451.5575853275))",2247
2248,516.9677124023438,"POLYGON ((-534019.4146312813 633436.4652743812, -533084.4949870659 633421.3870845629, -533099.5283818877 632488.1338898146, -534034.4621110639 632503.1901607406, -534019.4146312813 633436.4652743812))",2248
2249,665.1016845703125,"POLYGON ((-533084.4949870659 633421.3870845629, -532149.5972896988 633406.3230142262, -532164.6166012012 632473.0917178661, -533099.5283818877 632488.1338898146, -533084.4949870659 633421.3870845629))",2249
2250,788.845458984375,"POLYGON ((-532149.5972896988 633406.3230142262, -531214.7215186405 633391.273061726, -531229.7267484637 632458.063643253, -532164.6166012012 632473.0917178661, -532149.5972896988 633406.3230142262))",2250
2251,977.396728515625,"POLYGON ((-531214.7215186405 633391.273061726, -530279.8676533556 633376.2372254194, -530294.8588031374 632443.0496643339, -531229.7267484637 632458.063643253, -531214.7215186405 633391.273061726))",2251
2252,1100.1553955078125,"POLYGON ((-530279.8676533556 633376.2372254194, -529345.0356733096 633361.2155036643, -529360.0127446876 632428.0497794696, -530294.8588031374 632443.0496643339, -530279.8676533556 633376.2372254194))",2252
2253,950.7410888671875,"POLYGON ((-529345.0356733096 633361.2155036643, -528410.2255579719 633346.2078948213, -528425.1885525807 632413.0639870227, -529360.0127446876 632428.0497794696, -529345.0356733096 633361.2155036643))",2253
2254,971.9014282226562,"POLYGON ((-528410.2255579719 633346.2078948213, -527475.4372868132 633331.2143972515, -527490.3862062863 632398.092285357, -528425.1885525807 632413.0639870227, -528410.2255579719 633346.2078948213))",2254
2255,1115.0250244140625,"POLYGON ((-527475.4372868132 633331.2143972515, -526540.6708393067 633316.2350093186, -526555.6056852757 632383.1346728383, -527490.3862062863 632398.092285357, -527475.4372868132 633331.2143972515))",2255
2256,784.7886352539062,"POLYGON ((-526540.6708393067 633316.2350093186, -525605.9261949277 633301.2697293872, -525620.8469690232 632368.1911478335, -526555.6056852757 632383.1346728383, -526540.6708393067 633316.2350093186))",2256
2257,776.4540405273438,"POLYGON ((-525605.9261949277 633301.2697293872, -524671.2033331546 633286.318555824, -524686.1100370053 632353.2617087115, -525620.8469690232 632368.1911478335, -525605.9261949277 633301.2697293872))",2257
2258,846.0283813476562,"POLYGON ((-524671.2033331546 633286.318555824, -523736.5022334674 633271.3814869974, -523751.39486870007 632338.346353843, -524686.1100370053 632353.2617087115, -524671.2033331546 633286.318555824))",2258
2259,882.2333374023438,"POLYGON ((-523736.5022334674 633271.3814869974, -522801.8228753485 633256.4585212766, -522816.7014435881 632323.4450816001, -523751.39486870007 632338.346353843, -523736.5022334674 633271.3814869974))",2259
2260,1488.752197265625,"POLYGON ((-522801.8228753485 633256.4585212766, -521867.16523828264 633241.5496570335, -521882.02974115347 632308.5578903564, -522816.7014435881 632323.4450816001, -522801.8228753485 633256.4585212766))",2260
2261,1860.7176513671875,"POLYGON ((-521867.16523828264 633241.5496570335, -520932.5293017572 633226.6548926414, -520947.3797408809 632293.6847784873, -521882.02974115347 632308.5578903564, -521867.16523828264 633241.5496570335))",2261
2262,1887.5484619140625,"POLYGON ((-520932.5293017572 633226.6548926414, -519997.9150452615 633211.7742264742, -520012.75142225856 632278.8257443698, -520947.3797408809 632293.6847784873, -520932.5293017572 633226.6548926414))",2262
2263,2282.654052734375,"POLYGON ((-519997.9150452615 633211.7742264742, -519063.3224482875 633196.9076569092, -519078.1447647767 632263.9807863827, -520012.75142225856 632278.8257443698, -519997.9150452615 633211.7742264742))",2263
2264,3318.267333984375,"POLYGON ((-519063.3224482875 633196.9076569092, -518128.7514903287 633182.0551823234, -518143.5597479276 632249.1499029059, -519078.1447647767 632263.9807863827, -519063.3224482875 633196.9076569092))",2264
2265,1092.3883056640625,"POLYGON ((-518128.7514903287 633182.0551823234, -517194.202150882 633167.2168010972, -517208.9963512056 632234.3330923216, -518143.5597479276 632249.1499029059, -518128.7514903287 633182.0551823234))",2265
2266,555.5564575195312,"POLYGON ((-517194.202150882 633167.2168010972, -516259.67440944596 633152.3925116113, -516274.45455410914 632219.5303530133, -517208.9963512056 632234.3330923216, -517194.202150882 633167.2168010972))",2266
2267,631.1307373046875,"POLYGON ((-516259.67440944596 633152.3925116113, -515325.1682455217 633137.5823122488, -515339.93433613586 632204.7416833662, -516274.45455410914 632219.5303530133, -516259.67440944596 633152.3925116113))",2267
2268,647.1156616210938,"POLYGON ((-515325.1682455217 633137.5823122488, -514390.68363861204 633122.7862013939, -514405.4356767881 632189.9670817667, -515339.93433613586 632204.7416833662, -515325.1682455217 633137.5823122488))",2268
2269,575.983642578125,"POLYGON ((-514390.68363861204 633122.7862013939, -513456.2205682228 633108.0041774332, -513470.95855557045 632175.2065466036, -514405.4356767881 632189.9670817667, -514390.68363861204 633122.7862013939))",2269
2270,452.56280517578125,"POLYGON ((-513456.2205682228 633108.0041774332, -512521.7790138619 633093.2362387539, -512536.5029519879 632160.4600762664, -513470.95855557045 632175.2065466036, -513456.2205682228 633108.0041774332))",2270
2271,544.7437133789062,"POLYGON ((-512521.7790138619 633093.2362387539, -511587.3589550394 633078.4823837456, -511602.0688455495 632145.7276691472, -512536.5029519879 632160.4600762664, -512521.7790138619 633093.2362387539))",2271
2272,608.6514892578125,"POLYGON ((-511587.3589550394 633078.4823837456, -510652.96037126717 633063.742610799, -510667.6562157662 632131.0093236392, -511602.0688455495 632145.7276691472, -511587.3589550394 633078.4823837456))",2272
2273,833.0083618164062,"POLYGON ((-510652.96037126717 633063.742610799, -509718.58324206085 633049.0169183072, -509733.26504215086 632116.3050381369, -510667.6562157662 632131.0093236392, -510652.96037126717 633063.742610799))",2273
2274,1081.664794921875,"POLYGON ((-509718.58324206085 633049.0169183072, -508784.2275469365 633034.3053046641, -508798.895304219 632101.6148110373, -509733.26504215086 632116.3050381369, -509718.58324206085 633049.0169183072))",2274
2275,1009.3936767578125,"POLYGON ((-508784.2275469365 633034.3053046641, -507849.89326541405 633019.6077682656, -507864.5469814879 632086.9386407381, -508798.895304219 632101.6148110373, -508784.2275469365 633034.3053046641))",2275
2276,830.254638671875,"POLYGON ((-507849.89326541405 633019.6077682656, -506915.5803770146 633004.9243075091, -506930.22005347745 632072.2765256395, -507864.5469814879 632086.9386407381, -507849.89326541405 633019.6077682656))",2276
2277,738.026611328125,"POLYGON ((-506915.5803770146 633004.9243075091, -505981.28886126203 632990.2549207938, -505995.91449971043 632057.6284641426, -506930.22005347745 632072.2765256395, -506915.5803770146 633004.9243075091))",2277
2278,555.4171142578125,"POLYGON ((-505981.28886126203 632990.2549207938, -505047.0186976824 632975.5996065205, -505061.630299711 632042.9944546502, -505995.91449971043 632057.6284641426, -505981.28886126203 632990.2549207938))",2278
2279,630.1722412109375,"POLYGON ((-505047.0186976824 632975.5996065205, -504112.76986580447 632960.9583630913, -504127.3674330055 632028.374495567, -505061.630299711 632042.9944546502, -505047.0186976824 632975.5996065205))",2279
2280,933.583740234375,"POLYGON ((-504112.76986580447 632960.9583630913, -503178.5423451585 632946.3311889104, -503193.1258791237 632013.7685852997, -504127.3674330055 632028.374495567, -504112.76986580447 632960.9583630913))",2280
2281,1201.91162109375,"POLYGON ((-503178.5423451585 632946.3311889104, -502244.3361152769 632931.7180823833, -502258.90561759565 631999.1767222555, -503193.1258791237 632013.7685852997, -503178.5423451585 632946.3311889104))",2281
2282,1238.5263671875,"POLYGON ((-502244.3361152769 632931.7180823833, -501310.15115569555 632917.1190419171, -501324.7066279561 631984.5989048441, -502258.90561759565 631999.1767222555, -502244.3361152769 632931.7180823833))",2282
2283,1264.0281982421875,"POLYGON ((-501310.15115569555 632917.1190419171, -500375.9874459513 632902.5340659209, -500390.52888973977 631970.0351314767, -501324.7066279561 631984.5989048441, -501310.15115569555 632917.1190419171))",2283
2284,949.8743896484375,"POLYGON ((-500375.9874459513 632902.5340659209, -499441.8449655841 632887.9631528046, -499456.3723824852 631955.485400566, -500390.52888973977 631970.0351314767, -500375.9874459513 632902.5340659209))",2284
2285,968.4409790039062,"POLYGON ((-499441.8449655841 632887.9631528046, -498507.72369413543 632873.4063009811, -498522.2370857331 631940.9497105263, -499456.3723824852 631955.485400566, -499441.8449655841 632887.9631528046))",2285
2286,825.862060546875,"POLYGON ((-498507.72369413543 632873.4063009811, -497573.6236111501 632858.8635088634, -497588.12297902524 631926.4280597733, -498522.2370857331 631940.9497105263, -498507.72369413543 632873.4063009811))",2286
2287,141.83297729492188,"POLYGON ((-497573.6236111501 632858.8635088634, -496639.5446961741 632844.334774867, -496654.0300419071 631911.9204467246, -497588.12297902524 631926.4280597733, -497573.6236111501 632858.8635088634))",2287
2288,,"POLYGON ((-496639.5446961741 632844.334774867, -495705.48692875647 632829.820097409, -495719.95825392473 631897.4268697997, -496654.0300419071 631911.9204467246, -496639.5446961741 632844.334774867))",2288
2289,,"POLYGON ((-495705.48692875647 632829.820097409, -494771.4502884471 632815.3194749077, -494785.90759462817 631882.9473274193, -495719.95825392473 631897.4268697997, -495705.48692875647 632829.820097409))",2289
2290,,"POLYGON ((-494771.4502884471 632815.3194749077, -493837.4347548003 632800.8329057834, -493851.87804356904 631868.4818180054, -494785.90759462817 631882.9473274193, -494771.4502884471 632815.3194749077))",2290
2291,,"POLYGON ((-493837.4347548003 632800.8329057834, -492903.4403073706 632786.3603884578, -492917.8695803005 631854.0303399824, -493851.87804356904 631868.4818180054, -493837.4347548003 632800.8329057834))",2291
2292,,"POLYGON ((-492903.4403073706 632786.3603884578, -491969.4669257164 632771.9019213545, -491983.8821843795 631839.5928917759, -492917.8695803005 631854.0303399824, -492903.4403073706 632786.3603884578))",2292
2293,,"POLYGON ((-491969.4669257164 632771.9019213545, -491035.514589397 632757.4575028982, -491049.9158353631 631825.1694718131, -491983.8821843795 631839.5928917759, -491969.4669257164 632771.9019213545))",2293
2294,,"POLYGON ((-491035.514589397 632757.4575028982, -490101.5832779744 632743.0271315158, -490115.9705128127 631810.7600785226, -491049.9158353631 631825.1694718131, -491035.514589397 632757.4575028982))",2294
2295,,"POLYGON ((-490101.5832779744 632743.0271315158, -489167.67297101335 632728.6108056353, -489182.04619629076 631796.3647103354, -490115.9705128127 631810.7600785226, -490101.5832779744 632743.0271315158))",2295
2296,,"POLYGON ((-565835.4150652166 633023.5040998629, -564899.7228492752 633007.9674746876, -564915.21327107 632073.9570249349, -565850.9196080051 632089.4710313195, -565835.4150652166 633023.5040998629))",2296
2297,,"POLYGON ((-564899.7228492752 633007.9674746876, -563964.053281589 632992.4450053113, -563979.5295840846 632058.4571537636, -564915.21327107 632073.9570249349, -564899.7228492752 633007.9674746876))",2297
2298,,"POLYGON ((-563964.053281589 632992.4450053113, -563028.4063415374 632976.936690036, -563043.8685264275 632042.9714161097, -563979.5295840846 632058.4571537636, -563964.053281589 632992.4450053113))",2298
2299,,"POLYGON ((-563028.4063415374 632976.936690036, -562092.7820085022 632961.4425271648, -562108.2300774779 632027.4998102791, -563043.8685264275 632042.9714161097, -563028.4063415374 632976.936690036))",2299
2300,,"POLYGON ((-562092.7820085022 632961.4425271648, -561157.1802618671 632945.9625150029, -561172.6142166185 632012.0423345792, -562108.2300774779 632027.4998102791, -562092.7820085022 632961.4425271648))",2300
2301,,"POLYGON ((-561157.1802618671 632945.9625150029, -560221.6010810188 632930.4966518567, -560237.020923234 631996.5989873188, -561172.6142166185 632012.0423345792, -561157.1802618671 632945.9625150029))",2301
2302,,"POLYGON ((-560221.6010810188 632930.4966518567, -559286.0444453459 632915.0449360347, -559301.4501767126 631981.1697668086, -560237.020923234 631996.5989873188, -560221.6010810188 632930.4966518567))",2302
2303,,"POLYGON ((-559286.0444453459 632915.0449360347, -558350.5103342398 632899.6073658464, -558365.9019564418 631965.7546713608, -559301.4501767126 631981.1697668086, -559286.0444453459 632915.0449360347))",2303
2304,149.68145751953125,"POLYGON ((-558350.5103342398 632899.6073658464, -557414.9987270946 632884.1839396037, -557430.3762418162 631950.3536992898, -558365.9019564418 631965.7546713608, -558350.5103342398 632899.6073658464))",2304
2305,167.89627075195312,"POLYGON ((-557414.9987270946 632884.1839396037, -556479.5096033057 632868.7746556198, -556494.8730122286 631934.9668489108, -557430.3762418162 631950.3536992898, -557414.9987270946 632884.1839396037))",2305
2306,237.916259765625,"POLYGON ((-556479.5096033057 632868.7746556198, -555544.042942272 632853.3795122092, -555559.3922470761 631919.594118541, -556494.8730122286 631934.9668489108, -556479.5096033057 632868.7746556198))",2306
2307,179.30950927734375,"POLYGON ((-555544.042942272 632853.3795122092, -554608.598723395 632837.9985076886, -554623.9339257579 631904.2355064995, -555559.3922470761 631919.594118541, -555544.042942272 632853.3795122092))",2307
2308,129.908935546875,"POLYGON ((-554608.598723395 632837.9985076886, -553673.1769260762 632822.6316403763, -553688.4980276763 631888.8910111069, -554623.9339257579 631904.2355064995, -554608.598723395 632837.9985076886))",2308
2309,114.04840850830078,"POLYGON ((-553673.1769260762 632822.6316403763, -552737.777529723 632807.2789085918, -552753.0845322346 631873.5606306847, -553688.4980276763 631888.8910111069, -553673.1769260762 632822.6316403763))",2309
2310,98.52296447753906,"POLYGON ((-552737.777529723 632807.2789085918, -551802.4005137428 632791.9403106568, -551817.6934188395 631858.2443635573, -552753.0845322346 631873.5606306847, -552737.777529723 632807.2789085918))",2310
2311,96.63375091552734,"POLYGON ((-551802.4005137428 632791.9403106568, -550867.0458575457 632776.615844894, -550882.3246668994 631842.94220805, -551817.6934188395 631858.2443635573, -551802.4005137428 632791.9403106568))",2311
2312,106.43216705322266,"POLYGON ((-550867.0458575457 632776.615844894, -549931.713540545 632761.3055096283, -549946.9782558263 631827.65416249, -550882.3246668994 631842.94220805, -550867.0458575457 632776.615844894))",2312
2313,124.3254623413086,"POLYGON ((-549931.713540545 632761.3055096283, -548996.4035421559 632746.0093031861, -549011.654165033 631812.3802252059, -549946.9782558263 631827.65416249, -549931.713540545 632761.3055096283))",2313
2314,127.31156921386719,"POLYGON ((-548996.4035421559 632746.0093031861, -548061.1158417951 632730.727223895, -548076.352373936 631797.1203945278, -549011.654165033 631812.3802252059, -548996.4035421559 632746.0093031861))",2314
2315,124.06226348876953,"POLYGON ((-548061.1158417951 632730.727223895, -547125.850418884 632715.4592700851, -547141.0728619526 631781.874668788, -548076.352373936 631797.1203945278, -548061.1158417951 632730.727223895))",2315
2316,128.62301635742188,"POLYGON ((-547125.850418884 632715.4592700851, -546190.6072528438 632700.2054400875, -546205.8156085052 631766.6430463202, -547141.0728619526 631781.874668788, -547125.850418884 632715.4592700851))",2316
2317,128.0050048828125,"POLYGON ((-546190.6072528438 632700.2054400875, -545255.3863230995 632684.965732235, -545270.5805930152 631751.4255254593, -546205.8156085052 631766.6430463202, -546190.6072528438 632700.2054400875))",2317
2318,109.65673065185547,"POLYGON ((-545255.3863230995 632684.965732235, -544320.187609078 632669.7401448622, -544335.367794909 631736.2221045424, -545270.5805930152 631751.4255254593, -545255.3863230995 632684.965732235))",2318
2319,116.21599578857422,"POLYGON ((-544320.187609078 632669.7401448622, -543385.0110902094 632654.5286763053, -543400.177193614 631721.0327819083, -544335.367794909 631736.2221045424, -544320.187609078 632669.7401448622))",2319
2320,95.53408813476562,"POLYGON ((-543385.0110902094 632654.5286763053, -542449.8567459249 632639.3313249022, -542465.0087685599 631705.8575558969, -543400.177193614 631721.0327819083, -543385.0110902094 632654.5286763053))",2320
2321,87.30045318603516,"POLYGON ((-542449.8567459249 632639.3313249022, -541514.7245556584 632624.1480889922, -541529.86249918 631690.6964248499, -542465.0087685599 631705.8575558969, -542449.8567459249 632639.3313249022))",2321
2322,116.49275207519531,"POLYGON ((-541514.7245556584 632624.1480889922, -540579.6144988467 632608.9789669166, -540594.7383649097 631675.5493871109, -541529.86249918 631690.6964248499, -541514.7245556584 632624.1480889922))",2322
2323,208.3531951904297,"POLYGON ((-540579.6144988467 632608.9789669166, -539644.526554929 632593.8239570176, -539659.6363451843 631660.4164410249, -540594.7383649097 631675.5493871109, -540579.6144988467 632608.9789669166))",2323
2324,284.8587951660156,"POLYGON ((-539644.526554929 632593.8239570176, -538709.4607033463 632578.6830576403, -538724.5564194452 631645.2975849389, -539659.6363451843 631660.4164410249, -539644.526554929 632593.8239570176))",2324
2325,346.9685363769531,"POLYGON ((-538709.4607033463 632578.6830576403, -537774.4169235423 632563.5562671302, -537789.4985671331 631630.1928172009, -538724.5564194452 631645.2975849389, -538709.4607033463 632578.6830576403))",2325
2326,375.67999267578125,"POLYGON ((-537774.4169235423 632563.5562671302, -536839.3951949623 632548.4435838351, -536854.4627676932 631615.102136161, -537789.4985671331 631630.1928172009, -537774.4169235423 632563.5562671302))",2326
2327,373.13360595703125,"POLYGON ((-536839.3951949623 632548.4435838351, -535904.3954970551 632533.3450061043, -535919.4490005719 631600.0255401707, -536854.4627676932 631615.102136161, -536839.3951949623 632548.4435838351))",2327
2328,487.8455505371094,"POLYGON ((-535904.3954970551 632533.3450061043, -534969.4178092714 632518.2605322886, -534984.4572452175 631584.9630275836, -535919.4490005719 631600.0255401707, -535904.3954970551 632533.3450061043))",2328
2329,584.1815795898438,"POLYGON ((-534969.4178092714 632518.2605322886, -534034.4621110639 632503.1901607406, -534049.4874810824 631569.9145967542, -534984.4572452175 631584.9630275836, -534969.4178092714 632518.2605322886))",2329
2330,527.1727294921875,"POLYGON ((-534034.4621110639 632503.1901607406, -533099.5283818877 632488.1338898146, -533114.5396876198 631554.8802460394, -534049.4874810824 631569.9145967542, -534034.4621110639 632503.1901607406))",2330
2331,479.3857727050781,"POLYGON ((-533099.5283818877 632488.1338898146, -532164.6166012012 632473.0917178661, -532179.6138442854 631539.8599737968, -533114.5396876198 631554.8802460394, -533099.5283818877 632488.1338898146))",2331
2332,665.595703125,"POLYGON ((-532164.6166012012 632473.0917178661, -531229.7267484637 632458.063643253, -531244.7099305388 631524.8537783867, -532179.6138442854 631539.8599737968, -532164.6166012012 632473.0917178661))",2332
2333,987.84619140625,"POLYGON ((-531229.7267484637 632458.063643253, -530294.8588031374 632443.0496643339, -530309.8279258383 631509.8616581702, -531244.7099305388 631524.8537783867, -531229.7267484637 632458.063643253))",2333
2334,977.8840942382812,"POLYGON ((-530294.8588031374 632443.0496643339, -529360.0127446876 632428.0497794696, -529374.9678096491 631494.8836115105, -530309.8279258383 631509.8616581702, -530294.8588031374 632443.0496643339))",2334
2335,1262.228759765625,"POLYGON ((-529360.0127446876 632428.0497794696, -528425.1885525807 632413.0639870227, -528440.1295614355 631479.919636772, -529374.9678096491 631494.8836115105, -529360.0127446876 632428.0497794696))",2335
2336,1571.93505859375,"POLYGON ((-528425.1885525807 632413.0639870227, -527490.3862062863 632398.092285357, -527505.3131606653 631464.9697323213, -528440.1295614355 631479.919636772, -528425.1885525807 632413.0639870227))",2336
2337,1261.7039794921875,"POLYGON ((-527490.3862062863 632398.092285357, -526555.6056852757 632383.1346728383, -526570.5185868089 631450.0338965262, -527505.3131606653 631464.9697323213, -527490.3862062863 632398.092285357))",2337
2338,898.303466796875,"POLYGON ((-526555.6056852757 632383.1346728383, -525620.8469690232 632368.1911478335, -525635.7458193381 631435.1121277561, -526570.5185868089 631450.0338965262, -526555.6056852757 632383.1346728383))",2338
2339,740.48193359375,"POLYGON ((-525620.8469690232 632368.1911478335, -524686.1100370053 632353.2617087115, -524700.9948377282 631420.2044243825, -525635.7458193381 631435.1121277561, -525620.8469690232 632368.1911478335))",2339
2340,705.07275390625,"POLYGON ((-524686.1100370053 632353.2617087115, -523751.39486870007 632338.346353843, -523766.2656214555 631405.310784778, -524700.9948377282 631420.2044243825, -524686.1100370053 632353.2617087115))",2340
2341,1316.137939453125,"POLYGON ((-523751.39486870007 632338.346353843, -522816.7014435881 632323.4450816001, -522831.5581499991 631390.4312073169, -523766.2656214555 631405.310784778, -523751.39486870007 632338.346353843))",2341
2342,1591.1875,"POLYGON ((-522816.7014435881 632323.4450816001, -521882.02974115347 632308.5578903564, -521896.87240284146 631375.5656903754, -522831.5581499991 631390.4312073169, -522816.7014435881 632323.4450816001))",2342
2343,2482.101806640625,"POLYGON ((-521882.02974115347 632308.5578903564, -520947.3797408809 632293.6847784873, -520962.20835946547 631360.7142323314, -521896.87240284146 631375.5656903754, -521882.02974115347 632308.5578903564))",2343
2344,2953.47021484375,"POLYGON ((-520947.3797408809 632293.6847784873, -520012.75142225856 632278.8257443698, -520027.5659993584 631345.8768315637, -520962.20835946547 631360.7142323314, -520947.3797408809 632293.6847784873))",2344
2345,3886.180908203125,"POLYGON ((-520012.75142225856 632278.8257443698, -519078.1447647767 632263.9807863827, -519092.9453020076 631331.0534864536, -520027.5659993584 631345.8768315637, -520012.75142225856 632278.8257443698))",2345
2346,4378.17333984375,"POLYGON ((-519078.1447647767 632263.9807863827, -518143.5597479276 632249.1499029059, -518158.34624690516 631316.2441953836, -519092.9453020076 631331.0534864536, -519078.1447647767 632263.9807863827))",2346
2347,2546.609375,"POLYGON ((-518143.5597479276 632249.1499029059, -517208.9963512056 632234.3330923216, -517223.768813543 631301.4489567379, -518158.34624690516 631316.2441953836, -518143.5597479276 632249.1499029059))",2347
2348,661.0588989257812,"POLYGON ((-517208.9963512056 632234.3330923216, -516274.45455410914 632219.5303530133, -516289.2129814173 631286.6677689021, -517223.768813543 631301.4489567379, -517208.9963512056 632234.3330923216))",2348
2349,638.0743408203125,"POLYGON ((-516274.45455410914 632219.5303530133, -515339.93433613586 632204.7416833662, -515354.6787300254 631271.9006302638, -516289.2129814173 631286.6677689021, -516274.45455410914 632219.5303530133))",2349
2350,571.1078491210938,"POLYGON ((-515339.93433613586 632204.7416833662, -514405.4356767881 632189.9670817667, -514420.1660388673 631257.1475392121, -515354.6787300254 631271.9006302638, -515339.93433613586 632204.7416833662))",2350
2351,670.5059814453125,"POLYGON ((-514405.4356767881 632189.9670817667, -513470.95855557045 632175.2065466036, -513485.6748874459 631242.4084941378, -514420.1660388673 631257.1475392121, -514405.4356767881 632189.9670817667))",2351
2352,949.2152099609375,"POLYGON ((-513470.95855557045 632175.2065466036, -512536.5029519879 632160.4600762664, -512551.205255265 631227.6834934327, -513485.6748874459 631242.4084941378, -513470.95855557045 632175.2065466036))",2352
2353,1053.6668701171875,"POLYGON ((-512536.5029519879 632160.4600762664, -511602.0688455495 632145.7276691472, -511616.7571218319 631212.9725354911, -512551.205255265 631227.6834934327, -512536.5029519879 632160.4600762664))",2353
2354,913.403564453125,"POLYGON ((-511602.0688455495 632145.7276691472, -510667.6562157662 632131.0093236392, -510682.33046665543 631198.2756187083, -511616.7571218319 631212.9725354911, -511602.0688455495 632145.7276691472))",2354
2355,953.7835083007812,"POLYGON ((-510667.6562157662 632131.0093236392, -509733.26504215086 632116.3050381369, -509747.92526924727 631183.5927414818, -510682.33046665543 631198.2756187083, -510667.6562157662 632131.0093236392))",2355
2356,1100.273681640625,"POLYGON ((-509733.26504215086 632116.3050381369, -508798.895304219 632101.6148110373, -508813.54150912096 631168.9239022102, -509747.92526924727 631183.5927414818, -509733.26504215086 632116.3050381369))",2356
2357,1070.1656494140625,"POLYGON ((-508798.895304219 632101.6148110373, -507864.5469814879 632086.9386407381, -507879.1791657929 631154.2690992936, -508813.54150912096 631168.9239022102, -508798.895304219 632101.6148110373))",2357
2358,968.9415283203125,"POLYGON ((-507864.5469814879 632086.9386407381, -506930.22005347745 632072.2765256395, -506944.8382187813 631139.6283311344, -507879.1791657929 631154.2690992936, -507864.5469814879 632086.9386407381))",2358
2359,696.6516723632812,"POLYGON ((-506930.22005347745 632072.2765256395, -505995.91449971043 632057.6284641426, -506010.51864760683 631125.0015961364, -506944.8382187813 631139.6283311344, -506930.22005347745 632072.2765256395))",2359
2360,508.0355224609375,"POLYGON ((-505995.91449971043 632057.6284641426, -505061.630299711 632042.9944546502, -505076.22043179127 631110.3888927043, -506010.51864760683 631125.0015961364, -505995.91449971043 632057.6284641426))",2360
2361,554.8705444335938,"POLYGON ((-505061.630299711 632042.9944546502, -504127.3674330055 632028.374495567, -504141.94355086086 631095.7902192451, -505076.22043179127 631110.3888927043, -505061.630299711 632042.9944546502))",2361
2362,822.2129516601562,"POLYGON ((-504127.3674330055 632028.374495567, -503193.1258791237 632013.7685852997, -503207.6879843434 631081.2055741678, -504141.94355086086 631095.7902192451, -504127.3674330055 632028.374495567))",2362
2363,1062.4014892578125,"POLYGON ((-503193.1258791237 632013.7685852997, -502258.90561759565 631999.1767222555, -502273.453711767 631066.634955882, -503207.6879843434 631081.2055741678, -503193.1258791237 632013.7685852997))",2363
2364,1127.051513671875,"POLYGON ((-502258.90561759565 631999.1767222555, -501324.7066279561 631984.5989048441, -501339.2407126642 631052.0783627994, -502273.453711767 631066.634955882, -502258.90561759565 631999.1767222555))",2364
2365,1231.2822265625,"POLYGON ((-501324.7066279561 631984.5989048441, -500390.52888973977 631970.0351314767, -500405.0489665695 631037.5357933335, -501339.2407126642 631052.0783627994, -501324.7066279561 631984.5989048441))",2365
2366,1160.88134765625,"POLYGON ((-500390.52888973977 631970.0351314767, -499456.3723824852 631955.485400566, -499470.87845301884 631023.0072458994, -500405.0489665695 631037.5357933335, -500390.52888973977 631970.0351314767))",2366
2367,699.5092163085938,"POLYGON ((-499456.3723824852 631955.485400566, -498522.2370857331 631940.9497105263, -498536.7291515514 631008.4927189136, -499470.87845301884 631023.0072458994, -499456.3723824852 631955.485400566))",2367
2368,256.001708984375,"POLYGON ((-498522.2370857331 631940.9497105263, -497588.12297902524 631926.4280597733, -497602.60104170756 630993.992210794, -498536.7291515514 631008.4927189136, -498522.2370857331 631940.9497105263))",2368
2369,14.199338912963867,"POLYGON ((-497588.12297902524 631926.4280597733, -496654.0300419071 631911.9204467246, -496668.49410303065 630979.5057199606, -497602.60104170756 630993.992210794, -497588.12297902524 631926.4280597733))",2369
2370,,"POLYGON ((-496654.0300419071 631911.9204467246, -495719.95825392473 631897.4268697997, -495734.4083150667 630965.0332448351, -496668.49410303065 630979.5057199606, -496654.0300419071 631911.9204467246))",2370
2371,,"POLYGON ((-495719.95825392473 631897.4268697997, -494785.90759462817 631882.9473274193, -494800.3436573625 630950.57478384, -495734.4083150667 630965.0332448351, -495719.95825392473 631897.4268697997))",2371
2372,,"POLYGON ((-494785.90759462817 631882.9473274193, -493851.87804356904 631868.4818180054, -493866.3001094684 630936.1303354002, -494800.3436573625 630950.57478384, -494785.90759462817 631882.9473274193))",2372
2373,,"POLYGON ((-493851.87804356904 631868.4818180054, -492917.8695803005 631854.0303399824, -492932.27765093616 630921.6998979419, -493866.3001094684 630936.1303354002, -493851.87804356904 631868.4818180054))",2373
2374,,"POLYGON ((-492917.8695803005 631854.0303399824, -491983.8821843795 631839.5928917759, -491998.27626132104 630907.2834698932, -492932.27765093616 630921.6998979419, -492917.8695803005 631854.0303399824))",2374
2375,,"POLYGON ((-491983.8821843795 631839.5928917759, -491049.9158353631 631825.1694718131, -491064.29592017876 630892.8810496832, -491998.27626132104 630907.2834698932, -491983.8821843795 631839.5928917759))",2375
2376,,"POLYGON ((-491049.9158353631 631825.1694718131, -490115.9705128127 631810.7600785226, -490130.33660706866 630878.4926357432, -491064.29592017876 630892.8810496832, -491049.9158353631 631825.1694718131))",2376
2377,,"POLYGON ((-490115.9705128127 631810.7600785226, -489182.04619629076 631796.3647103354, -489196.39830155193 630864.1182265058, -490130.33660706866 630878.4926357432, -490115.9705128127 631810.7600785226))",2377
2378,,"POLYGON ((-565850.9196080051 632089.4710313195, -564915.21327107 632073.9570249349, -564930.6808991539 631139.9460812836, -565866.4013363272 631155.4374675152, -565850.9196080051 632089.4710313195))",2378
2379,,"POLYGON ((-564915.21327107 632073.9570249349, -563979.5295840846 632058.4571537636, -563994.9831136235 631124.4688096781, -564930.6808991539 631139.9460812836, -564915.21327107 632073.9570249349))",2379
2380,,"POLYGON ((-563979.5295840846 632058.4571537636, -563043.8685264275 632042.9714161097, -563059.3079591114 631109.0056510057, -563994.9831136235 631124.4688096781, -563979.5295840846 632058.4571537636))",2380
2381,,"POLYGON ((-563043.8685264275 632042.9714161097, -562108.2300774779 632027.4998102791, -562123.655414996 631093.5566035737, -563059.3079591114 631109.0056510057, -563043.8685264275 632042.9714161097))",2381
2382,,"POLYGON ((-562108.2300774779 632027.4998102791, -561172.6142166185 632012.0423345792, -561188.0254606588 631078.1216656928, -562123.655414996 631093.5566035737, -562108.2300774779 632027.4998102791))",2382
2383,,"POLYGON ((-561172.6142166185 632012.0423345792, -560237.020923234 631996.5989873188, -560252.4180754826 631062.7008356737, -561188.0254606588 631078.1216656928, -561172.6142166185 632012.0423345792))",2383
2384,,"POLYGON ((-560237.020923234 631996.5989873188, -559301.4501767126 631981.1697668086, -559316.8332388531 631047.2941118298, -560252.4180754826 631062.7008356737, -560237.020923234 631996.5989873188))",2384
2385,68.20857238769531,"POLYGON ((-559301.4501767126 631981.1697668086, -558365.9019564418 631965.7546713608, -558381.2709301575 631031.9014924758, -559316.8332388531 631047.2941118298, -559301.4501767126 631981.1697668086))",2385
2386,88.86530303955078,"POLYGON ((-558365.9019564418 631965.7546713608, -557430.3762418162 631950.3536992898, -557445.7311287872 631016.5229759278, -558381.2709301575 631031.9014924758, -558365.9019564418 631965.7546713608))",2386
2387,96.57598876953125,"POLYGON ((-557430.3762418162 631950.3536992898, -556494.8730122286 631934.9668489108, -556510.2138141347 631001.1585605041, -557445.7311287872 631016.5229759278, -557430.3762418162 631950.3536992898))",2387
2388,122.11759185791016,"POLYGON ((-556494.8730122286 631934.9668489108, -555559.3922470761 631919.594118541, -555574.7189655949 630985.808244524, -556510.2138141347 631001.1585605041, -556494.8730122286 631934.9668489108))",2388
2389,130.35055541992188,"POLYGON ((-555559.3922470761 631919.594118541, -554623.9339257579 631904.2355064995, -554639.2465625661 630970.4720263091, -555574.7189655949 630985.808244524, -555559.3922470761 631919.594118541))",2389
2390,122.8653564453125,"POLYGON ((-554623.9339257579 631904.2355064995, -553688.4980276763 631888.8910111069, -553703.7965844476 630955.1499041822, -554639.2465625661 630970.4720263091, -554623.9339257579 631904.2355064995))",2390
2391,87.92969512939453,"POLYGON ((-553688.4980276763 631888.8910111069, -552753.0845322346 631873.5606306847, -552768.3690106419 630939.8418764676, -553703.7965844476 630955.1499041822, -553688.4980276763 631888.8910111069))",2391
2392,78.98307800292969,"POLYGON ((-552753.0845322346 631873.5606306847, -551817.6934188395 631858.2443635573, -551832.9638205545 630924.5479414916, -552768.3690106419 630939.8418764676, -552753.0845322346 631873.5606306847))",2392
2393,75.3603744506836,"POLYGON ((-551817.6934188395 631858.2443635573, -550882.3246668994 631842.94220805, -550897.5809935916 630909.2680975822, -551832.9638205545 630924.5479414916, -551817.6934188395 631858.2443635573))",2393
2394,66.32321166992188,"POLYGON ((-550882.3246668994 631842.94220805, -549946.9782558263 631827.65416249, -549962.2205091633 630894.0023430686, -550897.5809935916 630909.2680975822, -550882.3246668994 631842.94220805))",2394
2395,81.91913604736328,"POLYGON ((-549946.9782558263 631827.65416249, -549011.654165033 631812.3802252059, -549026.8823466809 630878.7506762821, -549962.2205091633 630894.0023430686, -549946.9782558263 631827.65416249))",2395
2396,95.37557220458984,"POLYGON ((-549011.654165033 631812.3802252059, -548076.352373936 631797.1203945278, -548091.5664855595 630863.5130955552, -549026.8823466809 630878.7506762821, -549011.654165033 631812.3802252059))",2396
2397,102.99978637695312,"POLYGON ((-548076.352373936 631797.1203945278, -547141.0728619526 631781.874668788, -547156.2729052149 630848.2895992226, -548091.5664855595 630863.5130955552, -548076.352373936 631797.1203945278))",2397
2398,121.88448333740234,"POLYGON ((-547141.0728619526 631781.874668788, -546205.8156085052 631766.6430463202, -546221.0015850676 630833.08018562, -547156.2729052149 630848.2895992226, -547141.0728619526 631781.874668788))",2398
2399,138.79750061035156,"POLYGON ((-546205.8156085052 631766.6430463202, -545270.5805930152 631751.4255254593, -545285.7525045373 630817.884853085, -546221.0015850676 630833.08018562, -546205.8156085052 631766.6430463202))",2399
2400,138.32049560546875,"POLYGON ((-545270.5805930152 631751.4255254593, -544335.367794909 631736.2221045424, -544350.525643049 630802.7035999572, -545285.7525045373 630817.884853085, -545270.5805930152 631751.4255254593))",2400
2401,125.94285583496094,"POLYGON ((-544335.367794909 631736.2221045424, -543400.177193614 631721.0327819083, -543415.3209800281 630787.5364245771, -544350.525643049 630802.7035999572, -544335.367794909 631736.2221045424))",2401
2402,94.57129669189453,"POLYGON ((-543400.177193614 631721.0327819083, -542465.0087685599 631705.8575558969, -542480.1384949038 630772.3833252876, -543415.3209800281 630787.5364245771, -543400.177193614 631721.0327819083))",2402
2403,91.12046813964844,"POLYGON ((-542465.0087685599 631705.8575558969, -541529.86249918 631690.6964248499, -541544.9781671062 630757.2443004326, -542480.1384949038 630772.3833252876, -542465.0087685599 631705.8575558969))",2403
2404,160.0409393310547,"POLYGON ((-541529.86249918 631690.6964248499, -540594.7383649097 631675.5493871109, -540609.8399760688 630742.119348358, -541544.9781671062 630757.2443004326, -541529.86249918 631690.6964248499))",2404
2405,237.4669189453125,"POLYGON ((-540594.7383649097 631675.5493871109, -539659.6363451843 631660.4164410249, -539674.7239012279 630727.0084674113, -540609.8399760688 630742.119348358, -540594.7383649097 631675.5493871109))",2405
2406,247.94387817382812,"POLYGON ((-539659.6363451843 631660.4164410249, -538724.5564194452 631645.2975849389, -538739.629922021 630711.9116559414, -539674.7239012279 630727.0084674113, -539659.6363451843 631660.4164410249))",2406
2407,320.2482604980469,"POLYGON ((-538724.5564194452 631645.2975849389, -537789.4985671331 631630.1928172009, -537804.5580178878 630696.828912299, -538739.629922021 630711.9116559414, -538724.5564194452 631645.2975849389))",2407
2408,375.7110900878906,"POLYGON ((-537789.4985671331 631630.1928172009, -536854.4627676932 631615.102136161, -536869.5081682719 630681.7602348367, -537804.5580178878 630696.828912299, -537789.4985671331 631630.1928172009))",2408
2409,390.0327453613281,"POLYGON ((-536854.4627676932 631615.102136161, -535919.4490005719 631600.0255401707, -535934.4803526177 630666.7056219083, -536869.5081682719 630681.7602348367, -536854.4627676932 631615.102136161))",2409
2410,458.92474365234375,"POLYGON ((-535919.4490005719 631600.0255401707, -534984.4572452175 631584.9630275836, -534999.474550373 630651.6650718692, -535934.4803526177 630666.7056219083, -535919.4490005719 631600.0255401707))",2410
2411,576.165283203125,"POLYGON ((-534984.4572452175 631584.9630275836, -534049.4874810824 631569.9145967542, -534064.4907409872 630636.6385830768, -534999.474550373 630651.6650718692, -534984.4572452175 631584.9630275836))",2411
2412,532.4283447265625,"POLYGON ((-534049.4874810824 631569.9145967542, -533114.5396876198 631554.8802460394, -533129.528903912 630621.6261538899, -534064.4907409872 630636.6385830768, -534049.4874810824 631569.9145967542))",2412
2413,532.6621704101562,"POLYGON ((-533114.5396876198 631554.8802460394, -532179.6138442854 631539.8599737968, -532194.5890186025 630606.627782669, -533129.528903912 630621.6261538899, -533114.5396876198 631554.8802460394))",2413
2414,763.0917358398438,"POLYGON ((-532179.6138442854 631539.8599737968, -531244.7099305388 631524.8537783867, -531259.6710645156 630591.6434677764, -532194.5890186025 630606.627782669, -532179.6138442854 631539.8599737968))",2414
2415,918.476318359375,"POLYGON ((-531244.7099305388 631524.8537783867, -530309.8279258383 631509.8616581702, -530324.7750211089 630576.6732075755, -531259.6710645156 630591.6434677764, -531244.7099305388 631524.8537783867))",2415
2416,898.9805297851562,"POLYGON ((-530309.8279258383 631509.8616581702, -529374.9678096491 631494.8836115105, -529389.9008678455 630561.7170004318, -530324.7750211089 630576.6732075755, -530309.8279258383 631509.8616581702))",2416
2417,1286.8673095703125,"POLYGON ((-529374.9678096491 631494.8836115105, -528440.1295614355 631479.919636772, -528455.048584188 630546.7748447121, -529389.9008678455 630561.7170004318, -529374.9678096491 631494.8836115105))",2417
2418,1749.9119873046875,"POLYGON ((-528440.1295614355 631479.919636772, -527505.3131606653 631464.9697323213, -527520.2181496031 630531.8467387854, -528455.048584188 630546.7748447121, -528440.1295614355 631479.919636772))",2418
2419,1603.36083984375,"POLYGON ((-527505.3131606653 631464.9697323213, -526570.5185868089 631450.0338965262, -526585.4095435584 630516.9326810219, -527520.2181496031 630531.8467387854, -527505.3131606653 631464.9697323213))",2419
2420,978.591552734375,"POLYGON ((-526570.5185868089 631450.0338965262, -525635.7458193381 631435.1121277561, -525650.6227455256 630502.032669793, -526585.4095435584 630516.9326810219, -526570.5185868089 631450.0338965262))",2420
2421,1535.84375,"POLYGON ((-525635.7458193381 631435.1121277561, -524700.9948377282 631420.2044243825, -524715.8577349765 630487.1467034725, -525650.6227455256 630502.032669793, -525635.7458193381 631435.1121277561))",2421
2422,1701.6744384765625,"POLYGON ((-524700.9948377282 631420.2044243825, -523766.2656214555 631405.310784778, -523781.11449138797 630472.2747804357, -524715.8577349765 630487.1467034725, -524700.9948377282 631420.2044243825))",2422
2423,1305.653564453125,"POLYGON ((-523766.2656214555 631405.310784778, -522831.5581499991 631390.4312073169, -522846.39299423643 630457.416899059, -523781.11449138797 630472.2747804357, -523766.2656214555 631405.310784778))",2423
2424,1353.5609130859375,"POLYGON ((-522831.5581499991 631390.4312073169, -521896.87240284146 631375.5656903754, -521911.6932230019 630442.5730577209, -522846.39299423643 630457.416899059, -522831.5581499991 631390.4312073169))",2424
2425,2277.113037109375,"POLYGON ((-521896.87240284146 631375.5656903754, -520962.20835946547 631360.7142323314, -520977.01515716733 630427.7432548015, -521911.6932230019 630442.5730577209, -521896.87240284146 631375.5656903754))",2425
2426,3558.80126953125,"POLYGON ((-520962.20835946547 631360.7142323314, -520027.5659993584 631345.8768315637, -520042.35877621686 630412.9274886822, -520977.01515716733 630427.7432548015, -520962.20835946547 631360.7142323314))",2426
2427,4315.22998046875,"POLYGON ((-520027.5659993584 631345.8768315637, -519092.9453020076 631331.0534864536, -519107.72405963694 630398.1257577463, -520042.35877621686 630412.9274886822, -520027.5659993584 631345.8768315637))",2427
2428,3599.708984375,"POLYGON ((-519092.9453020076 631331.0534864536, -518158.34624690516 631316.2441953836, -518173.1109869181 630383.3380603787, -519107.72405963694 630398.1257577463, -519092.9453020076 631331.0534864536))",2428
2429,3319.067138671875,"POLYGON ((-518158.34624690516 631316.2441953836, -517223.768813543 631301.4489567379, -517238.5195375504 630368.564394966, -518173.1109869181 630383.3380603787, -518158.34624690516 631316.2441953836))",2429
2430,785.9705200195312,"POLYGON ((-517223.768813543 631301.4489567379, -516289.2129814173 631286.6677689021, -516303.94969102857 630353.804759896, -517238.5195375504 630368.564394966, -517223.768813543 631301.4489567379))",2430
2431,756.9520874023438,"POLYGON ((-516289.2129814173 631286.6677689021, -515354.6787300254 631271.9006302638, -515369.401426848 630339.0591535587, -516303.94969102857 630353.804759896, -516289.2129814173 631286.6677689021))",2431
2432,773.8667602539062,"POLYGON ((-515354.6787300254 631271.9006302638, -514420.1660388673 631257.1475392121, -514434.8747245077 630324.3275743453, -515369.401426848 630339.0591535587, -515354.6787300254 631271.9006302638))",2432
2433,997.34912109375,"POLYGON ((-514420.1660388673 631257.1475392121, -513485.6748874459 631242.4084941378, -513500.3695635082 630309.6100206488, -514434.8747245077 630324.3275743453, -514420.1660388673 631257.1475392121))",2433
2434,1079.0721435546875,"POLYGON ((-513485.6748874459 631242.4084941378, -512551.205255265 631227.6834934327, -512565.8859233522 630294.9064908638, -513500.3695635082 630309.6100206488, -513485.6748874459 631242.4084941378))",2434
2435,1154.50634765625,"POLYGON ((-512551.205255265 631227.6834934327, -511616.7571218319 631212.9725354911, -511631.4237835454 630280.2169833862, -512565.8859233522 630294.9064908638, -512551.205255265 631227.6834934327))",2435
2436,1152.783447265625,"POLYGON ((-511616.7571218319 631212.9725354911, -510682.33046665543 631198.2756187083, -510696.9831235948 630265.5414966143, -511631.4237835454 630280.2169833862, -511616.7571218319 631212.9725354911))",2436
2437,1101.9127197265625,"POLYGON ((-510682.33046665543 631198.2756187083, -509747.92526924727 631183.5927414818, -509762.56392301025 630250.8800289473, -510696.9831235948 630265.5414966143, -510682.33046665543 631198.2756187083))",2437
2438,1199.6888427734375,"POLYGON ((-509747.92526924727 631183.5927414818, -508813.54150912096 631168.9239022102, -508828.1661613042 630236.2325787861, -509762.56392301025 630250.8800289473, -509747.92526924727 631183.5927414818))",2438
2439,1075.4593505859375,"POLYGON ((-508813.54150912096 631168.9239022102, -507879.1791657929 631154.2690992936, -507893.7898179911 630221.5991445336, -508828.1661613042 630236.2325787861, -508813.54150912096 631168.9239022102))",2439
2440,824.8873291015625,"POLYGON ((-507879.1791657929 631154.2690992936, -506944.8382187813 631139.6283311344, -506959.4348725879 630206.979724594, -507893.7898179911 630221.5991445336, -507879.1791657929 631154.2690992936))",2440
2441,707.1419677734375,"POLYGON ((-506944.8382187813 631139.6283311344, -506010.51864760683 631125.0015961364, -506025.10130461224 630192.3743173733, -506959.4348725879 630206.979724594, -506944.8382187813 631139.6283311344))",2441
2442,486.0447082519531,"POLYGON ((-506010.51864760683 631125.0015961364, -505076.22043179127 631110.3888927043, -505090.78909358685 630177.7829212788, -506025.10130461224 630192.3743173733, -506010.51864760683 631125.0015961364))",2442
2443,537.058349609375,"POLYGON ((-505076.22043179127 631110.3888927043, -504141.94355086086 631095.7902192451, -504156.49821903417 630163.20553472, -505090.78909358685 630177.7829212788, -505076.22043179127 631110.3888927043))",2443
2444,759.576171875,"POLYGON ((-504141.94355086086 631095.7902192451, -503207.6879843434 631081.2055741678, -503222.22866048105 630148.6421561074, -504156.49821903417 630163.20553472, -504141.94355086086 631095.7902192451))",2444
2445,1002.9697265625,"POLYGON ((-503207.6879843434 631081.2055741678, -502273.453711767 631066.634955882, -502287.9803974546 630134.0927838532, -503222.22866048105 630148.6421561074, -503207.6879843434 631081.2055741678))",2445
2446,1105.988037109375,"POLYGON ((-502273.453711767 631066.634955882, -501339.2407126642 631052.0783627994, -501353.75340948487 630119.5574163717, -502287.9803974546 630134.0927838532, -502273.453711767 631066.634955882))",2446
2447,1116.3475341796875,"POLYGON ((-501339.2407126642 631052.0783627994, -500405.0489665695 631037.5357933335, -500419.5476761048 630105.0360520782, -501353.75340948487 630119.5574163717, -501339.2407126642 631052.0783627994))",2447
2448,919.8848266601562,"POLYGON ((-500405.0489665695 631037.5357933335, -499470.87845301884 631023.0072458994, -499485.3631768499 630090.5286893902, -500419.5476761048 630105.0360520782, -500405.0489665695 631037.5357933335))",2448
2449,414.16217041015625,"POLYGON ((-499470.87845301884 631023.0072458994, -498536.7291515514 631008.4927189136, -498551.1998912557 630076.0353267264, -499485.3631768499 630090.5286893902, -499470.87845301884 631023.0072458994))",2449
2450,,"POLYGON ((-498536.7291515514 631008.4927189136, -497602.60104170756 630993.992210794, -497617.0577988629 630061.555962507, -498551.1998912557 630076.0353267264, -498536.7291515514 631008.4927189136))",2450
2451,,"POLYGON ((-497602.60104170756 630993.992210794, -496668.49410303065 630979.5057199606, -496682.93687921297 630047.0905951544, -497617.0577988629 630061.555962507, -497602.60104170756 630993.992210794))",2451
2452,,"POLYGON ((-496668.49410303065 630979.5057199606, -495734.4083150667 630965.0332448351, -495748.83711184864 630032.6392230922, -496682.93687921297 630047.0905951544, -496668.49410303065 630979.5057199606))",2452
2453,,"POLYGON ((-495734.4083150667 630965.0332448351, -494800.3436573625 630950.57478384, -494814.7584763166 630018.2018447455, -495748.83711184864 630032.6392230922, -495734.4083150667 630965.0332448351))",2453
2454,,"POLYGON ((-494800.3436573625 630950.57478384, -493866.3001094684 630936.1303354002, -493880.7009521655 630003.7784585415, -494814.7584763166 630018.2018447455, -494800.3436573625 630950.57478384))",2454
2455,,"POLYGON ((-493866.3001094684 630936.1303354002, -492932.27765093616 630921.6998979419, -492946.6645189454 629989.3690629083, -493880.7009521655 630003.7784585415, -493866.3001094684 630936.1303354002))",2455
2456,,"POLYGON ((-492932.27765093616 630921.6998979419, -491998.27626132104 630907.2834698932, -492012.64915620966 629974.9736562761, -492946.6645189454 629989.3690629083, -492932.27765093616 630921.6998979419))",2456
2457,,"POLYGON ((-491998.27626132104 630907.2834698932, -491064.29592017876 630892.8810496832, -491078.65484351246 629960.5922370768, -492012.64915620966 629974.9736562761, -491998.27626132104 630907.2834698932))",2457
2458,,"POLYGON ((-491064.29592017876 630892.8810496832, -490130.33660706866 630878.4926357432, -490144.68156041135 629946.2248037435, -491078.65484351246 629960.5922370768, -491064.29592017876 630892.8810496832))",2458
2459,,"POLYGON ((-490130.33660706866 630878.4926357432, -489196.39830155193 630864.1182265058, -489210.7292864665 629931.8713547114, -490144.68156041135 629946.2248037435, -490130.33660706866 630878.4926357432))",2459
2460,,"POLYGON ((-565866.4013363272 631155.4374675152, -564930.6808991539 631139.9460812836, -564946.1257331639 630205.934644453, -565881.8602498185 630221.4034091712, -565866.4013363272 631155.4374675152))",2460
2461,,"POLYGON ((-564930.6808991539 631139.9460812836, -563994.9831136235 631124.4688096781, -564010.4138698413 630190.4799737725, -564946.1257331639 630205.934644453, -564930.6808991539 631139.9460812836))",2461
2462,,"POLYGON ((-563994.9831136235 631124.4688096781, -563059.3079591114 631109.0056510057, -563074.7246392258 630175.0393954387, -564010.4138698413 630190.4799737725, -563994.9831136235 631124.4688096781))",2462
2463,,"POLYGON ((-563059.3079591114 631109.0056510057, -562123.655414996 631093.5566035737, -562139.0580206944 630159.6129077623, -563074.7246392258 630175.0393954387, -563059.3079591114 631109.0056510057))",2463
2464,,"POLYGON ((-562123.655414996 631093.5566035737, -561188.0254606588 631078.1216656928, -561203.4139936261 630144.2005090549, -562139.0580206944 630159.6129077623, -562123.655414996 631093.5566035737))",2464
2465,,"POLYGON ((-561188.0254606588 631078.1216656928, -560252.4180754826 631062.7008356737, -560267.7925374019 630128.802197631, -561203.4139936261 630144.2005090549, -561188.0254606588 631078.1216656928))",2465
2466,,"POLYGON ((-560252.4180754826 631062.7008356737, -559316.8332388531 631047.2941118298, -559332.193631406 630113.4179718057, -560267.7925374019 630128.802197631, -560252.4180754826 631062.7008356737))",2466
2467,99.42271423339844,"POLYGON ((-559316.8332388531 631047.2941118298, -558381.2709301575 631031.9014924758, -558396.6172550248 630098.0478298961, -559332.193631406 630113.4179718057, -559316.8332388531 631047.2941118298))",2467
2468,80.689453125,"POLYGON ((-558381.2709301575 631031.9014924758, -557445.7311287872 631016.5229759278, -557461.0633876475 630082.691770221, -558396.6172550248 630098.0478298961, -558381.2709301575 631031.9014924758))",2468
2469,68.18022155761719,"POLYGON ((-557445.7311287872 631016.5229759278, -556510.2138141347 631001.1585605041, -556525.5320086647 630067.3497911008, -557461.0633876475 630082.691770221, -557445.7311287872 631016.5229759278))",2469
2470,82.9426498413086,"POLYGON ((-556510.2138141347 631001.1585605041, -555574.7189655949 630985.808244524, -555590.0230974702 630052.0218908576, -556525.5320086647 630067.3497911008, -556510.2138141347 631001.1585605041))",2470
2471,96.35810852050781,"POLYGON ((-555574.7189655949 630985.808244524, -554639.2465625661 630970.4720263091, -554654.5366334599 630036.7080678148, -555590.0230974702 630052.0218908576, -555574.7189655949 630985.808244524))",2471
2472,125.24903869628906,"POLYGON ((-554639.2465625661 630970.4720263091, -553703.7965844476 630955.1499041822, -553719.0725960326 630021.408320298, -554654.5366334599 630036.7080678148, -554639.2465625661 630970.4720263091))",2472
2473,137.35455322265625,"POLYGON ((-553703.7965844476 630955.1499041822, -552768.3690106419 630939.8418764676, -552783.6309645877 630006.1226466338, -553719.0725960326 630021.408320298, -553703.7965844476 630955.1499041822))",2473
2474,82.36260223388672,"POLYGON ((-552768.3690106419 630939.8418764676, -551832.9638205545 630924.5479414916, -551848.2117185304 629990.8510451509, -552783.6309645877 630006.1226466338, -552768.3690106419 630939.8418764676))",2474
2475,70.79608154296875,"POLYGON ((-551832.9638205545 630924.5479414916, -550897.5809935916 630909.2680975822, -550912.8148372641 629975.5935141796, -551848.2117185304 629990.8510451509, -551832.9638205545 630924.5479414916))",2475
2476,64.62541961669922,"POLYGON ((-550897.5809935916 630909.2680975822, -549962.2205091633 630894.0023430686, -549977.4403001983 629960.3500520515, -550912.8148372641 629975.5935141796, -550897.5809935916 630909.2680975822))",2476
2477,62.7513427734375,"POLYGON ((-549962.2205091633 630894.0023430686, -549026.8823466809 630878.7506762821, -549042.0880867427 629945.1206571005, -549977.4403001983 629960.3500520515, -549962.2205091633 630894.0023430686))",2477
2478,75.24899291992188,"POLYGON ((-549026.8823466809 630878.7506762821, -548091.5664855595 630863.5130955552, -548106.7581763096 629929.9053276612, -549042.0880867427 629945.1206571005, -549026.8823466809 630878.7506762821))",2478
2479,97.85990142822266,"POLYGON ((-548091.5664855595 630863.5130955552, -547156.2729052149 630848.2895992226, -547171.4505483145 629914.7040620705, -548106.7581763096 629929.9053276612, -548091.5664855595 630863.5130955552))",2479
2480,116.80604553222656,"POLYGON ((-547156.2729052149 630848.2895992226, -546221.0015850676 630833.08018562, -546236.1651821752 629899.5168586669, -547171.4505483145 629914.7040620705, -547156.2729052149 630848.2895992226))",2480
2481,152.239501953125,"POLYGON ((-546221.0015850676 630833.08018562, -545285.7525045373 630817.884853085, -545300.9020573108 629884.3437157902, -546236.1651821752 629899.5168586669, -546221.0015850676 630833.08018562))",2481
2482,111.85148620605469,"POLYGON ((-545285.7525045373 630817.884853085, -544350.525643049 630802.7035999572, -544365.6611531436 629869.1846317822, -545300.9020573108 629884.3437157902, -545285.7525045373 630817.884853085))",2482
2483,108.17798614501953,"POLYGON ((-544350.525643049 630802.7035999572, -543415.3209800281 630787.5364245771, -543430.4424490982 629854.0396049861, -544365.6611531436 629869.1846317822, -544350.525643049 630802.7035999572))",2483
2484,86.91313934326172,"POLYGON ((-543415.3209800281 630787.5364245771, -542480.1384949038 630772.3833252876, -542495.2459246017 629838.9086337469, -543430.4424490982 629854.0396049861, -543415.3209800281 630787.5364245771))",2484
2485,93.79750061035156,"POLYGON ((-542480.1384949038 630772.3833252876, -541544.9781671062 630757.2443004326, -541560.0715590827 629823.7917164108, -542495.2459246017 629838.9086337469, -542480.1384949038 630772.3833252876))",2485
2486,117.75704956054688,"POLYGON ((-541544.9781671062 630757.2443004326, -540609.8399760688 630742.119348358, -540624.9193319734 629808.6888513261, -541560.0715590827 629823.7917164108, -541544.9781671062 630757.2443004326))",2486
2487,173.26202392578125,"POLYGON ((-540609.8399760688 630742.119348358, -539674.7239012279 630727.0084674113, -539689.7892227079 629793.6000368431, -540624.9193319734 629808.6888513261, -540609.8399760688 630742.119348358))",2487
2488,230.3739776611328,"POLYGON ((-539674.7239012279 630727.0084674113, -538739.629922021 630711.9116559414, -538754.681210722 629778.5252713123, -539689.7892227079 629793.6000368431, -539674.7239012279 630727.0084674113))",2488
2489,298.98468017578125,"POLYGON ((-538739.629922021 630711.9116559414, -537804.5580178878 630696.828912299, -537819.5952754547 629763.4645530875, -538754.681210722 629778.5252713123, -538739.629922021 630711.9116559414))",2489
2490,334.38812255859375,"POLYGON ((-537804.5580178878 630696.828912299, -536869.5081682719 630681.7602348367, -536884.531396347 629748.417880523, -537819.5952754547 629763.4645530875, -537804.5580178878 630696.828912299))",2490
2491,346.26458740234375,"POLYGON ((-536869.5081682719 630681.7602348367, -535934.4803526177 630666.7056219083, -535949.4895528423 629733.3852519753, -536884.531396347 629748.417880523, -536869.5081682719 630681.7602348367))",2491
2492,447.9116516113281,"POLYGON ((-535934.4803526177 630666.7056219083, -534999.474550373 630651.6650718692, -535014.4697243866 629718.366665802, -535949.4895528423 629733.3852519753, -535934.4803526177 630666.7056219083))",2492
2493,545.7609252929688,"POLYGON ((-534999.474550373 630651.6650718692, -534064.4907409872 630636.6385830768, -534079.4718904273 629703.362120363, -535014.4697243866 629718.366665802, -534999.474550373 630651.6650718692))",2493
2494,424.6678466796875,"POLYGON ((-534064.4907409872 630636.6385830768, -533129.528903912 630621.6261538899, -533144.4960304154 629688.3716140193, -534079.4718904273 629703.362120363, -534064.4907409872 630636.6385830768))",2494
2495,486.9440612792969,"POLYGON ((-533129.528903912 630621.6261538899, -532194.5890186025 630606.627782669, -532209.5421238033 629673.395145134, -533144.4960304154 629688.3716140193, -533129.528903912 630621.6261538899))",2495
2496,476.6629638671875,"POLYGON ((-532194.5890186025 630606.627782669, -531259.6710645156 630591.6434677764, -531274.6101500463 629658.4327120711, -532209.5421238033 629673.395145134, -532194.5890186025 630606.627782669))",2496
2497,735.320068359375,"POLYGON ((-531259.6710645156 630591.6434677764, -530324.7750211089 630576.6732075755, -530339.7000886018 629643.4843131969, -531274.6101500463 629658.4327120711, -531259.6710645156 630591.6434677764))",2497
2498,933.98193359375,"POLYGON ((-530324.7750211089 630576.6732075755, -529389.9008678455 630561.7170004318, -529404.8119189296 629628.5499468789, -530339.7000886018 629643.4843131969, -530324.7750211089 630576.6732075755))",2498
2499,1316.678466796875,"POLYGON ((-529389.9008678455 630561.7170004318, -528455.048584188 630546.7748447121, -528469.9456204913 629613.6296114866, -529404.8119189296 629628.5499468789, -529389.9008678455 630561.7170004318))",2499
2500,2383.525390625,"POLYGON ((-528455.048584188 630546.7748447121, -527520.2181496031 630531.8467387854, -527535.1011727521 629598.723305391, -528469.9456204913 629613.6296114866, -528455.048584188 630546.7748447121))",2500
2501,3178.0390625,"POLYGON ((-527520.2181496031 630531.8467387854, -526585.4095435584 630516.9326810219, -526600.2785551784 629583.8310269646, -527535.1011727521 629598.723305391, -527520.2181496031 630531.8467387854))",2501
2502,2697.411865234375,"POLYGON ((-526585.4095435584 630516.9326810219, -525650.6227455256 630502.032669793, -525665.477747239 629568.9527745816, -526600.2785551784 629583.8310269646, -526585.4095435584 630516.9326810219))",2502
2503,2363.384765625,"POLYGON ((-525650.6227455256 630502.032669793, -524715.8577349765 630487.1467034725, -524730.6987284059 629554.0885466175, -525665.477747239 629568.9527745816, -525650.6227455256 630502.032669793))",2503
2504,1605.7537841796875,"POLYGON ((-524715.8577349765 630487.1467034725, -523781.11449138797 630472.2747804357, -523795.9414781525 629539.2383414501, -524730.6987284059 629554.0885466175, -524715.8577349765 630487.1467034725))",2504
2505,1102.4488525390625,"POLYGON ((-523781.11449138797 630472.2747804357, -522846.39299423643 630457.416899059, -522861.205975955 629524.4021574584, -523795.9414781525 629539.2383414501, -523781.11449138797 630472.2747804357))",2505
2506,1397.7431640625,"POLYGON ((-522846.39299423643 630457.416899059, -521911.6932230019 630442.5730577209, -521926.4922012909 629509.5799930228, -522861.205975955 629524.4021574584, -522846.39299423643 630457.416899059))",2506
2507,2304.7587890625,"POLYGON ((-521911.6932230019 630442.5730577209, -520977.01515716733 630427.7432548015, -520991.8001336418 629494.7718465261, -521926.4922012909 629509.5799930228, -521911.6932230019 630442.5730577209))",2507
2508,3820.16162109375,"POLYGON ((-520977.01515716733 630427.7432548015, -520042.35877621686 630412.9274886822, -520057.12975249055 629479.9777163516, -520991.8001336418 629494.7718465261, -520977.01515716733 630427.7432548015))",2508
2509,3006.256591796875,"POLYGON ((-520042.35877621686 630412.9274886822, -519107.72405963694 630398.1257577463, -519122.48103732197 629465.1976008854, -520057.12975249055 629479.9777163516, -520042.35877621686 630412.9274886822))",2509
2510,1737.8876953125,"POLYGON ((-519107.72405963694 630398.1257577463, -518173.1109869181 630383.3380603787, -518187.85396762367 629450.431498514, -519122.48103732197 629465.1976008854, -519107.72405963694 630398.1257577463))",2510
2511,1489.381591796875,"POLYGON ((-518173.1109869181 630383.3380603787, -517238.5195375504 630368.564394966, -517253.2485228861 629435.6794076269, -518187.85396762367 629450.431498514, -518173.1109869181 630383.3380603787))",2511
2512,1022.9456787109375,"POLYGON ((-517238.5195375504 630368.564394966, -516303.94969102857 630353.804759896, -516318.664682601 629420.941326614, -517253.2485228861 629435.6794076269, -517238.5195375504 630368.564394966))",2512
2513,924.166259765625,"POLYGON ((-516303.94969102857 630353.804759896, -515369.401426848 630339.0591535587, -515384.1024262627 629406.2172538675, -516318.664682601 629420.941326614, -516303.94969102857 630353.804759896))",2513
2514,921.7232055664062,"POLYGON ((-515369.401426848 630339.0591535587, -514434.8747245077 630324.3275743453, -514449.56173336843 629391.5071877812, -515384.1024262627 629406.2172538675, -515369.401426848 630339.0591535587))",2514
2515,923.0322265625,"POLYGON ((-514434.8747245077 630324.3275743453, -513500.3695635082 630309.6100206488, -513515.0425834169 629376.8111267498, -514449.56173336843 629391.5071877812, -514434.8747245077 630324.3275743453))",2515
2516,903.923095703125,"POLYGON ((-513500.3695635082 630309.6100206488, -512565.8859233522 630294.9064908638, -512580.5449559096 629362.1290691707, -513515.0425834169 629376.8111267498, -513500.3695635082 630309.6100206488))",2516
2517,1077.558837890625,"POLYGON ((-512565.8859233522 630294.9064908638, -511631.4237835454 630280.2169833862, -511646.06883035006 629347.461013442, -512580.5449559096 629362.1290691707, -512565.8859233522 630294.9064908638))",2517
2518,1220.047607421875,"POLYGON ((-511631.4237835454 630280.2169833862, -510696.9831235948 630265.5414966143, -510711.61418624443 629332.8069579643, -511646.06883035006 629347.461013442, -511631.4237835454 630280.2169833862))",2518
2519,1216.8468017578125,"POLYGON ((-510696.9831235948 630265.5414966143, -509762.56392301025 630250.8800289473, -509777.18100310105 629318.1669011388, -510711.61418624443 629332.8069579643, -510696.9831235948 630265.5414966143))",2519
2520,1202.833984375,"POLYGON ((-509762.56392301025 630250.8800289473, -508828.1661613042 630236.2325787861, -508842.76926043 629303.5408413691, -509777.18100310105 629318.1669011388, -509762.56392301025 630250.8800289473))",2520
2521,1181.7432861328125,"POLYGON ((-508828.1661613042 630236.2325787861, -507893.7898179911 630221.5991445336, -507908.37893774395 629288.9287770599, -508842.76926043 629303.5408413691, -508828.1661613042 630236.2325787861))",2521
2522,1084.4080810546875,"POLYGON ((-507893.7898179911 630221.5991445336, -506959.4348725879 630206.979724594, -506974.01001455856 629274.3307066181, -507908.37893774395 629288.9287770599, -507893.7898179911 630221.5991445336))",2522
2523,740.983154296875,"POLYGON ((-506959.4348725879 630206.979724594, -506025.10130461224 630192.3743173733, -506039.66247039055 629259.7466284516, -506974.01001455856 629274.3307066181, -506959.4348725879 630206.979724594))",2523
2524,494.841552734375,"POLYGON ((-506025.10130461224 630192.3743173733, -505090.78909358685 630177.7829212788, -505105.3362847599 629245.1765409705, -506039.66247039055 629259.7466284516, -506025.10130461224 630192.3743173733))",2524
2525,441.4163818359375,"POLYGON ((-505090.78909358685 630177.7829212788, -504156.49821903417 630163.20553472, -504171.0314371884 629230.6204425858, -505105.3362847599 629245.1765409705, -505090.78909358685 630177.7829212788))",2525
2526,823.8133544921875,"POLYGON ((-504156.49821903417 630163.20553472, -503222.22866048105 630148.6421561074, -503236.7479072008 629216.0783317107, -504171.0314371884 629230.6204425858, -504156.49821903417 630163.20553472))",2526
2527,1091.29638671875,"POLYGON ((-503222.22866048105 630148.6421561074, -502287.9803974546 630134.0927838532, -502302.48567432223 629201.55020676, -503236.7479072008 629216.0783317107, -503222.22866048105 630148.6421561074))",2527
2528,904.2127075195312,"POLYGON ((-502287.9803974546 630134.0927838532, -501353.75340948487 630119.5574163717, -501368.244718082 629187.0360661496, -502302.48567432223 629201.55020676, -502287.9803974546 630134.0927838532))",2528
2529,500.7920837402344,"POLYGON ((-501353.75340948487 630119.5574163717, -500419.5476761048 630105.0360520782, -500434.02501801134 629172.5359082975, -501368.244718082 629187.0360661496, -501353.75340948487 630119.5574163717))",2529
2530,413.6227722167969,"POLYGON ((-500419.5476761048 630105.0360520782, -499485.3631768499 630090.5286893902, -499499.8265536431 629158.0497316231, -500434.02501801134 629172.5359082975, -500419.5476761048 630105.0360520782))",2530
2531,10.364580154418945,"POLYGON ((-499485.3631768499 630090.5286893902, -498551.1998912557 630076.0353267264, -498565.6493045128 629143.5775345478, -499499.8265536431 629158.0497316231, -499485.3631768499 630090.5286893902))",2531
2532,,"POLYGON ((-498551.1998912557 630076.0353267264, -497617.0577988629 630061.555962507, -497631.4932501584 629129.1193154939, -498565.6493045128 629143.5775345478, -498551.1998912557 630076.0353267264))",2532
2533,,"POLYGON ((-497617.0577988629 630061.555962507, -496682.93687921297 630047.0905951544, -496697.3583701191 629114.6750728859, -497631.4932501584 629129.1193154939, -497617.0577988629 630061.555962507))",2533
2534,,"POLYGON ((-496682.93687921297 630047.0905951544, -495748.83711184864 630032.6392230922, -495763.24464393803 629100.2448051494, -496697.3583701191 629114.6750728859, -496682.93687921297 630047.0905951544))",2534
2535,,"POLYGON ((-495748.83711184864 630032.6392230922, -494814.7584763166 630018.2018447455, -494829.15205115883 629085.8285107124, -495763.24464393803 629100.2448051494, -495748.83711184864 630032.6392230922))",2535
2536,,"POLYGON ((-494814.7584763166 630018.2018447455, -493880.7009521655 630003.7784585415, -493895.08057132864 629071.4261880037, -494829.15205115883 629085.8285107124, -494814.7584763166 630018.2018447455))",2536
2537,,"POLYGON ((-493880.7009521655 630003.7784585415, -492946.6645189454 629989.3690629083, -492961.03018399654 629057.0378354539, -493895.08057132864 629071.4261880037, -493880.7009521655 630003.7784585415))",2537
2538,,"POLYGON ((-492946.6645189454 629989.3690629083, -492012.64915620966 629974.9736562761, -492027.0008687137 629042.6634514957, -492961.03018399654 629057.0378354539, -492946.6645189454 629989.3690629083))",2538
2539,,"POLYGON ((-492012.64915620966 629974.9736562761, -491078.65484351246 629960.5922370768, -491092.992605033 629028.303034563, -492027.0008687137 629042.6634514957, -492012.64915620966 629974.9736562761))",2539
2540,,"POLYGON ((-491078.65484351246 629960.5922370768, -490144.68156041135 629946.2248037435, -490159.0053725105 629013.9565830908, -491092.992605033 629028.303034563, -491078.65484351246 629960.5922370768))",2540
2541,,"POLYGON ((-490144.68156041135 629946.2248037435, -489210.7292864665 629931.8713547114, -489225.03915070405 628999.624095517, -490159.0053725105 629013.9565830908, -490144.68156041135 629946.2248037435))",2541
2542,,"POLYGON ((-565881.8602498185 630221.4034091712, -564946.1257331639 630205.934644453, -564961.5477727356 629271.9227151627, -565897.2963481154 629287.3688570091, -565881.8602498185 630221.4034091712))",2542
2543,,"POLYGON ((-564946.1257331639 630205.934644453, -564010.4138698413 630190.4799737725, -564025.821852376 629256.4906467642, -564961.5477727356 629271.9227151627, -564946.1257331639 630205.934644453))",2543
2544,,"POLYGON ((-564010.4138698413 630190.4799737725, -563074.7246392258 630175.0393954387, -563090.1185664095 629241.0726501249, -564025.821852376 629256.4906467642, -564010.4138698413 630190.4799737725))",2544
2545,,"POLYGON ((-563074.7246392258 630175.0393954387, -562139.0580206944 630159.6129077623, -562154.4378942112 629225.6687235578, -563090.1185664095 629241.0726501249, -563074.7246392258 630175.0393954387))",2545
2546,,"POLYGON ((-562139.0580206944 630159.6129077623, -561203.4139936261 630144.2005090549, -561218.7798151579 629210.2788653777, -562154.4378942112 629225.6687235578, -562139.0580206944 630159.6129077623))",2546
2547,,"POLYGON ((-561203.4139936261 630144.2005090549, -560267.7925374019 630128.802197631, -560283.1443086306 629194.9030739003, -561218.7798151579 629210.2788653777, -561203.4139936261 630144.2005090549))",2547
2548,,"POLYGON ((-560267.7925374019 630128.802197631, -559332.193631406 630113.4179718057, -559347.5313540115 629179.541347444, -560283.1443086306 629194.9030739003, -560267.7925374019 630128.802197631))",2548
2549,80.85977935791016,"POLYGON ((-559332.193631406 630113.4179718057, -558396.6172550248 630098.0478298961, -558411.9409306841 629164.1936843279, -559347.5313540115 629179.541347444, -559332.193631406 630113.4179718057))",2549
2550,67.74565887451172,"POLYGON ((-558396.6172550248 630098.0478298961, -557461.0633876475 630082.691770221, -557476.3730180366 629148.8600828734, -558411.9409306841 629164.1936843279, -558396.6172550248 630098.0478298961))",2550
2551,60.88832473754883,"POLYGON ((-557461.0633876475 630082.691770221, -556525.5320086647 630067.3497911008, -556540.8275954591 629133.5405414032, -557476.3730180366 629148.8600828734, -557461.0633876475 630082.691770221))",2551
2552,65.39562225341797,"POLYGON ((-556525.5320086647 630067.3497911008, -555590.0230974702 630052.0218908576, -555605.3046423418 629118.2350582416, -556540.8275954591 629133.5405414032, -556525.5320086647 630067.3497911008))",2552
2553,93.93037414550781,"POLYGON ((-555590.0230974702 630052.0218908576, -554654.5366334599 630036.7080678148, -554669.8041380804 629102.9436317147, -555605.3046423418 629118.2350582416, -555590.0230974702 630052.0218908576))",2553
2554,114.2444076538086,"POLYGON ((-554654.5366334599 630036.7080678148, -553719.0725960326 630021.408320298, -553734.3260620716 629087.6662601503, -554669.8041380804 629102.9436317147, -554654.5366334599 630036.7080678148))",2554
2555,202.00711059570312,"POLYGON ((-553719.0725960326 630021.408320298, -552783.6309645877 630006.1226466338, -552798.8703937132 629072.4029418775, -553734.3260620716 629087.6662601503, -553719.0725960326 630021.408320298))",2555
2556,171.57786560058594,"POLYGON ((-552783.6309645877 630006.1226466338, -551848.2117185304 629990.8510451509, -551863.4371124087 629057.1536752274, -552798.8703937132 629072.4029418775, -552783.6309645877 630006.1226466338))",2556
2557,116.39293670654297,"POLYGON ((-551848.2117185304 629990.8510451509, -550912.8148372641 629975.5935141796, -550928.0261975604 629041.9184585327, -551863.4371124087 629057.1536752274, -551848.2117185304 629990.8510451509))",2557
2558,72.5654296875,"POLYGON ((-550912.8148372641 629975.5935141796, -549977.4403001983 629960.3500520515, -549992.6376285756 629026.6972901272, -550928.0261975604 629041.9184585327, -550912.8148372641 629975.5935141796))",2558
2559,64.30777740478516,"POLYGON ((-549977.4403001983 629960.3500520515, -549042.0880867427 629945.1206571005, -549057.2713848623 629011.490168347, -549992.6376285756 629026.6972901272, -549977.4403001983 629960.3500520515))",2559
2560,111.14024353027344,"POLYGON ((-549042.0880867427 629945.1206571005, -548106.7581763096 629929.9053276612, -548121.9274458309 628996.2970915297, -549057.2713848623 629011.490168347, -549042.0880867427 629945.1206571005))",2560
2561,146.14578247070312,"POLYGON ((-548106.7581763096 629929.9053276612, -547171.4505483145 629914.7040620705, -547186.6057908966 628981.1180580141, -548121.9274458309 628996.2970915297, -548106.7581763096 629929.9053276612))",2561
2562,142.4973907470703,"POLYGON ((-547171.4505483145 629914.7040620705, -546236.1651821752 629899.5168586669, -546251.3063994737 628965.9530661412, -547186.6057908966 628981.1180580141, -547171.4505483145 629914.7040620705))",2562
2563,96.07816314697266,"POLYGON ((-546236.1651821752 629899.5168586669, -545300.9020573108 629884.3437157902, -545316.0292509812 628950.8021142532, -546251.3063994737 628965.9530661412, -546236.1651821752 629899.5168586669))",2563
2564,104.1113510131836,"POLYGON ((-545300.9020573108 629884.3437157902, -544365.6611531436 629869.1846317822, -544380.7743248389 628935.6652006941, -545316.0292509812 628950.8021142532, -545300.9020573108 629884.3437157902))",2564
2565,110.72029113769531,"POLYGON ((-544365.6611531436 629869.1846317822, -543430.4424490982 629854.0396049861, -543445.5416004702 628920.5423238096, -544380.7743248389 628935.6652006941, -544365.6611531436 629869.1846317822))",2565
2566,99.98991394042969,"POLYGON ((-543430.4424490982 629854.0396049861, -542495.2459246017 629838.9086337469, -542510.3310573006 628905.4334819469, -543445.5416004702 628920.5423238096, -543430.4424490982 629854.0396049861))",2566
2567,90.14502716064453,"POLYGON ((-542495.2459246017 629838.9086337469, -541560.0715590827 629823.7917164108, -541575.1426747573 628890.3386734551, -542510.3310573006 628905.4334819469, -542495.2459246017 629838.9086337469))",2567
2568,92.1971206665039,"POLYGON ((-541560.0715590827 629823.7917164108, -540624.9193319734 629808.6888513261, -540639.97643227 628875.2578966843, -541575.1426747573 628890.3386734551, -541560.0715590827 629823.7917164108))",2568
2569,119.64388275146484,"POLYGON ((-540624.9193319734 629808.6888513261, -539689.7892227079 629793.6000368431, -539704.8323092721 628860.191149987, -540639.97643227 628875.2578966843, -540624.9193319734 629808.6888513261))",2569
2570,251.01022338867188,"POLYGON ((-539689.7892227079 629793.6000368431, -538754.681210722 629778.5252713123, -538769.7102851971 628845.138431717, -539704.8323092721 628860.191149987, -539689.7892227079 629793.6000368431))",2570
2571,352.8656311035156,"POLYGON ((-538754.681210722 629778.5252713123, -537819.5952754547 629763.4645530875, -537834.6103394824 628830.0997402291, -538769.7102851971 628845.138431717, -538754.681210722 629778.5252713123))",2571
2572,346.07879638671875,"POLYGON ((-537819.5952754547 629763.4645530875, -536884.531396347 629748.417880523, -536899.5324515683 628815.075073881, -537834.6103394824 628830.0997402291, -537819.5952754547 629763.4645530875))",2572
2573,323.4247131347656,"POLYGON ((-536884.531396347 629748.417880523, -535949.4895528423 629733.3852519753, -535964.4766008955 628800.064431031, -536899.5324515683 628815.075073881, -536884.531396347 629748.417880523))",2573
2574,368.91943359375,"POLYGON ((-535949.4895528423 629733.3852519753, -535014.4697243866 629718.366665802, -535029.4427669088 628785.0678100395, -535964.4766008955 628800.064431031, -535949.4895528423 629733.3852519753))",2574
2575,515.1106567382812,"POLYGON ((-535014.4697243866 629718.366665802, -534079.4718904273 629703.362120363, -534094.4309290539 628770.0852092684, -535029.4427669088 628785.0678100395, -535014.4697243866 629718.366665802))",2575
2576,562.695556640625,"POLYGON ((-534079.4718904273 629703.362120363, -533144.4960304154 629688.3716140193, -533159.4410667799 628755.1166270808, -534094.4309290539 628770.0852092684, -534079.4718904273 629703.362120363))",2576
2577,646.2557983398438,"POLYGON ((-533144.4960304154 629688.3716140193, -532209.5421238033 629673.395145134, -532224.4731595386 628740.1620618426, -533159.4410667799 628755.1166270808, -533144.4960304154 629688.3716140193))",2577
2578,857.1341552734375,"POLYGON ((-532209.5421238033 629673.395145134, -531274.6101500463 629658.4327120711, -531289.5271867824 628725.2215119202, -532224.4731595386 628740.1620618426, -532209.5421238033 629673.395145134))",2578
2579,973.474609375,"POLYGON ((-531274.6101500463 629658.4327120711, -530339.7000886018 629643.4843131969, -530354.6031279683 628710.2949756818, -531289.5271867824 628725.2215119202, -531274.6101500463 629658.4327120711))",2579
2580,1089.9197998046875,"POLYGON ((-530339.7000886018 629643.4843131969, -529404.8119189296 629628.5499468789, -529419.7009625533 628695.3824514977, -530354.6031279683 628710.2949756818, -530339.7000886018 629643.4843131969))",2580
2581,1751.9534912109375,"POLYGON ((-529404.8119189296 629628.5499468789, -528469.9456204913 629613.6296114866, -528484.8206699984 628680.4839377393, -529419.7009625533 628695.3824514977, -529404.8119189296 629628.5499468789))",2581
2582,3303.529296875,"POLYGON ((-528469.9456204913 629613.6296114866, -527535.1011727521 629598.723305391, -527549.9622297663 628665.59943278, -528484.8206699984 628680.4839377393, -528469.9456204913 629613.6296114866))",2582
2583,4409.8740234375,"POLYGON ((-527535.1011727521 629598.723305391, -526600.2785551784 629583.8310269646, -526615.1256213224 628650.7289349947, -527549.9622297663 628665.59943278, -527535.1011727521 629598.723305391))",2583
2584,3822.392333984375,"POLYGON ((-526600.2785551784 629583.8310269646, -525665.477747239 629568.9527745816, -525680.3108241338 628635.8724427599, -526615.1256213224 628650.7289349947, -526600.2785551784 629583.8310269646))",2584
2585,2173.172607421875,"POLYGON ((-525665.477747239 629568.9527745816, -524730.6987284059 629554.0885466175, -524745.5178176704 628621.0299544536, -525680.3108241338 628635.8724427599, -525665.477747239 629568.9527745816))",2585
2586,1644.510009765625,"POLYGON ((-524730.6987284059 629554.0885466175, -523795.9414781525 629539.2383414501, -523810.7465814048 628606.2014684558, -524745.5178176704 628621.0299544536, -524730.6987284059 629554.0885466175))",2586
2587,1866.423828125,"POLYGON ((-523795.9414781525 629539.2383414501, -522861.205975955 629524.4021574584, -522875.9970948101 628591.3869831475, -523810.7465814048 628606.2014684558, -523795.9414781525 629539.2383414501))",2587
2588,2717.31787109375,"POLYGON ((-522861.205975955 629524.4021574584, -521926.4922012909 629509.5799930228, -521941.2693373641 628576.5864969118, -522875.9970948101 628591.3869831475, -522861.205975955 629524.4021574584))",2588
2589,3219.856689453125,"POLYGON ((-521926.4922012909 629509.5799930228, -520991.8001336418 629494.7718465261, -521006.56328854535 628561.8000081334, -521941.2693373641 628576.5864969118, -521926.4922012909 629509.5799930228))",2589
2590,2744.64990234375,"POLYGON ((-520991.8001336418 629494.7718465261, -520057.12975249055 629479.9777163516, -520071.87892783596 628547.0275151987, -521006.56328854535 628561.8000081334, -520991.8001336418 629494.7718465261))",2590
2591,1089.8631591796875,"POLYGON ((-520057.12975249055 629479.9777163516, -519122.48103732197 629465.1976008854, -519137.2162347187 628532.2690164951, -520071.87892783596 628547.0275151987, -520057.12975249055 629479.9777163516))",2591
2592,883.1483764648438,"POLYGON ((-519122.48103732197 629465.1976008854, -518187.85396762367 629450.431498514, -518202.57518867985 628517.5245104125, -519137.2162347187 628532.2690164951, -519122.48103732197 629465.1976008854))",2592
2593,763.7681884765625,"POLYGON ((-518187.85396762367 629450.431498514, -517253.2485228861 629435.6794076269, -517267.9557692077 628502.7939953415, -518202.57518867985 628517.5245104125, -518187.85396762367 629450.431498514))",2593
2594,889.8125,"POLYGON ((-517253.2485228861 629435.6794076269, -516318.664682601 629420.941326614, -516333.35795579245 628488.0774696752, -517267.9557692077 628502.7939953415, -517253.2485228861 629435.6794076269))",2594
2595,1147.7978515625,"POLYGON ((-516318.664682601 629420.941326614, -515384.1024262627 629406.2172538675, -515398.7817279281 628473.3749318076, -516333.35795579245 628488.0774696752, -516318.664682601 629420.941326614))",2595
2596,1394.1395263671875,"POLYGON ((-515384.1024262627 629406.2172538675, -514449.56173336843 629391.5071877812, -514464.22706510813 628458.6863801349, -515398.7817279281 628473.3749318076, -515384.1024262627 629406.2172538675))",2596
2597,1467.457275390625,"POLYGON ((-514449.56173336843 629391.5071877812, -513515.0425834169 629376.8111267498, -513529.6939468316 628444.0118130543, -514464.22706510813 628458.6863801349, -514449.56173336843 629391.5071877812))",2597
2598,1464.7406005859375,"POLYGON ((-513515.0425834169 629376.8111267498, -512580.5449559096 629362.1290691707, -512595.18235259724 628429.3512289653, -513529.6939468316 628444.0118130543, -513515.0425834169 629376.8111267498))",2598
2599,1651.0452880859375,"POLYGON ((-512580.5449559096 629362.1290691707, -511646.06883035006 629347.461013442, -511660.69226190785 628414.7046262686, -512595.18235259724 628429.3512289653, -512580.5449559096 629362.1290691707))",2599
2600,1695.65087890625,"POLYGON ((-511646.06883035006 629347.461013442, -510711.61418624443 629332.8069579643, -510726.22365426656 628400.0720033663, -511660.69226190785 628414.7046262686, -511646.06883035006 629347.461013442))",2600
2601,1669.221435546875,"POLYGON ((-510711.61418624443 629332.8069579643, -509777.18100310105 629318.1669011388, -509791.77650918067 628385.4533586625, -510726.22365426656 628400.0720033663, -510711.61418624443 629332.8069579643))",2601
2602,1628.457275390625,"POLYGON ((-509777.18100310105 629318.1669011388, -508842.76926043 629303.5408413691, -508857.35080615967 628370.8486905632, -509791.77650918067 628385.4533586625, -509777.18100310105 629318.1669011388))",2602
2603,890.8400268554688,"POLYGON ((-508842.76926043 629303.5408413691, -507908.37893774395 629288.9287770599, -507922.9465247134 628356.257997475, -508857.35080615967 628370.8486905632, -508842.76926043 629303.5408413691))",2603
2604,835.35205078125,"POLYGON ((-507908.37893774395 629288.9287770599, -506974.01001455856 629274.3307066181, -506988.56364435644 628341.6812778071, -507922.9465247134 628356.257997475, -507908.37893774395 629288.9287770599))",2604
2605,869.713134765625,"POLYGON ((-506974.01001455856 629274.3307066181, -506039.66247039055 629259.7466284516, -506054.2021446044 628327.11852997, -506988.56364435644 628341.6812778071, -506974.01001455856 629274.3307066181))",2605
2606,627.0300903320312,"POLYGON ((-506039.66247039055 629259.7466284516, -505105.3362847599 629245.1765409705, -505119.8620049746 628312.5697523756, -506054.2021446044 628327.11852997, -506039.66247039055 629259.7466284516))",2606
2607,440.1953430175781,"POLYGON ((-505105.3362847599 629245.1765409705, -504171.0314371884 629230.6204425858, -504185.54320498777 628298.0349434376, -505119.8620049746 628312.5697523756, -505105.3362847599 629245.1765409705))",2607
2608,599.6969604492188,"POLYGON ((-504171.0314371884 629230.6204425858, -503236.7479072008 629216.0783317107, -503251.2457241665 628283.5141015712, -504185.54320498777 628298.0349434376, -504171.0314371884 629230.6204425858))",2608
2609,499.996826171875,"POLYGON ((-503236.7479072008 629216.0783317107, -502302.48567432223 629201.55020676, -502316.9695420355 628269.0072251934, -503251.2457241665 628283.5141015712, -503236.7479072008 629216.0783317107))",2609
2610,96.0660171508789,"POLYGON ((-502302.48567432223 629201.55020676, -501368.244718082 629187.0360661496, -501382.7146381218 628254.5143127227, -502316.9695420355 628269.0072251934, -502302.48567432223 629201.55020676))",2610
2611,,"POLYGON ((-501368.244718082 629187.0360661496, -500434.02501801134 629172.5359082975, -500448.48099195445 628240.035362579, -501382.7146381218 628254.5143127227, -501368.244718082 629187.0360661496))",2611
2612,,"POLYGON ((-500434.02501801134 629172.5359082975, -499499.8265536431 629158.0497316231, -499514.26858306536 628225.5703731843, -500448.48099195445 628240.035362579, -500434.02501801134 629172.5359082975))",2612
2613,,"POLYGON ((-499499.8265536431 629158.0497316231, -498565.6493045128 629143.5775345478, -498580.07739098824 628211.1193429619, -499514.26858306536 628225.5703731843, -499499.8265536431 629158.0497316231))",2613
2614,,"POLYGON ((-498565.6493045128 629143.5775345478, -497631.4932501584 629129.1193154939, -497645.9073952598 628196.6822703364, -498580.07739098824 628211.1193429619, -498565.6493045128 629143.5775345478))",2614
2615,,"POLYGON ((-497631.4932501584 629129.1193154939, -496697.3583701191 629114.6750728859, -496711.7585754172 628182.2591537348, -497645.9073952598 628196.6822703364, -497631.4932501584 629129.1193154939))",2615
2616,,"POLYGON ((-496697.3583701191 629114.6750728859, -495763.24464393803 629100.2448051494, -495777.63091100205 628167.8499915849, -496711.7585754172 628182.2591537348, -496697.3583701191 629114.6750728859))",2616
2617,,"POLYGON ((-495763.24464393803 629100.2448051494, -494829.15205115883 629085.8285107124, -494843.52438155666 628153.4547823165, -495777.63091100205 628167.8499915849, -495763.24464393803 629100.2448051494))",2617
2618,,"POLYGON ((-494829.15205115883 629085.8285107124, -493895.08057132864 629071.4261880037, -493909.4389666262 628139.0735243611, -494843.52438155666 628153.4547823165, -494829.15205115883 629085.8285107124))",2618
2619,,"POLYGON ((-493895.08057132864 629071.4261880037, -492961.03018399654 629057.0378354539, -492975.37464575854 628124.7062161516, -493909.4389666262 628139.0735243611, -493895.08057132864 629071.4261880037))",2619
2620,,"POLYGON ((-492961.03018399654 629057.0378354539, -492027.0008687137 629042.6634514957, -492041.3313985026 628110.3528561225, -492975.37464575854 628124.7062161516, -492961.03018399654 629057.0378354539))",2620
2621,,"POLYGON ((-492027.0008687137 629042.6634514957, -491092.992605033 629028.303034563, -491107.3092044102 628096.0134427102, -492041.3313985026 628110.3528561225, -492027.0008687137 629042.6634514957))",2621
2622,,"POLYGON ((-491092.992605033 629028.303034563, -490159.0053725105 629013.9565830908, -490173.308043036 628081.6879743523, -491107.3092044102 628096.0134427102, -491092.992605033 629028.303034563))",2622
2623,,"POLYGON ((-490159.0053725105 629013.9565830908, -489225.03915070405 628999.624095517, -489239.3278939356 628067.3764494881, -490173.308043036 628081.6879743523, -490159.0053725105 629013.9565830908))",2623
2624,,"POLYGON ((-565897.2963481154 629287.3688570091, -564961.5477727356 629271.9227151627, -564976.9470175062 628337.9102941318, -565912.7096308535 628353.3338117502, -565897.2963481154 629287.3688570091))",2624
2625,,"POLYGON ((-564961.5477727356 629271.9227151627, -564025.821852376 629256.4906467642, -564041.2070608642 628322.5008293705, -564976.9470175062 628337.9102941318, -564961.5477727356 629271.9227151627))",2625
2626,,"POLYGON ((-564025.821852376 629256.4906467642, -563090.1185664095 629241.0726501249, -563105.4897402986 628307.1054157794, -564041.2070608642 628322.5008293705, -564025.821852376 629256.4906467642))",2626
2627,,"POLYGON ((-563090.1185664095 629241.0726501249, -562154.4378942112 629225.6687235578, -562169.7950351834 628291.7240516742, -563105.4897402986 628307.1054157794, -563090.1185664095 629241.0726501249))",2627
2628,,"POLYGON ((-562154.4378942112 629225.6687235578, -561218.7798151579 629210.2788653777, -561234.1229248939 628276.356735372, -562169.7950351834 628291.7240516742, -562154.4378942112 629225.6687235578))",2628
2629,,"POLYGON ((-561218.7798151579 629210.2788653777, -560283.1443086306 629194.9030739003, -560298.4733888083 628261.003465191, -561234.1229248939 628276.356735372, -561218.7798151579 629210.2788653777))",2629
2630,59.35572052001953,"POLYGON ((-560283.1443086306 629194.9030739003, -559347.5313540115 629179.541347444, -559362.846406308 628245.6642394521, -560298.4733888083 628261.003465191, -560283.1443086306 629194.9030739003))",2630
2631,55.19828414916992,"POLYGON ((-559347.5313540115 629179.541347444, -558411.9409306841 629164.1936843279, -558427.2419567751 628230.3390564766, -559362.846406308 628245.6642394521, -559347.5313540115 629179.541347444))",2631
2632,50.84178924560547,"POLYGON ((-558411.9409306841 629164.1936843279, -557476.3730180366 629148.8600828734, -557491.6600195961 628215.0279145883, -558427.2419567751 628230.3390564766, -558411.9409306841 629164.1936843279))",2632
2633,55.05446243286133,"POLYGON ((-557476.3730180366 629148.8600828734, -556540.8275954591 629133.5405414032, -556556.1005741581 628199.7308121125, -557491.6600195961 628215.0279145883, -557476.3730180366 629148.8600828734))",2633
2634,58.281375885009766,"POLYGON ((-556540.8275954591 629133.5405414032, -555605.3046423418 629118.2350582416, -555620.5635998519 628184.4477473756, -556556.1005741581 628199.7308121125, -556540.8275954591 629133.5405414032))",2634
2635,84.96990203857422,"POLYGON ((-555605.3046423418 629118.2350582416, -554669.8041380804 629102.9436317147, -554685.0490760701 628169.1787187066, -555620.5635998519 628184.4477473756, -555605.3046423418 629118.2350582416))",2635
2636,104.65180206298828,"POLYGON ((-554669.8041380804 629102.9436317147, -553734.3260620716 629087.6662601503, -553749.5569822076 628153.9237244349, -554685.0490760701 628169.1787187066, -554669.8041380804 629102.9436317147))",2636
2637,183.71836853027344,"POLYGON ((-553734.3260620716 629087.6662601503, -552798.8703937132 629072.4029418775, -552814.0872976619 628138.6827628926, -553749.5569822076 628153.9237244349, -553734.3260620716 629087.6662601503))",2637
2638,253.56539916992188,"POLYGON ((-552798.8703937132 629072.4029418775, -551863.4371124087 629057.1536752274, -551878.6400018337 628123.455832413, -552814.0872976619 628138.6827628926, -552798.8703937132 629072.4029418775))",2638
2639,204.78274536132812,"POLYGON ((-551863.4371124087 629057.1536752274, -550928.0261975604 629041.9184585327, -550943.2150741238 628108.2429313309, -551878.6400018337 628123.455832413, -551863.4371124087 629057.1536752274))",2639
2640,126.45462036132812,"POLYGON ((-550928.0261975604 629041.9184585327, -549992.6376285756 629026.6972901272, -550007.8124939383 628093.0440579833, -550943.2150741238 628108.2429313309, -550928.0261975604 629041.9184585327))",2640
2641,87.76744079589844,"POLYGON ((-549992.6376285756 629026.6972901272, -549057.2713848623 629011.490168347, -549072.4322406827 628077.859210708, -550007.8124939383 628093.0440579833, -549992.6376285756 629026.6972901272))",2641
2642,122.34008026123047,"POLYGON ((-549057.2713848623 629011.490168347, -548121.9274458309 628996.2970915297, -548137.0742937679 628062.688387845, -549072.4322406827 628077.859210708, -549057.2713848623 629011.490168347))",2642
2643,201.6421356201172,"POLYGON ((-548121.9274458309 628996.2970915297, -547186.6057908966 628981.1180580141, -547201.7386326052 628047.5315877355, -548137.0742937679 628062.688387845, -548121.9274458309 628996.2970915297))",2643
2644,184.09909057617188,"POLYGON ((-547186.6057908966 628981.1180580141, -546251.3063994737 628965.9530661412, -546266.4252366081 628032.388808723, -547201.7386326052 628047.5315877355, -547186.6057908966 628981.1180580141))",2644
2645,121.31291198730469,"POLYGON ((-546251.3063994737 628965.9530661412, -545316.0292509812 628950.8021142532, -545331.1340851941 628017.2600491521, -546266.4252366081 628032.388808723, -546251.3063994737 628965.9530661412))",2645
2646,93.35896301269531,"POLYGON ((-545316.0292509812 628950.8021142532, -544380.7743248389 628935.6652006941, -544395.8651577816 628002.1453073691, -545331.1340851941 628017.2600491521, -545316.0292509812 628950.8021142532))",2646
2647,111.76155853271484,"POLYGON ((-544380.7743248389 628935.6652006941, -543445.5416004702 628920.5423238096, -543460.6184337913 627987.0445817221, -544395.8651577816 628002.1453073691, -544380.7743248389 628935.6652006941))",2647
2648,77.7642822265625,"POLYGON ((-543445.5416004702 628920.5423238096, -542510.3310573006 628905.4334819469, -542525.3938926483 627971.9578705606, -543460.6184337913 627987.0445817221, -543445.5416004702 628920.5423238096))",2648
2649,61.52412414550781,"POLYGON ((-542510.3310573006 628905.4334819469, -541575.1426747573 628890.3386734551, -541590.1915137775 627956.8851722359, -542525.3938926483 627971.9578705606, -542510.3310573006 628905.4334819469))",2649
2650,86.01036071777344,"POLYGON ((-541575.1426747573 628890.3386734551, -540639.97643227 628875.2578966843, -540655.011276607 627941.8264851007, -541590.1915137775 627956.8851722359, -541575.1426747573 628890.3386734551))",2650
2651,123.72760009765625,"POLYGON ((-540639.97643227 628875.2578966843, -539704.8323092721 628860.191149987, -539719.8531605685 627926.7818075098, -540655.011276607 627941.8264851007, -540639.97643227 628875.2578966843))",2651
2652,251.14242553710938,"POLYGON ((-539704.8323092721 628860.191149987, -538769.7102851971 628845.138431717, -538784.717145095 627911.7511378191, -539719.8531605685 627926.7818075098, -539704.8323092721 628860.191149987))",2652
2653,343.41180419921875,"POLYGON ((-538769.7102851971 628845.138431717, -537834.6103394824 628830.0997402291, -537849.6032096207 627896.7344743864, -538784.717145095 627911.7511378191, -538769.7102851971 628845.138431717))",2653
2654,322.4679260253906,"POLYGON ((-537834.6103394824 628830.0997402291, -536899.5324515683 628815.075073881, -536914.5113335851 627881.7318155712, -537849.6032096207 627896.7344743864, -537834.6103394824 628830.0997402291))",2654
2655,357.43011474609375,"POLYGON ((-536899.5324515683 628815.075073881, -535964.4766008955 628800.064431031, -535979.4414964274 627866.7431597343, -536914.5113335851 627881.7318155712, -536899.5324515683 628815.075073881))",2655
2656,374.3237609863281,"POLYGON ((-535964.4766008955 628800.064431031, -535029.4427669088 628785.0678100395, -535044.3936775898 627851.7685052381, -535979.4414964274 627866.7431597343, -535964.4766008955 628800.064431031))",2656
2657,409.89117431640625,"POLYGON ((-535029.4427669088 628785.0678100395, -534094.4309290539 628770.0852092684, -534109.3678565179 627836.8078504474, -535044.3936775898 627851.7685052381, -535029.4427669088 628785.0678100395))",2657
2658,510.53912353515625,"POLYGON ((-534094.4309290539 628770.0852092684, -533159.4410667799 628755.1166270808, -533174.3640126582 627821.8611937276, -534109.3678565179 627836.8078504474, -534094.4309290539 628770.0852092684))",2658
2659,805.6294555664062,"POLYGON ((-533159.4410667799 628755.1166270808, -532224.4731595386 628740.1620618426, -532239.3821254609 627806.9285334464, -533174.3640126582 627821.8611937276, -533159.4410667799 628755.1166270808))",2659
2660,1150.7396240234375,"POLYGON ((-532224.4731595386 628740.1620618426, -531289.5271867824 628725.2215119202, -531304.4221743773 627792.0098679729, -532239.3821254609 627806.9285334464, -532224.4731595386 628740.1620618426))",2660
2661,1407.6068115234375,"POLYGON ((-531289.5271867824 628725.2215119202, -530354.6031279683 628710.2949756818, -530369.4841388613 627777.1051956776, -531304.4221743773 627792.0098679729, -531289.5271867824 628725.2215119202))",2661
2662,1746.3203125,"POLYGON ((-530354.6031279683 628710.2949756818, -529419.7009625533 628695.3824514977, -529434.5679983704 627762.2145149332, -530369.4841388613 627777.1051956776, -530354.6031279683 628710.2949756818))",2662
2663,3198.00732421875,"POLYGON ((-529419.7009625533 628695.3824514977, -528484.8206699984 628680.4839377393, -528499.6737323626 627747.3378241134, -529434.5679983704 627762.2145149332, -529419.7009625533 628695.3824514977))",2663
2664,3613.36083984375,"POLYGON ((-528484.8206699984 628680.4839377393, -527549.9622297663 628665.59943278, -527564.8013202999 627732.4751215938, -528499.6737323626 627747.3378241134, -528484.8206699984 628680.4839377393))",2664
2665,3772.70703125,"POLYGON ((-527549.9622297663 628665.59943278, -526615.1256213224 628650.7289349947, -526629.9507416448 627717.6264057517, -527564.8013202999 627732.4751215938, -527549.9622297663 628665.59943278))",2665
2666,3686.1787109375,"POLYGON ((-526615.1256213224 628650.7289349947, -525680.3108241338 628635.8724427599, -525695.1219758638 627702.7916749658, -526629.9507416448 627717.6264057517, -526615.1256213224 628650.7289349947))",2666
2667,3123.544189453125,"POLYGON ((-525680.3108241338 628635.8724427599, -524745.5178176704 628621.0299544536, -524760.3150024252 627687.9709276165, -525695.1219758638 627702.7916749658, -525680.3108241338 628635.8724427599))",2667
2668,3327.838134765625,"POLYGON ((-524745.5178176704 628621.0299544536, -523810.7465814048 628606.2014684558, -523825.5298007991 627673.1641620861, -524760.3150024252 627687.9709276165, -524745.5178176704 628621.0299544536))",2668
2669,3370.1181640625,"POLYGON ((-523810.7465814048 628606.2014684558, -522875.9970948101 628591.3869831475, -522890.76635045814 627658.3713767581, -523825.5298007991 627673.1641620861, -523810.7465814048 628606.2014684558))",2669
2670,3153.14453125,"POLYGON ((-522875.9970948101 628591.3869831475, -521941.2693373641 628576.5864969118, -521956.0246308778 627643.5925700178, -522890.76635045814 627658.3713767581, -522875.9970948101 628591.3869831475))",2670
2671,3352.0458984375,"POLYGON ((-521941.2693373641 628576.5864969118, -521006.56328854535 628561.8000081334, -521021.3046215356 627628.8277402521, -521956.0246308778 627643.5925700178, -521941.2693373641 628576.5864969118))",2671
2672,3096.51123046875,"POLYGON ((-521006.56328854535 628561.8000081334, -520071.87892783596 628547.0275151987, -520086.6063019107 627614.0768858496, -521021.3046215356 627628.8277402521, -521006.56328854535 628561.8000081334))",2672
2673,2581.718017578125,"POLYGON ((-520071.87892783596 628547.0275151987, -519137.2162347187 628532.2690164951, -519151.9296514855 627599.3400052005, -520086.6063019107 627614.0768858496, -520071.87892783596 628547.0275151987))",2673
2674,1904.4720458984375,"POLYGON ((-519137.2162347187 628532.2690164951, -518202.57518867985 628517.5245104125, -518217.2746497446 627584.6170966963, -519151.9296514855 627599.3400052005, -519137.2162347187 628532.2690164951))",2674
2675,1255.4578857421875,"POLYGON ((-518202.57518867985 628517.5245104125, -517267.9557692077 628502.7939953415, -517282.64127617376 627569.9081587305, -518217.2746497446 627584.6170966963, -518202.57518867985 628517.5245104125))",2675
2676,1148.372802734375,"POLYGON ((-517267.9557692077 628502.7939953415, -516333.35795579245 628488.0774696752, -516348.02951026335 627555.2131896982, -517282.64127617376 627569.9081587305, -517267.9557692077 628502.7939953415))",2676
2677,1292.9881591796875,"POLYGON ((-516333.35795579245 628488.0774696752, -515398.7817279281 628473.3749318076, -515413.4393315031 627540.5321879957, -516348.02951026335 627555.2131896982, -516333.35795579245 628488.0774696752))",2677
2678,2181.790771484375,"POLYGON ((-515398.7817279281 628473.3749318076, -514464.22706510813 628458.6863801349, -514478.8707193879 627525.8651520216, -515413.4393315031 627540.5321879957, -515398.7817279281 628473.3749318076))",2678
2679,2373.14404296875,"POLYGON ((-514464.22706510813 628458.6863801349, -513529.6939468316 628444.0118130543, -513544.3236534131 627511.2120801755, -514478.8707193879 627525.8651520216, -514464.22706510813 628458.6863801349))",2679
2680,2341.642578125,"POLYGON ((-513529.6939468316 628444.0118130543, -512595.18235259724 628429.3512289653, -512609.7981130759 627496.5729708589, -513544.3236534131 627511.2120801755, -513529.6939468316 628444.0118130543))",2680
2681,2345.201416015625,"POLYGON ((-512595.18235259724 628429.3512289653, -511660.69226190785 628414.7046262686, -511675.294077878 627481.9478224748, -512609.7981130759 627496.5729708589, -512595.18235259724 628429.3512289653))",2681
2682,2358.85595703125,"POLYGON ((-511660.69226190785 628414.7046262686, -510726.22365426656 628400.0720033663, -510740.81152732146 627467.3366334279, -511675.294077878 627481.9478224748, -511660.69226190785 628414.7046262686))",2682
2683,2358.74658203125,"POLYGON ((-510726.22365426656 628400.0720033663, -509791.77650918067 628385.4533586625, -509806.3504409117 627452.7394021243, -510740.81152732146 627467.3366334279, -510726.22365426656 628400.0720033663))",2683
2684,2240.71533203125,"POLYGON ((-509791.77650918067 628385.4533586625, -508857.35080615967 628370.8486905632, -508871.9107981556 627438.156126972, -509806.3504409117 627452.7394021243, -509791.77650918067 628385.4533586625))",2684
2685,1635.88427734375,"POLYGON ((-508857.35080615967 628370.8486905632, -507922.9465247134 628356.257997475, -507937.49257856305 627423.5868063807, -508871.9107981556 627438.156126972, -508857.35080615967 628370.8486905632))",2685
2686,887.2129516601562,"POLYGON ((-507922.9465247134 628356.257997475, -506988.56364435644 628341.6812778071, -507003.0957616451 627409.0314387613, -507937.49257856305 627423.5868063807, -507922.9465247134 628356.257997475))",2686
2687,430.57879638671875,"POLYGON ((-506988.56364435644 628341.6812778071, -506054.2021446044 628327.11852997, -506068.720326917 627394.4900225265, -507003.0957616451 627409.0314387613, -506988.56364435644 628341.6812778071))",2687
2688,209.17112731933594,"POLYGON ((-506054.2021446044 628327.11852997, -505119.8620049746 628312.5697523756, -505134.3662538943 627379.9625560907, -506068.720326917 627394.4900225265, -506054.2021446044 628327.11852997))",2688
2689,100.08147430419922,"POLYGON ((-505119.8620049746 628312.5697523756, -504185.54320498777 628298.0349434376, -504200.03352209646 627365.4490378696, -505134.3662538943 627379.9625560907, -505119.8620049746 628312.5697523756))",2689
2690,26.716026306152344,"POLYGON ((-504185.54320498777 628298.0349434376, -503251.2457241665 628283.5141015712, -503265.72211104375 627350.9494662812, -504200.03352209646 627365.4490378696, -504185.54320498777 628298.0349434376))",2690
2691,,"POLYGON ((-503251.2457241665 628283.5141015712, -502316.9695420355 628269.0072251934, -502331.43200025917 627336.4638397443, -503265.72211104375 627350.9494662812, -503251.2457241665 628283.5141015712))",2691
2692,,"POLYGON ((-502316.9695420355 628269.0072251934, -501382.7146381218 628254.5143127227, -501397.16316926887 627321.9921566796, -502331.43200025917 627336.4638397443, -502316.9695420355 628269.0072251934))",2692
2693,,"POLYGON ((-501382.7146381218 628254.5143127227, -500448.48099195445 628240.035362579, -500462.91559760005 627307.5344155098, -501397.16316926887 627321.9921566796, -501382.7146381218 628254.5143127227))",2693
2694,,"POLYGON ((-500448.48099195445 628240.035362579, -499514.26858306536 628225.5703731843, -499528.6892647828 627293.0906146585, -500462.91559760005 627307.5344155098, -500448.48099195445 628240.035362579))",2694
2695,,"POLYGON ((-499514.26858306536 628225.5703731843, -498580.07739098824 628211.1193429619, -498594.48415034916 627278.6607525517, -499528.6892647828 627293.0906146585, -499514.26858306536 628225.5703731843))",2695
2696,,"POLYGON ((-498580.07739098824 628211.1193429619, -497645.9073952598 628196.6822703364, -497660.3002338343 627264.244827616, -498594.48415034916 627278.6607525517, -498580.07739098824 628211.1193429619))",2696
2697,,"POLYGON ((-497645.9073952598 628196.6822703364, -496711.7585754172 628182.2591537348, -496726.13749477454 627249.8428382808, -497660.3002338343 627264.244827616, -497645.9073952598 628196.6822703364))",2697
2698,,"POLYGON ((-496711.7585754172 628182.2591537348, -495777.63091100205 628167.8499915849, -495791.9959127088 627235.4547829761, -496726.13749477454 627249.8428382808, -496711.7585754172 628182.2591537348))",2698
2699,,"POLYGON ((-495777.63091100205 628167.8499915849, -494843.52438155666 628153.4547823165, -494857.8754671784 627221.0806601339, -495791.9959127088 627235.4547829761, -495777.63091100205 628167.8499915849))",2699
2700,,"POLYGON ((-494843.52438155666 628153.4547823165, -493909.4389666262 628139.0735243611, -493923.7761377272 627206.720468188, -494857.8754671784 627221.0806601339, -494843.52438155666 628153.4547823165))",2700
2701,,"POLYGON ((-493909.4389666262 628139.0735243611, -492975.37464575854 628124.7062161516, -492989.6979039002 627192.3742055735, -493923.7761377272 627206.720468188, -493909.4389666262 628139.0735243611))",2701
2702,,"POLYGON ((-492975.37464575854 628124.7062161516, -492041.3313985026 628110.3528561225, -492055.64074524574 627178.0418707273, -492989.6979039002 627192.3742055735, -492975.37464575854 628124.7062161516))",2702
2703,,"POLYGON ((-492041.3313985026 628110.3528561225, -491107.3092044102 628096.0134427102, -491121.60464131436 627163.7234620876, -492055.64074524574 627178.0418707273, -492041.3313985026 628110.3528561225))",2703
2704,,"POLYGON ((-491107.3092044102 628096.0134427102, -490173.308043036 628081.6879743523, -490187.5895716578 627149.4189780946, -491121.60464131436 627163.7234620876, -491107.3092044102 628096.0134427102))",2704
2705,,"POLYGON ((-490173.308043036 628081.6879743523, -489239.3278939356 628067.3764494881, -489253.5955158315 627135.1284171898, -490187.5895716578 627149.4189780946, -490173.308043036 628081.6879743523))",2705
2706,,"POLYGON ((-565912.7096308535 628353.3338117502, -564976.9470175062 628337.9102941318, -564992.3234671138 627403.8973820804, -565928.1000976712 627419.2982741162, -565912.7096308535 628353.3338117502))",2706
2707,,"POLYGON ((-564976.9470175062 628337.9102941318, -564041.2070608642 628322.5008293705, -564056.5694949448 627388.510522309, -564992.3234671138 627403.8973820804, -564976.9470175062 628337.9102941318))",2707
2708,,"POLYGON ((-564041.2070608642 628322.5008293705, -563105.4897402986 628307.1054157794, -563120.8381605332 627373.1376931181, -564056.5694949448 627388.510522309, -564041.2070608642 628322.5008293705))",2708
2709,,"POLYGON ((-563105.4897402986 628307.1054157794, -562169.7950351834 628291.7240516742, -562185.1294432513 627357.7788928251, -563120.8381605332 627373.1376931181, -563105.4897402986 628307.1054157794))",2709
2710,,"POLYGON ((-562169.7950351834 628291.7240516742, -561234.1229248939 628276.356735372, -561249.443322473 627342.4341197499, -562185.1294432513 627357.7788928251, -562169.7950351834 628291.7240516742))",2710
2711,,"POLYGON ((-561234.1229248939 628276.356735372, -560298.4733888083 628261.003465191, -560313.7797775746 627327.1033722132, -561249.443322473 627342.4341197499, -561234.1229248939 628276.356735372))",2711
2712,47.72446823120117,"POLYGON ((-560298.4733888083 628261.003465191, -559362.846406308 628245.6642394521, -559378.1387879364 627311.786648538, -560313.7797775746 627327.1033722132, -560298.4733888083 628261.003465191))",2712
2713,44.5206413269043,"POLYGON ((-559362.846406308 628245.6642394521, -558427.2419567751 628230.3390564766, -558442.5203329388 627296.4839470482, -559378.1387879364 627311.786648538, -559362.846406308 628245.6642394521))",2713
2714,38.984619140625,"POLYGON ((-558427.2419567751 628230.3390564766, -557491.6600195961 628215.0279145883, -557506.9243919656 627281.19526607, -558442.5203329388 627296.4839470482, -558427.2419567751 628230.3390564766))",2714
2715,58.2754020690918,"POLYGON ((-557491.6600195961 628215.0279145883, -556556.1005741581 628199.7308121125, -556571.350944404 627265.9206039307, -557506.9243919656 627281.19526607, -557491.6600195961 628215.0279145883))",2715
2716,63.76700210571289,"POLYGON ((-556556.1005741581 628199.7308121125, -555620.5635998519 628184.4477473756, -555635.7999696417 627250.6599589598, -556571.350944404 627265.9206039307, -556556.1005741581 628199.7308121125))",2716
2717,100.60804748535156,"POLYGON ((-555620.5635998519 628184.4477473756, -554685.0490760701 628169.1787187066, -554700.2714470706 627235.413329488, -555635.7999696417 627250.6599589598, -555620.5635998519 628184.4477473756))",2717
2718,120.37313842773438,"POLYGON ((-554685.0490760701 628169.1787187066, -553749.5569822076 628153.9237244349, -553764.7653560834 627220.1807138477, -554700.2714470706 627235.413329488, -554685.0490760701 628169.1787187066))",2718
2719,147.34060668945312,"POLYGON ((-553749.5569822076 628153.9237244349, -552814.0872976619 628138.6827628926, -552829.2816760768 627204.9621103732, -553764.7653560834 627220.1807138477, -553749.5569822076 628153.9237244349))",2719
2720,242.0880126953125,"POLYGON ((-552814.0872976619 628138.6827628926, -551878.6400018337 628123.455832413, -551893.8203864482 627189.7575173997, -552829.2816760768 627204.9621103732, -552814.0872976619 628138.6827628926))",2720
2721,304.76904296875,"POLYGON ((-551878.6400018337 628123.455832413, -550943.2150741238 628108.2429313309, -550958.3814665987 627174.5669332651, -551893.8203864482 627189.7575173997, -551878.6400018337 628123.455832413))",2721
2722,229.8426971435547,"POLYGON ((-550943.2150741238 628108.2429313309, -550007.8124939383 628093.0440579833, -550022.9648959315 627159.3903563081, -550958.3814665987 627174.5669332651, -550943.2150741238 628108.2429313309))",2722
2723,181.06484985351562,"POLYGON ((-550007.8124939383 628093.0440579833, -549072.4322406827 628077.859210708, -549087.5706538511 627144.2277848694, -550022.9648959315 627159.3903563081, -550007.8124939383 628093.0440579833))",2723
2724,203.80960083007812,"POLYGON ((-549072.4322406827 628077.859210708, -548137.0742937679 628062.688387845, -548152.1987197662 627129.0792172911, -549087.5706538511 627144.2277848694, -549072.4322406827 628077.859210708))",2724
2725,221.2010955810547,"POLYGON ((-548137.0742937679 628062.688387845, -547201.7386326052 628047.5315877355, -547216.8490730869 627113.944651917, -548152.1987197662 627129.0792172911, -548137.0742937679 628062.688387845))",2725
2726,138.2091064453125,"POLYGON ((-547201.7386326052 628047.5315877355, -546266.4252366081 628032.388808723, -546281.5216932257 627098.8240870928, -547216.8490730869 627113.944651917, -547201.7386326052 628047.5315877355))",2726
2727,116.01769256591797,"POLYGON ((-546266.4252366081 628032.388808723, -545331.1340851941 628017.2600491521, -545346.2165595967 627083.7175211654, -546281.5216932257 627098.8240870928, -546266.4252366081 628032.388808723))",2727
2728,112.54054260253906,"POLYGON ((-545331.1340851941 628017.2600491521, -544395.8651577816 628002.1453073691, -544410.9336516181 627068.6249524837, -545346.2165595967 627083.7175211654, -545331.1340851941 628017.2600491521))",2728
2729,92.50072479248047,"POLYGON ((-544395.8651577816 628002.1453073691, -543460.6184337913 627987.0445817221, -543475.6729487096 627053.546379398, -544410.9336516181 627068.6249524837, -544395.8651577816 628002.1453073691))",2729
2730,73.13224792480469,"POLYGON ((-543460.6184337913 627987.0445817221, -542525.3938926483 627971.9578705606, -542540.4344302928 627038.4818002601, -543475.6729487096 627053.546379398, -543460.6184337913 627987.0445817221))",2730
2731,1.558326005935669,"POLYGON ((-542525.3938926483 627971.9578705606, -541590.1915137775 627956.8851722359, -541605.2180757911 627023.4312134237, -542540.4344302928 627038.4818002601, -542525.3938926483 627971.9578705606))",2731
2732,74.18450164794922,"POLYGON ((-541590.1915137775 627956.8851722359, -540655.011276607 627941.8264851007, -540670.0238646335 627008.3946172443, -541605.2180757911 627023.4312134237, -541590.1915137775 627956.8851722359))",2732
2733,124.48052215576172,"POLYGON ((-540655.011276607 627941.8264851007, -539719.8531605685 627926.7818075098, -539734.8517762478 626993.3720100783, -540670.0238646335 627008.3946172443, -540655.011276607 627941.8264851007))",2733
2734,136.63160705566406,"POLYGON ((-539719.8531605685 627926.7818075098, -538784.717145095 627911.7511378191, -538799.7017900652 626978.3633902844, -539734.8517762478 626993.3720100783, -539719.8531605685 627926.7818075098))",2734
2735,253.54563903808594,"POLYGON ((-538784.717145095 627911.7511378191, -537849.6032096207 627896.7344743864, -537864.5738855201 626963.3687562228, -538799.7017900652 626978.3633902844, -538784.717145095 627911.7511378191))",2735
2736,324.41558837890625,"POLYGON ((-537849.6032096207 627896.7344743864, -536914.5113335851 627881.7318155712, -536929.4680420482 626948.3881062549, -537864.5738855201 626963.3687562228, -537849.6032096207 627896.7344743864))",2736
2737,365.8094177246094,"POLYGON ((-536914.5113335851 627881.7318155712, -535979.4414964274 627866.7431597343, -535994.3842390887 626933.4214387442, -536929.4680420482 626948.3881062549, -536914.5113335851 627881.7318155712))",2737
2738,463.73486328125,"POLYGON ((-535979.4414964274 627866.7431597343, -535044.3936775898 627851.7685052381, -535059.3224560821 626918.4687520557, -535994.3842390887 626933.4214387442, -535979.4414964274 627866.7431597343))",2738
2739,598.8375244140625,"POLYGON ((-535044.3936775898 627851.7685052381, -534109.3678565179 627836.8078504474, -534124.2826724711 626903.530044556, -535059.3224560821 626918.4687520557, -535044.3936775898 627851.7685052381))",2739
2740,845.4887084960938,"POLYGON ((-534109.3678565179 627836.8078504474, -533174.3640126582 627821.8611937276, -533189.264867702 626888.605314613, -534124.2826724711 626903.530044556, -534109.3678565179 627836.8078504474))",2740
2741,786.7103881835938,"POLYGON ((-533174.3640126582 627821.8611937276, -532239.3821254609 627806.9285334464, -532254.2690212223 626873.6945605968, -533189.264867702 626888.605314613, -533174.3640126582 627821.8611937276))",2741
2742,1303.7420654296875,"POLYGON ((-532239.3821254609 627806.9285334464, -531304.4221743773 627792.0098679729, -531319.2951124826 626858.7977808791, -532254.2690212223 626873.6945605968, -532239.3821254609 627806.9285334464))",2742
2743,2057.65576171875,"POLYGON ((-531304.4221743773 627792.0098679729, -530369.4841388613 627777.1051956776, -530384.3431209348 626843.9149738324, -531319.2951124826 626858.7977808791, -531304.4221743773 627792.0098679729))",2743
2744,3341.867919921875,"POLYGON ((-530369.4841388613 627777.1051956776, -529434.5679983704 627762.2145149332, -529449.4130260348 626829.0461378315, -530384.3431209348 626843.9149738324, -530369.4841388613 627777.1051956776))",2744
2745,3529.6533203125,"POLYGON ((-529434.5679983704 627762.2145149332, -528499.6737323626 627747.3378241134, -528514.5048072387 626814.1912712529, -529449.4130260348 626829.0461378315, -529434.5679983704 627762.2145149332))",2745
2746,3612.72216796875,"POLYGON ((-528499.6737323626 627747.3378241134, -527564.8013202999 627732.4751215938, -527579.6184440068 626799.3503724744, -528514.5048072387 626814.1912712529, -528499.6737323626 627747.3378241134))",2746
2747,3610.8388671875,"POLYGON ((-527564.8013202999 627732.4751215938, -526629.9507416448 627717.6264057517, -526644.753915801 626784.5234398756, -527579.6184440068 626799.3503724744, -527564.8013202999 627732.4751215938))",2747
2748,3712.36376953125,"POLYGON ((-526629.9507416448 627717.6264057517, -525695.1219758638 627702.7916749658, -525709.9112020853 626769.7104718373, -526644.753915801 626784.5234398756, -526629.9507416448 627717.6264057517))",2748
2749,3719.490966796875,"POLYGON ((-525695.1219758638 627702.7916749658, -524760.3150024252 627687.9709276165, -524775.0902823262 626754.9114667427, -525709.9112020853 626769.7104718373, -525695.1219758638 627702.7916749658))",2749
2750,3656.6689453125,"POLYGON ((-524760.3150024252 627687.9709276165, -523825.5298007991 627673.1641620861, -523840.29113599285 626740.1264229759, -524775.0902823262 626754.9114667427, -524760.3150024252 627687.9709276165))",2750
2751,3843.663330078125,"POLYGON ((-523825.5298007991 627673.1641620861, -522890.76635045814 627658.3713767581, -522905.51374255586 626725.355338923, -523840.29113599285 626740.1264229759, -523825.5298007991 627673.1641620861))",2751
2752,3791.71923828125,"POLYGON ((-522890.76635045814 627658.3713767581, -521956.0246308778 627643.5925700178, -521970.7580814895 626710.5982129715, -522905.51374255586 626725.355338923, -522890.76635045814 627658.3713767581))",2752
2753,3728.114990234375,"POLYGON ((-521956.0246308778 627643.5925700178, -521021.3046215356 627628.8277402521, -521036.02413226943 626695.8550435108, -521970.7580814895 626710.5982129715, -521956.0246308778 627643.5925700178))",2753
2754,3780.803466796875,"POLYGON ((-521021.3046215356 627628.8277402521, -520086.6063019107 627614.0768858496, -520101.31187437265 626681.1258289315, -521036.02413226943 626695.8550435108, -521021.3046215356 627628.8277402521))",2754
2755,2398.98193359375,"POLYGON ((-520086.6063019107 627614.0768858496, -519151.9296514855 627599.3400052005, -519166.6212872806 626666.4105676262, -520101.31187437265 626681.1258289315, -520086.6063019107 627614.0768858496))",2755
2756,1955.41796875,"POLYGON ((-519151.9296514855 627599.3400052005, -518217.2746497446 627584.6170966963, -518231.95235047664 626651.7092579888, -519166.6212872806 626666.4105676262, -519151.9296514855 627599.3400052005))",2756
2757,1926.676513671875,"POLYGON ((-518217.2746497446 627584.6170966963, -517282.64127617376 627569.9081587305, -517297.3050434445 626637.0218984152, -518231.95235047664 626651.7092579888, -518217.2746497446 627584.6170966963))",2757
2758,1218.341064453125,"POLYGON ((-517282.64127617376 627569.9081587305, -516348.02951026335 627555.2131896982, -516362.679345672 626622.3484873025, -517297.3050434445 626637.0218984152, -517282.64127617376 627569.9081587305))",2758
2759,1304.8824462890625,"POLYGON ((-516348.02951026335 627555.2131896982, -515413.4393315031 627540.5321879957, -515428.07523664925 626607.6890230498, -516362.679345672 626622.3484873025, -516348.02951026335 627555.2131896982))",2759
2760,2147.358642578125,"POLYGON ((-515413.4393315031 627540.5321879957, -514478.8707193879 627525.8651520216, -514493.4926958673 626593.0435040572, -515428.07523664925 626607.6890230498, -515413.4393315031 627540.5321879957))",2760
2761,2365.64501953125,"POLYGON ((-514478.8707193879 627525.8651520216, -513544.3236534131 627511.2120801755, -513558.93170282117 626578.4119287271, -514493.4926958673 626593.0435040572, -514478.8707193879 627525.8651520216))",2761
2762,2236.890380859375,"POLYGON ((-513544.3236534131 627511.2120801755, -512609.7981130759 627496.5729708589, -512624.3922370069 626563.7942954632, -513558.93170282117 626578.4119287271, -513544.3236534131 627511.2120801755))",2762
2763,2303.939208984375,"POLYGON ((-512609.7981130759 627496.5729708589, -511675.294077878 627481.9478224748, -511689.8742779235 626549.1906026709, -512624.3922370069 626563.7942954632, -512609.7981130759 627496.5729708589))",2763
2764,2282.72509765625,"POLYGON ((-511675.294077878 627481.9478224748, -510740.81152732146 627467.3366334279, -510755.3778050721 626534.600848757, -511689.8742779235 626549.1906026709, -511675.294077878 627481.9478224748))",2764
2765,2299.02099609375,"POLYGON ((-510740.81152732146 627467.3366334279, -509806.3504409117 627452.7394021243, -509820.90279795625 626520.02503213, -510755.3778050721 626534.600848757, -510740.81152732146 627467.3366334279))",2765
2766,2205.009521484375,"POLYGON ((-509806.3504409117 627452.7394021243, -508871.9107981556 627438.156126972, -508886.4492360811 626505.4631512004, -509820.90279795625 626520.02503213, -509806.3504409117 627452.7394021243))",2766
2767,1486.3013916015625,"POLYGON ((-508871.9107981556 627438.156126972, -507937.49257856305 627423.5868063807, -507952.017098955 626490.9152043796, -508886.4492360811 626505.4631512004, -508871.9107981556 627438.156126972))",2767
2768,285.8204345703125,"POLYGON ((-507937.49257856305 627423.5868063807, -507003.0957616451 627409.0314387613, -507017.60636608826 626476.381190081, -507952.017098955 626490.9152043796, -507937.49257856305 627423.5868063807))",2768
2769,,"POLYGON ((-507003.0957616451 627409.0314387613, -506068.720326917 627394.4900225265, -506083.2170169933 626461.8611067197, -507017.60636608826 626476.381190081, -507003.0957616451 627409.0314387613))",2769
2770,,"POLYGON ((-506068.720326917 627394.4900225265, -505134.3662538943 627379.9625560907, -505148.8490311842 626447.3549527125, -506083.2170169933 626461.8611067197, -506068.720326917 627394.4900225265))",2770
2771,,"POLYGON ((-505134.3662538943 627379.9625560907, -504200.03352209646 627365.4490378696, -504214.50238817884 626432.8627264774, -505148.8490311842 626447.3549527125, -505134.3662538943 627379.9625560907))",2771
2772,,"POLYGON ((-504200.03352209646 627365.4490378696, -503265.72211104375 627350.9494662812, -503280.1770674968 626418.384426434, -504214.50238817884 626432.8627264774, -504200.03352209646 627365.4490378696))",2772
2773,,"POLYGON ((-503265.72211104375 627350.9494662812, -502331.43200025917 627336.4638397443, -502345.87304865906 626403.9200510039, -503280.1770674968 626418.384426434, -503265.72211104375 627350.9494662812))",2773
2774,,"POLYGON ((-502331.43200025917 627336.4638397443, -501397.16316926887 627321.9921566796, -501411.59031118965 626389.4695986103, -502345.87304865906 626403.9200510039, -502331.43200025917 627336.4638397443))",2774
2775,,"POLYGON ((-501397.16316926887 627321.9921566796, -500462.91559760005 627307.5344155098, -500477.3288346147 626375.0330676774, -501411.59031118965 626389.4695986103, -501397.16316926887 627321.9921566796))",2775
2776,,"POLYGON ((-500462.91559760005 627307.5344155098, -499528.6892647828 627293.0906146585, -499543.0885984623 626360.6104566319, -500477.3288346147 626375.0330676774, -500462.91559760005 627307.5344155098))",2776
2777,,"POLYGON ((-499528.6892647828 627293.0906146585, -498594.48415034916 627278.6607525517, -498608.8695822634 626346.2017639013, -499543.0885984623 626360.6104566319, -499528.6892647828 627293.0906146585))",2777
2778,,"POLYGON ((-498594.48415034916 627278.6607525517, -497660.3002338343 627264.244827616, -497674.671765551 626331.8069879152, -498608.8695822634 626346.2017639013, -498594.48415034916 627278.6607525517))",2778
2779,,"POLYGON ((-497660.3002338343 627264.244827616, -496726.13749477454 627249.8428382808, -496740.49512785964 626317.4261271043, -497674.671765551 626331.8069879152, -497660.3002338343 627264.244827616))",2779
2780,,"POLYGON ((-496726.13749477454 627249.8428382808, -495791.9959127088 627235.4547829761, -495806.33964872756 626303.0591799016, -496740.49512785964 626317.4261271043, -496726.13749477454 627249.8428382808))",2780
2781,,"POLYGON ((-495791.9959127088 627235.4547829761, -494857.8754671784 627221.0806601339, -494872.2053076939 626288.7061447413, -495806.33964872756 626303.0591799016, -495791.9959127088 627235.4547829761))",2781
2782,,"POLYGON ((-494857.8754671784 627221.0806601339, -493923.7761377272 627206.720468188, -493938.0920843007 626274.3670200591, -494872.2053076939 626288.7061447413, -494857.8754671784 627221.0806601339))",2782
2783,,"POLYGON ((-493923.7761377272 627206.720468188, -492989.6979039002 627192.3742055735, -493003.999958092 626260.0418042926, -493938.0920843007 626274.3670200591, -493923.7761377272 627206.720468188))",2783
2784,,"POLYGON ((-492989.6979039002 627192.3742055735, -492055.64074524574 627178.0418707273, -492069.9289086143 626245.7304958807, -493003.999958092 626260.0418042926, -492989.6979039002 627192.3742055735))",2784
2785,,"POLYGON ((-492055.64074524574 627178.0418707273, -491121.60464131436 627163.7234620876, -491135.87891541584 626231.4330932641, -492069.9289086143 626245.7304958807, -492055.64074524574 627178.0418707273))",2785
2786,,"POLYGON ((-491121.60464131436 627163.7234620876, -490187.5895716578 627149.4189780946, -490201.8499580481 626217.1495948851, -491135.87891541584 626231.4330932641, -491121.60464131436 627163.7234620876))",2786
2787,,"POLYGON ((-490187.5895716578 627149.4189780946, -489253.5955158315 627135.1284171898, -489267.84201606363 626202.8799991874, -490201.8499580481 626217.1495948851, -490187.5895716578 627149.4189780946))",2787
2788,,"POLYGON ((-565928.1000976712 627419.2982741162, -564992.3234671138 627403.8973820804, -565007.6771211964 626469.8839797279, -565943.4677482056 626485.2622448285, -565928.1000976712 627419.2982741162))",2788
2789,,"POLYGON ((-564992.3234671138 627403.8973820804, -564056.5694949448 627388.510522309, -564071.9091542556 626454.5197262975, -565007.6771211964 626469.8839797279, -564992.3234671138 627403.8973820804))",2789
2790,,"POLYGON ((-564056.5694949448 627388.510522309, -563120.8381605332 627373.1376931181, -563136.1638267513 626439.1694828562, -564071.9091542556 626454.5197262975, -564056.5694949448 627388.510522309))",2790
2791,,"POLYGON ((-563120.8381605332 627373.1376931181, -562185.1294432513 627357.7788928251, -562200.4411180536 626423.833247724, -563136.1638267513 626439.1694828562, -563120.8381605332 627373.1376931181))",2791
2792,,"POLYGON ((-562185.1294432513 627357.7788928251, -561249.443322473 627342.4341197499, -561264.741007535 626408.511019223, -562200.4411180536 626423.833247724, -562185.1294432513 627357.7788928251))",2792
2793,,"POLYGON ((-561249.443322473 627342.4341197499, -560313.7797775746 627327.1033722132, -560329.0634745704 626393.2027956763, -561264.741007535 626408.511019223, -561249.443322473 627342.4341197499))",2793
2794,40.88898468017578,"POLYGON ((-560313.7797775746 627327.1033722132, -559378.1387879364 627311.786648538, -559393.4084985373 626377.9085754091, -560329.0634745704 626393.2027956763, -560313.7797775746 627327.1033722132))",2794
2795,39.92435073852539,"POLYGON ((-559378.1387879364 627311.786648538, -558442.5203329388 627296.4839470482, -558457.7760588159 626362.628356748, -559393.4084985373 626377.9085754091, -559378.1387879364 627311.786648538))",2795
2796,42.33217239379883,"POLYGON ((-558442.5203329388 627296.4839470482, -557506.9243919656 627281.19526607, -557522.166134788 626347.3621380216, -558457.7760588159 626362.628356748, -558442.5203329388 627296.4839470482))",2796
2797,62.75180435180664,"POLYGON ((-557506.9243919656 627281.19526607, -556571.350944404 627265.9206039307, -556586.5787058386 626332.1099175597, -557522.166134788 626347.3621380216, -557506.9243919656 627281.19526607))",2797
2798,90.32463836669922,"POLYGON ((-556571.350944404 627265.9206039307, -555635.7999696417 627250.6599589598, -555651.0137513543 626316.8716936936, -556586.5787058386 626332.1099175597, -556571.350944404 627265.9206039307))",2798
2799,108.94461059570312,"POLYGON ((-555635.7999696417 627250.6599589598, -554700.2714470706 627235.413329488, -554715.4712507252 626301.6474647571, -555651.0137513543 626316.8716936936, -555635.7999696417 627250.6599589598))",2799
2800,122.28883361816406,"POLYGON ((-554700.2714470706 627235.413329488, -553764.7653560834 627220.1807138477, -553779.9511833426 626286.4372290847, -554715.4712507252 626301.6474647571, -554700.2714470706 627235.413329488))",2800
2801,199.6121063232422,"POLYGON ((-553764.7653560834 627220.1807138477, -552829.2816760768 627204.9621103732, -552844.4535286007 626271.2409850126, -553779.9511833426 626286.4372290847, -553764.7653560834 627220.1807138477))",2801
2802,306.84735107421875,"POLYGON ((-552829.2816760768 627204.9621103732, -551893.8203864482 627189.7575173997, -551908.9782658971 626256.0587308794, -552844.4535286007 626271.2409850126, -552829.2816760768 627204.9621103732))",2802
2803,330.451904296875,"POLYGON ((-551893.8203864482 627189.7575173997, -550958.3814665987 627174.5669332651, -550973.5253746293 626240.8904650246, -551908.9782658971 626256.0587308794, -551893.8203864482 627189.7575173997))",2803
2804,304.1732482910156,"POLYGON ((-550958.3814665987 627174.5669332651, -550022.9648959315 627159.3903563081, -550038.0948341996 626225.7361857896, -550973.5253746293 626240.8904650246, -550958.3814665987 627174.5669332651))",2804
2805,283.4078674316406,"POLYGON ((-550022.9648959315 627159.3903563081, -549087.5706538511 627144.2277848694, -549102.6866240115 626210.5958915172, -550038.0948341996 626225.7361857896, -550022.9648959315 627159.3903563081))",2805
2806,289.62603759765625,"POLYGON ((-549087.5706538511 627144.2277848694, -548152.1987197662 627129.0792172911, -548167.3007234716 626195.4695805522, -549102.6866240115 626210.5958915172, -549087.5706538511 627144.2277848694))",2806
2807,338.6543273925781,"POLYGON ((-548152.1987197662 627129.0792172911, -547216.8490730869 627113.944651917, -547231.9371119877 626180.3572512406, -548167.3007234716 626195.4695805522, -548152.1987197662 627129.0792172911))",2807
2808,227.9351806640625,"POLYGON ((-547216.8490730869 627113.944651917, -546281.5216932257 627098.8240870928, -546296.5957689717 626165.2589019306, -547231.9371119877 626180.3572512406, -547216.8490730869 627113.944651917))",2808
2809,160.8204803466797,"POLYGON ((-546281.5216932257 627098.8240870928, -545346.2165595967 627083.7175211654, -545361.276673836 626150.1745309714, -546296.5957689717 626165.2589019306, -546281.5216932257 627098.8240870928))",2809
2810,152.36654663085938,"POLYGON ((-545346.2165595967 627083.7175211654, -544410.9336516181 627068.6249524837, -544425.9798059968 626135.1041367141, -545361.276673836 626150.1745309714, -545346.2165595967 627083.7175211654))",2810
2811,92.07453918457031,"POLYGON ((-544410.9336516181 627068.6249524837, -543475.6729487096 627053.546379398, -543490.7051448718 626120.0477175115, -544425.9798059968 626135.1041367141, -544410.9336516181 627068.6249524837))",2811
2812,66.1773681640625,"POLYGON ((-543475.6729487096 627053.546379398, -542540.4344302928 627038.4818002601, -542555.4526698816 626105.005271718, -543490.7051448718 626120.0477175115, -543475.6729487096 627053.546379398))",2812
2813,,"POLYGON ((-542540.4344302928 627038.4818002601, -541605.2180757911 627023.4312134237, -541620.2223604483 626089.9767976893, -542555.4526698816 626105.005271718, -542540.4344302928 627038.4818002601))",2813
2814,61.698219299316406,"POLYGON ((-541605.2180757911 627023.4312134237, -540670.0238646335 627008.3946172443, -540685.0141959981 626074.9622937834, -541620.2223604483 626089.9767976893, -541605.2180757911 627023.4312134237))",2814
2815,120.30644226074219,"POLYGON ((-540670.0238646335 627008.3946172443, -539734.8517762478 626993.3720100783, -539749.8281559587 626059.9617583591, -540685.0141959981 626074.9622937834, -540670.0238646335 627008.3946172443))",2815
2816,18.284786224365234,"POLYGON ((-539734.8517762478 626993.3720100783, -538799.7017900652 626978.3633902844, -538814.6642197581 626044.9751897772, -539749.8281559587 626059.9617583591, -539734.8517762478 626993.3720100783))",2816
2817,322.8539123535156,"POLYGON ((-538799.7017900652 626978.3633902844, -537864.5738855201 626963.3687562228, -537879.5223668299 626030.0025864004, -538814.6642197581 626044.9751897772, -538799.7017900652 626978.3633902844))",2817
2818,372.8648376464844,"POLYGON ((-537864.5738855201 626963.3687562228, -536929.4680420482 626948.3881062549, -536944.4025766089 626015.0439465926, -537879.5223668299 626030.0025864004, -537864.5738855201 626963.3687562228))",2818
2819,472.216064453125,"POLYGON ((-536929.4680420482 626948.3881062549, -535994.3842390887 626933.4214387442, -536009.3048285313 626000.0992687196, -536944.4025766089 626015.0439465926, -536929.4680420482 626948.3881062549))",2819
2820,781.8073120117188,"POLYGON ((-535994.3842390887 626933.4214387442, -535059.3224560821 626918.4687520557, -535074.2291020359 625985.1685511486, -536009.3048285313 626000.0992687196, -535994.3842390887 626933.4214387442))",2820
2821,945.953369140625,"POLYGON ((-535059.3224560821 626918.4687520557, -534124.2826724711 626903.530044556, -534139.1753765659 625970.2517922487, -535074.2291020359 625985.1685511486, -535059.3224560821 626918.4687520557))",2821
2822,1130.0863037109375,"POLYGON ((-534124.2826724711 626903.530044556, -533189.264867702 626888.605314613, -533204.1436315638 625955.3489903902, -534139.1753765659 625970.2517922487, -534124.2826724711 626903.530044556))",2822
2823,856.1109008789062,"POLYGON ((-533189.264867702 626888.605314613, -532254.2690212223 626873.6945605968, -532269.1338464764 625940.4601439452, -533204.1436315638 625955.3489903902, -533189.264867702 626888.605314613))",2823
2824,2197.81884765625,"POLYGON ((-532254.2690212223 626873.6945605968, -531319.2951124826 626858.7977808791, -531334.1460007521 625925.5852512877, -532269.1338464764 625940.4601439452, -532254.2690212223 626873.6945605968))",2824
2825,3927.290283203125,"POLYGON ((-531319.2951124826 626858.7977808791, -530384.3431209348 626843.9149738324, -530399.1800738423 625910.724310793, -531334.1460007521 625925.5852512877, -531319.2951124826 626858.7977808791))",2825
2826,3517.803955078125,"POLYGON ((-530384.3431209348 626843.9149738324, -529449.4130260348 626829.0461378315, -529464.2360452003 625895.8773208379, -530399.1800738423 625910.724310793, -530384.3431209348 626843.9149738324))",2826
2827,3581.222412109375,"POLYGON ((-529449.4130260348 626829.0461378315, -528514.5048072387 626814.1912712529, -528529.3138942808 625881.0442798014, -529464.2360452003 625895.8773208379, -529449.4130260348 626829.0461378315))",2827
2828,3651.677001953125,"POLYGON ((-528514.5048072387 626814.1912712529, -527579.6184440068 626799.3503724744, -527594.4136005428 625866.2251860636, -528529.3138942808 625881.0442798014, -528514.5048072387 626814.1912712529))",2828
2829,3667.7685546875,"POLYGON ((-527579.6184440068 626799.3503724744, -526644.753915801 626784.5234398756, -526659.5351434464 625851.420038006, -527594.4136005428 625866.2251860636, -527579.6184440068 626799.3503724744))",2829
2830,3935.661865234375,"POLYGON ((-526644.753915801 626784.5234398756, -525709.9112020853 626769.7104718373, -525724.6785024537 625836.6288340125, -526659.5351434464 625851.420038006, -526644.753915801 626784.5234398756))",2830
2831,4051.325439453125,"POLYGON ((-525709.9112020853 626769.7104718373, -524775.0902823262 626754.9114667427, -524789.8436570299 625821.851572468, -525724.6785024537 625836.6288340125, -525709.9112020853 626769.7104718373))",2831
2832,4075.080322265625,"POLYGON ((-524775.0902823262 626754.9114667427, -523840.29113599285 626740.1264229759, -523855.0305866427 625807.088251759, -524789.8436570299 625821.851572468, -524775.0902823262 626754.9114667427))",2832
2833,4057.017822265625,"POLYGON ((-523840.29113599285 626740.1264229759, -522905.51374255586 626725.355338923, -522920.23927076056 625792.3388702743, -523855.0305866427 625807.088251759, -523840.29113599285 626740.1264229759))",2833
2834,3884.301025390625,"POLYGON ((-522905.51374255586 626725.355338923, -521970.7580814895 626710.5982129715, -521985.4696888565 625777.6034264031, -522920.23927076056 625792.3388702743, -522905.51374255586 626725.355338923))",2834
2835,3629.304931640625,"POLYGON ((-521970.7580814895 626710.5982129715, -521036.02413226943 626695.8550435108, -521050.7218204044 625762.8819185377, -521985.4696888565 625777.6034264031, -521970.7580814895 626710.5982129715))",2835
2836,3501.206787109375,"POLYGON ((-521036.02413226943 626695.8550435108, -520101.31187437265 626681.1258289315, -520115.9956448801 625748.1743450706, -521050.7218204044 625762.8819185377, -521036.02413226943 626695.8550435108))",2836
2837,2733.861328125,"POLYGON ((-520101.31187437265 626681.1258289315, -519166.6212872806 626666.4105676262, -519181.29114176356 625733.4807043968, -520115.9956448801 625748.1743450706, -520101.31187437265 626681.1258289315))",2837
2838,3088.9423828125,"POLYGON ((-519166.6212872806 626666.4105676262, -518231.95235047664 626651.7092579888, -518246.6082905354 625718.8009949127, -519181.29114176356 625733.4807043968, -519166.6212872806 626666.4105676262))",2838
2839,2218.60888671875,"POLYGON ((-518231.95235047664 626651.7092579888, -517297.3050434445 626637.0218984152, -517311.9470706786 625704.1352150163, -518246.6082905354 625718.8009949127, -518231.95235047664 626651.7092579888))",2839
2840,1617.7728271484375,"POLYGON ((-517297.3050434445 626637.0218984152, -516362.679345672 626622.3484873025, -516377.3074616791 625689.483363107, -517311.9470706786 625704.1352150163, -517297.3050434445 626637.0218984152))",2840
2841,1224.7606201171875,"POLYGON ((-516362.679345672 626622.3484873025, -515428.07523664925 626607.6890230498, -515442.6894430254 625674.8454375862, -516377.3074616791 625689.483363107, -516362.679345672 626622.3484873025))",2841
2842,1919.587890625,"POLYGON ((-515428.07523664925 626607.6890230498, -514493.4926958673 626593.0435040572, -514508.0929942073 625660.2214368564, -515442.6894430254 625674.8454375862, -515428.07523664925 626607.6890230498))",2842
2843,2206.919921875,"POLYGON ((-514493.4926958673 626593.0435040572, -513558.93170282117 626578.4119287271, -513573.5180947179 625645.6113593222, -514508.0929942073 625660.2214368564, -514493.4926958673 626593.0435040572))",2843
2844,2041.7421875,"POLYGON ((-513558.93170282117 626578.4119287271, -512624.3922370069 626563.7942954632, -512638.9647240519 625631.0152033897, -513573.5180947179 625645.6113593222, -513558.93170282117 626578.4119287271))",2844
2845,2272.5390625,"POLYGON ((-512624.3922370069 626563.7942954632, -511689.8742779235 626549.1906026709, -511704.43286170636 625616.4329674662, -512638.9647240519 625631.0152033897, -512624.3922370069 626563.7942954632))",2845
2846,2202.282470703125,"POLYGON ((-511689.8742779235 626549.1906026709, -510755.3778050721 626534.600848757, -510769.9224871809 625601.8646499614, -511704.43286170636 625616.4329674662, -511689.8742779235 626549.1906026709))",2846
2847,1980.6104736328125,"POLYGON ((-510755.3778050721 626534.600848757, -509820.90279795625 626520.02503213, -509835.4335799775 625587.3102492855, -510769.9224871809 625601.8646499614, -510755.3778050721 626534.600848757))",2847
2848,1511.8521728515625,"POLYGON ((-509820.90279795625 626520.02503213, -508886.4492360811 626505.4631512004, -508900.9661195999 625572.7697638517, -509835.4335799775 625587.3102492855, -509820.90279795625 626520.02503213))",2848
2849,245.615234375,"POLYGON ((-508886.4492360811 626505.4631512004, -507952.017098955 626490.9152043796, -507966.5200855539 625558.2431920732, -508900.9661195999 625572.7697638517, -508886.4492360811 626505.4631512004))",2849
2850,,"POLYGON ((-507952.017098955 626490.9152043796, -507017.60636608826 626476.381190081, -507032.09545734955 625543.7305323665, -507966.5200855539 625558.2431920732, -507952.017098955 626490.9152043796))",2850
2851,,"POLYGON ((-507017.60636608826 626476.381190081, -506083.2170169933 626461.8611067197, -506097.6922144968 625529.2317831483, -507032.09545734955 625543.7305323665, -507017.60636608826 626476.381190081))",2851
2852,,"POLYGON ((-506083.2170169933 626461.8611067197, -505148.8490311842 626447.3549527125, -505163.3103365089 625514.7469428376, -506097.6922144968 625529.2317831483, -506083.2170169933 626461.8611067197))",2852
2853,,"POLYGON ((-505148.8490311842 626447.3549527125, -504214.50238817884 626432.8627264774, -504228.9498029015 625500.2760098549, -505163.3103365089 625514.7469428376, -505148.8490311842 626447.3549527125))",2853
2854,,"POLYGON ((-504214.50238817884 626432.8627264774, -503280.1770674968 626418.384426434, -503294.6105931926 625485.8189826221, -504228.9498029015 625500.2760098549, -504214.50238817884 626432.8627264774))",2854
2855,,"POLYGON ((-503280.1770674968 626418.384426434, -502345.87304865906 626403.9200510039, -502360.29268690164 625471.3758595634, -503294.6105931926 625485.8189826221, -503280.1770674968 626418.384426434))",2855
2856,,"POLYGON ((-502345.87304865906 626403.9200510039, -501411.59031118965 626389.4695986103, -501425.9960635513 625456.9466391033, -502360.29268690164 625471.3758595634, -502345.87304865906 626403.9200510039))",2856
2857,,"POLYGON ((-501411.59031118965 626389.4695986103, -500477.3288346147 626375.0330676774, -500491.7207026655 625442.5313196692, -501425.9960635513 625456.9466391033, -501411.59031118965 626389.4695986103))",2857
2858,,"POLYGON ((-500477.3288346147 626375.0330676774, -499543.0885984623 626360.6104566319, -499557.4665837713 625428.1298996895, -500491.7207026655 625442.5313196692, -500477.3288346147 626375.0330676774))",2858
2859,,"POLYGON ((-499543.0885984623 626360.6104566319, -498608.8695822634 626346.2017639013, -498623.23368639825 625413.742377594, -499557.4665837713 625428.1298996895, -499543.0885984623 626360.6104566319))",2859
2860,,"POLYGON ((-498608.8695822634 626346.2017639013, -497674.671765551 626331.8069879152, -497689.02199007676 625399.3687518147, -498623.23368639825 625413.742377594, -498608.8695822634 626346.2017639013))",2860
2861,,"POLYGON ((-497674.671765551 626331.8069879152, -496740.49512785964 626317.4261271043, -496754.8314743412 625385.009020785, -497689.02199007676 625399.3687518147, -497674.671765551 626331.8069879152))",2861
2862,,"POLYGON ((-496740.49512785964 626317.4261271043, -495806.33964872756 626303.0591799016, -495820.662118727 625370.6631829395, -496754.8314743412 625385.009020785, -496740.49512785964 626317.4261271043))",2862
2863,,"POLYGON ((-495806.33964872756 626303.0591799016, -494872.2053076939 626288.7061447413, -494886.513902772 625356.3312367145, -495820.662118727 625370.6631829395, -495806.33964872756 626303.0591799016))",2863
2864,,"POLYGON ((-494872.2053076939 626288.7061447413, -493938.0920843007 626274.3670200591, -493952.3868060168 625342.0131805487, -494886.513902772 625356.3312367145, -494872.2053076939 626288.7061447413))",2864
2865,,"POLYGON ((-493938.0920843007 626274.3670200591, -493003.999958092 626260.0418042926, -493018.2808080036 625327.7090128812, -493952.3868060168 625342.0131805487, -493938.0920843007 626274.3670200591))",2865
2866,,"POLYGON ((-493003.999958092 626260.0418042926, -492069.9289086143 626245.7304958807, -492084.19588827796 625313.4187321534, -493018.2808080036 625327.7090128812, -493003.999958092 626260.0418042926))",2866
2867,,"POLYGON ((-492069.9289086143 626245.7304958807, -491135.87891541584 626231.4330932641, -491150.13202638633 625299.1423368086, -492084.19588827796 625313.4187321534, -492069.9289086143 626245.7304958807))",2867
2868,,"POLYGON ((-491135.87891541584 626231.4330932641, -490201.8499580481 626217.1495948851, -490216.0892018777 625284.8798252908, -491150.13202638633 625299.1423368086, -491135.87891541584 626231.4330932641))",2868
2869,,"POLYGON ((-490201.8499580481 626217.1495948851, -489267.84201606363 626202.8799991874, -489282.067394304 625270.6311960461, -490216.0892018777 625284.8798252908, -490201.8499580481 626217.1495948851))",2869
2870,,"POLYGON ((-565943.4677482056 626485.2622448285, -565007.6771211964 626469.8839797279, -565023.007979393 625535.8700877936, -565958.8125820952 625551.2257246088, -565943.4677482056 626485.2622448285))",2870
2871,,"POLYGON ((-565007.6771211964 626469.8839797279, -564071.9091542556 626454.5197262975, -564087.2260384366 625520.5284420534, -565023.007979393 625535.8700877936, -565007.6771211964 626469.8839797279))",2871
2872,,"POLYGON ((-564071.9091542556 626454.5197262975, -563136.1638267513 626439.1694828562, -563151.4667385931 625505.2007857097, -564087.2260384366 625520.5284420534, -564071.9091542556 626454.5197262975))",2872
2873,,"POLYGON ((-563136.1638267513 626439.1694828562, -562200.4411180536 626423.833247724, -562215.7300592307 625489.8871170848, -563151.4667385931 625505.2007857097, -563136.1638267513 626439.1694828562))",2873
2874,,"POLYGON ((-562200.4411180536 626423.833247724, -561264.741007535 626408.511019223, -561280.0159797203 625474.5874345029, -562215.7300592307 625489.8871170848, -562200.4411180536 626423.833247724))",2874
2875,60.50897979736328,"POLYGON ((-561264.741007535 626408.511019223, -560329.0634745704 626393.2027956763, -560344.3244794353 625459.3017362899, -561280.0159797203 625474.5874345029, -561264.741007535 626408.511019223))",2875
2876,43.9711799621582,"POLYGON ((-560329.0634745704 626393.2027956763, -559393.4084985373 626377.9085754091, -559408.6555377522 625444.0300207734, -560344.3244794353 625459.3017362899, -560329.0634745704 626393.2027956763))",2876
2877,39.125064849853516,"POLYGON ((-559393.4084985373 626377.9085754091, -558457.7760588159 626362.628356748, -558473.0091340486 625428.7722862823, -559408.6555377522 625444.0300207734, -559393.4084985373 626377.9085754091))",2877
2878,44.83038330078125,"POLYGON ((-558457.7760588159 626362.628356748, -557522.166134788 626347.3621380216, -557537.3852477046 625413.5285311473, -558473.0091340486 625428.7722862823, -558457.7760588159 626362.628356748))",2878
2879,74.70838165283203,"POLYGON ((-557522.166134788 626347.3621380216, -556586.5787058386 626332.1099175597, -556601.7838581044 625398.2987537012, -557537.3852477046 625413.5285311473, -557522.166134788 626347.3621380216))",2879
2880,86.29105377197266,"POLYGON ((-556586.5787058386 626332.1099175597, -555651.0137513543 626316.8716936936, -555666.2049446325 625383.0829522774, -556601.7838581044 625398.2987537012, -556586.5787058386 626332.1099175597))",2880
2881,99.74540710449219,"POLYGON ((-555651.0137513543 626316.8716936936, -554715.4712507252 626301.6474647571, -554730.6484866773 625367.8811252117, -555666.2049446325 625383.0829522774, -555651.0137513543 626316.8716936936))",2881
2882,117.50007629394531,"POLYGON ((-554715.4712507252 626301.6474647571, -553779.9511833426 626286.4372290847, -553795.1144636285 625352.6932708415, -554730.6484866773 625367.8811252117, -554715.4712507252 626301.6474647571))",2882
2883,229.74891662597656,"POLYGON ((-553779.9511833426 626286.4372290847, -552844.4535286007 626271.2409850126, -552859.6028548791 625337.5193875055, -553795.1144636285 625352.6932708415, -553779.9511833426 626286.4372290847))",2883
2884,315.42559814453125,"POLYGON ((-552844.4535286007 626271.2409850126, -551908.9782658971 626256.0587308794, -551924.1136398241 625322.3594735443, -552859.6028548791 625337.5193875055, -552844.4535286007 626271.2409850126))",2884
2885,374.5316162109375,"POLYGON ((-551908.9782658971 626256.0587308794, -550973.5253746293 626240.8904650246, -550988.6467978605 625307.2135272998, -551924.1136398241 625322.3594735443, -551908.9782658971 626256.0587308794))",2885
2886,336.52093505859375,"POLYGON ((-550973.5253746293 626240.8904650246, -550038.0948341996 626225.7361857896, -550053.2023083889 625292.081547116, -550988.6467978605 625307.2135272998, -550973.5253746293 626240.8904650246))",2886
2887,311.10015869140625,"POLYGON ((-550038.0948341996 626225.7361857896, -549102.6866240115 626210.5958915172, -549117.78015081 625276.9635313379, -550053.2023083889 625292.081547116, -550038.0948341996 626225.7361857896))",2887
2888,319.0115661621094,"POLYGON ((-549102.6866240115 626210.5958915172, -548167.3007234716 626195.4695805522, -548182.3803045301 625261.8594783128, -549117.78015081 625276.9635313379, -549102.6866240115 626210.5958915172))",2888
2889,315.7742919921875,"POLYGON ((-548167.3007234716 626195.4695805522, -547231.9371119877 626180.3572512406, -547247.0027489548 625246.7693863891, -548182.3803045301 625261.8594783128, -548167.3007234716 626195.4695805522))",2889
2890,272.0494384765625,"POLYGON ((-547231.9371119877 626180.3572512406, -546296.5957689717 626165.2589019306, -546311.6474634944 625231.6932539172, -547247.0027489548 625246.7693863891, -547231.9371119877 626180.3572512406))",2890
2891,222.66079711914062,"POLYGON ((-546296.5957689717 626165.2589019306, -545361.276673836 626150.1745309714, -545376.3144275598 625216.6310792487, -546311.6474634944 625231.6932539172, -546296.5957689717 626165.2589019306))",2891
2892,177.83657836914062,"POLYGON ((-545361.276673836 626150.1745309714, -544425.9798059968 626135.1041367141, -544441.0036205653 625201.5828607372, -545376.3144275598 625216.6310792487, -545361.276673836 626150.1745309714))",2892
2893,131.0103759765625,"POLYGON ((-544425.9798059968 626135.1041367141, -543490.7051448718 626120.0477175115, -543505.715021927 625186.5485967378, -544441.0036205653 625201.5828607372, -544425.9798059968 626135.1041367141))",2893
2894,94.34756469726562,"POLYGON ((-543490.7051448718 626120.0477175115, -542555.4526698816 626105.005271718, -542570.4486110646 625171.5282856071, -543505.715021927 625186.5485967378, -543490.7051448718 626120.0477175115))",2894
2895,,"POLYGON ((-542555.4526698816 626105.005271718, -541620.2223604483 626089.9767976893, -541635.2043673975 625156.5219257034, -542570.4486110646 625171.5282856071, -542555.4526698816 626105.005271718))",2895
2896,,"POLYGON ((-541620.2223604483 626089.9767976893, -540685.0141959981 626074.9622937834, -540699.9822703515 625141.5295153868, -541635.2043673975 625156.5219257034, -541620.2223604483 626089.9767976893))",2896
2897,,"POLYGON ((-540685.0141959981 626074.9622937834, -539749.8281559587 626059.9617583591, -539764.7822993508 625126.5510530189, -540699.9822703515 625141.5295153868, -540685.0141959981 626074.9622937834))",2897
2898,191.73516845703125,"POLYGON ((-539749.8281559587 626059.9617583591, -538814.6642197581 626044.9751897772, -538829.6044338243 625111.5865369627, -539764.7822993508 625126.5510530189, -539749.8281559587 626059.9617583591))",2898
2899,622.280517578125,"POLYGON ((-538814.6642197581 626044.9751897772, -537879.5223668299 626030.0025864004, -537894.4486532022 625096.6359655827, -538829.6044338243 625111.5865369627, -538814.6642197581 626044.9751897772))",2899
2900,579.5855712890625,"POLYGON ((-537879.5223668299 626030.0025864004, -536944.4025766089 626015.0439465926, -536959.3149369179 625081.6993372459, -537894.4486532022 625096.6359655827, -537879.5223668299 626030.0025864004))",2900
2901,865.2096557617188,"POLYGON ((-536944.4025766089 626015.0439465926, -536009.3048285313 626000.0992687196, -536024.2032644064 625066.77665032, -536959.3149369179 625081.6993372459, -536944.4025766089 626015.0439465926))",2901
2902,1368.092041015625,"POLYGON ((-536009.3048285313 626000.0992687196, -535074.2291020359 625985.1685511486, -535089.113615105 625051.8679031746, -536024.2032644064 625066.77665032, -536009.3048285313 626000.0992687196))",2902
2903,1347.721923828125,"POLYGON ((-535074.2291020359 625985.1685511486, -534139.1753765659 625970.2517922487, -534154.0459684543 625036.973094181, -535089.113615105 625051.8679031746, -535074.2291020359 625985.1685511486))",2903
2904,1462.52880859375,"POLYGON ((-534139.1753765659 625970.2517922487, -533204.1436315638 625955.3489903902, -533219.0003038965 625022.0922217123, -534154.0459684543 625036.973094181, -534139.1753765659 625970.2517922487))",2904
2905,1724.702392578125,"POLYGON ((-533204.1436315638 625955.3489903902, -532269.1338464764 625940.4601439452, -532283.9766008761 625007.2252841427, -533219.0003038965 625022.0922217123, -533204.1436315638 625955.3489903902))",2905
2906,3989.3994140625,"POLYGON ((-532269.1338464764 625940.4601439452, -531334.1460007521 625925.5852512877, -531348.9748388405 624992.3722798487, -532283.9766008761 625007.2252841427, -532269.1338464764 625940.4601439452))",2906
2907,4482.73583984375,"POLYGON ((-531334.1460007521 625925.5852512877, -530399.1800738423 625910.724310793, -530413.9949972383 624977.5332072073, -531348.9748388405 624992.3722798487, -531334.1460007521 625925.5852512877))",2907
2908,3939.551025390625,"POLYGON ((-530399.1800738423 625910.724310793, -529464.2360452003 625895.8773208379, -529479.0370555217 624962.7080645984, -530413.9949972383 624977.5332072073, -530399.1800738423 625910.724310793))",2908
2909,3630.00732421875,"POLYGON ((-529464.2360452003 625895.8773208379, -528529.3138942808 625881.0442798014, -528544.1009931443 624947.8968504028, -529479.0370555217 624962.7080645984, -529464.2360452003 625895.8773208379))",2909
2910,3617.743408203125,"POLYGON ((-528529.3138942808 625881.0442798014, -527594.4136005428 625866.2251860636, -527609.1867895635 624933.099563003, -528544.1009931443 624947.8968504028, -528529.3138942808 625881.0442798014))",2910
2911,4249.822265625,"POLYGON ((-527594.4136005428 625866.2251860636, -526659.5351434464 625851.420038006, -526674.2944242368 624918.3162007832, -527609.1867895635 624933.099563003, -527594.4136005428 625866.2251860636))",2911
2912,4669.21728515625,"POLYGON ((-526659.5351434464 625851.420038006, -525724.6785024537 625836.6288340125, -525739.4238766253 624903.5467621294, -526674.2944242368 624918.3162007832, -526659.5351434464 625851.420038006))",2912
2913,4439.30224609375,"POLYGON ((-525724.6785024537 625836.6288340125, -524789.8436570299 625821.851572468, -524804.575126193 624888.7912454285, -525739.4238766253 624903.5467621294, -525724.6785024537 625836.6288340125))",2913
2914,5250.2685546875,"POLYGON ((-524789.8436570299 625821.851572468, -523855.0305866427 625807.088251759, -523869.7481524054 624874.04964907, -524804.575126193 624888.7912454285, -524789.8436570299 625821.851572468))",2914
2915,4708.66357421875,"POLYGON ((-523855.0305866427 625807.088251759, -522920.23927076056 625792.3388702743, -522934.9429347296 624859.3219714442, -523869.7481524054 624874.04964907, -523855.0305866427 625807.088251759))",2915
2916,3725.86767578125,"POLYGON ((-522920.23927076056 625792.3388702743, -521985.4696888565 625777.6034264031, -522000.15945263684 624844.6082109433, -522934.9429347296 624859.3219714442, -522920.23927076056 625792.3388702743))",2916
2917,3813.07470703125,"POLYGON ((-521985.4696888565 625777.6034264031, -521050.7218204044 625762.8819185377, -521065.39768559986 624829.9083659614, -522000.15945263684 624844.6082109433, -521985.4696888565 625777.6034264031))",2917
2918,4023.305419921875,"POLYGON ((-521050.7218204044 625762.8819185377, -520115.9956448801 625748.1743450706, -520130.6576130927 624815.2224348936, -521065.39768559986 624829.9083659614, -521050.7218204044 625762.8819185377))",2918
2919,4168.1005859375,"POLYGON ((-520115.9956448801 625748.1743450706, -519181.29114176356 625733.4807043968, -519195.9392145929 624800.5504161373, -520130.6576130927 624815.2224348936, -520115.9956448801 625748.1743450706))",2919
2920,3830.0859375,"POLYGON ((-519181.29114176356 625733.4807043968, -518246.6082905354 625718.8009949127, -518261.24246958026 624785.8923080909, -519195.9392145929 624800.5504161373, -519181.29114176356 625733.4807043968))",2920
2921,2584.6748046875,"POLYGON ((-518246.6082905354 625718.8009949127, -517311.9470706786 625704.1352150163, -517326.5673575363 624771.2481091549, -518261.24246958026 624785.8923080909, -518246.6082905354 625718.8009949127))",2921
2922,2271.000244140625,"POLYGON ((-517311.9470706786 625704.1352150163, -516377.3074616791 625689.483363107, -516391.91385794524 624756.6178177308, -517326.5673575363 624771.2481091549, -517311.9470706786 625704.1352150163))",2922
2923,1188.706298828125,"POLYGON ((-516377.3074616791 625689.483363107, -515442.6894430254 625674.8454375862, -515457.28195029346 624742.0014322224, -516391.91385794524 624756.6178177308, -516377.3074616791 625689.483363107))",2923
2924,1415.1639404296875,"POLYGON ((-515442.6894430254 625674.8454375862, -514508.0929942073 625660.2214368564, -514522.6716140697 624727.3989510349, -515457.28195029346 624742.0014322224, -515442.6894430254 625674.8454375862))",2924
2925,1830.852294921875,"POLYGON ((-514508.0929942073 625660.2214368564, -513573.5180947179 625645.6113593222, -513588.0828287654 624712.8103725745, -514522.6716140697 624727.3989510349, -514508.0929942073 625660.2214368564))",2925
2926,2124.03515625,"POLYGON ((-513573.5180947179 625645.6113593222, -512638.9647240519 625631.0152033897, -512653.51557387295 624698.2356952499, -513588.0828287654 624712.8103725745, -513573.5180947179 625645.6113593222))",2926
2927,1926.5933837890625,"POLYGON ((-512638.9647240519 625631.0152033897, -511704.43286170636 625616.4329674662, -511718.96982888866 624683.6749174708, -512653.51557387295 624698.2356952499, -512638.9647240519 625631.0152033897))",2927
2928,976.2967529296875,"POLYGON ((-511704.43286170636 625616.4329674662, -510769.9224871809 625601.8646499614, -510784.44557331025 624669.1280376487, -511718.96982888866 624683.6749174708, -511704.43286170636 625616.4329674662))",2928
2929,488.4633483886719,"POLYGON ((-510769.9224871809 625601.8646499614, -509835.4335799775 625587.3102492855, -509849.9427866383 624654.595054197, -510784.44557331025 624669.1280376487, -510769.9224871809 625601.8646499614))",2929
2930,107.29540252685547,"POLYGON ((-509835.4335799775 625587.3102492855, -508900.9661195999 625572.7697638517, -508915.46144837444 624640.0759655302, -509849.9427866383 624654.595054197, -509835.4335799775 625587.3102492855))",2930
2931,,"POLYGON ((-508900.9661195999 625572.7697638517, -507966.5200855539 625558.2431920732, -507981.0015380237 624625.5707700647, -508915.46144837444 624640.0759655302, -508900.9661195999 625572.7697638517))",2931
2932,,"POLYGON ((-507966.5200855539 625558.2431920732, -507032.09545734955 625543.7305323665, -507046.5630350942 624611.0794662182, -507981.0015380237 624625.5707700647, -507966.5200855539 625558.2431920732))",2932
2933,,"POLYGON ((-507032.09545734955 625543.7305323665, -506097.6922144968 625529.2317831483, -506112.14591909316 624596.6020524106, -507046.5630350942 624611.0794662182, -507032.09545734955 625543.7305323665))",2933
2934,,"POLYGON ((-506097.6922144968 625529.2317831483, -505163.3103365089 625514.7469428376, -505177.7501695341 624582.1385270627, -506112.14591909316 624596.6020524106, -506097.6922144968 625529.2317831483))",2934
2935,,"POLYGON ((-505163.3103365089 625514.7469428376, -504228.9498029015 625500.2760098549, -504243.3757659296 624567.6888885974, -505177.7501695341 624582.1385270627, -505163.3103365089 625514.7469428376))",2935
2936,,"POLYGON ((-504228.9498029015 625500.2760098549, -503294.6105931926 625485.8189826221, -503309.02268779674 624553.2531354389, -504243.3757659296 624567.6888885974, -504228.9498029015 625500.2760098549))",2936
2937,,"POLYGON ((-503294.6105931926 625485.8189826221, -502360.29268690164 625471.3758595634, -502374.69091465394 624538.8312660134, -503309.02268779674 624553.2531354389, -503294.6105931926 625485.8189826221))",2937
2938,,"POLYGON ((-502360.29268690164 625471.3758595634, -501425.9960635513 625456.9466391033, -501440.3804260201 624524.423278748, -502374.69091465394 624538.8312660134, -502360.29268690164 625471.3758595634))",2938
2939,,"POLYGON ((-501425.9960635513 625456.9466391033, -500491.7207026655 625442.5313196692, -500506.09120141994 624510.0291720723, -501440.3804260201 624524.423278748, -501425.9960635513 625456.9466391033))",2939
2940,,"POLYGON ((-500491.7207026655 625442.5313196692, -499557.4665837713 625428.1298996895, -499571.8232203779 624495.6489444168, -500506.09120141994 624510.0291720723, -500491.7207026655 625442.5313196692))",2940
2941,,"POLYGON ((-499557.4665837713 625428.1298996895, -498623.23368639825 625413.742377594, -498637.5764624219 624481.2825942138, -499571.8232203779 624495.6489444168, -499557.4665837713 625428.1298996895))",2941
2942,,"POLYGON ((-498623.23368639825 625413.742377594, -497689.02199007676 625399.3687518147, -497703.3509070814 624466.9301198975, -498637.5764624219 624481.2825942138, -498623.23368639825 625413.742377594))",2942
2943,,"POLYGON ((-497689.02199007676 625399.3687518147, -496754.8314743412 625385.009020785, -496769.1465338884 624452.591519903, -497703.3509070814 624466.9301198975, -497689.02199007676 625399.3687518147))",2943
2944,,"POLYGON ((-496754.8314743412 625385.009020785, -495820.662118727 625370.6631829395, -495834.9633223766 624438.2667926677, -496769.1465338884 624452.591519903, -496754.8314743412 625385.009020785))",2944
2945,,"POLYGON ((-495820.662118727 625370.6631829395, -494886.513902772 625356.3312367145, -494900.8012520828 624423.9559366303, -495834.9633223766 624438.2667926677, -495820.662118727 625370.6631829395))",2945
2946,,"POLYGON ((-494886.513902772 625356.3312367145, -493952.3868060168 625342.0131805487, -493966.6603025461 624409.658950231, -494900.8012520828 624423.9559366303, -494886.513902772 625356.3312367145))",2946
2947,,"POLYGON ((-493952.3868060168 625342.0131805487, -493018.2808080036 625327.7090128812, -493032.54045330675 624395.375831912, -493966.6603025461 624409.658950231, -493952.3868060168 625342.0131805487))",2947
2948,,"POLYGON ((-493018.2808080036 625327.7090128812, -492084.19588827796 625313.4187321534, -492098.4416839087 624381.1065801166, -493032.54045330675 624395.375831912, -493018.2808080036 625327.7090128812))",2948
2949,,"POLYGON ((-492084.19588827796 625313.4187321534, -491150.13202638633 625299.1423368086, -491164.36397389683 624366.85119329, -492098.4416839087 624381.1065801166, -492084.19588827796 625313.4187321534))",2949
2950,,"POLYGON ((-491150.13202638633 625299.1423368086, -490216.0892018777 625284.8798252908, -490230.30730281863 624352.6096698787, -491164.36397389683 624366.85119329, -491150.13202638633 625299.1423368086))",2950
2951,,"POLYGON ((-490216.0892018777 625284.8798252908, -489282.067394304 625270.6311960461, -489296.2716502246 624338.3820083314, -490230.30730281863 624352.6096698787, -490216.0892018777 625284.8798252908))",2951
2952,,"POLYGON ((-565958.8125820952 625551.2257246088, -565023.007979393 625535.8700877936, -565038.3160413422 624601.8557069971, -565974.1345989788 624617.1887141785, -565958.8125820952 625551.2257246088))",2952
2953,,"POLYGON ((-565023.007979393 625535.8700877936, -564087.2260384366 625520.5284420534, -564102.5201471269 624586.5366702944, -565038.3160413422 624601.8557069971, -565023.007979393 625535.8700877936))",2953
2954,,"POLYGON ((-564087.2260384366 625520.5284420534, -563151.4667385931 625505.2007857097, -563166.7468956984 624571.231602394, -564102.5201471269 624586.5366702944, -564087.2260384366 625520.5284420534))",2954
2955,,"POLYGON ((-563151.4667385931 625505.2007857097, -562215.7300592307 625489.8871170848, -562230.9962664228 624555.9405016206, -563166.7468956984 624571.231602394, -563151.4667385931 625505.2007857097))",2955
2956,,"POLYGON ((-562215.7300592307 625489.8871170848, -561280.0159797203 625474.5874345029, -561295.2682386702 624540.6633663012, -562230.9962664228 624555.9405016206, -562215.7300592307 625489.8871170848))",2956
2957,53.654476165771484,"POLYGON ((-561280.0159797203 625474.5874345029, -560344.3244794353 625459.3017362899, -560359.5627918122 624525.4001947639, -561295.2682386702 624540.6633663012, -561280.0159797203 625474.5874345029))",2957
2958,51.3052864074707,"POLYGON ((-560344.3244794353 625459.3017362899, -559408.6555377522 625444.0300207734, -559423.8799052227 624510.1509853384, -560359.5627918122 624525.4001947639, -560344.3244794353 625459.3017362899))",2958
2959,50.68233108520508,"POLYGON ((-559408.6555377522 625444.0300207734, -558473.0091340486 625428.7722862823, -558488.2195582783 624494.9157363564, -559423.8799052227 624510.1509853384, -559408.6555377522 625444.0300207734))",2959
2960,47.76345443725586,"POLYGON ((-558473.0091340486 625428.7722862823, -557537.3852477046 625413.5285311473, -557552.5817303585 624479.6944461509, -558488.2195582783 624494.9157363564, -558473.0091340486 625428.7722862823))",2960
2961,84.42523193359375,"POLYGON ((-557537.3852477046 625413.5285311473, -556601.7838581044 625398.2987537012, -556616.9664008443 624464.4871130568, -557552.5817303585 624479.6944461509, -557537.3852477046 625413.5285311473))",2961
2962,79.3901138305664,"POLYGON ((-556601.7838581044 625398.2987537012, -555666.2049446325 625383.0829522774, -555681.3735491198 624449.2937354104, -556616.9664008443 624464.4871130568, -556601.7838581044 625398.2987537012))",2962
2963,93.92886352539062,"POLYGON ((-555666.2049446325 625383.0829522774, -554730.6484866773 625367.8811252117, -554745.8031545707 624434.1143115497, -555681.3735491198 624449.2937354104, -555666.2049446325 625383.0829522774))",2963
2964,116.16413879394531,"POLYGON ((-554730.6484866773 625367.8811252117, -553795.1144636285 625352.6932708415, -553810.2551965858 624418.9488398144, -554745.8031545707 624434.1143115497, -554730.6484866773 625367.8811252117))",2964
2965,183.91217041015625,"POLYGON ((-553795.1144636285 625352.6932708415, -552859.6028548791 625337.5193875055, -552874.7296545561 624403.7973185455, -553810.2551965858 624418.9488398144, -553795.1144636285 625352.6932708415))",2965
2966,253.4686279296875,"POLYGON ((-552859.6028548791 625337.5193875055, -551924.1136398241 625322.3594735443, -551939.2265078751 624388.6597460861, -552874.7296545561 624403.7973185455, -552859.6028548791 625337.5193875055))",2966
2967,337.0191345214844,"POLYGON ((-551924.1136398241 625322.3594735443, -550988.6467978605 625307.2135272998, -551003.7457359384 624373.5361207807, -551939.2265078751 624388.6597460861, -551924.1136398241 625322.3594735443))",2967
2968,313.0001220703125,"POLYGON ((-550988.6467978605 625307.2135272998, -550053.2023083889 625292.081547116, -550068.2873181447 624358.4264409752, -551003.7457359384 624373.5361207807, -550988.6467978605 625307.2135272998))",2968
2969,261.7113342285156,"POLYGON ((-550053.2023083889 625292.081547116, -549117.78015081 625276.9635313379, -549132.851233894 624343.3307050175, -550068.2873181447 624358.4264409752, -550053.2023083889 625292.081547116))",2969
2970,287.9739685058594,"POLYGON ((-549117.78015081 625276.9635313379, -548182.3803045301 625261.8594783128, -548197.4374625888 624328.2489112569, -549132.851233894 624343.3307050175, -549117.78015081 625276.9635313379))",2970
2971,320.8555908203125,"POLYGON ((-548182.3803045301 625261.8594783128, -547247.0027489548 625246.7693863891, -547262.0459836355 624313.1810580442, -548197.4374625888 624328.2489112569, -548182.3803045301 625261.8594783128))",2971
2972,260.3215637207031,"POLYGON ((-547247.0027489548 625246.7693863891, -546311.6474634944 625231.6932539172, -546326.6767764409 624298.1271437324, -547262.0459836355 624313.1810580442, -547247.0027489548 625246.7693863891))",2972
2973,304.8924865722656,"POLYGON ((-546311.6474634944 625231.6932539172, -545376.3144275598 625216.6310792487, -545391.3298204155 624283.0871666753, -546326.6767764409 624298.1271437324, -546311.6474634944 625231.6932539172))",2973
2974,254.42250061035156,"POLYGON ((-545376.3144275598 625216.6310792487, -544441.0036205653 625201.5828607372, -544456.0050949719 624268.061125229, -545391.3298204155 624283.0871666753, -545376.3144275598 625216.6310792487))",2974
2975,167.88758850097656,"POLYGON ((-544441.0036205653 625201.5828607372, -543505.715021927 625186.5485967378, -543520.7025795245 624253.0490177508, -544456.0050949719 624268.061125229, -544441.0036205653 625201.5828607372))",2975
2976,177.96673583984375,"POLYGON ((-543505.715021927 625186.5485967378, -542570.4486110646 625171.5282856071, -542585.4222534902 624238.0508425996, -543520.7025795245 624253.0490177508, -543505.715021927 625186.5485967378))",2976
2977,11.898561477661133,"POLYGON ((-542570.4486110646 625171.5282856071, -541635.2043673975 625156.5219257034, -541650.1640962888 624223.0665981364, -542585.4222534902 624238.0508425996, -542570.4486110646 625171.5282856071))",2977
2978,,"POLYGON ((-541635.2043673975 625156.5219257034, -540699.9822703515 625141.5295153868, -540714.9280873428 624208.0962827234, -541650.1640962888 624223.0665981364, -541635.2043673975 625156.5219257034))",2978
2979,,"POLYGON ((-540699.9822703515 625141.5295153868, -539764.7822993508 625126.5510530189, -539779.7142060758 624193.1398947245, -540714.9280873428 624208.0962827234, -540699.9822703515 625141.5295153868))",2979
2980,505.26055908203125,"POLYGON ((-539764.7822993508 625126.5510530189, -538829.6044338243 625111.5865369627, -538844.5224319143 624178.1974325052, -539779.7142060758 624193.1398947245, -539764.7822993508 625126.5510530189))",2980
2981,716.2506713867188,"POLYGON ((-538829.6044338243 625111.5865369627, -537894.4486532022 625096.6359655827, -537909.3527442877 624163.2688944323, -538844.5224319143 624178.1974325052, -538829.6044338243 625111.5865369627))",2981
2982,713.0775146484375,"POLYGON ((-537894.4486532022 625096.6359655827, -536959.3149369179 625081.6993372459, -536974.205122627 624148.3542788752, -537909.3527442877 624163.2688944323, -537894.4486532022 625096.6359655827))",2982
2983,1254.0926513671875,"POLYGON ((-536959.3149369179 625081.6993372459, -536024.2032644064 625066.77665032, -536039.0795463666 624133.4535842038, -536974.205122627 624148.3542788752, -536959.3149369179 625081.6993372459))",2983
2984,1657.5906982421875,"POLYGON ((-536024.2032644064 625066.77665032, -535089.113615105 625051.8679031746, -535103.9759949414 624118.5668087903, -536039.0795463666 624133.4535842038, -536024.2032644064 625066.77665032))",2984
2985,1695.4974365234375,"POLYGON ((-535089.113615105 625051.8679031746, -534154.0459684543 625036.973094181, -534168.8944477901 624103.6939510083, -535103.9759949414 624118.5668087903, -535089.113615105 625051.8679031746))",2985
2986,1700.3037109375,"POLYGON ((-534154.0459684543 625036.973094181, -533219.0003038965 625022.0922217123, -533233.834884354 624088.8350092329, -534168.8944477901 624103.6939510083, -534154.0459684543 625036.973094181))",2986
2987,1646.9276123046875,"POLYGON ((-533219.0003038965 625022.0922217123, -532283.9766008761 625007.2252841427, -532298.7972840758 624073.989981841, -533233.834884354 624088.8350092329, -533219.0003038965 625022.0922217123))",2987
2988,3457.201171875,"POLYGON ((-532283.9766008761 625007.2252841427, -531348.9748388405 624992.3722798487, -531363.7816264011 624059.158867211, -532298.7972840758 624073.989981841, -532283.9766008761 625007.2252841427))",2988
2989,4491.1259765625,"POLYGON ((-531348.9748388405 624992.3722798487, -530413.9949972383 624977.5332072073, -530428.7878907771 624044.3416637228, -531363.7816264011 624059.158867211, -531348.9748388405 624992.3722798487))",2989
2990,4221.47216796875,"POLYGON ((-530413.9949972383 624977.5332072073, -529479.0370555217 624962.7080645984, -529493.8160566546 624029.5383697583, -530428.7878907771 624044.3416637228, -530413.9949972383 624977.5332072073))",2990
2991,3621.945068359375,"POLYGON ((-529479.0370555217 624962.7080645984, -528544.1009931443 624947.8968504028, -528558.8661034853 624014.7489837006, -529493.8160566546 624029.5383697583, -529479.0370555217 624962.7080645984))",2991
2992,3251.418701171875,"POLYGON ((-528544.1009931443 624947.8968504028, -527609.1867895635 624933.099563003, -527623.9380107244 623999.9735039348, -528558.8661034853 624014.7489837006, -528544.1009931443 624947.8968504028))",2992
2993,5002.0263671875,"POLYGON ((-527609.1867895635 624933.099563003, -526674.2944242368 624918.3162007832, -526689.0317578287 623985.2119288471, -527623.9380107244 623999.9735039348, -527609.1867895635 624933.099563003))",2993
2994,5012.13134765625,"POLYGON ((-526674.2944242368 624918.3162007832, -525739.4238766253 624903.5467621294, -525754.1473242575 623970.4642568259, -526689.0317578287 623985.2119288471, -526674.2944242368 624918.3162007832))",2994
2995,5208.95166015625,"POLYGON ((-525739.4238766253 624903.5467621294, -524804.575126193 624888.7912454285, -524819.2846894731 623955.7304862605, -525754.1473242575 623970.4642568259, -525739.4238766253 624903.5467621294))",2995
2996,5259.0283203125,"POLYGON ((-524804.575126193 624888.7912454285, -523869.7481524054 624874.04964907, -523884.44383293914 623941.0106155428, -524819.2846894731 623955.7304862605, -524804.575126193 624888.7912454285))",2996
2997,5233.4716796875,"POLYGON ((-523869.7481524054 624874.04964907, -522934.9429347296 624859.3219714442, -522949.6247341221 623926.3046430651, -523884.44383293914 623941.0106155428, -523869.7481524054 624874.04964907))",2997
2998,4326.279296875,"POLYGON ((-522934.9429347296 624859.3219714442, -522000.15945263684 624844.6082109433, -522014.82737248996 623911.6125672222, -522949.6247341221 623926.3046430651, -522934.9429347296 624859.3219714442))",2998
2999,4131.7529296875,"POLYGON ((-522000.15945263684 624844.6082109433, -521065.39768559986 624829.9083659614, -521080.0517275146 623896.9343864105, -522014.82737248996 623911.6125672222, -522000.15945263684 624844.6082109433))",2999
3000,3547.57666015625,"POLYGON ((-521065.39768559986 624829.9083659614, -520130.6576130927 624815.2224348936, -520145.2977786694 623882.2700990273, -521080.0517275146 623896.9343864105, -521065.39768559986 624829.9083659614))",3000
3001,3312.964599609375,"POLYGON ((-520130.6576130927 624815.2224348936, -519195.9392145929 624800.5504161373, -519210.5655054288 623867.6197034724, -520145.2977786694 623882.2700990273, -520130.6576130927 624815.2224348936))",3001
3002,3808.639404296875,"POLYGON ((-519195.9392145929 624800.5504161373, -518261.24246958026 624785.8923080909, -518275.8548872719 623852.9831981461, -519210.5655054288 623867.6197034724, -519195.9392145929 624800.5504161373))",3002
3003,3314.583740234375,"POLYGON ((-518261.24246958026 624785.8923080909, -517326.5673575363 624771.2481091549, -517341.16590367816 623838.3605814517, -518275.8548872719 623852.9831981461, -518261.24246958026 624785.8923080909))",3003
3004,3044.6591796875,"POLYGON ((-517326.5673575363 624771.2481091549, -516391.91385794524 624756.6178177308, -516406.498534131 623823.751851793, -517341.16590367816 623838.3605814517, -517326.5673575363 624771.2481091549))",3004
3005,1608.6107177734375,"POLYGON ((-516391.91385794524 624756.6178177308, -515457.28195029346 624742.0014322224, -515471.8527581146 623809.1570075757, -516406.498534131 623823.751851793, -516391.91385794524 624756.6178177308))",3005
3006,1086.486572265625,"POLYGON ((-515457.28195029346 624742.0014322224, -514522.6716140697 624727.3989510349, -514537.22855511575 623794.5760472076, -515471.8527581146 623809.1570075757, -515457.28195029346 624742.0014322224))",3006
3007,1466.832275390625,"POLYGON ((-514522.6716140697 624727.3989510349, -513588.0828287654 624712.8103725745, -513602.62590462493 623780.0089690972, -514537.22855511575 623794.5760472076, -514522.6716140697 624727.3989510349))",3007
3008,1584.220703125,"POLYGON ((-513588.0828287654 624712.8103725745, -512653.51557387295 624698.2356952499, -512668.0447861332 623765.4557716554, -513602.62590462493 623780.0089690972, -513588.0828287654 624712.8103725745))",3008
3009,693.505126953125,"POLYGON ((-512653.51557387295 624698.2356952499, -511718.96982888866 624683.6749174708, -511733.4851791342 623750.916453294, -512668.0447861332 623765.4557716554, -512653.51557387295 624698.2356952499))",3009
3010,23.400917053222656,"POLYGON ((-511718.96982888866 624683.6749174708, -510784.44557331025 624669.1280376487, -510798.9470631246 623736.3910124272, -511733.4851791342 623750.916453294, -511718.96982888866 624683.6749174708))",3010
3011,,"POLYGON ((-510784.44557331025 624669.1280376487, -509849.9427866383 624654.595054197, -509864.43041760323 623721.8794474703, -510798.9470631246 623736.3910124272, -510784.44557331025 624669.1280376487))",3011
3012,,"POLYGON ((-509849.9427866383 624654.595054197, -508915.46144837444 624640.0759655302, -508929.93522207043 623707.3817568402, -509864.43041760323 623721.8794474703, -509849.9427866383 624654.595054197))",3012
3013,,"POLYGON ((-508915.46144837444 624640.0759655302, -507981.0015380237 624625.5707700647, -507995.46145603 623692.8979389556, -508929.93522207043 623707.3817568402, -508915.46144837444 624640.0759655302))",3013
3014,,"POLYGON ((-507981.0015380237 624625.5707700647, -507046.5630350942 624611.0794662182, -507061.0090989864 623678.4279922366, -507995.46145603 623692.8979389556, -507981.0015380237 624625.5707700647))",3014
3015,,"POLYGON ((-507046.5630350942 624611.0794662182, -506112.14591909316 624596.6020524106, -506126.57813044847 623663.971915105, -507061.0090989864 623678.4279922366, -507046.5630350942 624611.0794662182))",3015
3016,,"POLYGON ((-506112.14591909316 624596.6020524106, -505177.7501695341 624582.1385270627, -505192.16852992564 623649.5297059843, -506126.57813044847 623663.971915105, -506112.14591909316 624596.6020524106))",3016
3017,,"POLYGON ((-505177.7501695341 624582.1385270627, -504243.3757659296 624567.6888885974, -504257.78027692984 623635.1013632994, -505192.16852992564 623649.5297059843, -505177.7501695341 624582.1385270627))",3017
3018,,"POLYGON ((-504243.3757659296 624567.6888885974, -503309.02268779674 624553.2531354389, -503323.41335097654 623620.686885477, -504257.78027692984 623635.1013632994, -504243.3757659296 624567.6888885974))",3018
3019,,"POLYGON ((-503309.02268779674 624553.2531354389, -502374.69091465394 624538.8312660134, -502389.0677315814 623606.2862709452, -503323.41335097654 623620.686885477, -503309.02268779674 624553.2531354389))",3019
3020,,"POLYGON ((-502374.69091465394 624538.8312660134, -501440.3804260201 624524.423278748, -501454.7433982643 623591.8995181338, -502389.0677315814 623606.2862709452, -502374.69091465394 624538.8312660134))",3020
3021,,"POLYGON ((-501440.3804260201 624524.423278748, -500506.09120141994 624510.0291720723, -500520.4403305461 623577.5266254743, -501454.7433982643 623591.8995181338, -501440.3804260201 624524.423278748))",3021
3022,,"POLYGON ((-500506.09120141994 624510.0291720723, -499571.8232203779 624495.6489444168, -499586.1585079507 623563.1675913995, -500520.4403305461 623577.5266254743, -500506.09120141994 624510.0291720723))",3022
3023,,"POLYGON ((-499571.8232203779 624495.6489444168, -498637.5764624219 624481.2825942138, -498651.89791000367 623548.8224143443, -499586.1585079507 623563.1675913995, -499571.8232203779 624495.6489444168))",3023
3024,,"POLYGON ((-498637.5764624219 624481.2825942138, -497703.3509070814 624466.9301198975, -497717.65851623344 623534.4910927445, -498651.89791000367 623548.8224143443, -498637.5764624219 624481.2825942138))",3024
3025,,"POLYGON ((-497703.3509070814 624466.9301198975, -496769.1465338884 624452.591519903, -496783.44030617015 623520.1736250381, -497717.65851623344 623534.4910927445, -497703.3509070814 624466.9301198975))",3025
3026,,"POLYGON ((-496769.1465338884 624452.591519903, -495834.9633223766 624438.2667926677, -495849.24325934635 623505.8700096646, -496783.44030617015 623520.1736250381, -496769.1465338884 624452.591519903))",3026
3027,,"POLYGON ((-495834.9633223766 624438.2667926677, -494900.8012520828 624423.9559366303, -494915.0673552969 623491.5802450647, -495849.24325934635 623505.8700096646, -495834.9633223766 624438.2667926677))",3027
3028,,"POLYGON ((-494900.8012520828 624423.9559366303, -493966.6603025461 624409.658950231, -493980.912573559 623477.3043296809, -494915.0673552969 623491.5802450647, -494900.8012520828 624423.9559366303))",3028
3029,,"POLYGON ((-493966.6603025461 624409.658950231, -493032.54045330675 624395.375831912, -493046.77889367216 623463.0422619578, -493980.912573559 623477.3043296809, -493966.6603025461 624409.658950231))",3029
3030,,"POLYGON ((-493032.54045330675 624395.375831912, -492098.4416839087 624381.1065801166, -492112.66629517754 623448.7940403408, -493046.77889367216 623463.0422619578, -493032.54045330675 624395.375831912))",3030
3031,,"POLYGON ((-492098.4416839087 624381.1065801166, -491164.36397389683 624366.85119329, -491178.57475761976 623434.5596632772, -492112.66629517754 623448.7940403408, -492098.4416839087 624381.1065801166))",3031
3032,,"POLYGON ((-491164.36397389683 624366.85119329, -490230.30730281863 624352.6096698787, -490244.50426054385 623420.3391292164, -491178.57475761976 623434.5596632772, -491164.36397389683 624366.85119329))",3032
3033,,"POLYGON ((-490230.30730281863 624352.6096698787, -489296.2716502246 624338.3820083314, -489310.45478349866 623406.1324366084, -490244.50426054385 623420.3391292164, -490230.30730281863 624352.6096698787))",3033
3034,,"POLYGON ((-565974.1345989788 624617.1887141785, -565038.3160413422 624601.8557069971, -565053.6013066841 623667.8408380587, -565989.4337984959 623683.1512142598, -565974.1345989788 624617.1887141785))",3034
3035,,"POLYGON ((-565038.3160413422 624601.8557069971, -564102.5201471269 624586.5366702944, -564117.7914799668 623652.5444117385, -565053.6013066841 623667.8408380587, -565038.3160413422 624601.8557069971))",3035
3036,,"POLYGON ((-564102.5201471269 624586.5366702944, -563166.7468956984 624571.231602394, -563182.0042977075 623637.2619336252, -564117.7914799668 623652.5444117385, -564102.5201471269 624586.5366702944))",3036
3037,,"POLYGON ((-563166.7468956984 624571.231602394, -562230.9962664228 624555.9405016206, -562246.2397392713 623621.9934020459, -563182.0042977075 623637.2619336252, -563166.7468956984 624571.231602394))",3037
3038,,"POLYGON ((-562230.9962664228 624555.9405016206, -561295.2682386702 624540.6633663012, -561310.4977840262 623606.7388153301, -562246.2397392713 623621.9934020459, -562230.9962664228 624555.9405016206))",3038
3039,57.78813934326172,"POLYGON ((-561295.2682386702 624540.6633663012, -560359.5627918122 624525.4001947639, -560374.7784113421 623591.4981718081, -561310.4977840262 623606.7388153301, -561295.2682386702 624540.6633663012))",3039
3040,43.160804748535156,"POLYGON ((-560359.5627918122 624525.4001947639, -559423.8799052227 624510.1509853384, -559439.0816005913 623576.2714698124, -560374.7784113421 623591.4981718081, -560359.5627918122 624525.4001947639))",3040
3041,50.0158576965332,"POLYGON ((-559423.8799052227 624510.1509853384, -558488.2195582783 624494.9157363564, -558503.4073311489 623561.0587076766, -559439.0816005913 623576.2714698124, -559423.8799052227 624510.1509853384))",3041
3042,52.74011993408203,"POLYGON ((-558488.2195582783 624494.9157363564, -557552.5817303585 624479.6944461509, -557567.7555823927 623545.8598837365, -558503.4073311489 623561.0587076766, -558488.2195582783 624494.9157363564))",3042
3043,95.63468170166016,"POLYGON ((-557552.5817303585 624479.6944461509, -556616.9664008443 624464.4871130568, -556632.1263337028 623530.6749963292, -557567.7555823927 623545.8598837365, -557552.5817303585 624479.6944461509))",3043
3044,98.45256805419922,"POLYGON ((-556616.9664008443 624464.4871130568, -555681.3735491198 624449.2937354104, -555696.5195644596 623515.5040437933, -556632.1263337028 623530.6749963292, -556616.9664008443 624464.4871130568))",3044
3045,106.11444854736328,"POLYGON ((-555681.3735491198 624449.2937354104, -554745.8031545707 624434.1143115497, -554760.9352540495 623500.3470244694, -555696.5195644596 623515.5040437933, -555681.3735491198 624449.2937354104))",3045
3046,191.61062622070312,"POLYGON ((-554745.8031545707 624434.1143115497, -553810.2551965858 624418.9488398144, -553825.3733818589 623485.2039366994, -554760.9352540495 623500.3470244694, -554745.8031545707 624434.1143115497))",3046
3047,216.11550903320312,"POLYGON ((-553810.2551965858 624418.9488398144, -552874.7296545561 624403.7973185455, -552889.833927277 623470.074778827, -553825.3733818589 623485.2039366994, -553810.2551965858 624418.9488398144))",3047
3048,247.27586364746094,"POLYGON ((-552874.7296545561 624403.7973185455, -551939.2265078751 624388.6597460861, -551954.3168696959 623454.9595491976, -552889.833927277 623470.074778827, -552874.7296545561 624403.7973185455))",3048
3049,345.5641174316406,"POLYGON ((-551939.2265078751 624388.6597460861, -551003.7457359384 624373.5361207807, -551018.8221885092 623439.8582461575, -551954.3168696959 623454.9595491976, -551939.2265078751 624388.6597460861))",3049
3050,387.0436096191406,"POLYGON ((-551003.7457359384 624373.5361207807, -550068.2873181447 624358.4264409752, -550083.3498631141 623424.7708680559, -551018.8221885092 623439.8582461575, -551003.7457359384 624373.5361207807))",3050
3051,270.5857849121094,"POLYGON ((-550068.2873181447 624358.4264409752, -549132.851233894 624343.3307050175, -549147.8998729086 623409.6974132424, -550083.3498631141 623424.7708680559, -550068.2873181447 624358.4264409752))",3051
3052,273.35223388671875,"POLYGON ((-549132.851233894 624343.3307050175, -548197.4374625888 624328.2489112569, -548212.4721972954 623394.6378800692, -549147.8998729086 623409.6974132424, -549132.851233894 624343.3307050175))",3052
3053,281.8589172363281,"POLYGON ((-548197.4374625888 624328.2489112569, -547262.0459836355 624313.1810580442, -547277.0668156771 623379.5922668889, -548212.4721972954 623394.6378800692, -548197.4374625888 624328.2489112569))",3053
3054,239.76858520507812,"POLYGON ((-547262.0459836355 624313.1810580442, -546326.6767764409 624298.1271437324, -546341.68370746 623364.560572057, -547277.0668156771 623379.5922668889, -547262.0459836355 624313.1810580442))",3054
3055,312.18450927734375,"POLYGON ((-546326.6767764409 624298.1271437324, -545391.3298204155 624283.0871666753, -545406.322852053 623349.5427939303, -546341.68370746 623364.560572057, -546326.6767764409 624298.1271437324))",3055
3056,322.8268737792969,"POLYGON ((-545391.3298204155 624283.0871666753, -544456.0050949719 624268.061125229, -544470.9842288662 623334.5389308663, -545406.322852053 623349.5427939303, -545391.3298204155 624283.0871666753))",3056
3057,335.2621765136719,"POLYGON ((-544456.0050949719 624268.061125229, -543520.7025795245 624253.0490177508, -543535.6678173129 623319.5489812254, -544470.9842288662 623334.5389308663, -544456.0050949719 624268.061125229))",3057
3058,119.38441467285156,"POLYGON ((-543520.7025795245 624253.0490177508, -542585.4222534902 624238.0508425996, -542600.3735968091 623304.5729433688, -543535.6678173129 623319.5489812254, -543520.7025795245 624253.0490177508))",3058
3059,13.169316291809082,"POLYGON ((-542585.4222534902 624238.0508425996, -541650.1640962888 624223.0665981364, -541665.1015467724 623289.6108156594, -542600.3735968091 623304.5729433688, -542585.4222534902 624238.0508425996))",3059
3060,66.20862579345703,"POLYGON ((-541650.1640962888 624223.0665981364, -540714.9280873428 624208.0962827234, -540729.8516466232 623274.6625964621, -541665.1015467724 623289.6108156594, -541650.1640962888 624223.0665981364))",3060
3061,393.37432861328125,"POLYGON ((-540714.9280873428 624208.0962827234, -539779.7142060758 624193.1398947245, -539794.6238757843 623259.728284143, -540729.8516466232 623274.6625964621, -540714.9280873428 624208.0962827234))",3061
3062,688.6255493164062,"POLYGON ((-539779.7142060758 624193.1398947245, -538844.5224319143 624178.1974325052, -538859.4182136804 623244.80787707, -539794.6238757843 623259.728284143, -539779.7142060758 624193.1398947245))",3062
3063,747.8578491210938,"POLYGON ((-538844.5224319143 624178.1974325052, -537909.3527442877 624163.2688944323, -537924.2346397389 623229.9013736128, -538859.4182136804 623244.80787707, -538844.5224319143 624178.1974325052))",3063
3064,769.1567993164062,"POLYGON ((-537909.3527442877 624163.2688944323, -536974.205122627 624148.3542788752, -536989.0731333896 623215.0087721421, -537924.2346397389 623229.9013736128, -537909.3527442877 624163.2688944323))",3064
3065,930.0833740234375,"POLYGON ((-536974.205122627 624148.3542788752, -536039.0795463666 624133.4535842038, -536053.9336740648 623200.1300710309, -536989.0731333896 623215.0087721421, -536974.205122627 624148.3542788752))",3065
3066,1224.5150146484375,"POLYGON ((-536039.0795463666 624133.4535842038, -535103.9759949414 624118.5668087903, -535118.8162411983 623185.2652686535, -536053.9336740648 623200.1300710309, -536039.0795463666 624133.4535842038))",3066
3067,1397.6243896484375,"POLYGON ((-535103.9759949414 624118.5668087903, -534168.8944477901 624103.6939510083, -534183.7208142276 623170.4143633859, -535118.8162411983 623185.2652686535, -535103.9759949414 624118.5668087903))",3067
3068,1170.0220947265625,"POLYGON ((-534168.8944477901 624103.6939510083, -533233.834884354 624088.8350092329, -533248.6473725907 623155.5773536053, -534183.7208142276 623170.4143633859, -534168.8944477901 624103.6939510083))",3068
3069,1039.197509765625,"POLYGON ((-533233.834884354 624088.8350092329, -532298.7972840758 624073.989981841, -532313.5958957304 623140.7542376914, -533248.6473725907 623155.5773536053, -533233.834884354 624088.8350092329))",3069
3070,1665.4239501953125,"POLYGON ((-532298.7972840758 624073.989981841, -531363.7816264011 624059.158867211, -531378.5663630898 623125.9450140246, -532313.5958957304 623140.7542376914, -532298.7972840758 624073.989981841))",3070
3071,4280.10595703125,"POLYGON ((-531363.7816264011 624059.158867211, -530428.7878907771 624044.3416637228, -530443.5587541149 623111.1496809873, -531378.5663630898 623125.9450140246, -531363.7816264011 624059.158867211))",3071
3072,3048.720947265625,"POLYGON ((-530428.7878907771 624044.3416637228, -529493.8160566546 624029.5383697583, -529508.5730482548 623096.3682369636, -530443.5587541149 623111.1496809873, -530428.7878907771 624044.3416637228))",3072
3073,3891.245361328125,"POLYGON ((-529493.8160566546 624029.5383697583, -528558.8661034853 624014.7489837006, -528573.6092249595 623081.6006803392, -529508.5730482548 623096.3682369636, -529493.8160566546 624029.5383697583))",3073
3074,3697.08544921875,"POLYGON ((-528558.8661034853 624014.7489837006, -527623.9380107244 623999.9735039348, -527638.6672636822 623066.8470095008, -528573.6092249595 623081.6006803392, -528558.8661034853 624014.7489837006))",3074
3075,4788.41259765625,"POLYGON ((-527623.9380107244 623999.9735039348, -526689.0317578287 623985.2119288471, -526703.7471438794 623052.1072228377, -527638.6672636822 623066.8470095008, -527623.9380107244 623999.9735039348))",3075
3076,3604.36328125,"POLYGON ((-526689.0317578287 623985.2119288471, -525754.1473242575 623970.4642568259, -525768.8488450078 623037.3813187402, -526703.7471438794 623052.1072228377, -526689.0317578287 623985.2119288471))",3076
3077,5099.2900390625,"POLYGON ((-525754.1473242575 623970.4642568259, -524819.2846894731 623955.7304862605, -524833.9723465282 623022.6692956003, -525768.8488450078 623037.3813187402, -525754.1473242575 623970.4642568259))",3077
3078,5142.92431640625,"POLYGON ((-524819.2846894731 623955.7304862605, -523884.44383293914 623941.0106155428, -523899.11762790196 623007.9711518118, -524833.9723465282 623022.6692956003, -524819.2846894731 623955.7304862605))",3078
3079,5238.80419921875,"POLYGON ((-523884.44383293914 623941.0106155428, -522949.6247341221 623926.3046430651, -522964.28466859506 622993.2868857696, -523899.11762790196 623007.9711518118, -523884.44383293914 623941.0106155428))",3079
3080,4248.4619140625,"POLYGON ((-522949.6247341221 623926.3046430651, -522014.82737248996 623911.6125672222, -522029.47344807384 622978.6164958708, -522964.28466859506 622993.2868857696, -522949.6247341221 623926.3046430651))",3080
3081,4164.10009765625,"POLYGON ((-522014.82737248996 623911.6125672222, -521080.0517275146 623896.9343864105, -521094.683945808 622963.9599805137, -522029.47344807384 622978.6164958708, -522014.82737248996 623911.6125672222))",3081
3082,4005.11669921875,"POLYGON ((-521080.0517275146 623896.9343864105, -520145.2977786694 623882.2700990273, -520159.9161412694 622949.3173380985, -521094.683945808 622963.9599805137, -521080.0517275146 623896.9343864105))",3082
3083,3549.378173828125,"POLYGON ((-520145.2977786694 623882.2700990273, -519210.5655054288 623867.6197034724, -519225.17001393146 622934.6885670268, -520159.9161412694 622949.3173380985, -520145.2977786694 623882.2700990273))",3083
3084,3549.15966796875,"POLYGON ((-519210.5655054288 623867.6197034724, -518275.8548872719 623852.9831981461, -518290.445543271 622920.0736657017, -519225.17001393146 622934.6885670268, -519210.5655054288 623867.6197034724))",3084
3085,4397.849609375,"POLYGON ((-518275.8548872719 623852.9831981461, -517341.16590367816 623838.3605814517, -517355.7427087665 622905.4726325283, -518290.445543271 622920.0736657017, -518275.8548872719 623852.9831981461))",3085
3086,2904.005615234375,"POLYGON ((-517341.16590367816 623838.3605814517, -516406.498534131 623823.751851793, -516421.0614898987 622890.8854659131, -517355.7427087665 622905.4726325283, -517341.16590367816 623838.3605814517))",3086
3087,2182.035400390625,"POLYGON ((-516406.498534131 623823.751851793, -515471.8527581146 623809.1570075757, -515486.4018661509 622876.3121642638, -516421.0614898987 622890.8854659131, -516406.498534131 623823.751851793))",3087
3088,1019.689453125,"POLYGON ((-515471.8527581146 623809.1570075757, -514537.22855511575 623794.5760472076, -514551.76381700893 622861.7527259905, -515486.4018661509 622876.3121642638, -515471.8527581146 623809.1570075757))",3088
3089,545.8400268554688,"POLYGON ((-514537.22855511575 623794.5760472076, -513602.62590462493 623780.0089690972, -513617.14732195996 622847.2071495042, -514551.76381700893 622861.7527259905, -514537.22855511575 623794.5760472076))",3089
3090,139.8206329345703,"POLYGON ((-513602.62590462493 623780.0089690972, -512668.0447861332 623765.4557716554, -512682.5523604952 622832.6754332179, -513617.14732195996 622847.2071495042, -513602.62590462493 623780.0089690972))",3090
3091,,"POLYGON ((-512668.0447861332 623765.4557716554, -511733.4851791342 623750.916453294, -511747.97891210567 622818.1575755462, -512682.5523604952 622832.6754332179, -512668.0447861332 623765.4557716554))",3091
3092,,"POLYGON ((-511733.4851791342 623750.916453294, -510798.9470631246 623736.3910124272, -510813.42695628724 622803.6535749047, -511747.97891210567 622818.1575755462, -511733.4851791342 623750.916453294))",3092
3093,,"POLYGON ((-510798.9470631246 623736.3910124272, -509864.43041760323 623721.8794474703, -509878.89647253626 622789.1634297116, -510813.42695628724 622803.6535749047, -510798.9470631246 623736.3910124272))",3093
3094,,"POLYGON ((-509864.43041760323 623721.8794474703, -508929.93522207043 623707.3817568402, -508944.3874403521 622774.687138386, -509878.89647253626 622789.1634297116, -509864.43041760323 623721.8794474703))",3094
3095,,"POLYGON ((-508929.93522207043 623707.3817568402, -507995.46145603 623692.8979389556, -508009.8998392364 622760.2246993486, -508944.3874403521 622774.687138386, -508929.93522207043 623707.3817568402))",3095
3096,,"POLYGON ((-507995.46145603 623692.8979389556, -507061.0090989864 623678.4279922366, -507075.433648693 622745.7761110222, -508009.8998392364 622760.2246993486, -507995.46145603 623692.8979389556))",3096
3097,,"POLYGON ((-507061.0090989864 623678.4279922366, -506126.57813044847 623663.971915105, -506140.98884822824 622731.3413718306, -507075.433648693 622745.7761110222, -507061.0090989864 623678.4279922366))",3097
3098,,"POLYGON ((-506126.57813044847 623663.971915105, -505192.16852992564 623649.5297059843, -505206.56541735004 622716.9204801995, -506140.98884822824 622731.3413718306, -506126.57813044847 623663.971915105))",3098
3099,,"POLYGON ((-505192.16852992564 623649.5297059843, -504257.78027692984 623635.1013632994, -504272.16333556885 622702.5134345562, -505206.56541735004 622716.9204801995, -505192.16852992564 623649.5297059843))",3099
3100,,"POLYGON ((-504257.78027692984 623635.1013632994, -503323.41335097654 623620.686885477, -503337.78258239897 622688.1202333297, -504272.16333556885 622702.5134345562, -504257.78027692984 623635.1013632994))",3100
3101,,"POLYGON ((-503323.41335097654 623620.686885477, -502389.0677315814 623606.2862709452, -502403.42313735385 622673.7408749503, -503337.78258239897 622688.1202333297, -503323.41335097654 623620.686885477))",3101
3102,,"POLYGON ((-502389.0677315814 623606.2862709452, -501454.7433982643 623591.8995181338, -501469.0849799521 622659.3753578502, -502403.42313735385 622673.7408749503, -502389.0677315814 623606.2862709452))",3102
3103,,"POLYGON ((-501454.7433982643 623591.8995181338, -500520.4403305461 623577.5266254743, -500534.76808971283 622645.0236804627, -501469.0849799521 622659.3753578502, -501454.7433982643 623591.8995181338))",3103
3104,,"POLYGON ((-500520.4403305461 623577.5266254743, -499586.1585079507 623563.1675913995, -499600.4724461584 622630.6858412236, -500534.76808971283 622645.0236804627, -500520.4403305461 623577.5266254743))",3104
3105,,"POLYGON ((-499586.1585079507 623563.1675913995, -498651.89791000367 623548.8224143443, -498666.198028813 622616.3618385693, -499600.4724461584 622630.6858412236, -499586.1585079507 623563.1675913995))",3105
3106,,"POLYGON ((-498651.89791000367 623548.8224143443, -497717.65851623344 623534.4910927445, -497731.944817203 622602.0516709384, -498666.198028813 622616.3618385693, -498651.89791000367 623548.8224143443))",3106
3107,,"POLYGON ((-497717.65851623344 623534.4910927445, -496783.44030617015 623520.1736250381, -496797.7127908574 622587.7553367708, -497731.944817203 622602.0516709384, -497717.65851623344 623534.4910927445))",3107
3108,,"POLYGON ((-496783.44030617015 623520.1736250381, -495849.24325934635 623505.8700096646, -495863.501929307 622573.4728345083, -496797.7127908574 622587.7553367708, -496783.44030617015 623520.1736250381))",3108
3109,,"POLYGON ((-495849.24325934635 623505.8700096646, -494915.0673552969 623491.5802450647, -494929.3122120851 622559.2041625942, -495863.501929307 622573.4728345083, -495849.24325934635 623505.8700096646))",3109
3110,,"POLYGON ((-494915.0673552969 623491.5802450647, -493980.912573559 623477.3043296809, -493995.14361872734 622544.9493194729, -494929.3122120851 622559.2041625942, -494915.0673552969 623491.5802450647))",3110
3111,,"POLYGON ((-493980.912573559 623477.3043296809, -493046.77889367216 623463.0422619578, -493060.99612877145 622530.7083035912, -493995.14361872734 622544.9493194729, -493980.912573559 623477.3043296809))",3111
3112,,"POLYGON ((-493046.77889367216 623463.0422619578, -492112.66629517754 623448.7940403408, -492126.86972175725 622516.481113397, -493060.99612877145 622530.7083035912, -493046.77889367216 623463.0422619578))",3112
3113,,"POLYGON ((-492112.66629517754 623448.7940403408, -491178.57475761976 623434.5596632772, -491192.7643772274 622502.2677473399, -492126.86972175725 622516.481113397, -492112.66629517754 623448.7940403408))",3113
3114,,"POLYGON ((-491178.57475761976 623434.5596632772, -490244.50426054385 623420.3391292164, -490258.68007472577 622488.0682038708, -491192.7643772274 622502.2677473399, -491178.57475761976 623434.5596632772))",3114
3115,,"POLYGON ((-490244.50426054385 623420.3391292164, -489310.45478349866 623406.1324366084, -489324.61679379933 622473.8824814429, -490258.68007472577 622488.0682038708, -490244.50426054385 623420.3391292164))",3115
3116,,"POLYGON ((-565989.4337984959 623683.1512142598, -565053.6013066841 623667.8408380587, -565068.8637750596 622733.8254816975, -566004.7101802861 622749.1132255738, -565989.4337984959 623683.1512142598))",3116
3117,,"POLYGON ((-565053.6013066841 623667.8408380587, -564117.7914799668 623652.5444117385, -564133.0400365973 622718.5516671028, -565068.8637750596 622733.8254816975, -565053.6013066841 623667.8408380587))",3117
3118,,"POLYGON ((-564117.7914799668 623652.5444117385, -563182.0042977075 623637.2619336252, -563197.2389442625 622703.2917801186, -564133.0400365973 622718.5516671028, -564117.7914799668 623652.5444117385))",3118
3119,,"POLYGON ((-563182.0042977075 623637.2619336252, -562246.2397392713 623621.9934020459, -562261.4604774183 622688.045819074, -563197.2389442625 622703.2917801186, -563182.0042977075 623637.2619336252))",3119
3120,64.98677062988281,"POLYGON ((-562246.2397392713 623621.9934020459, -561310.4977840262 623606.7388153301, -561325.7046154302 622672.8137823008, -562261.4604774183 622688.045819074, -562246.2397392713 623621.9934020459))",3120
3121,88.49108123779297,"POLYGON ((-561310.4977840262 623606.7388153301, -560374.7784113421 623591.4981718081, -560389.9713376677 622657.5956681322, -561325.7046154302 622672.8137823008, -561310.4977840262 623606.7388153301))",3121
3122,66.15933990478516,"POLYGON ((-560374.7784113421 623591.4981718081, -559439.0816005913 623576.2714698124, -559454.2606235011 622642.3914749025, -560389.9713376677 622657.5956681322, -560374.7784113421 623591.4981718081))",3122
3123,53.842647552490234,"POLYGON ((-559439.0816005913 623576.2714698124, -558503.4073311489 623561.0587076766, -558518.5724523037 622627.2012009483, -559454.2606235011 622642.3914749025, -559439.0816005913 623576.2714698124))",3123
3124,72.81785583496094,"POLYGON ((-558503.4073311489 623561.0587076766, -557567.7555823927 623545.8598837365, -557582.9068034512 622612.0248446075, -558518.5724523037 622627.2012009483, -558503.4073311489 623561.0587076766))",3124
3125,100.84373474121094,"POLYGON ((-557567.7555823927 623545.8598837365, -556632.1263337028 623530.6749963292, -556647.2636563228 622596.8624042195, -557582.9068034512 622612.0248446075, -557567.7555823927 623545.8598837365))",3125
3126,122.3921127319336,"POLYGON ((-556632.1263337028 623530.6749963292, -555696.5195644596 623515.5040437933, -555711.6429902976 622581.7138781255, -556647.2636563228 622596.8624042195, -556632.1263337028 623530.6749963292))",3126
3127,180.30447387695312,"POLYGON ((-555696.5195644596 623515.5040437933, -554760.9352540495 623500.3470244694, -554776.0447847596 622566.5792646684, -555711.6429902976 622581.7138781255, -555696.5195644596 623515.5040437933))",3127
3128,293.1603698730469,"POLYGON ((-554760.9352540495 623500.3470244694, -553825.3733818589 623485.2039366994, -553840.4690190938 622551.4585621925, -554776.0447847596 622566.5792646684, -554760.9352540495 623500.3470244694))",3128
3129,345.49407958984375,"POLYGON ((-553825.3733818589 623485.2039366994, -552889.833927277 623470.074778827, -552904.915672688 622536.3517690438, -553840.4690190938 622551.4585621925, -553825.3733818589 623485.2039366994))",3129
3130,302.19140625,"POLYGON ((-552889.833927277 623470.074778827, -551954.3168696959 623454.9595491976, -551969.3847249323 622521.2588835699, -552904.915672688 622536.3517690438, -552889.833927277 623470.074778827))",3130
3131,362.58526611328125,"POLYGON ((-551954.3168696959 623454.9595491976, -551018.8221885092 623439.8582461575, -551033.8761552195 622506.1799041204, -551969.3847249323 622521.2588835699, -551954.3168696959 623454.9595491976))",3131
3132,465.4931945800781,"POLYGON ((-551018.8221885092 623439.8582461575, -550083.3498631141 623424.7708680559, -550098.3899429443 622491.1148290457, -551033.8761552195 622506.1799041204, -551018.8221885092 623439.8582461575))",3132
3133,338.088134765625,"POLYGON ((-550083.3498631141 623424.7708680559, -549147.8998729086 623409.6974132424, -549162.9260675034 622476.0636566986, -550098.3899429443 622491.1148290457, -550083.3498631141 623424.7708680559))",3133
3134,275.521484375,"POLYGON ((-549147.8998729086 623409.6974132424, -548212.4721972954 623394.6378800692, -548227.4845082975 622461.026385433, -549162.9260675034 622476.0636566986, -549147.8998729086 623409.6974132424))",3134
3135,314.47674560546875,"POLYGON ((-548212.4721972954 623394.6378800692, -547277.0668156771 623379.5922668889, -547292.0652447284 622446.0030136049, -548227.4845082975 622461.026385433, -548212.4721972954 623394.6378800692))",3135
3136,291.5572509765625,"POLYGON ((-547277.0668156771 623379.5922668889, -546341.68370746 623364.560572057, -546356.6682562007 622430.9935395713, -547292.0652447284 622446.0030136049, -547277.0668156771 623379.5922668889))",3136
3137,386.1202087402344,"POLYGON ((-546341.68370746 623364.560572057, -545406.322852053 623349.5427939303, -545421.2935221205 622415.9979616912, -546356.6682562007 622430.9935395713, -546341.68370746 623364.560572057))",3137
3138,212.5395965576172,"POLYGON ((-545406.322852053 623349.5427939303, -544470.9842288662 623334.5389308663, -544485.9410218978 622401.0162783253, -545421.2935221205 622415.9979616912, -545406.322852053 623349.5427939303))",3138
3139,188.94529724121094,"POLYGON ((-544470.9842288662 623334.5389308663, -543535.6678173129 623319.5489812254, -543550.6107349433 622386.0484878359, -544485.9410218978 622401.0162783253, -544470.9842288662 623334.5389308663))",3139
3140,,"POLYGON ((-543535.6678173129 623319.5489812254, -542600.3735968091 623304.5729433688, -542615.3026406721 622371.0945885865, -543550.6107349433 622386.0484878359, -543535.6678173129 623319.5489812254))",3140
3141,,"POLYGON ((-542600.3735968091 623304.5729433688, -541665.1015467724 623289.6108156594, -541680.0167184991 622356.1545789426, -542615.3026406721 622371.0945885865, -542600.3735968091 623304.5729433688))",3141
3142,460.5893249511719,"POLYGON ((-541665.1015467724 623289.6108156594, -540729.8516466232 623274.6625964621, -540744.7529478447 622341.2284572712, -541680.0167184991 622356.1545789426, -541665.1015467724 623289.6108156594))",3142
3143,706.5487060546875,"POLYGON ((-540729.8516466232 623274.6625964621, -539794.6238757843 623259.728284143, -539809.5113081286 622326.3162219409, -540744.7529478447 622341.2284572712, -540729.8516466232 623274.6625964621))",3143
3144,853.0053100585938,"POLYGON ((-539794.6238757843 623259.728284143, -538859.4182136804 623244.80787707, -538874.2917787747 622311.417871322, -539809.5113081286 622326.3162219409, -539794.6238757843 623259.728284143))",3144
3145,1026.904541015625,"POLYGON ((-538859.4182136804 623244.80787707, -537924.2346397389 623229.9013736128, -537939.0943392084 622296.5334037862, -538874.2917787747 622311.417871322, -538859.4182136804 623244.80787707))",3145
3146,986.99951171875,"POLYGON ((-537924.2346397389 623229.9013736128, -536989.0731333896 623215.0087721421, -537003.9189688581 622281.6628177072, -537939.0943392084 622296.5334037862, -537924.2346397389 623229.9013736128))",3146
3147,905.8523559570312,"POLYGON ((-536989.0731333896 623215.0087721421, -536053.9336740648 623200.1300710309, -536068.7656471544 622266.8061114599, -537003.9189688581 622281.6628177072, -536989.0731333896 623215.0087721421))",3147
3148,1110.9366455078125,"POLYGON ((-536053.9336740648 623200.1300710309, -535118.8162411983 623185.2652686535, -535133.6343535294 622251.9632834209, -536068.7656471544 622266.8061114599, -536053.9336740648 623200.1300710309))",3148
3149,1127.60400390625,"POLYGON ((-535118.8162411983 623185.2652686535, -534183.7208142276 623170.4143633859, -534198.5250674193 622237.1343319686, -535133.6343535294 622251.9632834209, -535118.8162411983 623185.2652686535))",3149
3150,1001.8690795898438,"POLYGON ((-534183.7208142276 623170.4143633859, -533248.6473725907 623155.5773536053, -533263.4377682611 622222.3192554829, -534198.5250674193 622237.1343319686, -534183.7208142276 623170.4143633859))",3150
3151,894.1439819335938,"POLYGON ((-533248.6473725907 623155.5773536053, -532313.5958957304 623140.7542376914, -532328.3724354942 622207.5180523453, -533263.4377682611 622222.3192554829, -533248.6473725907 623155.5773536053))",3151
3152,1778.420166015625,"POLYGON ((-532313.5958957304 623140.7542376914, -531378.5663630898 623125.9450140246, -531393.3290485615 622192.7307209386, -532328.3724354942 622207.5180523453, -532313.5958957304 623140.7542376914))",3152
3153,3411.669189453125,"POLYGON ((-531378.5663630898 623125.9450140246, -530443.5587541149 623111.1496809873, -530458.3075869073 622177.9572596481, -531393.3290485615 622192.7307209386, -531378.5663630898 623125.9450140246))",3153
3154,3571.09130859375,"POLYGON ((-530443.5587541149 623111.1496809873, -529508.5730482548 623096.3682369636, -529523.3080299784 622163.1976668597, -530458.3075869073 622177.9572596481, -530443.5587541149 623111.1496809873))",3154
3155,3705.693603515625,"POLYGON ((-529508.5730482548 623096.3682369636, -528573.6092249595 623081.6006803392, -528588.3303572235 622148.4519409613, -529523.3080299784 622163.1976668597, -529508.5730482548 623096.3682369636))",3155
3156,4780.12353515625,"POLYGON ((-528573.6092249595 623081.6006803392, -527638.6672636822 623066.8470095008, -527653.3745480952 622133.7200803427, -528588.3303572235 622148.4519409613, -528573.6092249595 623081.6006803392))",3156
3157,5122.14453125,"POLYGON ((-527638.6672636822 623066.8470095008, -526703.7471438794 623052.1072228377, -526718.4405820463 622119.0020833948, -527653.3745480952 622133.7200803427, -527638.6672636822 623066.8470095008))",3157
3158,4760.26904296875,"POLYGON ((-526703.7471438794 623052.1072228377, -525768.8488450078 623037.3813187402, -525783.5284385338 622104.2979485104, -526718.4405820463 622119.0020833948, -526703.7471438794 623052.1072228377))",3158
3159,5030.923828125,"POLYGON ((-525768.8488450078 623037.3813187402, -524833.9723465282 623022.6692956003, -524848.638097016 622089.6076740838, -525783.5284385338 622104.2979485104, -525768.8488450078 623037.3813187402))",3159
3160,5116.9970703125,"POLYGON ((-524833.9723465282 623022.6692956003, -523899.11762790196 623007.9711518118, -523913.7695369532 622074.9312585111, -524848.638097016 622089.6076740838, -524833.9723465282 623022.6692956003))",3160
3161,5187.17724609375,"POLYGON ((-523899.11762790196 623007.9711518118, -522964.28466859506 622993.2868857696, -522978.9227378088 622060.2687001898, -523913.7695369532 622074.9312585111, -523899.11762790196 623007.9711518118))",3161
3162,4164.37353515625,"POLYGON ((-522964.28466859506 622993.2868857696, -522029.47344807384 622978.6164958708, -522044.0976790488 622045.619997519, -522978.9227378088 622060.2687001898, -522964.28466859506 622993.2868857696))",3162
3163,3789.520751953125,"POLYGON ((-522029.47344807384 622978.6164958708, -521094.683945808 622963.9599805137, -521109.29434014065 622030.9851488995, -522044.0976790488 622045.619997519, -522029.47344807384 622978.6164958708))",3163
3164,3977.279541015625,"POLYGON ((-521094.683945808 622963.9599805137, -520159.9161412694 622949.3173380985, -520174.5127005542 622016.3641527335, -521109.29434014065 622030.9851488995, -521094.683945808 622963.9599805137))",3164
3165,3706.77099609375,"POLYGON ((-520159.9161412694 622949.3173380985, -519225.17001393146 622934.6885670268, -519239.75273976184 622001.7570074252, -520174.5127005542 622016.3641527335, -520159.9161412694 622949.3173380985))",3165
3166,3315.631591796875,"POLYGON ((-519225.17001393146 622934.6885670268, -518290.445543271 622920.0736657017, -518305.0144372387 621987.1637113801, -519239.75273976184 622001.7570074252, -519225.17001393146 622934.6885670268))",3166
3167,2333.089599609375,"POLYGON ((-518290.445543271 622920.0736657017, -517355.7427087665 622905.4726325283, -517370.29777246155 621972.5842630052, -518305.0144372387 621987.1637113801, -518290.445543271 622920.0736657017))",3167
3168,1054.324462890625,"POLYGON ((-517355.7427087665 622905.4726325283, -516421.0614898987 622890.8854659131, -516435.60272490967 621958.0186607096, -517370.29777246155 621972.5842630052, -517355.7427087665 622905.4726325283))",3168
3169,394.5140686035156,"POLYGON ((-516421.0614898987 622890.8854659131, -515486.4018661509 622876.3121642638, -515500.92927406495 621943.4669029033, -516435.60272490967 621958.0186607096, -516421.0614898987 622890.8854659131))",3169
3170,57.91706848144531,"POLYGON ((-515486.4018661509 622876.3121642638, -514551.76381700893 622861.7527259905, -514566.27739941096 621928.9289879985, -515500.92927406495 621943.4669029033, -515486.4018661509 622876.3121642638))",3170
3171,,"POLYGON ((-514551.76381700893 622861.7527259905, -513617.14732195996 622847.2071495042, -513631.64708043414 621914.4049144088, -514566.27739941096 621928.9289879985, -514551.76381700893 622861.7527259905))",3171
3172,,"POLYGON ((-513617.14732195996 622847.2071495042, -512682.5523604952 622832.6754332179, -512697.03829662316 621899.8946805492, -513631.64708043414 621914.4049144088, -513617.14732195996 622847.2071495042))",3172
3173,,"POLYGON ((-512682.5523604952 622832.6754332179, -511747.97891210567 622818.1575755462, -511762.45102746855 621885.3982848363, -512697.03829662316 621899.8946805492, -512682.5523604952 622832.6754332179))",3173
3174,,"POLYGON ((-511747.97891210567 622818.1575755462, -510813.42695628724 622803.6535749047, -510827.88525246305 621870.9157256888, -511762.45102746855 621885.3982848363, -511747.97891210567 622818.1575755462))",3174
3175,,"POLYGON ((-510813.42695628724 622803.6535749047, -509878.89647253626 622789.1634297116, -509893.3409511029 621856.4470015266, -510827.88525246305 621870.9157256888, -510813.42695628724 622803.6535749047))",3175
3176,,"POLYGON ((-509878.89647253626 622789.1634297116, -508944.3874403521 622774.687138386, -508958.81810288504 621841.9921107711, -509893.3409511029 621856.4470015266, -509878.89647253626 622789.1634297116))",3176
3177,,"POLYGON ((-508944.3874403521 622774.687138386, -508009.8998392364 622760.2246993486, -508024.31668731 621827.5510518457, -508958.81810288504 621841.9921107711, -508944.3874403521 622774.687138386))",3177
3178,,"POLYGON ((-508009.8998392364 622760.2246993486, -507075.433648693 622745.7761110222, -507089.8366838797 621813.1238231749, -508024.31668731 621827.5510518457, -508009.8998392364 622760.2246993486))",3178
3179,,"POLYGON ((-507075.433648693 622745.7761110222, -506140.98884822824 622731.3413718306, -506155.37807209906 621798.7104231851, -507089.8366838797 621813.1238231749, -507075.433648693 622745.7761110222))",3179
3180,,"POLYGON ((-506140.98884822824 622731.3413718306, -505206.56541735004 622716.9204801995, -505220.9408314738 621784.3108503044, -506155.37807209906 621798.7104231851, -506140.98884822824 622731.3413718306))",3180
3181,,"POLYGON ((-505206.56541735004 622716.9204801995, -504272.16333556885 622702.5134345562, -504286.5249415146 621769.9251029622, -505220.9408314738 621784.3108503044, -505206.56541735004 622716.9204801995))",3181
3182,,"POLYGON ((-504272.16333556885 622702.5134345562, -503337.78258239897 622688.1202333297, -503352.13038173143 621755.5531795894, -504286.5249415146 621769.9251029622, -504272.16333556885 622702.5134345562))",3182
3183,,"POLYGON ((-503337.78258239897 622688.1202333297, -502403.42313735385 622673.7408749503, -502417.7571316386 621741.1950786193, -503352.13038173143 621755.5531795894, -503337.78258239897 622688.1202333297))",3183
3184,,"POLYGON ((-502403.42313735385 622673.7408749503, -501469.0849799521 622659.3753578502, -501483.40517075174 621726.8507984857, -502417.7571316386 621741.1950786193, -502403.42313735385 622673.7408749503))",3184
3185,,"POLYGON ((-501469.0849799521 622659.3753578502, -500534.76808971283 622645.0236804627, -500549.07447858865 621712.5203376248, -501483.40517075174 621726.8507984857, -501469.0849799521 622659.3753578502))",3185
3186,,"POLYGON ((-500534.76808971283 622645.0236804627, -499600.4724461584 622630.6858412236, -499614.76503467036 621698.2036944737, -500549.07447858865 621712.5203376248, -500534.76808971283 622645.0236804627))",3186
3187,,"POLYGON ((-499600.4724461584 622630.6858412236, -498666.198028813 622616.3618385693, -498680.4768185192 621683.900867472, -499614.76503467036 621698.2036944737, -499600.4724461584 622630.6858412236))",3187
3188,,"POLYGON ((-498666.198028813 622616.3618385693, -497731.944817203 622602.0516709384, -497746.2098096601 621669.6118550602, -498680.4768185192 621683.900867472, -498666.198028813 622616.3618385693))",3188
3189,,"POLYGON ((-497731.944817203 622602.0516709384, -496797.7127908574 622587.7553367708, -496811.9639876209 621655.3366556807, -497746.2098096601 621669.6118550602, -497731.944817203 622602.0516709384))",3189
3190,,"POLYGON ((-496797.7127908574 622587.7553367708, -495863.501929307 622573.4728345083, -495877.7393319297 621641.075267777, -496811.9639876209 621655.3366556807, -496797.7127908574 622587.7553367708))",3190
3191,,"POLYGON ((-495863.501929307 622573.4728345083, -494929.3122120851 622559.2041625942, -494943.53582211875 621626.8276897947, -495877.7393319297 621641.075267777, -495863.501929307 622573.4728345083))",3191
3192,,"POLYGON ((-494929.3122120851 622559.2041625942, -493995.14361872734 622544.9493194729, -494009.3534377229 621612.5939201812, -494943.53582211875 621626.8276897947, -494929.3122120851 622559.2041625942))",3192
3193,,"POLYGON ((-493995.14361872734 622544.9493194729, -493060.99612877145 622530.7083035912, -493075.1921582767 621598.3739573848, -494009.3534377229 621612.5939201812, -493995.14361872734 622544.9493194729))",3193
3194,,"POLYGON ((-493060.99612877145 622530.7083035912, -492126.86972175725 622516.481113397, -492141.05196332035 621584.1677998558, -493075.1921582767 621598.3739573848, -493060.99612877145 622530.7083035912))",3194
3195,,"POLYGON ((-492126.86972175725 622516.481113397, -491192.7643772274 622502.2677473399, -491206.93283239275 621569.9754460461, -492141.05196332035 621584.1677998558, -492126.86972175725 622516.481113397))",3195
3196,,"POLYGON ((-491192.7643772274 622502.2677473399, -490258.68007472577 622488.0682038708, -490272.8347450382 621555.7968944089, -491206.93283239275 621569.9754460461, -491192.7643772274 622502.2677473399))",3196
3197,,"POLYGON ((-490258.68007472577 622488.0682038708, -489324.61679379933 622473.8824814429, -489338.757680801 621541.6321433996, -490272.8347450382 621555.7968944089, -490258.68007472577 622488.0682038708))",3197
3198,,"POLYGON ((-566004.7101802861 622749.1132255738, -565068.8637750596 622733.8254816975, -565084.1034461078 621799.8096386335, -566019.9637439898 621815.0747488427, -566004.7101802861 622749.1132255738))",3198
3199,,"POLYGON ((-565068.8637750596 622733.8254816975, -564133.0400365973 622718.5516671028, -564148.2658166594 621784.5584371059, -565084.1034461078 621799.8096386335, -565068.8637750596 622733.8254816975))",3199
3200,,"POLYGON ((-564133.0400365973 622718.5516671028, -563197.2389442625 622703.2917801186, -563212.4508350044 621769.3211425903, -564148.2658166594 621784.5584371059, -564133.0400365973 622718.5516671028))",3200
3201,,"POLYGON ((-563197.2389442625 622703.2917801186, -562261.4604774183 622688.045819074, -562276.6584805045 621754.0977534191, -563212.4508350044 621769.3211425903, -563197.2389442625 622703.2917801186))",3201
3202,66.48360443115234,"POLYGON ((-562261.4604774183 622688.045819074, -561325.7046154302 622672.8137823008, -561340.8887325248 621738.8882679258, -562276.6584805045 621754.0977534191, -562261.4604774183 622688.045819074))",3202
3203,90.67328643798828,"POLYGON ((-561325.7046154302 622672.8137823008, -560389.9713376677 622657.5956681322, -560405.1415704312 621723.6926844463, -561340.8887325248 621738.8882679258, -561325.7046154302 622672.8137823008))",3203
3204,91.40735626220703,"POLYGON ((-560389.9713376677 622657.5956681322, -559454.2606235011 622642.3914749025, -559469.4169735948 621708.5110013175, -560405.1415704312 621723.6926844463, -560389.9713376677 622657.5956681322))",3204
3205,62.65739822387695,"POLYGON ((-559454.2606235011 622642.3914749025, -558518.5724523037 622627.2012009483, -558533.7149213853 621693.3432168779, -559469.4169735948 621708.5110013175, -559454.2606235011 622642.3914749025))",3205
3206,58.407196044921875,"POLYGON ((-558518.5724523037 622627.2012009483, -557582.9068034512 622612.0248446075, -557598.0353931782 621678.1893294682, -558533.7149213853 621693.3432168779, -558518.5724523037 622627.2012009483))",3206
3207,66.34931182861328,"POLYGON ((-557582.9068034512 622612.0248446075, -556647.2636563228 622596.8624042195, -556662.3783683497 621663.0493374302, -557598.0353931782 621678.1893294682, -557582.9068034512 622612.0248446075))",3207
3208,93.13955688476562,"POLYGON ((-556647.2636563228 622596.8624042195, -555711.6429902976 622581.7138781255, -555726.7438262785 621647.9232391072, -556662.3783683497 621663.0493374302, -556647.2636563228 622596.8624042195))",3208
3209,159.94642639160156,"POLYGON ((-555711.6429902976 622581.7138781255, -554776.0447847596 622566.5792646684, -554791.1317463459 621632.811032845, -555726.7438262785 621647.9232391072, -555711.6429902976 622581.7138781255))",3209
3210,266.783447265625,"POLYGON ((-554776.0447847596 622566.5792646684, -553840.4690190938 622551.4585621925, -553855.5421079362 621617.7127169898, -554791.1317463459 621632.811032845, -554776.0447847596 622566.5792646684))",3210
3211,334.3359680175781,"POLYGON ((-553840.4690190938 622551.4585621925, -552904.915672688 622536.3517690438, -552919.9748904351 621602.6282898901, -553855.5421079362 621617.7127169898, -553840.4690190938 622551.4585621925))",3211
3212,337.9259948730469,"POLYGON ((-552904.915672688 622536.3517690438, -551969.3847249323 622521.2588835699, -551984.4300732317 621587.5577498963, -552919.9748904351 621602.6282898901, -552904.915672688 622536.3517690438))",3212
3213,340.9127197265625,"POLYGON ((-551969.3847249323 622521.2588835699, -551033.8761552195 622506.1799041204, -551048.907635716 621572.5010953596, -551984.4300732317 621587.5577498963, -551969.3847249323 622521.2588835699))",3213
3214,466.4730224609375,"POLYGON ((-551033.8761552195 622506.1799041204, -550098.3899429443 622491.1148290457, -550113.4075572821 621557.4583246335, -551048.907635716 621572.5010953596, -551033.8761552195 622506.1799041204))",3214
3215,589.147216796875,"POLYGON ((-550098.3899429443 622491.1148290457, -549162.9260675034 622476.0636566986, -549177.9298173254 621542.4294360727, -550113.4075572821 621557.4583246335, -550098.3899429443 622491.1148290457))",3215
3216,643.9720458984375,"POLYGON ((-549162.9260675034 622476.0636566986, -548227.4845082975 622461.026385433, -548242.4743952438 621527.4144280339, -549177.9298173254 621542.4294360727, -549162.9260675034 622476.0636566986))",3216
3217,664.753173828125,"POLYGON ((-548227.4845082975 622461.026385433, -547292.0652447284 622446.0030136049, -547307.041270438 621512.4132988751, -548242.4743952438 621527.4144280339, -548227.4845082975 622461.026385433))",3217
3218,560.891845703125,"POLYGON ((-547292.0652447284 622446.0030136049, -546356.6682562007 622430.9935395713, -546371.6304223114 621497.426046956, -547307.041270438 621512.4132988751, -547292.0652447284 622446.0030136049))",3218
3219,842.2008666992188,"POLYGON ((-546356.6682562007 622430.9935395713, -545421.2935221205 622415.9979616912, -545436.241830268 621482.4526706376, -546371.6304223114 621497.426046956, -546356.6682562007 622430.9935395713))",3219
3220,762.7174072265625,"POLYGON ((-545421.2935221205 622415.9979616912, -544485.9410218978 622401.0162783253, -544500.8754737163 621467.4931682834, -545436.241830268 621482.4526706376, -545421.2935221205 622415.9979616912))",3220
3221,626.4024047851562,"POLYGON ((-544485.9410218978 622401.0162783253, -543550.6107349433 622386.0484878359, -543565.5313320658 621452.5475382574, -544500.8754737163 621467.4931682834, -544485.9410218978 622401.0162783253))",3221
3222,283.96270751953125,"POLYGON ((-543550.6107349433 622386.0484878359, -542615.3026406721 622371.0945885865, -542630.2093847293 621437.6157789262, -543565.5313320658 621452.5475382574, -543550.6107349433 622386.0484878359))",3222
3223,451.7549743652344,"POLYGON ((-542615.3026406721 622371.0945885865, -541680.0167184991 622356.1545789426, -541694.9096111206 621422.6978886572, -542630.2093847293 621437.6157789262, -542615.3026406721 622371.0945885865))",3223
3224,746.8245849609375,"POLYGON ((-541680.0167184991 622356.1545789426, -540744.7529478447 622341.2284572712, -540759.631990658 621407.79386582, -541694.9096111206 621422.6978886572, -541680.0167184991 622356.1545789426))",3224
3225,960.4940185546875,"POLYGON ((-540744.7529478447 622341.2284572712, -539809.5113081286 622326.3162219409, -539824.3765027603 621392.9037087855, -540759.631990658 621407.79386582, -540744.7529478447 622341.2284572712))",3225
3226,1169.3341064453125,"POLYGON ((-539809.5113081286 622326.3162219409, -538874.2917787747 622311.417871322, -538889.1431268492 621378.0274159263, -539824.3765027603 621392.9037087855, -539809.5113081286 622326.3162219409))",3226
3227,1459.1400146484375,"POLYGON ((-538874.2917787747 622311.417871322, -537939.0943392084 622296.5334037862, -537953.9318423487 621363.1649856165, -538889.1431268492 621378.0274159263, -538874.2917787747 622311.417871322))",3227
3228,1426.6998291015625,"POLYGON ((-537939.0943392084 622296.5334037862, -537003.9189688581 622281.6628177072, -537018.7426286854 621348.3164162321, -537953.9318423487 621363.1649856165, -537939.0943392084 622296.5334037862))",3228
3229,1150.80712890625,"POLYGON ((-537003.9189688581 622281.6628177072, -536068.7656471544 622266.8061114599, -536083.575465289 621333.4817061503, -537018.7426286854 621348.3164162321, -537003.9189688581 622281.6628177072))",3229
3230,1429.80224609375,"POLYGON ((-536068.7656471544 622266.8061114599, -535133.6343535294 622251.9632834209, -535148.4303315893 621318.6608537502, -536083.575465289 621333.4817061503, -536068.7656471544 622266.8061114599))",3230
3231,2039.7008056640625,"POLYGON ((-535133.6343535294 622251.9632834209, -534198.5250674193 622237.1343319686, -534213.3072070212 621303.8538574125, -535148.4303315893 621318.6608537502, -535133.6343535294 622251.9632834209))",3231
3232,1372.202392578125,"POLYGON ((-534198.5250674193 622237.1343319686, -533263.4377682611 622222.3192554829, -533278.2060710194 621289.0607155192, -534213.3072070212 621303.8538574125, -534198.5250674193 622237.1343319686))",3232
3233,804.4271240234375,"POLYGON ((-533263.4377682611 622222.3192554829, -532328.3724354942 622207.5180523453, -532343.1269030233 621274.2814264544, -533278.2060710194 621289.0607155192, -533263.4377682611 622222.3192554829))",3233
3234,1662.152587890625,"POLYGON ((-532328.3724354942 622207.5180523453, -531393.3290485615 622192.7307209386, -531408.0696824725 621259.5159886035, -532343.1269030233 621274.2814264544, -532328.3724354942 622207.5180523453))",3234
3235,3428.736572265625,"POLYGON ((-531393.3290485615 622192.7307209386, -530458.3075869073 622177.9572596481, -530473.0343888103 621244.7644003533, -531408.0696824725 621259.5159886035, -531393.3290485615 622192.7307209386))",3235
3236,3393.234375,"POLYGON ((-530458.3075869073 622177.9572596481, -529523.3080299784 622163.1976668597, -529538.0210014821 621230.0266600929, -530473.0343888103 621244.7644003533, -530458.3075869073 622177.9572596481))",3236
3237,3327.672607421875,"POLYGON ((-529523.3080299784 622163.1976668597, -528588.3303572235 622148.4519409613, -528603.029499935 621215.3027662119, -529538.0210014821 621230.0266600929, -529523.3080299784 622163.1976668597))",3237
3238,4843.65380859375,"POLYGON ((-528588.3303572235 622148.4519409613, -527653.3745480952 622133.7200803427, -527668.0598636196 621200.5927171028, -528603.029499935 621215.3027662119, -528588.3303572235 622148.4519409613))",3238
3239,5061.755859375,"POLYGON ((-527653.3745480952 622133.7200803427, -526718.4405820463 622119.0020833948, -526733.1120719876 621185.8965111588, -527668.0598636196 621200.5927171028, -527653.3745480952 622133.7200803427))",3239
3240,4976.92578125,"POLYGON ((-526718.4405820463 622119.0020833948, -525783.5284385338 622104.2979485104, -525798.1861044943 621171.2141467748, -526733.1120719876 621185.8965111588, -526718.4405820463 622119.0020833948))",3240
3241,4993.50732421875,"POLYGON ((-525783.5284385338 622104.2979485104, -524848.638097016 622089.6076740838, -524863.2819405957 621156.5456223476, -525798.1861044943 621171.2141467748, -525783.5284385338 622104.2979485104))",3241
3242,5107.40771484375,"POLYGON ((-524848.638097016 622089.6076740838, -523913.7695369532 622074.9312585111, -523928.39955975197 621141.8909362756, -524863.2819405957 621156.5456223476, -524848.638097016 622089.6076740838))",3242
3243,4798.58984375,"POLYGON ((-523913.7695369532 622074.9312585111, -522978.9227378088 622060.2687001898, -522993.5389414232 621127.2500869586, -523928.39955975197 621141.8909362756, -523913.7695369532 622074.9312585111))",3243
3244,3754.26220703125,"POLYGON ((-522978.9227378088 622060.2687001898, -522044.0976790488 622045.619997519, -522058.70006507484 621112.623072798, -522993.5389414232 621127.2500869586, -522978.9227378088 622060.2687001898))",3244
3245,3181.615234375,"POLYGON ((-522044.0976790488 622045.619997519, -521109.29434014065 622030.9851488995, -521123.8829101721 621098.0098921967, -522058.70006507484 621112.623072798, -522044.0976790488 622045.619997519))",3245
3246,2261.829833984375,"POLYGON ((-521109.29434014065 622030.9851488995, -520174.5127005542 622016.3641527335, -520189.0874561841 621083.4105435597, -521123.8829101721 621098.0098921967, -521109.29434014065 622030.9851488995))",3246
3247,1272.336669921875,"POLYGON ((-520174.5127005542 622016.3641527335, -519239.75273976184 622001.7570074252, -519254.31368258095 621068.825025293, -520189.0874561841 621083.4105435597, -520174.5127005542 622016.3641527335))",3247
3248,388.4925842285156,"POLYGON ((-519239.75273976184 622001.7570074252, -518305.0144372387 621987.1637113801, -518319.5615688367 621054.2533358047, -519254.31368258095 621068.825025293, -519239.75273976184 622001.7570074252))",3248
3249,,"POLYGON ((-518305.0144372387 621987.1637113801, -517370.29777246155 621972.5842630052, -517384.83109442657 621039.6954735041, -518319.5615688367 621054.2533358047, -518305.0144372387 621987.1637113801))",3249
3250,,"POLYGON ((-517370.29777246155 621972.5842630052, -516435.60272490967 621958.0186607096, -516450.12223882717 621025.1514368023, -517384.83109442657 621039.6954735041, -517370.29777246155 621972.5842630052))",3250
3251,,"POLYGON ((-516435.60272490967 621958.0186607096, -515500.92927406495 621943.4669029033, -515515.4349815198 621010.6212241121, -516450.12223882717 621025.1514368023, -516435.60272490967 621958.0186607096))",3251
3252,,"POLYGON ((-515500.92927406495 621943.4669029033, -514566.27739941096 621928.9289879985, -514580.769301986 620996.1048338476, -515515.4349815198 621010.6212241121, -515500.92927406495 621943.4669029033))",3252
3253,,"POLYGON ((-514566.27739941096 621928.9289879985, -513631.64708043414 621914.4049144088, -513646.1251797109 620981.6022644247, -514580.769301986 620996.1048338476, -514566.27739941096 621928.9289879985))",3253
3254,,"POLYGON ((-513631.64708043414 621914.4049144088, -512697.03829662316 621899.8946805492, -512711.5025941811 620967.1135142609, -513646.1251797109 620981.6022644247, -513631.64708043414 621914.4049144088))",3254
3255,,"POLYGON ((-512697.03829662316 621899.8946805492, -511762.45102746855 621885.3982848363, -511776.90152488614 620952.638581775, -512711.5025941811 620967.1135142609, -512697.03829662316 621899.8946805492))",3255
3256,,"POLYGON ((-511762.45102746855 621885.3982848363, -510827.88525246305 621870.9157256888, -510842.3219513169 620938.177465388, -511776.90152488614 620952.638581775, -511762.45102746855 621885.3982848363))",3256
3257,,"POLYGON ((-510827.88525246305 621870.9157256888, -509893.3409511029 621856.4470015266, -509907.7638529681 620923.730163522, -510842.3219513169 620938.177465388, -510827.88525246305 621870.9157256888))",3257
3258,,"POLYGON ((-509893.3409511029 621856.4470015266, -508958.81810288504 621841.9921107711, -508973.2272093354 620909.2966746008, -509907.7638529681 620923.730163522, -509893.3409511029 621856.4470015266))",3258
3259,,"POLYGON ((-508958.81810288504 621841.9921107711, -508024.31668731 621827.5510518457, -508038.7119999167 620894.8769970497, -508973.2272093354 620909.2966746008, -508958.81810288504 621841.9921107711))",3259
3260,,"POLYGON ((-508024.31668731 621827.5510518457, -507089.8366838797 621813.1238231749, -507104.2182042134 620880.4711292959, -508038.7119999167 620894.8769970497, -508024.31668731 621827.5510518457))",3260
3261,,"POLYGON ((-507089.8366838797 621813.1238231749, -506155.37807209906 621798.7104231851, -506169.7458017281 620866.0790697682, -507104.2182042134 620880.4711292959, -507089.8366838797 621813.1238231749))",3261
3262,,"POLYGON ((-506155.37807209906 621798.7104231851, -505220.9408314738 621784.3108503044, -505235.2947719657 620851.7008168964, -506169.7458017281 620866.0790697682, -506155.37807209906 621798.7104231851))",3262
3263,,"POLYGON ((-505220.9408314738 621784.3108503044, -504286.5249415146 621769.9251029622, -504300.865094434 620837.3363691126, -505235.2947719657 620851.7008168964, -505220.9408314738 621784.3108503044))",3263
3264,,"POLYGON ((-504286.5249415146 621769.9251029622, -503352.13038173143 621755.5531795894, -503366.45674864296 620822.98572485, -504300.865094434 620837.3363691126, -504286.5249415146 621769.9251029622))",3264
3265,,"POLYGON ((-503352.13038173143 621755.5531795894, -502417.7571316386 621741.1950786193, -502432.0697141045 620808.6488825439, -503366.45674864296 620822.98572485, -503352.13038173143 621755.5531795894))",3265
3266,,"POLYGON ((-502417.7571316386 621741.1950786193, -501483.40517075174 621726.8507984857, -501497.7039703323 620794.3258406305, -502432.0697141045 620808.6488825439, -502417.7571316386 621741.1950786193))",3266
3267,,"POLYGON ((-501483.40517075174 621726.8507984857, -500549.07447858865 621712.5203376248, -500563.3594968433 620780.0165975482, -501497.7039703323 620794.3258406305, -501483.40517075174 621726.8507984857))",3267
3268,,"POLYGON ((-500549.07447858865 621712.5203376248, -499614.76503467036 621698.2036944737, -499629.03627315676 620765.7211517366, -500563.3594968433 620780.0165975482, -500549.07447858865 621712.5203376248))",3268
3269,,"POLYGON ((-499614.76503467036 621698.2036944737, -498680.4768185192 621683.900867472, -498694.7342787931 620751.4395016372, -499629.03627315676 620765.7211517366, -499614.76503467036 621698.2036944737))",3269
3270,,"POLYGON ((-498680.4768185192 621683.900867472, -497746.2098096601 621669.6118550602, -497760.45349327615 620737.1716456929, -498694.7342787931 620751.4395016372, -498680.4768185192 621683.900867472))",3270
3271,,"POLYGON ((-497746.2098096601 621669.6118550602, -496811.9639876209 621655.3366556807, -496826.1938961308 620722.9175823482, -497760.45349327615 620737.1716456929, -497746.2098096601 621669.6118550602))",3271
3272,,"POLYGON ((-496811.9639876209 621655.3366556807, -495877.7393319297 621641.075267777, -495891.95546688593 620708.6773100492, -496826.1938961308 620722.9175823482, -496811.9639876209 621655.3366556807))",3272
3273,,"POLYGON ((-495877.7393319297 621641.075267777, -494943.53582211875 621626.8276897947, -494957.7381850701 620694.4508272436, -495891.95546688593 620708.6773100492, -495877.7393319297 621641.075267777))",3273
3274,,"POLYGON ((-494943.53582211875 621626.8276897947, -494009.3534377229 621612.5939201812, -494023.5420302177 620680.238132381, -494957.7381850701 620694.4508272436, -494943.53582211875 621626.8276897947))",3274
3275,,"POLYGON ((-494009.3534377229 621612.5939201812, -493075.1921582767 621598.3739573848, -493089.36698186165 620666.0392239117, -494023.5420302177 620680.238132381, -494009.3534377229 621612.5939201812))",3275
3276,,"POLYGON ((-493075.1921582767 621598.3739573848, -492141.05196332035 621584.1677998558, -492155.21301953937 620651.8541002886, -493089.36698186165 620666.0392239117, -493075.1921582767 621598.3739573848))",3276
3277,,"POLYGON ((-492141.05196332035 621584.1677998558, -491206.93283239275 621569.9754460461, -491221.0801227902 620637.6827599658, -492155.21301953937 620651.8541002886, -492141.05196332035 621584.1677998558))",3277
3278,,"POLYGON ((-491206.93283239275 621569.9754460461, -490272.8347450382 621555.7968944089, -490286.9682711549 620623.5252013985, -491221.0801227902 620637.6827599658, -491206.93283239275 621569.9754460461))",3278
3279,,"POLYGON ((-490272.8347450382 621555.7968944089, -489338.757680801 621541.6321433996, -489352.8774441773 620609.3814230444, -490286.9682711549 620623.5252013985, -490272.8347450382 621555.7968944089))",3279
3280,,"POLYGON ((-566019.9637439898 621815.0747488427, -565084.1034461078 621799.8096386335, -565099.3203194723 620865.7933095869, -566035.1944892483 620881.0357847881, -566019.9637439898 621815.0747488427))",3280
3281,,"POLYGON ((-565084.1034461078 621799.8096386335, -564148.2658166594 621784.5584371059, -564163.4688197952 620850.5647224652, -565099.3203194723 620865.7933095869, -565084.1034461078 621799.8096386335))",3281
3282,100.13427734375,"POLYGON ((-564148.2658166594 621784.5584371059, -563212.4508350044 621769.3211425903, -563227.6399695755 620835.3500217564, -564163.4688197952 620850.5647224652, -564148.2658166594 621784.5584371059))",3282
3283,68.37866973876953,"POLYGON ((-563212.4508350044 621769.3211425903, -562276.6584805045 621754.0977534191, -562291.8337481739 620820.1492057947, -563227.6399695755 620835.3500217564, -563212.4508350044 621769.3211425903))",3283
3284,83.2138442993164,"POLYGON ((-562276.6584805045 621754.0977534191, -561340.8887325248 621738.8882679258, -561356.0501349529 620804.9622729167, -562291.8337481739 620820.1492057947, -562276.6584805045 621754.0977534191))",3284
3285,94.69064331054688,"POLYGON ((-561340.8887325248 621738.8882679258, -560405.1415704312 621723.6926844463, -560420.2891092778 620789.7892214602, -561356.0501349529 620804.9622729167, -561340.8887325248 621738.8882679258))",3285
3286,98.2255859375,"POLYGON ((-560405.1415704312 621723.6926844463, -559469.4169735948 621708.5110013175, -559484.5506505163 620774.6300497648, -560420.2891092778 620789.7892214602, -560405.1415704312 621723.6926844463))",3286
3287,67.82711029052734,"POLYGON ((-559469.4169735948 621708.5110013175, -558533.7149213853 621693.3432168779, -558548.834738039 620759.4847561712, -559484.5506505163 620774.6300497648, -559469.4169735948 621708.5110013175))",3287
3288,56.33674240112305,"POLYGON ((-558533.7149213853 621693.3432168779, -557598.0353931782 621678.1893294682, -557613.1413512176 620744.3533390227, -558548.834738039 620759.4847561712, -558533.7149213853 621693.3432168779))",3288
3289,57.650047302246094,"POLYGON ((-557598.0353931782 621678.1893294682, -556662.3783683497 621663.0493374302, -556677.4704694285 620729.2357966632, -557613.1413512176 620744.3533390227, -557598.0353931782 621678.1893294682))",3289
3290,88.81852722167969,"POLYGON ((-556662.3783683497 621663.0493374302, -555726.7438262785 621647.9232391072, -555741.8220720473 620714.1321274389, -556677.4704694285 620729.2357966632, -556662.3783683497 621663.0493374302))",3290
3291,177.0755157470703,"POLYGON ((-555726.7438262785 621647.9232391072, -554791.1317463459 621632.811032845, -554806.1961384546 620699.0423296974, -555741.8220720473 620714.1321274389, -555726.7438262785 621647.9232391072))",3291
3292,268.76580810546875,"POLYGON ((-554791.1317463459 621632.811032845, -553855.5421079362 621617.7127169898, -553870.5926480326 620683.9664017875, -554806.1961384546 620699.0423296974, -554791.1317463459 621632.811032845))",3292
3293,297.23052978515625,"POLYGON ((-553855.5421079362 621617.7127169898, -552919.9748904351 621602.6282898901, -552935.0115801659 620668.9043420604, -553870.5926480326 620683.9664017875, -553855.5421079362 621617.7127169898))",3293
3294,363.57464599609375,"POLYGON ((-552919.9748904351 621602.6282898901, -551984.4300732317 621587.5577498963, -551999.4529142408 620653.8561488684, -552935.0115801659 620668.9043420604, -552919.9748904351 621602.6282898901))",3294
3295,369.9650573730469,"POLYGON ((-551984.4300732317 621587.5577498963, -551048.907635716 621572.5010953596, -551063.9166296469 620638.8218205657, -551999.4529142408 620653.8561488684, -551984.4300732317 621587.5577498963))",3295
3296,405.5090637207031,"POLYGON ((-551048.907635716 621572.5010953596, -550113.4075572821 621557.4583246335, -550128.4027057767 620623.8013555075, -551063.9166296469 620638.8218205657, -551048.907635716 621572.5010953596))",3296
3297,742.5335693359375,"POLYGON ((-550113.4075572821 621557.4583246335, -549177.9298173254 621542.4294360727, -549192.9111220229 620608.7947520512, -550128.4027057767 620623.8013555075, -550113.4075572821 621557.4583246335))",3297
3298,969.1467895507812,"POLYGON ((-549177.9298173254 621542.4294360727, -548242.4743952438 621527.4144280339, -548257.441857783 620593.802008556, -549192.9111220229 620608.7947520512, -549177.9298173254 621542.4294360727))",3298
3299,905.960205078125,"POLYGON ((-548242.4743952438 621527.4144280339, -547307.041270438 621512.4132988751, -547321.9948924559 620578.8231233818, -548257.441857783 620593.802008556, -548242.4743952438 621527.4144280339))",3299
3300,854.6209106445312,"POLYGON ((-547307.041270438 621512.4132988751, -546371.6304223114 621497.426046956, -546386.5702054424 620563.8580948913, -547321.9948924559 620578.8231233818, -547307.041270438 621512.4132988751))",3300
3301,1127.2723388671875,"POLYGON ((-546371.6304223114 621497.426046956, -545436.241830268 621482.4526706376, -545451.1677761457 620548.9069214476, -546386.5702054424 620563.8580948913, -546371.6304223114 621497.426046956))",3301
3302,1142.14306640625,"POLYGON ((-545436.241830268 621482.4526706376, -544500.8754737163 621467.4931682834, -544515.7875839729 620533.9696014165, -545451.1677761457 620548.9069214476, -545436.241830268 621482.4526706376))",3302
3303,858.336669921875,"POLYGON ((-544500.8754737163 621467.4931682834, -543565.5313320658 621452.5475382574, -543580.4296083314 620519.0461331645, -544515.7875839729 620533.9696014165, -544500.8754737163 621467.4931682834))",3303
3304,650.669677734375,"POLYGON ((-543565.5313320658 621452.5475382574, -542630.2093847293 621437.6157789262, -542645.0938286328 620504.1365150603, -543580.4296083314 620519.0461331645, -543565.5313320658 621452.5475382574))",3304
3305,652.8116455078125,"POLYGON ((-542630.2093847293 621437.6157789262, -541694.9096111206 621422.6978886572, -541709.7802242889 620489.2407454741, -542645.0938286328 620504.1365150603, -542630.2093847293 621437.6157789262))",3305
3306,923.7924194335938,"POLYGON ((-541694.9096111206 621422.6978886572, -540759.631990658 621407.79386582, -540774.4887747162 620474.3588227774, -541709.7802242889 620489.2407454741, -541694.9096111206 621422.6978886572))",3306
3307,833.9466552734375,"POLYGON ((-540759.631990658 621407.79386582, -539824.3765027603 621392.9037087855, -539839.2194593324 620459.4907453436, -540774.4887747162 620474.3588227774, -540759.631990658 621407.79386582))",3307
3308,892.5437622070312,"POLYGON ((-539824.3765027603 621392.9037087855, -538889.1431268492 621378.0274159263, -538903.9722575576 620444.636511548, -539839.2194593324 620459.4907453436, -539824.3765027603 621392.9037087855))",3308
3309,1213.1173095703125,"POLYGON ((-538889.1431268492 621378.0274159263, -537953.9318423487 621363.1649856165, -537968.7471488138 620429.7961197664, -538903.9722575576 620444.636511548, -538889.1431268492 621378.0274159263))",3309
3310,1023.4544067382812,"POLYGON ((-537953.9318423487 621363.1649856165, -537018.7426286854 621348.3164162321, -537033.5441125269 620414.9695683778, -537968.7471488138 620429.7961197664, -537953.9318423487 621363.1649856165))",3310
3311,778.2550048828125,"POLYGON ((-537018.7426286854 621348.3164162321, -536083.575465289 621333.4817061503, -536098.3631281238 620400.1568557613, -537033.5441125269 620414.9695683778, -537018.7426286854 621348.3164162321))",3311
3312,932.2637329101562,"POLYGON ((-536083.575465289 621333.4817061503, -535148.4303315893 621318.6608537502, -535163.2041750335 620385.3579802986, -536098.3631281238 620400.1568557613, -536083.575465289 621333.4817061503))",3312
3313,1723.8465576171875,"POLYGON ((-535148.4303315893 621318.6608537502, -534213.3072070212 621303.8538574125, -534228.0672326883 620370.5729403726, -535163.2041750335 620385.3579802986, -535148.4303315893 621318.6608537502))",3313
3314,741.996826171875,"POLYGON ((-534213.3072070212 621303.8538574125, -533278.2060710194 621289.0607155192, -533292.9522805228 620355.8017343677, -534228.0672326883 620370.5729403726, -534213.3072070212 621303.8538574125))",3314
3315,316.5904846191406,"POLYGON ((-533278.2060710194 621289.0607155192, -532343.1269030233 621274.2814264544, -532357.8592979735 620341.0443606705, -533292.9522805228 620355.8017343677, -533278.2060710194 621289.0607155192))",3315
3316,990.8515625,"POLYGON ((-532343.1269030233 621274.2814264544, -531408.0696824725 621259.5159886035, -531422.7882644795 620326.3008176683, -532357.8592979735 620341.0443606705, -532343.1269030233 621274.2814264544))",3316
3317,3000.277587890625,"POLYGON ((-531408.0696824725 621259.5159886035, -530473.0343888103 621244.7644003533, -530487.7391594809 620311.5711037506, -531422.7882644795 620326.3008176683, -531408.0696824725 621259.5159886035))",3317
3318,4275.7177734375,"POLYGON ((-530473.0343888103 621244.7644003533, -529538.0210014821 621230.0266600929, -529552.7119624232 620296.8552173087, -530487.7391594809 620311.5711037506, -530473.0343888103 621244.7644003533))",3318
3319,4494.4619140625,"POLYGON ((-529538.0210014821 621230.0266600929, -528603.029499935 621215.3027662119, -528617.7066527514 620282.1531567348, -529552.7119624232 620296.8552173087, -529538.0210014821 621230.0266600929))",3319
3320,4918.46533203125,"POLYGON ((-528603.029499935 621215.3027662119, -527668.0598636196 621200.5927171028, -527682.7232099143 620267.4649204231, -528617.7066527514 620282.1531567348, -528603.029499935 621215.3027662119))",3320
3321,4857.30908203125,"POLYGON ((-527668.0598636196 621200.5927171028, -526733.1120719876 621185.8965111588, -526747.761613362 620252.7905067697, -527682.7232099143 620267.4649204231, -527668.0598636196 621200.5927171028))",3321
3322,4195.927734375,"POLYGON ((-526733.1120719876 621185.8965111588, -525798.1861044943 621171.2141467748, -525812.8218425479 620238.1299141716, -526747.761613362 620252.7905067697, -526733.1120719876 621185.8965111588))",3322
3323,3983.90576171875,"POLYGON ((-525798.1861044943 621171.2141467748, -524863.2819405957 621156.5456223476, -524877.9038769271 620223.4831410281, -525812.8218425479 620238.1299141716, -525798.1861044943 621171.2141467748))",3323
3324,3857.04345703125,"POLYGON ((-524863.2819405957 621156.5456223476, -523928.39955975197 621141.8909362756, -523943.0076959571 620208.8501857396, -524877.9038769271 620223.4831410281, -524863.2819405957 621156.5456223476))",3324
3325,2094.78857421875,"POLYGON ((-523928.39955975197 621141.8909362756, -522993.5389414232 621127.2500869586, -523008.13327909796 620194.2310467082, -523943.0076959571 620208.8501857396, -523928.39955975197 621141.8909362756))",3325
3326,1031.6605224609375,"POLYGON ((-522993.5389414232 621127.2500869586, -522058.70006507484 621112.623072798, -522073.280605812 620179.625722338, -523008.13327909796 620194.2310467082, -522993.5389414232 621127.2500869586))",3326
3327,428.5406799316406,"POLYGON ((-522058.70006507484 621112.623072798, -521123.8829101721 621098.0098921967, -521138.44965556415 620165.0342110341, -522073.280605812 620179.625722338, -522058.70006507484 621112.623072798))",3327
3328,,"POLYGON ((-521123.8829101721 621098.0098921967, -520189.0874561841 621083.4105435597, -520203.64040782116 620150.4565112035, -521138.44965556415 620165.0342110341, -521123.8829101721 621098.0098921967))",3328
3329,,"POLYGON ((-520189.0874561841 621083.4105435597, -519254.31368258095 621068.825025293, -519268.85284205165 620135.892621255, -520203.64040782116 620150.4565112035, -520189.0874561841 621083.4105435597))",3329
3330,,"POLYGON ((-519254.31368258095 621068.825025293, -518319.5615688367 621054.2533358047, -518334.0869377274 620121.3425395986, -519268.85284205165 620135.892621255, -519254.31368258095 621068.825025293))",3330
3331,,"POLYGON ((-518319.5615688367 621054.2533358047, -517384.83109442657 621039.6954735041, -517399.34267432266 620106.806264646, -518334.0869377274 620121.3425395986, -518319.5615688367 621054.2533358047))",3331
3332,,"POLYGON ((-517384.83109442657 621039.6954735041, -516450.12223882717 621025.1514368023, -516464.62003131397 620092.2837948106, -517399.34267432266 620106.806264646, -517384.83109442657 621039.6954735041))",3332
3333,,"POLYGON ((-516450.12223882717 621025.1514368023, -515515.4349815198 621010.6212241121, -515529.91898817837 620077.7751285074, -516464.62003131397 620092.2837948106, -516450.12223882717 621025.1514368023))",3333
3334,,"POLYGON ((-515515.4349815198 621010.6212241121, -514580.769301986 620996.1048338476, -514595.2395243972 620063.2802641531, -515529.91898817837 620077.7751285074, -515515.4349815198 621010.6212241121))",3334
3335,,"POLYGON ((-514580.769301986 620996.1048338476, -513646.1251797109 620981.6022644247, -513660.5816194541 620048.7992001657, -514595.2395243972 620063.2802641531, -514580.769301986 620996.1048338476))",3335
3336,,"POLYGON ((-513646.1251797109 620981.6022644247, -512711.5025941811 620967.1135142609, -512725.945252834 620034.3319349647, -513660.5816194541 620048.7992001657, -513646.1251797109 620981.6022644247))",3336
3337,,"POLYGON ((-512711.5025941811 620967.1135142609, -511776.90152488614 620952.638581775, -511791.3304040241 620019.878466972, -512725.945252834 620034.3319349647, -512711.5025941811 620967.1135142609))",3337
3338,,"POLYGON ((-511776.90152488614 620952.638581775, -510842.3219513169 620938.177465388, -510856.7370525147 620005.43879461, -511791.3304040241 620019.878466972, -511776.90152488614 620952.638581775))",3338
3339,,"POLYGON ((-510842.3219513169 620938.177465388, -509907.7638529681 620923.730163522, -509922.16517779813 619991.0129163035, -510856.7370525147 620005.43879461, -510842.3219513169 620938.177465388))",3339
3340,,"POLYGON ((-509907.7638529681 620923.730163522, -508973.2272093354 620909.2966746008, -508987.6147593687 619976.6008304786, -509922.16517779813 619991.0129163035, -509907.7638529681 620923.730163522))",3340
3341,,"POLYGON ((-508973.2272093354 620909.2966746008, -508038.7119999167 620894.8769970497, -508053.08577672346 619962.2025355628, -508987.6147593687 619976.6008304786, -508973.2272093354 620909.2966746008))",3341
3342,,"POLYGON ((-508038.7119999167 620894.8769970497, -507104.2182042134 620880.4711292959, -507118.5782093608 619947.8180299856, -508053.08577672346 619962.2025355628, -508038.7119999167 620894.8769970497))",3342
3343,,"POLYGON ((-507104.2182042134 620880.4711292959, -506169.7458017281 620866.0790697682, -506184.09203678323 619933.447312178, -507118.5782093608 619947.8180299856, -507104.2182042134 620880.4711292959))",3343
3344,,"POLYGON ((-506169.7458017281 620866.0790697682, -505235.2947719657 620851.7008168964, -505249.6272384927 619919.0903805721, -506184.09203678323 619933.447312178, -506169.7458017281 620866.0790697682))",3344
3345,,"POLYGON ((-505235.2947719657 620851.7008168964, -504300.865094434 620837.3363691126, -504315.18379399634 619904.7472336023, -505249.6272384927 619919.0903805721, -505235.2947719657 620851.7008168964))",3345
3346,,"POLYGON ((-504300.865094434 620837.3363691126, -503366.45674864296 620822.98572485, -503380.76168280246 619890.4178697042, -504315.18379399634 619904.7472336023, -504300.865094434 620837.3363691126))",3346
3347,,"POLYGON ((-503366.45674864296 620822.98572485, -502432.0697141045 620808.6488825439, -502446.36088442046 619876.1022873151, -503380.76168280246 619890.4178697042, -503366.45674864296 620822.98572485))",3347
3348,,"POLYGON ((-502432.0697141045 620808.6488825439, -501497.7039703323 620794.3258406305, -501511.98137836356 619861.8004848736, -502446.36088442046 619876.1022873151, -502432.0697141045 620808.6488825439))",3348
3349,,"POLYGON ((-501497.7039703323 620794.3258406305, -500563.3594968433 620780.0165975482, -500577.623144147 619847.5124608204, -501511.98137836356 619861.8004848736, -501497.7039703323 620794.3258406305))",3349
3350,,"POLYGON ((-500563.3594968433 620780.0165975482, -499629.03627315676 620765.7211517366, -499643.2861612878 619833.2382135973, -500577.623144147 619847.5124608204, -500563.3594968433 620780.0165975482))",3350
3351,,"POLYGON ((-499629.03627315676 620765.7211517366, -498694.7342787931 620751.4395016372, -498708.9704093053 619818.9777416481, -499643.2861612878 619833.2382135973, -499629.03627315676 620765.7211517366))",3351
3352,,"POLYGON ((-498694.7342787931 620751.4395016372, -497760.45349327615 620737.1716456929, -497774.6758677211 619804.7310434178, -498708.9704093053 619818.9777416481, -498694.7342787931 620751.4395016372))",3352
3353,,"POLYGON ((-497760.45349327615 620737.1716456929, -496826.1938961308 620722.9175823482, -496840.4025160597 619790.4981173534, -497774.6758677211 619804.7310434178, -497760.45349327615 620737.1716456929))",3353
3354,,"POLYGON ((-496826.1938961308 620722.9175823482, -495891.95546688593 620708.6773100492, -495906.15033384727 619776.278961903, -496840.4025160597 619790.4981173534, -496826.1938961308 620722.9175823482))",3354
3355,,"POLYGON ((-495891.95546688593 620708.6773100492, -494957.7381850701 620694.4508272436, -494971.9193006122 619762.0735755168, -495906.15033384727 619776.278961903, -495891.95546688593 620708.6773100492))",3355
3356,,"POLYGON ((-494957.7381850701 620694.4508272436, -494023.5420302177 620680.238132381, -494037.70939588465 619747.8819566463, -494971.9193006122 619762.0735755168, -494957.7381850701 620694.4508272436))",3356
3357,,"POLYGON ((-494023.5420302177 620680.238132381, -493089.36698186165 620666.0392239117, -493103.5205991985 619733.7041037446, -494037.70939588465 619747.8819566463, -494023.5420302177 620680.238132381))",3357
3358,,"POLYGON ((-493089.36698186165 620666.0392239117, -492155.21301953937 620651.8541002886, -492169.3528900888 619719.5400152662, -493103.5205991985 619733.7041037446, -493089.36698186165 620666.0392239117))",3358
3359,,"POLYGON ((-492155.21301953937 620651.8541002886, -491221.0801227902 620637.6827599658, -491235.20624809305 619705.3896896676, -492169.3528900888 619719.5400152662, -492155.21301953937 620651.8541002886))",3359
3360,,"POLYGON ((-491221.0801227902 620637.6827599658, -490286.9682711549 620623.5252013985, -490301.0806527501 619691.2531254067, -491235.20624809305 619705.3896896676, -491221.0801227902 620637.6827599658))",3360
3361,,"POLYGON ((-490286.9682711549 620623.5252013985, -489352.8774441773 620609.3814230444, -489366.9760836032 619677.1303209428, -490301.0806527501 619691.2531254067, -490286.9682711549 620623.5252013985))",3361
3362,,"POLYGON ((-566035.1944892483 620881.0357847881, -565099.3203194723 620865.7933095869, -565114.5143947939 619931.7764952773, -566050.402415703 619946.9963341322, -566035.1944892483 620881.0357847881))",3362
3363,,"POLYGON ((-565099.3203194723 620865.7933095869, -564163.4688197952 620850.5647224652, -564178.6490456467 619916.5705238989, -565114.5143947939 619931.7764952773, -565099.3203194723 620865.7933095869))",3363
3364,98.24224853515625,"POLYGON ((-564163.4688197952 620850.5647224652, -563227.6399695755 620835.3500217564, -563242.8063476188 619901.3784183324, -564178.6490456467 619916.5705238989, -564163.4688197952 620850.5647224652))",3364
3365,90.0816879272461,"POLYGON ((-563227.6399695755 620835.3500217564, -562291.8337481739 620820.1492057947, -562306.986280069 619886.2001769153, -563242.8063476188 619901.3784183324, -563227.6399695755 620835.3500217564))",3365
3366,91.42682647705078,"POLYGON ((-562291.8337481739 620820.1492057947, -561356.0501349529 620804.9622729167, -561371.1888223581 619871.0357979857, -562306.986280069 619886.2001769153, -562291.8337481739 620820.1492057947))",3366
3367,73.6987533569336,"POLYGON ((-561356.0501349529 620804.9622729167, -560420.2891092778 620789.7892214602, -560435.41395385 619855.8852798842, -561371.1888223581 619871.0357979857, -561356.0501349529 620804.9622729167))",3367
3368,102.65389251708984,"POLYGON ((-560420.2891092778 620789.7892214602, -559484.5506505163 620774.6300497648, -559499.661653911 619840.7486209527, -560435.41395385 619855.8852798842, -560420.2891092778 620789.7892214602))",3368
3369,95.29895782470703,"POLYGON ((-559484.5506505163 620774.6300497648, -558548.834738039 620759.4847561712, -558563.931901909 619825.6258195346, -559499.661653911 619840.7486209527, -559484.5506505163 620774.6300497648))",3369
3370,73.15736389160156,"POLYGON ((-558548.834738039 620759.4847561712, -557613.1413512176 620744.3533390227, -557628.224677216 619810.5168739752, -558563.931901909 619825.6258195346, -558548.834738039 620759.4847561712))",3370
3371,77.37014770507812,"POLYGON ((-557613.1413512176 620744.3533390227, -556677.4704694285 620729.2357966632, -556692.5399592046 619795.4217826211, -557628.224677216 619810.5168739752, -557613.1413512176 620744.3533390227))",3371
3372,153.0948486328125,"POLYGON ((-556677.4704694285 620729.2357966632, -555741.8220720473 620714.1321274389, -555756.8777272508 619780.3405438205, -556692.5399592046 619795.4217826211, -556677.4704694285 620729.2357966632))",3372
3373,325.9021911621094,"POLYGON ((-555741.8220720473 620714.1321274389, -554806.1961384546 620699.0423296974, -554821.2379607321 619765.2731559238, -555756.8777272508 619780.3405438205, -555741.8220720473 620714.1321274389))",3373
3374,338.10137939453125,"POLYGON ((-554806.1961384546 620699.0423296974, -553870.5926480326 620683.9664017875, -553885.6206390297 619750.2196172823, -554821.2379607321 619765.2731559238, -554806.1961384546 620699.0423296974))",3374
3375,312.3955993652344,"POLYGON ((-553870.5926480326 620683.9664017875, -552935.0115801659 620668.9043420604, -552950.0257415262 619735.179926249, -553885.6206390297 619750.2196172823, -553870.5926480326 620683.9664017875))",3375
3376,333.2218017578125,"POLYGON ((-552935.0115801659 620668.9043420604, -551999.4529142408 620653.8561488684, -552014.4532476075 619720.1540811791, -552950.0257415262 619735.179926249, -552935.0115801659 620668.9043420604))",3376
3377,377.63409423828125,"POLYGON ((-551999.4529142408 620653.8561488684, -551063.9166296469 620638.8218205657, -551078.9031366606 619705.1420804288, -552014.4532476075 619720.1540811791, -551999.4529142408 620653.8561488684))",3377
3378,440.3920593261719,"POLYGON ((-551063.9166296469 620638.8218205657, -550128.4027057767 620623.8013555075, -550143.3753880761 619690.1439223561, -551078.9031366606 619705.1420804288, -551063.9166296469 620638.8218205657))",3378
3379,804.5177612304688,"POLYGON ((-550128.4027057767 620623.8013555075, -549192.9111220229 620608.7947520512, -549207.8699812458 619675.1596053207, -550143.3753880761 619690.1439223561, -550128.4027057767 620623.8013555075))",3379
3380,993.6066284179688,"POLYGON ((-549192.9111220229 620608.7947520512, -548257.441857783 620593.802008556, -548272.386895565 619660.1891276836, -549207.8699812458 619675.1596053207, -549192.9111220229 620608.7947520512))",3380
3381,1063.69970703125,"POLYGON ((-548257.441857783 620593.802008556, -547321.9948924559 620578.8231233818, -547336.9261104314 619645.2324878081, -548272.386895565 619660.1891276836, -548257.441857783 620593.802008556))",3381
3382,1172.680908203125,"POLYGON ((-547321.9948924559 620578.8231233818, -546386.5702054424 620563.8580948913, -546401.4876052439 619630.2896840583, -547336.9261104314 619645.2324878081, -547321.9948924559 620578.8231233818))",3382
3383,917.8440551757812,"POLYGON ((-546386.5702054424 620563.8580948913, -545451.1677761457 620548.9069214476, -545466.0713594048 619615.3607148003, -546401.4876052439 619630.2896840583, -546386.5702054424 620563.8580948913))",3383
3384,978.4131469726562,"POLYGON ((-545451.1677761457 620548.9069214476, -544515.7875839729 620533.9696014165, -544530.6773523189 619600.4455784018, -545466.0713594048 619615.3607148003, -545451.1677761457 620548.9069214476))",3384
3385,739.1464233398438,"POLYGON ((-544515.7875839729 620533.9696014165, -543580.4296083314 620519.0461331645, -543595.3055633919 619585.5442732321, -544530.6773523189 619600.4455784018, -544515.7875839729 620533.9696014165))",3385
3386,563.7631225585938,"POLYGON ((-543580.4296083314 620519.0461331645, -542645.0938286328 620504.1365150603, -542659.9559720338 619570.6567976621, -543595.3055633919 619585.5442732321, -543580.4296083314 620519.0461331645))",3386
3387,497.70367431640625,"POLYGON ((-542645.0938286328 620504.1365150603, -541709.7802242889 620489.2407454741, -541724.6285576558 619555.7831500642, -542659.9559720338 619570.6567976621, -542645.0938286328 620504.1365150603))",3387
3388,589.337890625,"POLYGON ((-541709.7802242889 620489.2407454741, -540774.4887747162 620474.3588227774, -540789.323299672 619540.9233288125, -541724.6285576558 619555.7831500642, -541709.7802242889 620489.2407454741))",3388
3389,635.483642578125,"POLYGON ((-540774.4887747162 620474.3588227774, -539839.2194593324 620459.4907453436, -539854.0401774984 619526.0773322827, -540789.323299672 619540.9233288125, -540774.4887747162 620474.3588227774))",3389
3390,668.6612548828125,"POLYGON ((-539839.2194593324 620459.4907453436, -538903.9722575576 620444.636511548, -538918.7791705534 619511.2451588521, -539854.0401774984 619526.0773322827, -539839.2194593324 620459.4907453436))",3390
3391,739.7385864257812,"POLYGON ((-538903.9722575576 620444.636511548, -537968.7471488138 620429.7961197664, -537983.540258258 619496.4268068997, -538918.7791705534 619511.2451588521, -538903.9722575576 620444.636511548))",3391
3392,719.6465454101562,"POLYGON ((-537968.7471488138 620429.7961197664, -537033.5441125269 620414.9695683778, -537048.3234200361 619481.6222748058, -537983.540258258 619496.4268068997, -537968.7471488138 620429.7961197664))",3392
3393,679.564208984375,"POLYGON ((-537033.5441125269 620414.9695683778, -536098.3631281238 620400.1568557613, -536113.1286353127 619466.8315609526, -537048.3234200361 619481.6222748058, -537033.5441125269 620414.9695683778))",3393
3394,640.0999145507812,"POLYGON ((-536098.3631281238 620400.1568557613, -535163.2041750335 620385.3579802986, -535177.9558835159 619452.0546637239, -536113.1286353127 619466.8315609526, -536098.3631281238 620400.1568557613))",3394
3395,726.5143432617188,"POLYGON ((-535163.2041750335 620385.3579802986, -534228.0672326883 620370.5729403726, -534242.8051440762 619437.2915815049, -535177.9558835159 619452.0546637239, -535163.2041750335 620385.3579802986))",3395
3396,852.56787109375,"POLYGON ((-534228.0672326883 620370.5729403726, -533292.9522805228 620355.8017343677, -533307.6763964264 619422.5423126825, -534242.8051440762 619437.2915815049, -534228.0672326883 620370.5729403726))",3396
3397,394.9293518066406,"POLYGON ((-533292.9522805228 620355.8017343677, -532357.8592979735 620341.0443606705, -532372.5696200014 619407.8068556451, -533307.6763964264 619422.5423126825, -533292.9522805228 620355.8017343677))",3397
3398,757.86474609375,"POLYGON ((-532357.8592979735 620341.0443606705, -531422.7882644795 620326.3008176683, -531437.4847942383 619393.0852087832, -532372.5696200014 619407.8068556451, -532357.8592979735 620341.0443606705))",3398
3399,3387.930908203125,"POLYGON ((-531422.7882644795 620326.3008176683, -530487.7391594809 620311.5711037506, -530502.4218985774 619378.3773704881, -531437.4847942383 619393.0852087832, -531422.7882644795 620326.3008176683))",3399
3400,4487.8896484375,"POLYGON ((-530487.7391594809 620311.5711037506, -529552.7119624232 620296.8552173087, -529567.38091246 619363.6833391533, -530502.4218985774 619378.3773704881, -530487.7391594809 620311.5711037506))",3400
3401,4568.83935546875,"POLYGON ((-529552.7119624232 620296.8552173087, -528617.7066527514 620282.1531567348, -528632.3618153314 619349.0031131738, -529567.38091246 619363.6833391533, -529552.7119624232 620296.8552173087))",3401
3402,4674.8310546875,"POLYGON ((-528617.7066527514 620282.1531567348, -527682.7232099143 620267.4649204231, -527697.3645866378 619334.3366909459, -528632.3618153314 619349.0031131738, -528617.7066527514 620282.1531567348))",3402
3403,4479.12744140625,"POLYGON ((-527682.7232099143 620267.4649204231, -526747.761613362 620252.7905067697, -526762.3892058281 619319.6840708677, -527697.3645866378 619334.3366909459, -527682.7232099143 620267.4649204231))",3403
3404,3494.676513671875,"POLYGON ((-526747.761613362 620252.7905067697, -525812.8218425479 620238.1299141716, -525827.435652354 619305.0452513393, -526762.3892058281 619319.6840708677, -526747.761613362 620252.7905067697))",3404
3405,2645.2431640625,"POLYGON ((-525812.8218425479 620238.1299141716, -524877.9038769271 620223.4831410281, -524892.5039056693 619290.4202307615, -525827.435652354 619305.0452513393, -525812.8218425479 620238.1299141716))",3405
3406,1652.457763671875,"POLYGON ((-524877.9038769271 620223.4831410281, -523943.0076959571 620208.8501857396, -523957.5939452298 619275.8090075376, -524892.5039056693 619290.4202307615, -524877.9038769271 620223.4831410281))",3406
3407,,"POLYGON ((-523943.0076959571 620208.8501857396, -523008.13327909796 620194.2310467082, -523022.70575049415 619261.2115800717, -523957.5939452298 619275.8090075376, -523943.0076959571 620208.8501857396))",3407
3408,,"POLYGON ((-523008.13327909796 620194.2310467082, -522073.280605812 620179.625722338, -522087.83930092235 619246.6279467702, -523022.70575049415 619261.2115800717, -523008.13327909796 620194.2310467082))",3408
3409,,"POLYGON ((-522073.280605812 620179.625722338, -521138.44965556415 620165.0342110341, -521152.9945759779 619232.0581060406, -522087.83930092235 619246.6279467702, -522073.280605812 620179.625722338))",3409
3410,,"POLYGON ((-521138.44965556415 620165.0342110341, -520203.64040782116 620150.4565112035, -520218.1715551263 619217.5020562924, -521152.9945759779 619232.0581060406, -521138.44965556415 620165.0342110341))",3410
3411,,"POLYGON ((-520203.64040782116 620150.4565112035, -519268.85284205165 620135.892621255, -519283.37021783495 619202.9597959364, -520218.1715551263 619217.5020562924, -520203.64040782116 620150.4565112035))",3411
3412,,"POLYGON ((-519268.85284205165 620135.892621255, -518334.0869377274 620121.3425395986, -518348.5905435737 619188.431323385, -519283.37021783495 619202.9597959364, -519268.85284205165 620135.892621255))",3412
3413,,"POLYGON ((-518334.0869377274 620121.3425395986, -517399.34267432266 620106.806264646, -517413.8325118151 619173.9166370522, -518348.5905435737 619188.431323385, -518334.0869377274 620121.3425395986))",3413
3414,,"POLYGON ((-517399.34267432266 620106.806264646, -516464.62003131397 620092.2837948106, -516479.09610203304 619159.4157353537, -517413.8325118151 619173.9166370522, -517399.34267432266 620106.806264646))",3414
3415,,"POLYGON ((-516464.62003131397 620092.2837948106, -515529.91898817837 620077.7751285074, -515544.3812937052 619144.9286167072, -516479.09610203304 619159.4157353537, -516464.62003131397 620092.2837948106))",3415
3416,,"POLYGON ((-515529.91898817837 620077.7751285074, -514595.2395243972 620063.2802641531, -514609.68806631 619130.4552795308, -515544.3812937052 619144.9286167072, -515529.91898817837 620077.7751285074))",3416
3417,,"POLYGON ((-514595.2395243972 620063.2802641531, -513660.5816194541 620048.7992001657, -513675.0163993293 619115.9957222455, -514609.68806631 619130.4552795308, -514595.2395243972 620063.2802641531))",3417
3418,,"POLYGON ((-513660.5816194541 620048.7992001657, -512725.945252834 620034.3319349647, -512740.3662722467 619101.5499432731, -513675.0163993293 619115.9957222455, -513660.5816194541 620048.7992001657))",3418
3419,,"POLYGON ((-512725.945252834 620034.3319349647, -511791.3304040241 620019.878466972, -511805.73766454845 619087.1179410373, -512740.3662722467 619101.5499432731, -512725.945252834 620034.3319349647))",3419
3420,,"POLYGON ((-511791.3304040241 620019.878466972, -510856.7370525147 620005.43879461, -510871.1305557224 619072.6997139632, -511805.73766454845 619087.1179410373, -511791.3304040241 620019.878466972))",3420
3421,,"POLYGON ((-510856.7370525147 620005.43879461, -509922.16517779813 619991.0129163035, -509936.54492525954 619058.2952604777, -510871.1305557224 619072.6997139632, -510856.7370525147 620005.43879461))",3421
3422,,"POLYGON ((-509922.16517779813 619991.0129163035, -508987.6147593687 619976.6008304786, -509001.9807526526 619043.9045790093, -509936.54492525954 619058.2952604777, -509922.16517779813 619991.0129163035))",3422
3423,,"POLYGON ((-508987.6147593687 619976.6008304786, -508053.08577672346 619962.2025355628, -508067.43801739684 619029.5276679877, -509001.9807526526 619043.9045790093, -508987.6147593687 619976.6008304786))",3423
3424,,"POLYGON ((-508053.08577672346 619962.2025355628, -507118.5782093608 619947.8180299856, -507132.9166989903 619015.1645258447, -508067.43801739684 619029.5276679877, -508053.08577672346 619962.2025355628))",3424
3425,,"POLYGON ((-507118.5782093608 619947.8180299856, -506184.09203678323 619933.447312178, -506198.4167769315 619000.8151510137, -507132.9166989903 619015.1645258447, -507118.5782093608 619947.8180299856))",3425
3426,,"POLYGON ((-506184.09203678323 619933.447312178, -505249.6272384927 619919.0903805721, -505263.9382307234 618986.4795419287, -506198.4167769315 619000.8151510137, -506184.09203678323 619933.447312178))",3426
3427,,"POLYGON ((-505249.6272384927 619919.0903805721, -504315.18379399634 619904.7472336023, -504329.48103987006 618972.1576970269, -505263.9382307234 618986.4795419287, -505249.6272384927 619919.0903805721))",3427
3428,,"POLYGON ((-504315.18379399634 619904.7472336023, -503380.76168280246 619890.4178697042, -503395.0451838784 618957.8496147456, -504329.48103987006 618972.1576970269, -504315.18379399634 619904.7472336023))",3428
3429,,"POLYGON ((-503380.76168280246 619890.4178697042, -502446.36088442046 619876.1022873151, -502460.6306422567 618943.5552935246, -503395.0451838784 618957.8496147456, -503380.76168280246 619890.4178697042))",3429
3430,,"POLYGON ((-502446.36088442046 619876.1022873151, -501511.98137836356 619861.8004848736, -501526.2373945159 618929.274731805, -502460.6306422567 618943.5552935246, -502446.36088442046 619876.1022873151))",3430
3431,,"POLYGON ((-501511.98137836356 619861.8004848736, -500577.623144147 619847.5124608204, -500591.8654201699 618915.0079280294, -501526.2373945159 618929.274731805, -501511.98137836356 619861.8004848736))",3431
3432,,"POLYGON ((-500577.623144147 619847.5124608204, -499643.2861612878 619833.2382135973, -499657.5146987343 618900.754880642, -500591.8654201699 618915.0079280294, -500577.623144147 619847.5124608204))",3432
3433,,"POLYGON ((-499643.2861612878 619833.2382135973, -498708.9704093053 619818.9777416481, -498723.18520972657 618886.515588089, -499657.5146987343 618900.754880642, -499643.2861612878 619833.2382135973))",3433
3434,,"POLYGON ((-498708.9704093053 619818.9777416481, -497774.6758677211 619804.7310434178, -497788.8769326679 618872.2900488175, -498723.18520972657 618886.515588089, -498708.9704093053 619818.9777416481))",3434
3435,,"POLYGON ((-497774.6758677211 619804.7310434178, -496840.4025160597 619790.4981173534, -496854.5898470795 618858.0782612767, -497788.8769326679 618872.2900488175, -497774.6758677211 619804.7310434178))",3435
3436,,"POLYGON ((-496840.4025160597 619790.4981173534, -495906.15033384727 619776.278961903, -495920.3239324868 618843.8802239173, -496854.5898470795 618858.0782612767, -496840.4025160597 619790.4981173534))",3436
3437,,"POLYGON ((-495906.15033384727 619776.278961903, -494971.9193006122 619762.0735755168, -494986.0791684163 618829.6959351912, -495920.3239324868 618843.8802239173, -495906.15033384727 619776.278961903))",3437
3438,,"POLYGON ((-494971.9193006122 619762.0735755168, -494037.70939588465 619747.8819566463, -494051.8555343973 618815.5253935525, -494986.0791684163 618829.6959351912, -494971.9193006122 619762.0735755168))",3438
3439,,"POLYGON ((-494037.70939588465 619747.8819566463, -493103.5205991985 619733.7041037446, -493117.65300996124 618801.3685974563, -494051.8555343973 618815.5253935525, -494037.70939588465 619747.8819566463))",3439
3440,,"POLYGON ((-493103.5205991985 619733.7041037446, -492169.3528900888 619719.5400152662, -492183.47157464235 618787.2255453597, -493117.65300996124 618801.3685974563, -493103.5205991985 619733.7041037446))",3440
3441,,"POLYGON ((-492169.3528900888 619719.5400152662, -491235.20624809305 619705.3896896676, -491249.31120797584 618773.0962357213, -492183.47157464235 618787.2255453597, -492169.3528900888 619719.5400152662))",3441
3442,,"POLYGON ((-491235.20624809305 619705.3896896676, -490301.0806527501 619691.2531254067, -490315.1718894995 618758.9806670011, -491249.31120797584 618773.0962357213, -491235.20624809305 619705.3896896676))",3442
3443,,"POLYGON ((-490301.0806527501 619691.2531254067, -489366.9760836032 619677.1303209428, -489381.0535987547 618744.8788376608, -490315.1718894995 618758.9806670011, -490301.0806527501 619691.2531254067))",3443
3444,,"POLYGON ((-566050.402415703 619946.9963341322, -565114.5143947939 619931.7764952773, -565129.6856717148 618997.7591964245, -566065.5875229954 619012.9563975966, -566050.402415703 619946.9963341322))",3444
3445,,"POLYGON ((-565114.5143947939 619931.7764952773, -564178.6490456467 619916.5705238989, -564193.8064938567 618982.5758421245, -565129.6856717148 618997.7591964245, -565114.5143947939 619931.7764952773))",3445
3446,79.64326477050781,"POLYGON ((-564178.6490456467 619916.5705238989, -563242.8063476188 619901.3784183324, -563257.9499687776 618967.4063330346, -564193.8064938567 618982.5758421245, -564178.6490456467 619916.5705238989))",3446
3447,108.38523864746094,"POLYGON ((-563242.8063476188 619901.3784183324, -562306.986280069 619886.2001769153, -562322.1160758336 618952.2506674943, -563257.9499687776 618967.4063330346, -563242.8063476188 619901.3784183324))",3447
3448,116.53520202636719,"POLYGON ((-562306.986280069 619886.2001769153, -561371.1888223581 619871.0357979857, -561386.3047943846 618937.1088438446, -562322.1160758336 618952.2506674943, -562306.986280069 619886.2001769153))",3448
3449,90.99372863769531,"POLYGON ((-561371.1888223581 619871.0357979857, -560435.41395385 619855.8852798842, -560450.5161037929 618921.9808604281, -561386.3047943846 618937.1088438446, -561371.1888223581 619871.0357979857))",3449
3450,111.15377044677734,"POLYGON ((-560435.41395385 619855.8852798842, -559499.661653911 619840.7486209527, -559514.7499834232 618906.8667155892, -560450.5161037929 618921.9808604281, -560435.41395385 619855.8852798842))",3450
3451,149.79608154296875,"POLYGON ((-559499.661653911 619840.7486209527, -558563.931901909 619825.6258195346, -558579.0064126421 618891.7664076738, -559514.7499834232 618906.8667155892, -559499.661653911 619840.7486209527))",3451
3452,126.24824523925781,"POLYGON ((-558563.931901909 619825.6258195346, -557628.224677216 619810.5168739752, -557643.2853708188 618876.6799350295, -558579.0064126421 618891.7664076738, -558563.931901909 619825.6258195346))",3452
3453,138.9764404296875,"POLYGON ((-557628.224677216 619810.5168739752, -556692.5399592046 619795.4217826211, -556707.586837325 618861.6072960054, -557643.2853708188 618876.6799350295, -557628.224677216 619810.5168739752))",3453
3454,258.886962890625,"POLYGON ((-556692.5399592046 619795.4217826211, -555756.8777272508 619780.3405438205, -555771.9107915356 618846.5484889522, -556707.586837325 618861.6072960054, -556692.5399592046 619795.4217826211))",3454
3455,404.7322692871094,"POLYGON ((-555756.8777272508 619780.3405438205, -554821.2379607321 619765.2731559238, -554836.2572128258 618831.5035122223, -555771.9107915356 618846.5484889522, -555756.8777272508 619780.3405438205))",3455
3456,498.84197998046875,"POLYGON ((-554821.2379607321 619765.2731559238, -553885.6206390297 619750.2196172823, -553900.6260805756 618816.4723641698, -554836.2572128258 618831.5035122223, -554821.2379607321 619765.2731559238))",3456
3457,395.7898254394531,"POLYGON ((-553885.6206390297 619750.2196172823, -552950.0257415262 619735.179926249, -552965.0173741658 618801.4550431499, -553900.6260805756 618816.4723641698, -553885.6206390297 619750.2196172823))",3457
3458,403.4061584472656,"POLYGON ((-552950.0257415262 619735.179926249, -552014.4532476075 619720.1540811791, -552029.4310729809 618786.4515475201, -552965.0173741658 618801.4550431499, -552950.0257415262 619735.179926249))",3458
3459,390.7635192871094,"POLYGON ((-552014.4532476075 619720.1540811791, -551078.9031366606 619705.1420804288, -551093.8671564052 618771.4618756392, -552029.4310729809 618786.4515475201, -552014.4532476075 619720.1540811791))",3459
3460,426.9797058105469,"POLYGON ((-551078.9031366606 619705.1420804288, -550143.3753880761 619690.1439223561, -550158.3256038295 618756.4860258675, -551093.8671564052 618771.4618756392, -551078.9031366606 619705.1420804288))",3460
3461,611.4835815429688,"POLYGON ((-550143.3753880761 619690.1439223561, -549207.8699812458 619675.1596053207, -549222.8063946434 618741.5239965671, -550158.3256038295 618756.4860258675, -550143.3753880761 619690.1439223561))",3461
3462,899.536376953125,"POLYGON ((-549207.8699812458 619675.1596053207, -548272.386895565 619660.1891276836, -548287.3095082399 618726.5757861016, -549222.8063946434 618741.5239965671, -549207.8699812458 619675.1596053207))",3462
3463,854.9398803710938,"POLYGON ((-548272.386895565 619660.1891276836, -547336.9261104314 619645.2324878081, -547351.8349240151 618711.6413928359, -548287.3095082399 618726.5757861016, -548272.386895565 619660.1891276836))",3463
3464,670.0877685546875,"POLYGON ((-547336.9261104314 619645.2324878081, -546401.4876052439 619630.2896840583, -546416.3826213672 618696.7208151373, -547351.8349240151 618711.6413928359, -547336.9261104314 619645.2324878081))",3464
3465,658.2416381835938,"POLYGON ((-546401.4876052439 619630.2896840583, -545466.0713594048 619615.3607148003, -545480.9525796963 618681.8140513739, -546416.3826213672 618696.7208151373, -546401.4876052439 619630.2896840583))",3465
3466,721.6317749023438,"POLYGON ((-545466.0713594048 619615.3607148003, -544530.6773523189 619600.4455784018, -544545.5447784052 618666.9210999159, -545480.9525796963 618681.8140513739, -545466.0713594048 619615.3607148003))",3466
3467,579.370849609375,"POLYGON ((-544530.6773523189 619600.4455784018, -543595.3055633919 619585.5442732321, -543610.1591968988 618652.0419591349, -544545.5447784052 618666.9210999159, -544530.6773523189 619600.4455784018))",3467
3468,431.5733947753906,"POLYGON ((-543595.3055633919 619585.5442732321, -542659.9559720338 619570.6567976621, -542674.7958145861 618637.1766274039, -543610.1591968988 618652.0419591349, -543595.3055633919 619585.5442732321))",3468
3469,362.5714416503906,"POLYGON ((-542659.9559720338 619570.6567976621, -541724.6285576558 619555.7831500642, -541739.4546108749 618622.3251030983, -542674.7958145861 618637.1766274039, -542659.9559720338 619570.6567976621))",3469
3470,418.0863342285156,"POLYGON ((-541724.6285576558 619555.7831500642, -540789.323299672 619540.9233288125, -540804.1355651784 618607.4873845939, -541739.4546108749 618622.3251030983, -541724.6285576558 619555.7831500642))",3470
3471,527.9193115234375,"POLYGON ((-540789.323299672 619540.9233288125, -539854.0401774984 619526.0773322827, -539868.8386569116 618592.6634702693, -540804.1355651784 618607.4873845939, -540789.323299672 619540.9233288125))",3471
3472,580.376708984375,"POLYGON ((-539854.0401774984 619526.0773322827, -538918.7791705534 619511.2451588521, -538933.5638654912 618577.8533585038, -539868.8386569116 618592.6634702693, -539854.0401774984 619526.0773322827))",3472
3473,574.2977905273438,"POLYGON ((-538918.7791705534 619511.2451588521, -537983.540258258 619496.4268068997, -537998.3111703357 618563.0570476787, -538933.5638654912 618577.8533585038, -538918.7791705534 619511.2451588521))",3473
3474,585.2136840820312,"POLYGON ((-537983.540258258 619496.4268068997, -537048.3234200361 619481.6222748058, -537063.0805508682 618548.274536177, -537998.3111703357 618563.0570476787, -537983.540258258 619496.4268068997))",3474
3475,509.863037109375,"POLYGON ((-537048.3234200361 619481.6222748058, -536113.1286353127 619466.8315609526, -536127.8719865122 618533.5058223831, -537063.0805508682 618548.274536177, -537048.3234200361 619481.6222748058))",3475
3476,401.180908203125,"POLYGON ((-536113.1286353127 619466.8315609526, -535177.9558835159 619452.0546637239, -535192.6854566934 618518.7509046829, -536127.8719865122 618533.5058223831, -536113.1286353127 619466.8315609526))",3476
3477,318.1907958984375,"POLYGON ((-535177.9558835159 619452.0546637239, -534242.8051440762 619437.2915815049, -534257.5209408416 618504.0097814641, -535192.6854566934 618518.7509046829, -535177.9558835159 619452.0546637239))",3477
3478,415.3570556640625,"POLYGON ((-534242.8051440762 619437.2915815049, -533307.6763964264 619422.5423126825, -533322.378418387 618489.2824511161, -534257.5209408416 618504.0097814641, -534242.8051440762 619437.2915815049))",3478
3479,261.84576416015625,"POLYGON ((-533307.6763964264 619422.5423126825, -532372.5696200014 619407.8068556451, -532387.2578687641 618474.5689120298, -533322.378418387 618489.2824511161, -533307.6763964264 619422.5423126825))",3479
3480,1155.795166015625,"POLYGON ((-532372.5696200014 619407.8068556451, -531437.4847942383 619393.0852087832, -531452.159271408 618459.8691625975, -532387.2578687641 618474.5689120298, -532372.5696200014 619407.8068556451))",3480
3481,2310.53271484375,"POLYGON ((-531437.4847942383 619393.0852087832, -530502.4218985774 619378.3773704881, -530517.0826057566 618445.1832012131, -531452.159271408 618459.8691625975, -531437.4847942383 619393.0852087832))",3481
3482,3073.876220703125,"POLYGON ((-530502.4218985774 619378.3773704881, -529567.38091246 619363.6833391533, -529582.0278512506 618430.5110262726, -530517.0826057566 618445.1832012131, -530502.4218985774 619378.3773704881))",3482
3483,2867.6083984375,"POLYGON ((-529567.38091246 619363.6833391533, -528632.3618153314 619349.0031131738, -528646.9949873333 618415.8526361728, -529582.0278512506 618430.5110262726, -529567.38091246 619363.6833391533))",3483
3484,2354.917724609375,"POLYGON ((-528632.3618153314 619349.0031131738, -527697.3645866378 619334.3366909459, -527711.9839934489 618401.2080293129, -528646.9949873333 618415.8526361728, -528632.3618153314 619349.0031131738))",3484
3485,1520.2911376953125,"POLYGON ((-527697.3645866378 619334.3366909459, -526762.3892058281 619319.6840708677, -526776.9948490459 618386.5772040932, -527711.9839934489 618401.2080293129, -527697.3645866378 619334.3366909459))",3485
3486,661.1380004882812,"POLYGON ((-526762.3892058281 619319.6840708677, -525827.435652354 619305.0452513393, -525842.027533573 618371.9601589157, -526776.9948490459 618386.5772040932, -526762.3892058281 619319.6840708677))",3486
3487,83.93460083007812,"POLYGON ((-525827.435652354 619305.0452513393, -524892.5039056693 619290.4202307615, -524907.0820264834 618357.3568921842, -525842.027533573 618371.9601589157, -525827.435652354 619305.0452513393))",3487
3488,,"POLYGON ((-524892.5039056693 619290.4202307615, -523957.5939452298 619275.8090075376, -523972.15830723115 618342.7674023039, -524907.0820264834 618357.3568921842, -524892.5039056693 619290.4202307615))",3488
3489,,"POLYGON ((-523957.5939452298 619275.8090075376, -523022.70575049415 619261.2115800717, -523037.2563552725 618328.1916876812, -523972.15830723115 618342.7674023039, -523957.5939452298 619275.8090075376))",3489
3490,,"POLYGON ((-523022.70575049415 619261.2115800717, -522087.83930092235 619246.6279467702, -522102.37615006685 618313.6297467247, -523037.2563552725 618328.1916876812, -523022.70575049415 619261.2115800717))",3490
3491,,"POLYGON ((-522087.83930092235 619246.6279467702, -521152.9945759779 619232.0581060406, -521167.51767107565 618299.0815778449, -522102.37615006685 618313.6297467247, -522087.83930092235 619246.6279467702))",3491
3492,,"POLYGON ((-521152.9945759779 619232.0581060406, -520218.1715551263 619217.5020562924, -520232.68089776346 618284.5471794528, -521167.51767107565 618299.0815778449, -521152.9945759779 619232.0581060406))",3492
3493,,"POLYGON ((-520218.1715551263 619217.5020562924, -519283.37021783495 619202.9597959364, -519297.86580959463 618270.0265499619, -520232.68089776346 618284.5471794528, -520218.1715551263 619217.5020562924))",3493
3494,,"POLYGON ((-519283.37021783495 619202.9597959364, -518348.5905435737 619188.431323385, -518363.07238603896 618255.5196877867, -519297.86580959463 618270.0265499619, -519283.37021783495 619202.9597959364))",3494
3495,,"POLYGON ((-518348.5905435737 619188.431323385, -517413.8325118151 619173.9166370522, -517428.30060656636 618241.0265913437, -518363.07238603896 618255.5196877867, -518348.5905435737 619188.431323385))",3495
3496,,"POLYGON ((-517413.8325118151 619173.9166370522, -516479.09610203304 619159.4157353537, -516493.5504506496 618226.5472590512, -517428.30060656636 618241.0265913437, -517413.8325118151 619173.9166370522))",3496
3497,,"POLYGON ((-516479.09610203304 619159.4157353537, -515544.3812937052 619144.9286167072, -515558.8218977649 618212.0816893283, -516493.5504506496 618226.5472590512, -516479.09610203304 619159.4157353537))",3497
3498,,"POLYGON ((-515544.3812937052 619144.9286167072, -514609.68806631 619130.4552795308, -514624.11492738826 618197.6298805962, -515558.8218977649 618212.0816893283, -515544.3812937052 619144.9286167072))",3498
3499,,"POLYGON ((-514609.68806631 619130.4552795308, -513675.0163993293 619115.9957222455, -513689.42951900116 618183.1918312778, -514624.11492738826 618197.6298805962, -514609.68806631 619130.4552795308))",3499
3500,,"POLYGON ((-513675.0163993293 619115.9957222455, -512740.3662722467 619101.5499432731, -512754.7656520853 618168.7675397974, -513689.42951900116 618183.1918312778, -513675.0163993293 619115.9957222455))",3500
3501,,"POLYGON ((-512740.3662722467 619101.5499432731, -511805.73766454845 619087.1179410373, -511820.12330612435 618154.3570045808, -512754.7656520853 618168.7675397974, -512740.3662722467 619101.5499432731))",3501
3502,,"POLYGON ((-511805.73766454845 619087.1179410373, -510871.1305557224 619072.6997139632, -510885.50246060616 618139.9602240556, -511820.12330612435 618154.3570045808, -511805.73766454845 619087.1179410373))",3502
3503,,"POLYGON ((-510871.1305557224 619072.6997139632, -509936.54492525954 619058.2952604777, -509950.9030950187 618125.5771966507, -510885.50246060616 618139.9602240556, -510871.1305557224 619072.6997139632))",3503
3504,,"POLYGON ((-509936.54492525954 619058.2952604777, -509001.9807526526 619043.9045790093, -509016.325188854 618111.2079207972, -509950.9030950187 618125.5771966507, -509936.54492525954 619058.2952604777))",3504
3505,,"POLYGON ((-509001.9807526526 619043.9045790093, -508067.43801739684 619029.5276679877, -508081.76872160553 618096.8523949267, -509016.325188854 618111.2079207972, -509001.9807526526 619043.9045790093))",3505
3506,,"POLYGON ((-508067.43801739684 619029.5276679877, -507132.9166989903 619015.1645258447, -507147.23367276916 618082.5106174739, -508081.76872160553 618096.8523949267, -508067.43801739684 619029.5276679877))",3506
3507,,"POLYGON ((-507132.9166989903 619015.1645258447, -506198.4167769315 619000.8151510137, -506212.7200218425 618068.1825868734, -507147.23367276916 618082.5106174739, -507132.9166989903 619015.1645258447))",3507
3508,,"POLYGON ((-506198.4167769315 619000.8151510137, -505263.9382307234 618986.4795419287, -505278.2277483271 618053.8683015627, -506212.7200218425 618068.1825868734, -506198.4167769315 619000.8151510137))",3508
3509,,"POLYGON ((-505263.9382307234 618986.4795419287, -504329.48103987006 618972.1576970269, -504343.7568317248 618039.5677599806, -505278.2277483271 618053.8683015627, -505263.9382307234 618986.4795419287))",3509
3510,,"POLYGON ((-504329.48103987006 618972.1576970269, -503395.0451838784 618957.8496147456, -503409.30725154094 618025.2809605668, -504343.7568317248 618039.5677599806, -504329.48103987006 618972.1576970269))",3510
3511,,"POLYGON ((-503395.0451838784 618957.8496147456, -502460.6306422567 618943.5552935246, -502474.87898728286 618011.0079017633, -503409.30725154094 618025.2809605668, -503395.0451838784 618957.8496147456))",3511
3512,,"POLYGON ((-502460.6306422567 618943.5552935246, -501526.2373945159 618929.274731805, -501540.47201845935 617996.7485820135, -502474.87898728286 618011.0079017633, -502460.6306422567 618943.5552935246))",3512
3513,,"POLYGON ((-501526.2373945159 618929.274731805, -500591.8654201699 618915.0079280294, -500606.08632458316 617982.5029997623, -501540.47201845935 617996.7485820135, -501526.2373945159 618929.274731805))",3513
3514,,"POLYGON ((-500591.8654201699 618915.0079280294, -499657.5146987343 618900.754880642, -499671.7218851679 617968.2711534563, -500606.08632458316 617982.5029997623, -500591.8654201699 618915.0079280294))",3514
3515,,"POLYGON ((-499657.5146987343 618900.754880642, -498723.18520972657 618886.515588089, -498737.37867973 617954.0530415437, -499671.7218851679 617968.2711534563, -499657.5146987343 618900.754880642))",3515
3516,,"POLYGON ((-498723.18520972657 618886.515588089, -497788.8769326679 618872.2900488175, -497803.0566877881 617939.8486624737, -498737.37867973 617954.0530415437, -498723.18520972657 618886.515588089))",3516
3517,,"POLYGON ((-497788.8769326679 618872.2900488175, -496854.5898470795 618858.0782612767, -496868.75588886265 617925.6580146984, -497803.0566877881 617939.8486624737, -497788.8769326679 618872.2900488175))",3517
3518,,"POLYGON ((-496854.5898470795 618858.0782612767, -495920.3239324868 618843.8802239173, -495934.47626247746 617911.4810966699, -496868.75588886265 617925.6580146984, -496854.5898470795 618858.0782612767))",3518
3519,,"POLYGON ((-495920.3239324868 618843.8802239173, -494986.0791684163 618829.6959351912, -495000.21778815694 617897.3179068429, -495934.47626247746 617911.4810966699, -495920.3239324868 618843.8802239173))",3519
3520,,"POLYGON ((-494986.0791684163 618829.6959351912, -494051.8555343973 618815.5253935525, -494065.98044542933 617883.1684436738, -495000.21778815694 617897.3179068429, -494986.0791684163 618829.6959351912))",3520
3521,,"POLYGON ((-494051.8555343973 618815.5253935525, -493117.65300996124 618801.3685974563, -493131.7642138245 617869.0327056198, -494065.98044542933 617883.1684436738, -494051.8555343973 618815.5253935525))",3521
3522,,"POLYGON ((-493117.65300996124 618801.3685974563, -492183.47157464235 618787.2255453597, -492197.5690728745 617854.9106911401, -493131.7642138245 617869.0327056198, -493117.65300996124 618801.3685974563))",3522
3523,,"POLYGON ((-492183.47157464235 618787.2255453597, -491249.31120797584 618773.0962357213, -491263.39500211354 617840.8023986956, -492197.5690728745 617854.9106911401, -492183.47157464235 618787.2255453597))",3523
3524,,"POLYGON ((-491249.31120797584 618773.0962357213, -490315.1718894995 618758.9806670011, -490329.24198107794 617826.7078267486, -491263.39500211354 617840.8023986956, -491249.31120797584 618773.0962357213))",3524
3525,,"POLYGON ((-490315.1718894995 618758.9806670011, -489381.0535987547 618744.8788376608, -489395.10998930666 617812.6269737631, -490329.24198107794 617826.7078267486, -490315.1718894995 618758.9806670011))",3525
3526,,"POLYGON ((-566065.5875229954 619012.9563975966, -565129.6856717148 618997.7591964245, -565144.8341498787 618063.7414137487, -566080.749810769 618078.9159759033, -566065.5875229954 619012.9563975966))",3526
3527,79.4594955444336,"POLYGON ((-565129.6856717148 618997.7591964245, -564193.8064938567 618982.5758421245, -564208.9411640691 618048.5806778604, -565144.8341498787 618063.7414137487, -565129.6856717148 618997.7591964245))",3527
3528,84.47261047363281,"POLYGON ((-564193.8064938567 618982.5758421245, -563257.9499687776 618967.4063330346, -563273.0708326953 618033.4337665789, -564208.9411640691 618048.5806778604, -564193.8064938567 618982.5758421245))",3528
3529,107.27000427246094,"POLYGON ((-563257.9499687776 618967.4063330346, -562322.1160758336 618952.2506674943, -562337.2231351121 618018.3006782461, -563273.0708326953 618033.4337665789, -563257.9499687776 618967.4063330346))",3529
3530,160.13038635253906,"POLYGON ((-562322.1160758336 618952.2506674943, -561386.3047943846 618937.1088438446, -561401.3980506773 618003.1814112053, -562337.2231351121 618018.3006782461, -562322.1160758336 618952.2506674943))",3530
3531,107.21621704101562,"POLYGON ((-561386.3047943846 618937.1088438446, -560450.5161037929 618921.9808604281, -560465.5955587518 617988.0759638017, -561401.3980506773 618003.1814112053, -561386.3047943846 618937.1088438446))",3531
3532,147.85292053222656,"POLYGON ((-560450.5161037929 618921.9808604281, -559514.7499834232 618906.8667155892, -559529.8156386986 617972.9843343822, -560465.5955587518 617988.0759638017, -560450.5161037929 618921.9808604281))",3532
3533,296.70477294921875,"POLYGON ((-559514.7499834232 618906.8667155892, -558579.0064126421 618891.7664076738, -558594.0582698826 617957.906521295, -559529.8156386986 617972.9843343822, -559514.7499834232 618906.8667155892))",3533
3534,297.8351745605469,"POLYGON ((-558579.0064126421 618891.7664076738, -557643.2853708188 618876.6799350295, -557658.3234316718 617942.84252289, -558594.0582698826 617957.906521295, -558579.0064126421 618891.7664076738))",3534
3535,311.4671325683594,"POLYGON ((-557643.2853708188 618876.6799350295, -556707.586837325 618861.6072960054, -556722.6111034362 617927.7923375185, -557658.3234316718 617942.84252289, -557643.2853708188 618876.6799350295))",3535
3536,346.7196350097656,"POLYGON ((-556707.586837325 618861.6072960054, -555771.9107915356 618846.5484889522, -555786.9212645483 617912.755963534, -556722.6111034362 617927.7923375185, -556707.586837325 618861.6072960054))",3536
3537,403.2442932128906,"POLYGON ((-555771.9107915356 618846.5484889522, -554836.2572128258 618831.5035122223, -554851.2538943833 617897.7333992912, -555786.9212645483 617912.755963534, -555771.9107915356 618846.5484889522))",3537
3538,464.07476806640625,"POLYGON ((-554836.2572128258 618831.5035122223, -553900.6260805756 618816.4723641698, -553915.6089723178 617882.7246431464, -554851.2538943833 617897.7333992912, -554836.2572128258 618831.5035122223))",3538
3539,410.52581787109375,"POLYGON ((-553900.6260805756 618816.4723641698, -552965.0173741658 618801.4550431499, -552979.9864777322 617867.7296934576, -553915.6089723178 617882.7246431464, -553900.6260805756 618816.4723641698))",3539
3540,405.65582275390625,"POLYGON ((-552965.0173741658 618801.4550431499, -552029.4310729809 618786.4515475201, -552044.3863900087 617852.7485485843, -552979.9864777322 617867.7296934576, -552965.0173741658 618801.4550431499))",3540
3541,369.7671813964844,"POLYGON ((-552029.4310729809 618786.4515475201, -551093.8671564052 618771.4618756392, -551108.8086885309 617837.7812068876, -552044.3863900087 617852.7485485843, -552029.4310729809 618786.4515475201))",3541
3542,396.22796630859375,"POLYGON ((-551093.8671564052 618771.4618756392, -550158.3256038295 618756.4860258675, -550173.2533526868 617822.8276667304, -551108.8086885309 617837.7812068876, -551093.8671564052 618771.4618756392))",3542
3543,392.3153991699219,"POLYGON ((-550158.3256038295 618756.4860258675, -549222.8063946434 618741.5239965671, -549237.7203618654 617807.8879264774, -550173.2533526868 617822.8276667304, -550158.3256038295 618756.4860258675))",3543
3544,806.9436645507812,"POLYGON ((-549222.8063946434 618741.5239965671, -548287.3095082399 618726.5757861016, -548302.2096954578 617792.961984494, -549237.7203618654 617807.8879264774, -549222.8063946434 618741.5239965671))",3544
3545,740.945068359375,"POLYGON ((-548287.3095082399 618726.5757861016, -547351.8349240151 618711.6413928359, -547366.7213328582 617778.0498391481, -548302.2096954578 617792.961984494, -548287.3095082399 618726.5757861016))",3545
3546,525.2730712890625,"POLYGON ((-547351.8349240151 618711.6413928359, -546416.3826213672 618696.7208151373, -546431.2552534633 617763.151488809, -547366.7213328582 617778.0498391481, -547351.8349240151 618711.6413928359))",3546
3547,588.45654296875,"POLYGON ((-546416.3826213672 618696.7208151373, -545480.9525796963 618681.8140513739, -545495.8114366719 617748.2669318472, -546431.2552534633 617763.151488809, -546416.3826213672 618696.7208151373))",3547
3548,659.8652954101562,"POLYGON ((-545480.9525796963 618681.8140513739, -544545.5447784052 618666.9210999159, -544560.3898618849 617733.3961666354, -545495.8114366719 617748.2669318472, -545480.9525796963 618681.8140513739))",3548
3549,638.2760620117188,"POLYGON ((-544545.5447784052 618666.9210999159, -543610.1591968988 618652.0419591349, -543624.9905085064 617718.5391915475, -544560.3898618849 617733.3961666354, -544545.5447784052 618666.9210999159))",3549
3550,454.38604736328125,"POLYGON ((-543610.1591968988 618652.0419591349, -542674.7958145861 618637.1766274039, -542689.6133559418 617703.696004959, -543624.9905085064 617718.5391915475, -543610.1591968988 618652.0419591349))",3550
3551,353.4111328125,"POLYGON ((-542674.7958145861 618637.1766274039, -541739.4546108749 618622.3251030983, -541754.2583835993 617688.8666052473, -542689.6133559418 617703.696004959, -542674.7958145861 618637.1766274039))",3551
3552,365.93280029296875,"POLYGON ((-541739.4546108749 618622.3251030983, -540804.1355651784 618607.4873845939, -540818.92557089 617674.050990791, -541754.2583835993 617688.8666052473, -541739.4546108749 618622.3251030983))",3552
3553,450.415771484375,"POLYGON ((-540804.1355651784 618607.4873845939, -539868.8386569116 618592.6634702693, -539883.6148972275 617659.2491599706, -540818.92557089 617674.050990791, -540804.1355651784 618607.4873845939))",3553
3554,492.2418212890625,"POLYGON ((-539868.8386569116 618592.6634702693, -538933.5638654912 618577.8533585038, -538948.326342025 617644.4611111681, -539883.6148972275 617659.2491599706, -539868.8386569116 618592.6634702693))",3554
3555,534.2904663085938,"POLYGON ((-538933.5638654912 618577.8533585038, -537998.3111703357 618563.0570476787, -538013.0598847023 617629.6868427672, -538948.326342025 617644.4611111681, -538933.5638654912 618577.8533585038))",3555
3556,530.1350708007812,"POLYGON ((-537998.3111703357 618563.0570476787, -537063.0805508682 618548.274536177, -537077.8155046792 617614.926353153, -538013.0598847023 617629.6868427672, -537998.3111703357 618563.0570476787))",3556
3557,330.67279052734375,"POLYGON ((-537063.0805508682 618548.274536177, -536127.8719865122 618533.5058223831, -536142.5931813775 617600.1796407121, -537077.8155046792 617614.926353153, -537063.0805508682 618548.274536177))",3557
3558,188.84580993652344,"POLYGON ((-536127.8719865122 618533.5058223831, -535192.6854566934 618518.7509046829, -535207.3928942225 617585.4467038334, -536142.5931813775 617600.1796407121, -536127.8719865122 618533.5058223831))",3558
3559,252.38662719726562,"POLYGON ((-535192.6854566934 618518.7509046829, -534257.5209408416 618504.0097814641, -534272.2146226409 617570.7275409065, -535207.3928942225 617585.4467038334, -535192.6854566934 618518.7509046829))",3559
3560,186.35397338867188,"POLYGON ((-534257.5209408416 618504.0097814641, -533322.378418387 618489.2824511161, -533337.0583460625 617556.0221503229, -534272.2146226409 617570.7275409065, -534257.5209408416 618504.0097814641))",3560
3561,408.21746826171875,"POLYGON ((-533322.378418387 618489.2824511161, -532387.2578687641 618474.5689120298, -532401.9240439194 617541.3305304763, -533337.0583460625 617556.0221503229, -533322.378418387 618489.2824511161))",3561
3562,602.1210327148438,"POLYGON ((-532387.2578687641 618474.5689120298, -531452.159271408 618459.8691625975, -531466.8116956459 617526.6526797612, -532401.9240439194 617541.3305304763, -532387.2578687641 618474.5689120298))",3562
3563,471.7455749511719,"POLYGON ((-531452.159271408 618459.8691625975, -530517.0826057566 618445.1832012131, -530531.7212806777 617511.9885965737, -531466.8116956459 617526.6526797612, -531452.159271408 618459.8691625975))",3563
3564,234.57643127441406,"POLYGON ((-530517.0826057566 618445.1832012131, -529582.0278512506 618430.5110262726, -529596.6527784539 617497.3382793121, -530531.7212806777 617511.9885965737, -530517.0826057566 618445.1832012131))",3564
3565,,"POLYGON ((-529582.0278512506 618430.5110262726, -528646.9949873333 618415.8526361728, -528661.6061684161 617482.7017263761, -529596.6527784539 617497.3382793121, -529582.0278512506 618430.5110262726))",3565
3566,,"POLYGON ((-528646.9949873333 618415.8526361728, -527711.9839934489 618401.2080293129, -527726.5814300079 617468.0789361664, -528661.6061684161 617482.7017263761, -528646.9949873333 618415.8526361728))",3566
3567,,"POLYGON ((-527711.9839934489 618401.2080293129, -526776.9948490459 618386.5772040932, -526791.5785426752 617453.4699070862, -527726.5814300079 617468.0789361664, -527711.9839934489 618401.2080293129))",3567
3568,,"POLYGON ((-526776.9948490459 618386.5772040932, -525842.027533573 618371.9601589157, -525856.5974858652 617438.8746375396, -526791.5785426752 617453.4699070862, -526776.9948490459 618386.5772040932))",3568
3569,,"POLYGON ((-525842.027533573 618371.9601589157, -524907.0820264834 618357.3568921842, -524921.6382390298 617424.2931259327, -525856.5974858652 617438.8746375396, -525842.027533573 618371.9601589157))",3569
3570,,"POLYGON ((-524907.0820264834 618357.3568921842, -523972.15830723115 618342.7674023039, -523986.7007816214 617409.7253706729, -524921.6382390298 617424.2931259327, -524907.0820264834 618357.3568921842))",3570
3571,,"POLYGON ((-523972.15830723115 618342.7674023039, -523037.2563552725 618328.1916876812, -523051.78509309504 617395.1713701694, -523986.7007816214 617409.7253706729, -523972.15830723115 618342.7674023039))",3571
3572,,"POLYGON ((-523037.2563552725 618328.1916876812, -522102.37615006685 618313.6297467247, -522116.8911529081 617380.6311228329, -523051.78509309504 617395.1713701694, -523037.2563552725 618328.1916876812))",3572
3573,,"POLYGON ((-522102.37615006685 618313.6297467247, -521167.51767107565 618299.0815778449, -521182.0189405205 617366.1046270758, -522116.8911529081 617380.6311228329, -522102.37615006685 618313.6297467247))",3573
3574,,"POLYGON ((-521167.51767107565 618299.0815778449, -520232.68089776346 618284.5471794528, -520247.16843539407 617351.5918813117, -521182.0189405205 617366.1046270758, -521167.51767107565 618299.0815778449))",3574
3575,,"POLYGON ((-520232.68089776346 618284.5471794528, -519297.86580959463 618270.0265499619, -519312.3396169938 617337.0928839566, -520247.16843539407 617351.5918813117, -520232.68089776346 618284.5471794528))",3575
3576,,"POLYGON ((-519297.86580959463 618270.0265499619, -518363.07238603896 618255.5196877867, -518377.5324647862 617322.607633427, -519312.3396169938 617337.0928839566, -519297.86580959463 618270.0265499619))",3576
3577,,"POLYGON ((-518363.07238603896 618255.5196877867, -517428.30060656636 618241.0265913437, -517442.7469582405 617308.1361281421, -518377.5324647862 617322.607633427, -518363.07238603896 618255.5196877867))",3577
3578,,"POLYGON ((-517428.30060656636 618241.0265913437, -516493.5504506496 618226.5472590512, -516507.9830768276 617293.678366522, -517442.7469582405 617308.1361281421, -517428.30060656636 618241.0265913437))",3578
3579,,"POLYGON ((-516493.5504506496 618226.5472590512, -515558.8218977649 618212.0816893283, -515573.2408000217 617279.2343469884, -516507.9830768276 617293.678366522, -516493.5504506496 618226.5472590512))",3579
3580,,"POLYGON ((-515558.8218977649 618212.0816893283, -514624.11492738826 618197.6298805962, -514638.5201072984 617264.8040679648, -515573.2408000217 617279.2343469884, -515558.8218977649 618212.0816893283))",3580
3581,,"POLYGON ((-514624.11492738826 618197.6298805962, -513689.42951900116 618183.1918312778, -513703.8209781364 617250.3875278762, -514638.5201072984 617264.8040679648, -514624.11492738826 618197.6298805962))",3581
3582,,"POLYGON ((-513689.42951900116 618183.1918312778, -512754.7656520853 618168.7675397974, -512769.1433920163 617235.9847251493, -513703.8209781364 617250.3875278762, -513689.42951900116 618183.1918312778))",3582
3583,,"POLYGON ((-512754.7656520853 618168.7675397974, -511820.12330612435 618154.3570045808, -511834.4873284196 617221.5956582122, -512769.1433920163 617235.9847251493, -512754.7656520853 618168.7675397974))",3583
3584,,"POLYGON ((-511820.12330612435 618154.3570045808, -510885.50246060616 618139.9602240556, -510899.8527668335 617207.220325495, -511834.4873284196 617221.5956582122, -511820.12330612435 618154.3570045808))",3584
3585,,"POLYGON ((-510885.50246060616 618139.9602240556, -509950.9030950187 618125.5771966507, -509965.2396867435 617192.8587254286, -510899.8527668335 617207.220325495, -510885.50246060616 618139.9602240556))",3585
3586,,"POLYGON ((-509950.9030950187 618125.5771966507, -509016.325188854 618111.2079207972, -509030.6480676412 617178.5108564462, -509965.2396867435 617192.8587254286, -509950.9030950187 618125.5771966507))",3586
3587,,"POLYGON ((-509016.325188854 618111.2079207972, -508081.76872160553 618096.8523949267, -508096.0778890172 617164.1767169824, -509030.6480676412 617178.5108564462, -509016.325188854 618111.2079207972))",3587
3588,,"POLYGON ((-508081.76872160553 618096.8523949267, -507147.23367276916 618082.5106174739, -507161.5291303665 617149.8563054733, -508096.0778890172 617164.1767169824, -508081.76872160553 618096.8523949267))",3588
3589,,"POLYGON ((-507147.23367276916 618082.5106174739, -506212.7200218425 618068.1825868734, -506227.0017711851 617135.5496203564, -507161.5291303665 617149.8563054733, -507147.23367276916 618082.5106174739))",3589
3590,,"POLYGON ((-506212.7200218425 618068.1825868734, -505278.2277483271 618053.8683015627, -505292.4957909727 617121.2566600714, -506227.0017711851 617135.5496203564, -506212.7200218425 618068.1825868734))",3590
3591,,"POLYGON ((-505278.2277483271 618053.8683015627, -504343.7568317248 618039.5677599806, -504358.0111692301 617106.9774230588, -505292.4957909727 617121.2566600714, -505278.2277483271 618053.8683015627))",3591
3592,,"POLYGON ((-504343.7568317248 618039.5677599806, -503409.30725154094 618025.2809605668, -503423.54788546055 617092.7119077613, -504358.0111692301 617106.9774230588, -504343.7568317248 618039.5677599806))",3592
3593,,"POLYGON ((-503409.30725154094 618025.2809605668, -502474.87898728286 618011.0079017633, -502489.10591916984 617078.4601126228, -503423.54788546055 617092.7119077613, -503409.30725154094 618025.2809605668))",3593
3594,,"POLYGON ((-502474.87898728286 618011.0079017633, -501540.47201845935 617996.7485820135, -501554.6852498655 617064.222036089, -502489.10591916984 617078.4601126228, -502474.87898728286 618011.0079017633))",3594
3595,,"POLYGON ((-501540.47201845935 617996.7485820135, -500606.08632458316 617982.5029997623, -500620.28585705825 617049.9976766072, -501554.6852498655 617064.222036089, -501540.47201845935 617996.7485820135))",3595
3596,,"POLYGON ((-500606.08632458316 617982.5029997623, -499671.7218851679 617968.2711534563, -499685.9077202607 617035.7870326261, -500620.28585705825 617049.9976766072, -500606.08632458316 617982.5029997623))",3596
3597,,"POLYGON ((-499671.7218851679 617968.2711534563, -498737.37867973 617954.0530415437, -498751.55081898684 617021.5901025959, -499685.9077202607 617035.7870326261, -499671.7218851679 617968.2711534563))",3597
3598,,"POLYGON ((-498737.37867973 617954.0530415437, -497803.0566877881 617939.8486624737, -497817.2151327543 617007.4068849689, -498751.55081898684 617021.5901025959, -498737.37867973 617954.0530415437))",3598
3599,,"POLYGON ((-497803.0566877881 617939.8486624737, -496868.75588886265 617925.6580146984, -496882.90064108244 616993.2373781984, -497817.2151327543 617007.4068849689, -497803.0566877881 617939.8486624737))",3599
3600,,"POLYGON ((-496868.75588886265 617925.6580146984, -495934.47626247746 617911.4810966699, -495948.6073234923 616979.0815807395, -496882.90064108244 616993.2373781984, -496868.75588886265 617925.6580146984))",3600
3601,,"POLYGON ((-495934.47626247746 617911.4810966699, -495000.21778815694 617897.3179068429, -495014.3351595076 616964.939491049, -495948.6073234923 616979.0815807395, -495934.47626247746 617911.4810966699))",3601
3602,,"POLYGON ((-495000.21778815694 617897.3179068429, -494065.98044542933 617883.1684436738, -494080.08412865526 616950.8111075852, -495014.3351595076 616964.939491049, -495000.21778815694 617897.3179068429))",3602
3603,,"POLYGON ((-494065.98044542933 617883.1684436738, -493131.7642138245 617869.0327056198, -493145.8542104629 616936.6964288078, -494080.08412865526 616950.8111075852, -494065.98044542933 617883.1684436738))",3603
3604,,"POLYGON ((-493131.7642138245 617869.0327056198, -492197.5690728745 617854.9106911401, -492211.6453844609 616922.5954531784, -493145.8542104629 616936.6964288078, -493131.7642138245 617869.0327056198))",3604
3605,,"POLYGON ((-492197.5690728745 617854.9106911401, -491263.39500211354 617840.8023986956, -491277.45763018203 616908.50817916, -492211.6453844609 616922.5954531784, -492197.5690728745 617854.9106911401))",3605
3606,,"POLYGON ((-491263.39500211354 617840.8023986956, -490329.24198107794 617826.7078267486, -490343.29092716146 616894.4346052168, -491277.45763018203 616908.50817916, -491263.39500211354 617840.8023986956))",3606
3607,,"POLYGON ((-490329.24198107794 617826.7078267486, -489395.10998930666 617812.6269737631, -489409.14525493653 616880.3747298156, -490343.29092716146 616894.4346052168, -490329.24198107794 617826.7078267486))",3607
3608,,"POLYGON ((-566080.749810769 618078.9159759033, -565144.8341498787 618063.7414137487, -565159.9598289286 617129.72314797, -566095.8892786663 617144.8750697746, -566080.749810769 618078.9159759033))",3608
3609,73.88018035888672,"POLYGON ((-565144.8341498787 618063.7414137487, -564208.9411640691 618048.5806778604, -564224.0530559279 617114.5850318247, -565159.9598289286 617129.72314797, -565144.8341498787 618063.7414137487))",3609
3610,91.2777328491211,"POLYGON ((-564208.9411640691 618048.5806778604, -563273.0708326953 618033.4337665789, -563288.1689390165 617099.4607196816, -564224.0530559279 617114.5850318247, -564208.9411640691 618048.5806778604))",3610
3611,118.55683135986328,"POLYGON ((-563273.0708326953 618033.4337665789, -562337.2231351121 618018.3006782461, -562352.307457549 617084.3502098848, -563288.1689390165 617099.4607196816, -563273.0708326953 618033.4337665789))",3611
3612,165.90933227539062,"POLYGON ((-562337.2231351121 618018.3006782461, -561401.3980506773 618003.1814112053, -561416.4685908814 617069.2535007806, -562352.307457549 617084.3502098848, -562337.2231351121 618018.3006782461))",3612
3613,155.10704040527344,"POLYGON ((-561401.3980506773 618003.1814112053, -560465.5955587518 617988.0759638017, -560480.6523183724 617054.170590716, -561416.4685908814 617069.2535007806, -561401.3980506773 618003.1814112053))",3613
3614,195.13690185546875,"POLYGON ((-560465.5955587518 617988.0759638017, -559529.8156386986 617972.9843343822, -559544.8586193831 617039.1014780405, -560480.6523183724 617054.170590716, -560465.5955587518 617988.0759638017))",3614
3615,345.1033935546875,"POLYGON ((-559529.8156386986 617972.9843343822, -558594.0582698826 617957.906521295, -558609.0874732782 617024.0461611046, -559544.8586193831 617039.1014780405, -559529.8156386986 617972.9843343822))",3615
3616,344.4239196777344,"POLYGON ((-558594.0582698826 617957.906521295, -557658.3234316718 617942.84252289, -557673.3388594226 617009.0046382607, -558609.0874732782 617024.0461611046, -558594.0582698826 617957.906521295))",3616
3617,271.91943359375,"POLYGON ((-557658.3234316718 617942.84252289, -556722.6111034362 617927.7923375185, -556737.6127571857 616993.976907863, -557673.3388594226 617009.0046382607, -557658.3234316718 617942.84252289))",3617
3618,251.80621337890625,"POLYGON ((-556722.6111034362 617927.7923375185, -555786.9212645483 617912.755963534, -555801.9091459375 616978.9629682667, -556737.6127571857 616993.976907863, -556722.6111034362 617927.7923375185))",3618
3619,266.4691162109375,"POLYGON ((-555786.9212645483 617912.755963534, -554851.2538943833 617897.7333992912, -554866.2280050525 616963.9628178291, -555801.9091459375 616978.9629682667, -555786.9212645483 617912.755963534))",3619
3620,293.0582275390625,"POLYGON ((-554851.2538943833 617897.7333992912, -553915.6089723178 617882.7246431464, -553930.5693139052 616948.9764549088, -554866.2280050525 616963.9628178291, -554851.2538943833 617897.7333992912))",3620
3621,310.1180419921875,"POLYGON ((-553915.6089723178 617882.7246431464, -552979.9864777322 617867.7296934576, -552994.9330518746 616934.0038778664, -553930.5693139052 616948.9764549088, -553915.6089723178 617882.7246431464))",3621
3622,337.40386962890625,"POLYGON ((-552979.9864777322 617867.7296934576, -552044.3863900087 617852.7485485843, -552059.3191983411 616919.0450850639, -552994.9330518746 616934.0038778664, -552979.9864777322 617867.7296934576))",3622
3623,318.1814270019531,"POLYGON ((-552044.3863900087 617852.7485485843, -551108.8086885309 617837.7812068876, -551123.7277326873 616904.1000748645, -552059.3191983411 616919.0450850639, -552044.3863900087 617852.7485485843))",3623
3624,318.0319519042969,"POLYGON ((-551108.8086885309 617837.7812068876, -550173.2533526868 617822.8276667304, -550188.1586342987 616889.1688456336, -551123.7277326873 616904.1000748645, -551108.8086885309 617837.7812068876))",3624
3625,420.94903564453125,"POLYGON ((-550173.2533526868 617822.8276667304, -549237.7203618654 617807.8879264774, -549252.6118825627 616874.251395738, -550188.1586342987 616889.1688456336, -550173.2533526868 617822.8276667304))",3625
3626,865.7047119140625,"POLYGON ((-549237.7203618654 617807.8879264774, -548302.2096954578 617792.961984494, -548317.0874568695 616859.347723546, -549252.6118825627 616874.251395738, -549237.7203618654 617807.8879264774))",3626
3627,899.5189819335938,"POLYGON ((-548302.2096954578 617792.961984494, -547366.7213328582 617778.0498391481, -547381.5853366118 616844.4578274275, -548317.0874568695 616859.347723546, -548302.2096954578 617792.961984494))",3627
3628,517.5809936523438,"POLYGON ((-547366.7213328582 617778.0498391481, -546431.2552534633 617763.151488809, -546446.1055011844 616829.5817057544, -547381.5853366118 616844.4578274275, -547366.7213328582 617778.0498391481))",3628
3629,560.3980712890625,"POLYGON ((-546431.2552534633 617763.151488809, -545495.8114366719 617748.2669318472, -545510.6479299838 616814.7193568995, -546446.1055011844 616829.5817057544, -546431.2552534633 617763.151488809))",3629
3630,606.2232055664062,"POLYGON ((-545495.8114366719 617748.2669318472, -544560.3898618849 617733.3961666354, -544575.2126024106 616799.8707792376, -545510.6479299838 616814.7193568995, -545495.8114366719 617748.2669318472))",3630
3631,665.595703125,"POLYGON ((-544560.3898618849 617733.3961666354, -543624.9905085064 617718.5391915475, -543639.7994978662 616785.0359711454, -544575.2126024106 616799.8707792376, -544560.3898618849 617733.3961666354))",3631
3632,520.261474609375,"POLYGON ((-543624.9905085064 617718.5391915475, -542689.6133559418 617703.696004959, -542704.4085957544 616770.2149310004, -543639.7994978662 616785.0359711454, -543624.9905085064 617718.5391915475))",3632
3633,416.5939636230469,"POLYGON ((-542689.6133559418 617703.696004959, -541754.2583835993 617688.8666052473, -541769.0398754831 616755.4076571825, -542704.4085957544 616770.2149310004, -542689.6133559418 617703.696004959))",3633
3634,449.6313781738281,"POLYGON ((-541754.2583835993 617688.8666052473, -540818.92557089 617674.050990791, -540833.6933164606 616740.6141480729, -541769.0398754831 616755.4076571825, -541754.2583835993 617688.8666052473))",3634
3635,481.5522155761719,"POLYGON ((-540818.92557089 617674.050990791, -539883.6148972275 617659.2491599706, -539898.3688980987 616725.8344020542, -540833.6933164606 616740.6141480729, -540818.92557089 617674.050990791))",3635
3636,525.3404541015625,"POLYGON ((-539883.6148972275 617659.2491599706, -538948.326342025 617644.4611111681, -538963.066599811 616711.0684175107, -539898.3688980987 616725.8344020542, -539883.6148972275 617659.2491599706))",3636
3637,515.698486328125,"POLYGON ((-538948.326342025 617644.4611111681, -538013.0598847023 617629.6868427672, -538027.7864010131 616696.3161928285, -538963.066599811 616711.0684175107, -538948.326342025 617644.4611111681))",3637
3638,253.6831512451172,"POLYGON ((-538013.0598847023 617629.6868427672, -537077.8155046792 617614.926353153, -537092.5282811243 616681.5777263952, -538027.7864010131 616696.3161928285, -538013.0598847023 617629.6868427672))",3638
3639,108.0589828491211,"POLYGON ((-537077.8155046792 617614.926353153, -536142.5931813775 617600.1796407121, -536157.2922195655 616666.8530165999, -537092.5282811243 616681.5777263952, -537077.8155046792 617614.926353153))",3639
3640,61.5224609375,"POLYGON ((-536142.5931813775 617600.1796407121, -535207.3928942225 617585.4467038334, -535222.0781957591 616652.1420618331, -536157.2922195655 616666.8530165999, -536142.5931813775 617600.1796407121))",3640
3641,42.07432174682617,"POLYGON ((-535207.3928942225 617585.4467038334, -534272.2146226409 617570.7275409065, -534286.8861891315 616637.4448604875, -535222.0781957591 616652.1420618331, -535207.3928942225 617585.4467038334))",3641
3642,2.5173861980438232,"POLYGON ((-534272.2146226409 617570.7275409065, -533337.0583460625 617556.0221503229, -533351.7161791101 616622.7614109569, -534286.8861891315 616637.4448604875, -534272.2146226409 617570.7275409065))",3642
3643,,"POLYGON ((-533337.0583460625 617556.0221503229, -532401.9240439194 617541.3305304763, -532416.5681451254 616608.0917116367, -533351.7161791101 616622.7614109569, -533337.0583460625 617556.0221503229))",3643
3644,,"POLYGON ((-532401.9240439194 617541.3305304763, -531466.8116956459 617526.6526797612, -531481.4420666101 616593.4357609242, -532416.5681451254 616608.0917116367, -532401.9240439194 617541.3305304763))",3644
3645,,"POLYGON ((-531466.8116956459 617526.6526797612, -530531.7212806777 617511.9885965737, -530546.3379229988 616578.7935572183, -531481.4420666101 616593.4357609242, -531466.8116956459 617526.6526797612))",3645
3646,,"POLYGON ((-530531.7212806777 617511.9885965737, -529596.6527784539 617497.3382793121, -529611.2556937292 616564.1650989188, -530546.3379229988 616578.7935572183, -530531.7212806777 617511.9885965737))",3646
3647,,"POLYGON ((-529596.6527784539 617497.3382793121, -528661.6061684161 617482.7017263761, -528676.1953582403 616549.5503844278, -529611.2556937292 616564.1650989188, -529596.6527784539 617497.3382793121))",3647
3648,,"POLYGON ((-528661.6061684161 617482.7017263761, -527726.5814300079 617468.0789361664, -527741.1568959748 616534.9494121489, -528676.1953582403 616549.5503844278, -528661.6061684161 617482.7017263761))",3648
3649,,"POLYGON ((-527726.5814300079 617468.0789361664, -526791.5785426752 617453.4699070862, -526806.1402863766 616520.3621804874, -527741.1568959748 616534.9494121489, -527726.5814300079 617468.0789361664))",3649
3650,,"POLYGON ((-526791.5785426752 617453.4699070862, -525856.5974858652 617438.8746375396, -525871.1455088921 616505.7886878494, -526806.1402863766 616520.3621804874, -526791.5785426752 617453.4699070862))",3650
3651,,"POLYGON ((-525856.5974858652 617438.8746375396, -524921.6382390298 617424.2931259327, -524936.1725429707 616491.2289326435, -525871.1455088921 616505.7886878494, -525856.5974858652 617438.8746375396))",3651
3652,,"POLYGON ((-524921.6382390298 617424.2931259327, -523986.7007816214 617409.7253706729, -524001.2213680637 616476.6829132799, -524936.1725429707 616491.2289326435, -524921.6382390298 617424.2931259327))",3652
3653,,"POLYGON ((-523986.7007816214 617409.7253706729, -523051.78509309504 617395.1713701694, -523066.29196362395 616462.1506281694, -524001.2213680637 616476.6829132799, -523986.7007816214 617409.7253706729))",3653
3654,,"POLYGON ((-523051.78509309504 617395.1713701694, -522116.8911529081 617380.6311228329, -522131.384309108 616447.6320757252, -523066.29196362395 616462.1506281694, -523051.78509309504 617395.1713701694))",3654
3655,,"POLYGON ((-522116.8911529081 617380.6311228329, -521182.0189405205 617366.1046270758, -521196.49838397396 616433.1272543623, -522131.384309108 616447.6320757252, -522116.8911529081 617380.6311228329))",3655
3656,,"POLYGON ((-521182.0189405205 617366.1046270758, -520247.16843539407 617351.5918813117, -520261.63416768285 616418.6361624966, -521196.49838397396 616433.1272543623, -521182.0189405205 617366.1046270758))",3656
3657,,"POLYGON ((-520247.16843539407 617351.5918813117, -519312.3396169938 617337.0928839566, -519326.79163969634 616404.158798546, -520261.63416768285 616418.6361624966, -520247.16843539407 617351.5918813117))",3657
3658,,"POLYGON ((-519312.3396169938 617337.0928839566, -518377.5324647862 617322.607633427, -518391.9707794805 616389.6951609297, -519326.79163969634 616404.158798546, -519312.3396169938 617337.0928839566))",3658
3659,,"POLYGON ((-518377.5324647862 617322.607633427, -517442.7469582405 617308.1361281421, -517457.17156650266 616375.2452480689, -518391.9707794805 616389.6951609297, -518377.5324647862 617322.607633427))",3659
3660,,"POLYGON ((-517442.7469582405 617308.1361281421, -516507.9830768276 617293.678366522, -516522.3939802324 616360.809058386, -517457.17156650266 616375.2452480689, -517442.7469582405 617308.1361281421))",3660
3661,,"POLYGON ((-516507.9830768276 617293.678366522, -515573.2408000217 617279.2343469884, -515587.6380001417 616346.3865903054, -516522.3939802324 616360.809058386, -516507.9830768276 617293.678366522))",3661
3662,,"POLYGON ((-515573.2408000217 617279.2343469884, -514638.5201072984 617264.8040679648, -514652.9036057058 616331.9778422526, -515587.6380001417 616346.3865903054, -515573.2408000217 617279.2343469884))",3662
3663,,"POLYGON ((-514638.5201072984 617264.8040679648, -513703.8209781364 617250.3875278762, -513718.19077640085 616317.582812655, -514652.9036057058 616331.9778422526, -514638.5201072984 617264.8040679648))",3663
3664,,"POLYGON ((-513703.8209781364 617250.3875278762, -512769.1433920163 617235.9847251493, -512783.4994917052 616303.2014999414, -513718.19077640085 616317.582812655, -513703.8209781364 617250.3875278762))",3664
3665,,"POLYGON ((-512769.1433920163 617235.9847251493, -511834.4873284196 617221.5956582122, -511848.8297311007 616288.8339025425, -512783.4994917052 616303.2014999414, -512769.1433920163 617235.9847251493))",3665
3666,,"POLYGON ((-511834.4873284196 617221.5956582122, -510899.8527668335 617207.220325495, -510914.181474071 616274.4800188901, -511848.8297311007 616288.8339025425, -511834.4873284196 617221.5956582122))",3666
3667,,"POLYGON ((-510899.8527668335 617207.220325495, -509965.2396867435 617192.8587254286, -509979.55470010196 616260.1398474181, -510914.181474071 616274.4800188901, -510899.8527668335 617207.220325495))",3667
3668,,"POLYGON ((-509965.2396867435 617192.8587254286, -509030.6480676412 617178.5108564462, -509044.9493886819 616245.8133865616, -509979.55470010196 616260.1398474181, -509965.2396867435 617192.8587254286))",3668
3669,,"POLYGON ((-509030.6480676412 617178.5108564462, -508096.0778890172 617164.1767169824, -508110.36551930045 616231.5006347576, -509044.9493886819 616245.8133865616, -509030.6480676412 617178.5108564462))",3669
3670,,"POLYGON ((-508096.0778890172 617164.1767169824, -507161.5291303665 617149.8563054733, -507175.8030714515 616217.2015904443, -508110.36551930045 616231.5006347576, -508096.0778890172 617164.1767169824))",3670
3671,,"POLYGON ((-507161.5291303665 617149.8563054733, -506227.0017711851 617135.5496203564, -506241.26202462905 616202.9162520617, -507175.8030714515 616217.2015904443, -507161.5291303665 617149.8563054733))",3671
3672,,"POLYGON ((-506227.0017711851 617135.5496203564, -505292.4957909727 617121.2566600714, -505306.7423583311 616188.6446180517, -506241.26202462905 616202.9162520617, -506227.0017711851 617135.5496203564))",3672
3673,,"POLYGON ((-505292.4957909727 617121.2566600714, -504358.0111692301 617106.9774230588, -504372.2440520566 616174.3866868571, -505306.7423583311 616188.6446180517, -505292.4957909727 617121.2566600714))",3673
3674,,"POLYGON ((-504358.0111692301 617106.9774230588, -503423.54788546055 617092.7119077613, -503437.7670853081 616160.1424569227, -504372.2440520566 616174.3866868571, -504358.0111692301 617106.9774230588))",3674
3675,,"POLYGON ((-503423.54788546055 617092.7119077613, -502489.10591916984 617078.4601126228, -502503.31143758877 616145.9119266948, -503437.7670853081 616160.1424569227, -503423.54788546055 617092.7119077613))",3675
3676,,"POLYGON ((-502489.10591916984 617078.4601126228, -501554.6852498655 617064.222036089, -501568.8770884058 616131.6950946214, -502503.31143758877 616145.9119266948, -502489.10591916984 617078.4601126228))",3676
3677,,"POLYGON ((-501554.6852498655 617064.222036089, -500620.28585705825 617049.9976766072, -500634.46401726734 616117.4919591518, -501568.8770884058 616131.6950946214, -501554.6852498655 617064.222036089))",3677
3678,,"POLYGON ((-500620.28585705825 617049.9976766072, -499685.9077202607 617035.7870326261, -499700.07220368413 616103.3025187372, -500634.46401726734 616117.4919591518, -500620.28585705825 617049.9976766072))",3678
3679,,"POLYGON ((-499685.9077202607 617035.7870326261, -498751.55081898684 617021.5901025959, -498765.7016271701 616089.1267718301, -499700.07220368413 616103.3025187372, -499685.9077202607 617035.7870326261))",3679
3680,,"POLYGON ((-498751.55081898684 617021.5901025959, -497817.2151327543 617007.4068849689, -497831.3522672402 616074.964716885, -498765.7016271701 616089.1267718301, -498751.55081898684 617021.5901025959))",3680
3681,,"POLYGON ((-497817.2151327543 617007.4068849689, -496882.90064108244 616993.2373781984, -496897.02410341194 616060.8163523574, -497831.3522672402 616074.964716885, -497817.2151327543 617007.4068849689))",3681
3682,,"POLYGON ((-496882.90064108244 616993.2373781984, -495948.6073234923 616979.0815807395, -495962.7171152058 616046.6816767048, -496897.02410341194 616060.8163523574, -496882.90064108244 616993.2373781984))",3682
3683,,"POLYGON ((-495948.6073234923 616979.0815807395, -495014.3351595076 616964.939491049, -495028.43128214334 616032.560688386, -495962.7171152058 616046.6816767048, -495948.6073234923 616979.0815807395))",3683
3684,,"POLYGON ((-495014.3351595076 616964.939491049, -494080.08412865526 616950.8111075852, -494094.16658375005 616018.4533858616, -495028.43128214334 616032.560688386, -495014.3351595076 616964.939491049))",3684
3685,,"POLYGON ((-494080.08412865526 616950.8111075852, -493145.8542104629 616936.6964288078, -493159.9229995508 616004.3597675938, -494094.16658375005 616018.4533858616, -494080.08412865526 616950.8111075852))",3685
3686,,"POLYGON ((-493145.8542104629 616936.6964288078, -492211.6453844609 616922.5954531784, -492225.70050907636 615990.2798320461, -493159.9229995508 616004.3597675938, -493145.8542104629 616936.6964288078))",3686
3687,,"POLYGON ((-492211.6453844609 616922.5954531784, -491277.45763018203 616908.50817916, -491291.49909185723 615976.2135776839, -492225.70050907636 615990.2798320461, -492211.6453844609 616922.5954531784))",3687
3688,,"POLYGON ((-491277.45763018203 616908.50817916, -490343.29092716146 616894.4346052168, -490357.3187274268 615962.1610029737, -491291.49909185723 615976.2135776839, -491277.45763018203 616908.50817916))",3688
3689,,"POLYGON ((-490343.29092716146 616894.4346052168, -489409.14525493653 616880.3747298156, -489423.1593953201 615948.1221063845, -490357.3187274268 615962.1610029737, -490343.29092716146 616894.4346052168))",3689
3690,147.14138793945312,"POLYGON ((-566095.8892786663 617144.8750697746, -565159.9598289286 617129.72314797, -565175.0627085085 616195.7043998081, -566111.0059263315 616210.8336799323, -566095.8892786663 617144.8750697746))",3690
3691,105.09266662597656,"POLYGON ((-565159.9598289286 617129.72314797, -564224.0530559279 617114.5850318247, -564239.1421690767 616180.588904735, -565175.0627085085 616195.7043998081, -565159.9598289286 617129.72314797))",3691
3692,120.68870544433594,"POLYGON ((-564224.0530559279 617114.5850318247, -563288.1689390165 617099.4607196816, -563303.2442873865 616165.4871930582, -564239.1421690767 616180.588904735, -564224.0530559279 617114.5850318247))",3692
3693,130.85946655273438,"POLYGON ((-563288.1689390165 617099.4607196816, -562352.307457549 617084.3502098848, -562367.3690427903 616150.3992631243, -563303.2442873865 616165.4871930582, -563288.1689390165 617099.4607196816))",3693
3694,190.4119873046875,"POLYGON ((-562352.307457549 617084.3502098848, -561416.4685908814 617069.2535007806, -561431.5164146426 616135.3251132817, -562367.3690427903 616150.3992631243, -562352.307457549 617084.3502098848))",3694
3695,230.57362365722656,"POLYGON ((-561416.4685908814 617069.2535007806, -560480.6523183724 617054.170590716, -560495.6863823002 616120.2647418801, -561431.5164146426 616135.3251132817, -561416.4685908814 617069.2535007806))",3695
3696,203.48561096191406,"POLYGON ((-560480.6523183724 617054.170590716, -559544.8586193831 617039.1014780405, -559559.8789251237 616105.2181472714, -560495.6863823002 616120.2647418801, -560480.6523183724 617054.170590716))",3696
3697,203.62994384765625,"POLYGON ((-559544.8586193831 617039.1014780405, -558609.0874732782 617024.0461611046, -558624.0940224747 616090.1853278085, -559559.8789251237 616105.2181472714, -559544.8586193831 617039.1014780405))",3697
3698,179.34893798828125,"POLYGON ((-558609.0874732782 617024.0461611046, -557673.3388594226 617009.0046382607, -557688.3316537181 616075.1662818461, -558624.0940224747 616090.1853278085, -558609.0874732782 617024.0461611046))",3698
3699,133.626953125,"POLYGON ((-557673.3388594226 617009.0046382607, -556737.6127571857 616993.976907863, -556752.5917982208 616060.1610077405, -557688.3316537181 616075.1662818461, -557673.3388594226 617009.0046382607))",3699
3700,122.6434326171875,"POLYGON ((-556737.6127571857 616993.976907863, -555801.9091459375 616978.9629682667, -555816.8744353512 616045.1695038499, -556752.5917982208 616060.1610077405, -556737.6127571857 616993.976907863))",3700
3701,100.95280456542969,"POLYGON ((-555801.9091459375 616978.9629682667, -554866.2280050525 616963.9628178291, -554881.1795444819 616030.1917685338, -555816.8744353512 616045.1695038499, -555801.9091459375 616978.9629682667))",3701
3702,159.0569610595703,"POLYGON ((-554866.2280050525 616963.9628178291, -553930.5693139052 616948.9764549088, -553945.507104987 616015.2278001532, -554881.1795444819 616030.1917685338, -554866.2280050525 616963.9628178291))",3702
3703,172.8231201171875,"POLYGON ((-553930.5693139052 616948.9764549088, -552994.9330518746 616934.0038778664, -553009.857096243 616000.2775970708, -553945.507104987 616015.2278001532, -553930.5693139052 616948.9764549088))",3703
3704,220.7676544189453,"POLYGON ((-552994.9330518746 616934.0038778664, -552059.3191983411 616919.0450850639, -552074.229497628 615985.341157651, -553009.857096243 616000.2775970708, -552994.9330518746 616934.0038778664))",3704
3705,243.31459045410156,"POLYGON ((-552059.3191983411 616919.0450850639, -551123.7277326873 616904.1000748645, -551138.6242885243 615970.4184802601, -552074.229497628 615985.341157651, -552059.3191983411 616919.0450850639))",3705
3706,311.44085693359375,"POLYGON ((-551123.7277326873 616904.1000748645, -550188.1586342987 616889.1688456336, -550203.0414483151 615955.509563265, -551138.6242885243 615970.4184802601, -551123.7277326873 616904.1000748645))",3706
3707,442.435302734375,"POLYGON ((-550188.1586342987 616889.1688456336, -549252.6118825627 616874.251395738, -549267.4809563868 615940.6144050354, -550203.0414483151 615955.509563265, -550188.1586342987 616889.1688456336))",3707
3708,558.3675537109375,"POLYGON ((-549252.6118825627 616874.251395738, -548317.0874568695 616859.347723546, -548331.9427921277 615925.733003942, -549267.4809563868 615940.6144050354, -549252.6118825627 616874.251395738))",3708
3709,697.4258422851562,"POLYGON ((-548317.0874568695 616859.347723546, -547381.5853366118 616844.4578274275, -547396.4269349285 615910.8653583567, -548331.9427921277 615925.733003942, -548317.0874568695 616859.347723546))",3709
3710,577.4033203125,"POLYGON ((-547381.5853366118 616844.4578274275, -546446.1055011844 616829.5817057544, -546460.9333641827 615896.0114666538, -547396.4269349285 615910.8653583567, -547381.5853366118 616844.4578274275))",3710
3711,555.496826171875,"POLYGON ((-546446.1055011844 616829.5817057544, -545510.6479299838 616814.7193568995, -545525.4620592854 615881.1713272089, -546460.9333641827 615896.0114666538, -546446.1055011844 616829.5817057544))",3711
3712,532.5964965820312,"POLYGON ((-545510.6479299838 616814.7193568995, -544575.2126024106 616799.8707792376, -544590.0129996354 615866.344938399, -545525.4620592854 615881.1713272089, -545510.6479299838 616814.7193568995))",3712
3713,572.8441162109375,"POLYGON ((-544575.2126024106 616799.8707792376, -543639.7994978662 616785.0359711454, -543654.5861646323 615851.5322986029, -544590.0129996354 615866.344938399, -544575.2126024106 616799.8707792376))",3713
3714,550.1560668945312,"POLYGON ((-543639.7994978662 616785.0359711454, -542704.4085957544 616770.2149310004, -542719.1815336791 615836.7334062009, -543654.5861646323 615851.5322986029, -543639.7994978662 616785.0359711454))",3714
3715,506.13421630859375,"POLYGON ((-542704.4085957544 616770.2149310004, -541769.0398754831 616755.4076571825, -541783.799086181 615821.9482595748, -542719.1815336791 615836.7334062009, -542704.4085957544 616770.2149310004))",3715
3716,549.3084106445312,"POLYGON ((-541769.0398754831 616755.4076571825, -540833.6933164606 616740.6141480729, -540848.4388015456 615807.1768571083, -541783.799086181 615821.9482595748, -541769.0398754831 616755.4076571825))",3716
3717,424.1296081542969,"POLYGON ((-540833.6933164606 616740.6141480729, -539898.3688980987 616725.8344020542, -539913.1006591824 615792.4191971867, -540848.4388015456 615807.1768571083, -540833.6933164606 616740.6141480729))",3717
3718,233.7065887451172,"POLYGON ((-539898.3688980987 616725.8344020542, -538963.066599811 616711.0684175107, -538977.784638504 615777.6752781963, -539913.1006591824 615792.4191971867, -539898.3688980987 616725.8344020542))",3718
3719,53.66505813598633,"POLYGON ((-538963.066599811 616711.0684175107, -538027.7864010131 616696.3161928285, -538042.4907189241 615762.9450985257, -538977.784638504 615777.6752781963, -538963.066599811 616711.0684175107))",3719
3720,,"POLYGON ((-538027.7864010131 616696.3161928285, -537092.5282811243 616681.5777263952, -537107.218879861 615748.2286565647, -538042.4907189241 615762.9450985257, -538027.7864010131 616696.3161928285))",3720
3721,,"POLYGON ((-537092.5282811243 616681.5777263952, -536157.2922195655 616666.8530165999, -536171.9691007327 615733.5259507048, -537107.218879861 615748.2286565647, -537092.5282811243 616681.5777263952))",3721
3722,,"POLYGON ((-536157.2922195655 616666.8530165999, -535222.0781957591 616652.1420618331, -535236.7413609615 615718.8369793391, -536171.9691007327 615733.5259507048, -536157.2922195655 616666.8530165999))",3722
3723,,"POLYGON ((-535222.0781957591 616652.1420618331, -534286.8861891315 616637.4448604875, -534301.5356399714 615704.1617408624, -535236.7413609615 615718.8369793391, -535222.0781957591 616652.1420618331))",3723
3724,,"POLYGON ((-534286.8861891315 616637.4448604875, -533351.7161791101 616622.7614109569, -533366.3519171878 615689.5002336709, -534301.5356399714 615704.1617408624, -534286.8861891315 616637.4448604875))",3724
3725,,"POLYGON ((-533351.7161791101 616622.7614109569, -532416.5681451254 616608.0917116367, -532431.1901720408 615674.8524561625, -533366.3519171878 615689.5002336709, -533351.7161791101 616622.7614109569))",3725
3726,,"POLYGON ((-532416.5681451254 616608.0917116367, -531481.4420666101 616593.4357609242, -531496.0503839606 615660.2184067365, -532431.1901720408 615674.8524561625, -532416.5681451254 616608.0917116367))",3726
3727,,"POLYGON ((-531481.4420666101 616593.4357609242, -530546.3379229988 616578.7935572183, -530560.9325323801 615645.598083794, -531496.0503839606 615660.2184067365, -531481.4420666101 616593.4357609242))",3727
3728,,"POLYGON ((-530546.3379229988 616578.7935572183, -529611.2556937292 616564.1650989188, -529625.8365967362 615630.9914857377, -530560.9325323801 615645.598083794, -530546.3379229988 616578.7935572183))",3728
3729,,"POLYGON ((-529611.2556937292 616564.1650989188, -528676.1953582403 616549.5503844278, -528690.7625564659 615616.3986109719, -529625.8365967362 615630.9914857377, -529611.2556937292 616564.1650989188))",3729
3730,,"POLYGON ((-528676.1953582403 616549.5503844278, -527741.1568959748 616534.9494121489, -527755.7103910103 615601.8194579023, -528690.7625564659 615616.3986109719, -528676.1953582403 616549.5503844278))",3730
3731,,"POLYGON ((-527741.1568959748 616534.9494121489, -526806.1402863766 616520.3621804874, -526820.6800798114 615587.2540249365, -527755.7103910103 615601.8194579023, -527741.1568959748 616534.9494121489))",3731
3732,,"POLYGON ((-526806.1402863766 616520.3621804874, -525871.1455088921 616505.7886878494, -525885.6716023145 615572.7023104832, -526820.6800798114 615587.2540249365, -526806.1402863766 616520.3621804874))",3732
3733,,"POLYGON ((-525871.1455088921 616505.7886878494, -524936.1725429707 616491.2289326435, -524950.6849379673 615558.1643129532, -525885.6716023145 615572.7023104832, -525871.1455088921 616505.7886878494))",3733
3734,,"POLYGON ((-524936.1725429707 616491.2289326435, -524001.2213680637 616476.6829132799, -524015.7200662199 615543.6400307587, -524950.6849379673 615558.1643129532, -524936.1725429707 616491.2289326435))",3734
3735,,"POLYGON ((-524001.2213680637 616476.6829132799, -523066.29196362395 616462.1506281694, -523080.7769665222 615529.1294623134, -524015.7200662199 615543.6400307587, -524001.2213680637 616476.6829132799))",3735
3736,,"POLYGON ((-523066.29196362395 616462.1506281694, -522131.384309108 616447.6320757252, -522145.85561833077 615514.6326060325, -523080.7769665222 615529.1294623134, -523066.29196362395 616462.1506281694))",3736
3737,,"POLYGON ((-522131.384309108 616447.6320757252, -521196.49838397396 616433.1272543623, -521210.9560011012 615500.1494603332, -522145.85561833077 615514.6326060325, -522131.384309108 616447.6320757252))",3737
3738,,"POLYGON ((-521196.49838397396 616433.1272543623, -520261.63416768285 616418.6361624966, -520276.0780942929 615485.680023634, -521210.9560011012 615500.1494603332, -521196.49838397396 616433.1272543623))",3738
3739,,"POLYGON ((-520261.63416768285 616418.6361624966, -519326.79163969634 616404.158798546, -519341.22187736654 615471.2242943547, -520276.0780942929 615485.680023634, -520261.63416768285 616418.6361624966))",3739
3740,,"POLYGON ((-519326.79163969634 616404.158798546, -518391.9707794805 616389.6951609297, -518406.38732978655 615456.7822709172, -519341.22187736654 615471.2242943547, -519326.79163969634 616404.158798546))",3740
3741,,"POLYGON ((-518391.9707794805 616389.6951609297, -517457.17156650266 616375.2452480689, -517471.57443101774 615442.353951745, -518406.38732978655 615456.7822709172, -518391.9707794805 616389.6951609297))",3741
3742,,"POLYGON ((-517457.17156650266 616375.2452480689, -516522.3939802324 616360.809058386, -516536.78316052933 615427.9393352625, -517471.57443101774 615442.353951745, -517457.17156650266 616375.2452480689))",3742
3743,,"POLYGON ((-516522.3939802324 616360.809058386, -515587.6380001417 616346.3865903054, -515602.01349779137 615413.5384198965, -516536.78316052933 615427.9393352625, -516522.3939802324 616360.809058386))",3743
3744,,"POLYGON ((-515587.6380001417 616346.3865903054, -514652.9036057058 616331.9778422526, -514667.2654222769 615399.1512040748, -515602.01349779137 615413.5384198965, -515587.6380001417 616346.3865903054))",3744
3745,,"POLYGON ((-514652.9036057058 616331.9778422526, -513718.19077640085 616317.582812655, -513732.53891346045 615384.7776862273, -514667.2654222769 615399.1512040748, -514652.9036057058 616331.9778422526))",3745
3746,,"POLYGON ((-513718.19077640085 616317.582812655, -512783.4994917052 616303.2014999414, -512797.83395082003 615370.417864785, -513732.53891346045 615384.7776862273, -513718.19077640085 616317.582812655))",3746
3747,,"POLYGON ((-512783.4994917052 616303.2014999414, -511848.8297311007 616288.8339025425, -511863.15051383513 615356.0717381807, -512797.83395082003 615370.417864785, -512783.4994917052 616303.2014999414))",3747
3748,,"POLYGON ((-511848.8297311007 616288.8339025425, -510914.181474071 616274.4800188901, -510928.48858198815 615341.7393048488, -511863.15051383513 615356.0717381807, -511848.8297311007 616288.8339025425))",3748
3749,,"POLYGON ((-510914.181474071 616274.4800188901, -509979.55470010196 616260.1398474181, -509993.84813476226 615327.4205632252, -510928.48858198815 615341.7393048488, -510914.181474071 616274.4800188901))",3749
3750,,"POLYGON ((-509979.55470010196 616260.1398474181, -509044.9493886819 616245.8133865616, -509059.2291516453 615313.1155117473, -509993.84813476226 615327.4205632252, -509979.55470010196 616260.1398474181))",3750
3751,,"POLYGON ((-509044.9493886819 616245.8133865616, -508110.36551930045 616231.5006347576, -508124.6316121253 615298.8241488545, -509059.2291516453 615313.1155117473, -509044.9493886819 616245.8133865616))",3751
3752,,"POLYGON ((-508110.36551930045 616231.5006347576, -507175.8030714515 616217.2015904443, -507190.0554956937 615284.5464729873, -508124.6316121253 615298.8241488545, -508110.36551930045 616231.5006347576))",3752
3753,,"POLYGON ((-507175.8030714515 616217.2015904443, -506241.26202462905 616202.9162520617, -506255.5007818439 615270.282482588, -507190.0554956937 615284.5464729873, -507175.8030714515 616217.2015904443))",3753
3754,,"POLYGON ((-506241.26202462905 616202.9162520617, -505306.7423583311 616188.6446180517, -505320.9674500715 615256.0321761004, -506255.5007818439 615270.282482588, -506241.26202462905 616202.9162520617))",3754
3755,,"POLYGON ((-505306.7423583311 616188.6446180517, -504372.2440520566 616174.3866868571, -504386.4554798746 615241.7955519699, -505320.9674500715 615256.0321761004, -505306.7423583311 616188.6446180517))",3755
3756,,"POLYGON ((-504372.2440520566 616174.3866868571, -503437.7670853081 616160.1424569227, -503451.96485075436 615227.5726086437, -504386.4554798746 615241.7955519699, -504372.2440520566 616174.3866868571))",3756
3757,,"POLYGON ((-503437.7670853081 616160.1424569227, -502503.31143758877 616145.9119266948, -502517.49554221146 615213.36334457, -503451.96485075436 615227.5726086437, -503437.7670853081 616160.1424569227))",3757
3758,,"POLYGON ((-502503.31143758877 616145.9119266948, -501568.8770884058 616131.6950946214, -501583.0475337518 615199.1677581995, -502517.49554221146 615213.36334457, -502503.31143758877 616145.9119266948))",3758
3759,,"POLYGON ((-501568.8770884058 616131.6950946214, -500634.46401726734 616117.4919591518, -500648.62080488226 615184.9858479834, -501583.0475337518 615199.1677581995, -501568.8770884058 616131.6950946214))",3759
3760,,"POLYGON ((-500634.46401726734 616117.4919591518, -499700.07220368413 616103.3025187372, -499714.2153351123 615170.8176123752, -500648.62080488226 615184.9858479834, -500634.46401726734 616117.4919591518))",3760
3761,,"POLYGON ((-499700.07220368413 616103.3025187372, -498765.7016271701 616089.1267718301, -498779.83110395307 615156.6630498301, -499714.2153351123 615170.8176123752, -499700.07220368413 616103.3025187372))",3761
3762,,"POLYGON ((-498765.7016271701 616089.1267718301, -497831.3522672402 616074.964716885, -497845.4680909191 615142.5221588041, -498779.83110395307 615156.6630498301, -498765.7016271701 616089.1267718301))",3762
3763,,"POLYGON ((-497831.3522672402 616074.964716885, -496897.02410341194 616060.8163523574, -496911.1262755261 615128.3949377555, -497845.4680909191 615142.5221588041, -497831.3522672402 616074.964716885))",3763
3764,,"POLYGON ((-496897.02410341194 616060.8163523574, -495962.7171152058 616046.6816767048, -495976.8056372921 615114.2813851438, -496911.1262755261 615128.3949377555, -496897.02410341194 616060.8163523574))",3764
3765,,"POLYGON ((-495962.7171152058 616046.6816767048, -495028.43128214334 616032.560688386, -495042.5061557385 615100.1814994302, -495976.8056372921 615114.2813851438, -495962.7171152058 616046.6816767048))",3765
3766,,"POLYGON ((-495028.43128214334 616032.560688386, -494094.16658375005 616018.4533858616, -494108.22781038785 615086.0952790775, -495042.5061557385 615100.1814994302, -495028.43128214334 616032.560688386))",3766
3767,,"POLYGON ((-494094.16658375005 616018.4533858616, -493159.9229995508 616004.3597675938, -493173.9705807648 615072.02272255, -494108.22781038785 615086.0952790775, -494094.16658375005 616018.4533858616))",3767
3768,,"POLYGON ((-493159.9229995508 616004.3597675938, -492225.70050907636 615990.2798320461, -492239.73444639775 615057.9638283137, -493173.9705807648 615072.02272255, -493159.9229995508 616004.3597675938))",3768
3769,,"POLYGON ((-492225.70050907636 615990.2798320461, -491291.49909185723 615976.2135776839, -491305.51938681526 615043.9185948361, -492239.73444639775 615057.9638283137, -492225.70050907636 615990.2798320461))",3769
3770,,"POLYGON ((-491291.49909185723 615976.2135776839, -490357.3187274268 615962.1610029737, -490371.32538154966 615029.8870205861, -491305.51938681526 615043.9185948361, -491291.49909185723 615976.2135776839))",3770
3771,,"POLYGON ((-490357.3187274268 615962.1610029737, -489423.1593953201 615948.1221063845, -489437.1524101349 615015.8691040345, -490371.32538154966 615029.8870205861, -490357.3187274268 615962.1610029737))",3771
3772,154.44996643066406,"POLYGON ((-566111.0059263315 616210.8336799323, -565175.0627085085 616195.7043998081, -565190.1427882635 615261.6851699834, -566126.099753408 615276.7918070983, -566111.0059263315 616210.8336799323))",3772
3773,158.02330017089844,"POLYGON ((-565175.0627085085 616195.7043998081, -564239.1421690767 616180.588904735, -564254.2085031618 615246.5922973099, -565190.1427882635 615261.6851699834, -565175.0627085085 616195.7043998081))",3773
3774,143.1396026611328,"POLYGON ((-564239.1421690767 616180.588904735, -563303.2442873865 616165.4871930582, -563318.2968774505 615231.5131874253, -564254.2085031618 615246.5922973099, -564239.1421690767 616180.588904735))",3774
3775,169.4120635986328,"POLYGON ((-563303.2442873865 616165.4871930582, -562367.3690427903 616150.3992631243, -562382.4078904812 615216.4478386788, -563318.2968774505 615231.5131874253, -563303.2442873865 616165.4871930582))",3775
3776,194.21900939941406,"POLYGON ((-562367.3690427903 616150.3992631243, -561431.5164146426 616135.3251132817, -561446.541521607 615201.3962494214, -562382.4078904812 615216.4478386788, -562367.3690427903 616150.3992631243))",3776
3777,214.686279296875,"POLYGON ((-561431.5164146426 616135.3251132817, -560495.6863823002 616120.2647418801, -560510.6977501826 615186.3584180049, -561446.541521607 615201.3962494214, -561431.5164146426 616135.3251132817))",3777
3778,167.49586486816406,"POLYGON ((-560495.6863823002 616120.2647418801, -559559.8789251237 616105.2181472714, -559574.8765555676 615171.3343427838, -560510.6977501826 615186.3584180049, -560495.6863823002 616120.2647418801))",3778
3779,125.77147674560547,"POLYGON ((-559559.8789251237 616105.2181472714, -558624.0940224747 616090.1853278085, -558639.0779171207 615156.3240221132, -559574.8765555676 615171.3343427838, -559559.8789251237 616105.2181472714))",3779
3780,104.00896453857422,"POLYGON ((-558624.0940224747 616090.1853278085, -557688.3316537181 616075.1662818461, -557703.3018142066 615141.3274543503, -558639.0779171207 615156.3240221132, -558624.0940224747 616090.1853278085))",3780
3781,73.83163452148438,"POLYGON ((-557688.3316537181 616075.1662818461, -556752.5917982208 616060.1610077405, -556767.5482261903 615126.344637854, -557703.3018142066 615141.3274543503, -557688.3316537181 616075.1662818461))",3781
3782,66.7872543334961,"POLYGON ((-556752.5917982208 616060.1610077405, -555816.8744353512 616045.1695038499, -555831.8171324381 615111.3755709848, -556767.5482261903 615126.344637854, -556752.5917982208 616060.1610077405))",3782
3783,59.13884735107422,"POLYGON ((-555816.8744353512 616045.1695038499, -554881.1795444819 616030.1917685338, -554896.1085123215 615096.4202521043, -555831.8171324381 615111.3755709848, -555816.8744353512 616045.1695038499))",3783
3784,71.08151245117188,"POLYGON ((-554881.1795444819 616030.1917685338, -553945.507104987 616015.2278001532, -553960.4223452127 615081.4786795761, -554896.1085123215 615096.4202521043, -554881.1795444819 616030.1917685338))",3784
3785,77.8493881225586,"POLYGON ((-553945.507104987 616015.2278001532, -553009.857096243 616000.2775970708, -553024.7586104863 615066.5508517653, -553960.4223452127 615081.4786795761, -553945.507104987 616015.2278001532))",3785
3786,134.6053466796875,"POLYGON ((-553009.857096243 616000.2775970708, -552074.229497628 615985.341157651, -552089.1172875199 615051.636767039, -553024.7586104863 615066.5508517653, -553009.857096243 616000.2775970708))",3786
3787,180.3101806640625,"POLYGON ((-552074.229497628 615985.341157651, -551138.6242885243 615970.4184802601, -551153.4983556932 615036.7364237652, -552089.1172875199 615051.636767039, -552074.229497628 615985.341157651))",3787
3788,248.59661865234375,"POLYGON ((-551138.6242885243 615970.4184802601, -550203.0414483151 615955.509563265, -550217.9017943882 615021.8498203137, -551153.4983556932 615036.7364237652, -551138.6242885243 615970.4184802601))",3788
3789,361.8010559082031,"POLYGON ((-550203.0414483151 615955.509563265, -549267.4809563868 615940.6144050354, -549282.3275829891 615006.9769550567, -550217.9017943882 615021.8498203137, -550203.0414483151 615955.509563265))",3789
3790,451.25,"POLYGON ((-549267.4809563868 615940.6144050354, -548331.9427921277 615925.733003942, -548346.7757008838 614992.1178263666, -549282.3275829891 615006.9769550567, -549267.4809563868 615940.6144050354))",3790
3791,592.5256958007812,"POLYGON ((-548331.9427921277 615925.733003942, -547396.4269349285 615910.8653583567, -547411.2461274604 614977.2724326183, -548346.7757008838 614992.1178263666, -548331.9427921277 615925.733003942))",3791
3792,523.7940063476562,"POLYGON ((-547396.4269349285 615910.8653583567, -546460.9333641827 615896.0114666538, -546475.7388421111 614962.4407721885, -547411.2461274604 614977.2724326183, -547396.4269349285 615910.8653583567))",3792
3793,504.2654113769531,"POLYGON ((-546460.9333641827 615896.0114666538, -545525.4620592854 615881.1713272089, -545540.2538242296 614947.6228434547, -546475.7388421111 614962.4407721885, -546460.9333641827 615896.0114666538))",3793
3794,467.0321350097656,"POLYGON ((-545525.4620592854 615881.1713272089, -544590.0129996354 615866.344938399, -544604.791053213 614932.8186447965, -545540.2538242296 614947.6228434547, -545525.4620592854 615881.1713272089))",3794
3795,537.742431640625,"POLYGON ((-544590.0129996354 615866.344938399, -543654.5861646323 615851.5322986029, -543669.350508459 614918.0281745952, -544604.791053213 614932.8186447965, -544590.0129996354 615866.344938399))",3795
3796,467.72564697265625,"POLYGON ((-543654.5861646323 615851.5322986029, -542719.1815336791 615836.7334062009, -542733.93216937 614903.2514312335, -543669.350508459 614918.0281745952, -543654.5861646323 615851.5322986029))",3796
3797,301.7932434082031,"POLYGON ((-542719.1815336791 615836.7334062009, -541783.799086181 615821.9482595748, -541798.5360153477 614888.4884130952, -542733.93216937 614903.2514312335, -542719.1815336791 615836.7334062009))",3797
3798,51.38300704956055,"POLYGON ((-541783.799086181 615821.9482595748, -540848.4388015456 615807.1768571083, -540863.1620257999 614873.7391185669, -541798.5360153477 614888.4884130952, -541783.799086181 615821.9482595748))",3798
3799,,"POLYGON ((-540848.4388015456 615807.1768571083, -539913.1006591824 615792.4191971867, -539927.8101801344 614859.0035460356, -540863.1620257999 614873.7391185669, -540848.4388015456 615807.1768571083))",3799
3800,,"POLYGON ((-539913.1006591824 615792.4191971867, -538977.784638504 615777.6752781963, -538992.4804577607 614844.2816938907, -539927.8101801344 614859.0035460356, -539913.1006591824 615792.4191971867))",3800
3801,,"POLYGON ((-538977.784638504 615777.6752781963, -538042.4907189241 615762.9450985257, -538057.1728380929 614829.5735605223, -538992.4804577607 614844.2816938907, -538977.784638504 615777.6752781963))",3801
3802,,"POLYGON ((-538042.4907189241 615762.9450985257, -537107.218879861 615748.2286565647, -537121.8873005459 614814.8791443233, -538057.1728380929 614829.5735605223, -538042.4907189241 615762.9450985257))",3802
3803,,"POLYGON ((-537107.218879861 615748.2286565647, -536171.9691007327 615733.5259507048, -536186.6238245376 614800.1984436873, -537121.8873005459 614814.8791443233, -537107.218879861 615748.2286565647))",3803
3804,,"POLYGON ((-536171.9691007327 615733.5259507048, -535236.7413609615 615718.8369793391, -535251.3823894873 614785.5314570096, -536186.6238245376 614800.1984436873, -536171.9691007327 615733.5259507048))",3804
3805,,"POLYGON ((-535236.7413609615 615718.8369793391, -534301.5356399714 615704.1617408624, -534316.1629748185 614770.8781826874, -535251.3823894873 614785.5314570096, -535236.7413609615 615718.8369793391))",3805
3806,,"POLYGON ((-534301.5356399714 615704.1617408624, -533366.3519171878 615689.5002336709, -533380.9655599551 614756.2386191193, -534316.1629748185 614770.8781826874, -534301.5356399714 615704.1617408624))",3806
3807,,"POLYGON ((-533366.3519171878 615689.5002336709, -532431.1901720408 615674.8524561625, -532445.7901243244 614741.6127647054, -533380.9655599551 614756.2386191193, -533366.3519171878 615689.5002336709))",3807
3808,,"POLYGON ((-532431.1901720408 615674.8524561625, -531496.0503839606 615660.2184067365, -531510.6366473563 614727.0006178477, -532445.7901243244 614741.6127647054, -532431.1901720408 615674.8524561625))",3808
3809,,"POLYGON ((-531496.0503839606 615660.2184067365, -530560.9325323801 615645.598083794, -530575.505108482 614712.4021769493, -531510.6366473563 614727.0006178477, -531496.0503839606 615660.2184067365))",3809
3810,,"POLYGON ((-530560.9325323801 615645.598083794, -529625.8365967362 615630.9914857377, -529640.3954871355 614697.8174404156, -530575.505108482 614712.4021769493, -530560.9325323801 615645.598083794))",3810
3811,,"POLYGON ((-529625.8365967362 615630.9914857377, -528690.7625564659 615616.3986109719, -528705.3077627537 614683.2464066527, -529640.3954871355 614697.8174404156, -529625.8365967362 615630.9914857377))",3811
3812,,"POLYGON ((-528690.7625564659 615616.3986109719, -527755.7103910103 615601.8194579023, -527770.241914775 614668.6890740691, -528705.3077627537 614683.2464066527, -528690.7625564659 615616.3986109719))",3812
3813,,"POLYGON ((-527755.7103910103 615601.8194579023, -526820.6800798114 615587.2540249365, -526835.1979226413 614654.1454410743, -527770.241914775 614668.6890740691, -527755.7103910103 615601.8194579023))",3813
3814,,"POLYGON ((-526820.6800798114 615587.2540249365, -525885.6716023145 615572.7023104832, -525900.1757657953 614639.6155060799, -526835.1979226413 614654.1454410743, -526820.6800798114 615587.2540249365))",3814
3815,,"POLYGON ((-525885.6716023145 615572.7023104832, -524950.6849379673 615558.1643129532, -524965.1754236826 614625.0992674984, -525900.1757657953 614639.6155060799, -525885.6716023145 615572.7023104832))",3815
3816,,"POLYGON ((-524950.6849379673 615558.1643129532, -524015.7200662199 615543.6400307587, -524030.19687575195 614610.5967237446, -524965.1754236826 614625.0992674984, -524950.6849379673 615558.1643129532))",3816
3817,,"POLYGON ((-524015.7200662199 615543.6400307587, -523080.7769665222 615529.1294623134, -523095.2401014529 614596.1078732344, -524030.19687575195 614610.5967237446, -524015.7200662199 615543.6400307587))",3817
3818,,"POLYGON ((-523080.7769665222 615529.1294623134, -522145.85561833077 615514.6326060325, -522160.30508023896 614581.6327143857, -523095.2401014529 614596.1078732344, -523080.7769665222 615529.1294623134))",3818
3819,,"POLYGON ((-522145.85561833077 615514.6326060325, -521210.9560011012 615500.1494603332, -521225.3917915657 614567.1712456178, -522160.30508023896 614581.6327143857, -522145.85561833077 615514.6326060325))",3819
3820,,"POLYGON ((-521210.9560011012 615500.1494603332, -520276.0780942929 615485.680023634, -520290.50021488895 614552.723465351, -521225.3917915657 614567.1712456178, -521210.9560011012 615500.1494603332))",3820
3821,,"POLYGON ((-520276.0780942929 615485.680023634, -519341.22187736654 615471.2242943547, -519355.6303296692 614538.2893720084, -520290.50021488895 614552.723465351, -520276.0780942929 615485.680023634))",3821
3822,,"POLYGON ((-519341.22187736654 615471.2242943547, -518406.38732978655 615456.7822709172, -518420.7821153689 614523.8689640134, -519355.6303296692 614538.2893720084, -519341.22187736654 615471.2242943547))",3822
3823,,"POLYGON ((-518406.38732978655 615456.7822709172, -517471.57443101774 615442.353951745, -517485.955551452 614509.462239792, -518420.7821153689 614523.8689640134, -518406.38732978655 615456.7822709172))",3823
3824,,"POLYGON ((-517471.57443101774 615442.353951745, -516536.78316052933 615427.9393352625, -516551.15061738493 614495.0691977713, -517485.955551452 614509.462239792, -517471.57443101774 615442.353951745))",3824
3825,,"POLYGON ((-516536.78316052933 615427.9393352625, -515602.01349779137 615413.5384198965, -515616.3672926368 614480.6898363797, -516551.15061738493 614495.0691977713, -516536.78316052933 615427.9393352625))",3825
3826,,"POLYGON ((-515602.01349779137 615413.5384198965, -514667.2654222769 615399.1512040748, -514681.6055566786 614466.3241540479, -515616.3672926368 614480.6898363797, -515602.01349779137 615413.5384198965))",3826
3827,,"POLYGON ((-514667.2654222769 615399.1512040748, -513732.53891346045 615384.7776862273, -513746.8653889841 614451.9721492077, -514681.6055566786 614466.3241540479, -514667.2654222769 615399.1512040748))",3827
3828,,"POLYGON ((-513732.53891346045 615384.7776862273, -512797.83395082003 615370.417864785, -512812.14676902886 614437.6338202927, -513746.8653889841 614451.9721492077, -513732.53891346045 615384.7776862273))",3828
3829,,"POLYGON ((-512797.83395082003 615370.417864785, -511863.15051383513 615356.0717381807, -511877.4496762913 614423.3091657378, -512812.14676902886 614437.6338202927, -512797.83395082003 615370.417864785))",3829
3830,,"POLYGON ((-511863.15051383513 615356.0717381807, -510928.48858198815 615341.7393048488, -510942.77409025247 614408.9981839797, -511877.4496762913 614423.3091657378, -511863.15051383513 615356.0717381807))",3830
3831,,"POLYGON ((-510928.48858198815 615341.7393048488, -509993.84813476226 615327.4205632252, -510008.11999039387 614394.7008734564, -510942.77409025247 614408.9981839797, -510928.48858198815 615341.7393048488))",3831
3832,,"POLYGON ((-509993.84813476226 615327.4205632252, -509059.2291516453 615313.1155117473, -509073.4873562006 614380.4172326082, -510008.11999039387 614394.7008734564, -509993.84813476226 615327.4205632252))",3832
3833,,"POLYGON ((-509059.2291516453 615313.1155117473, -508124.6316121253 615298.8241488545, -508138.8761671608 614366.1472598761, -509073.4873562006 614380.4172326082, -509059.2291516453 615313.1155117473))",3833
3834,,"POLYGON ((-508124.6316121253 615298.8241488545, -507190.0554956937 615284.5464729873, -507204.28640276357 614351.8909537032, -508138.8761671608 614366.1472598761, -508124.6316121253 615298.8241488545))",3834
3835,,"POLYGON ((-507190.0554956937 615284.5464729873, -506255.5007818439 615270.282482588, -506269.71804250055 614337.648312534, -507204.28640276357 614351.8909537032, -507190.0554956937 615284.5464729873))",3835
3836,,"POLYGON ((-506255.5007818439 615270.282482588, -505320.9674500715 615256.0321761004, -505335.17106586613 614323.4193348148, -506269.71804250055 614337.648312534, -506255.5007818439 615270.282482588))",3836
3837,,"POLYGON ((-505320.9674500715 615256.0321761004, -504386.4554798746 615241.7955519699, -504400.6454523568 614309.204018993, -505335.17106586613 614323.4193348148, -505320.9674500715 615256.0321761004))",3837
3838,,"POLYGON ((-504386.4554798746 615241.7955519699, -503451.96485075436 615227.5726086437, -503466.1411814715 614295.002363518, -504400.6454523568 614309.204018993, -504386.4554798746 615241.7955519699))",3838
3839,,"POLYGON ((-503451.96485075436 615227.5726086437, -502517.49554221146 615213.36334457, -502531.65823271 614280.8143668406, -503466.1411814715 614295.002363518, -503451.96485075436 615227.5726086437))",3839
3840,,"POLYGON ((-502517.49554221146 615213.36334457, -501583.0475337518 615199.1677581995, -501597.19658557663 614266.6400274134, -502531.65823271 614280.8143668406, -502517.49554221146 615213.36334457))",3840
3841,,"POLYGON ((-501583.0475337518 615199.1677581995, -500648.62080488226 615184.9858479834, -500662.7562195766 614252.4793436903, -501597.19658557663 614266.6400274134, -501583.0475337518 615199.1677581995))",3841
3842,,"POLYGON ((-500648.62080488226 615184.9858479834, -499714.2153351123 615170.8176123752, -499728.3371142177 614238.3323141267, -500662.7562195766 614252.4793436903, -500648.62080488226 615184.9858479834))",3842
3843,,"POLYGON ((-499714.2153351123 615170.8176123752, -498779.83110395307 615156.6630498301, -498793.9392490098 614224.19893718, -499728.3371142177 614238.3323141267, -499714.2153351123 615170.8176123752))",3843
3844,,"POLYGON ((-498779.83110395307 615156.6630498301, -497845.4680909191 615142.5221588041, -497859.56260346493 614210.0792113086, -498793.9392490098 614224.19893718, -498779.83110395307 615156.6630498301))",3844
3845,,"POLYGON ((-497845.4680909191 615142.5221588041, -496911.1262755261 615128.3949377555, -496925.2071570986 614195.9731349733, -497859.56260346493 614210.0792113086, -497845.4680909191 615142.5221588041))",3845
3846,,"POLYGON ((-496911.1262755261 615128.3949377555, -495976.8056372921 615114.2813851438, -495990.8728894269 614181.8807066354, -496925.2071570986 614195.9731349733, -496911.1262755261 615128.3949377555))",3846
3847,,"POLYGON ((-495976.8056372921 615114.2813851438, -495042.5061557385 615100.1814994302, -495056.559779968 614167.8019247586, -495990.8728894269 614181.8807066354, -495976.8056372921 615114.2813851438))",3847
3848,,"POLYGON ((-495042.5061557385 615100.1814994302, -494108.22781038785 615086.0952790775, -494122.2678082454 614153.7367878081, -495056.559779968 614167.8019247586, -495042.5061557385 615100.1814994302))",3848
3849,,"POLYGON ((-494108.22781038785 615086.0952790775, -493173.9705807648 615072.02272255, -493187.99695378076 614139.6852942501, -494122.2678082454 614153.7367878081, -494108.22781038785 615086.0952790775))",3849
3850,,"POLYGON ((-493173.9705807648 615072.02272255, -492239.73444639775 615057.9638283137, -492253.74719610077 614125.6474425531, -493187.99695378076 614139.6852942501, -493173.9705807648 615072.02272255))",3850
3851,,"POLYGON ((-492239.73444639775 615057.9638283137, -491305.51938681526 615043.9185948361, -491319.5185147333 614111.6232311865, -492253.74719610077 614125.6474425531, -492239.73444639775 615057.9638283137))",3851
3852,,"POLYGON ((-491305.51938681526 615043.9185948361, -490371.32538154966 615029.8870205861, -490385.3108892086 614097.6126586219, -491319.5185147333 614111.6232311865, -491305.51938681526 615043.9185948361))",3852
3853,,"POLYGON ((-490371.32538154966 615029.8870205861, -489437.1524101349 615015.8691040345, -489451.12429905904 614083.615723332, -490385.3108892086 614097.6126586219, -490371.32538154966 615029.8870205861))",3853
3854,119.7440414428711,"POLYGON ((-566126.099753408 615276.7918070983, -565190.1427882635 615261.6851699834, -565205.2000678389 614327.665459216, -566141.1707595405 614342.7494519952, -566126.099753408 615276.7918070983))",3854
3855,140.11856079101562,"POLYGON ((-565190.1427882635 615261.6851699834, -564254.2085031618 615246.5922973099, -564269.2520578275 614312.5952102672, -565205.2000678389 614327.665459216, -565190.1427882635 615261.6851699834))",3855
3856,155.09820556640625,"POLYGON ((-564254.2085031618 615246.5922973099, -563318.2968774505 615231.5131874253, -563333.3267088546 614297.5387034991, -564269.2520578275 614312.5952102672, -564254.2085031618 615246.5922973099))",3856
3857,134.39964294433594,"POLYGON ((-563318.2968774505 615231.5131874253, -562382.4078904812 615216.4478386788, -562397.4240002686 614282.4959372629, -563333.3267088546 614297.5387034991, -563318.2968774505 615231.5131874253))",3857
3858,165.98411560058594,"POLYGON ((-562382.4078904812 615216.4478386788, -561446.541521607 615201.3962494214, -561461.5439114214 614267.4669099118, -562397.4240002686 614282.4959372629, -562382.4078904812 615216.4478386788))",3858
3859,221.7063751220703,"POLYGON ((-561446.541521607 615201.3962494214, -560510.6977501826 615186.3584180049, -560525.6864216668 614252.4516198006, -561461.5439114214 614267.4669099118, -561446.541521607 615201.3962494214))",3859
3860,132.83340454101562,"POLYGON ((-560510.6977501826 615186.3584180049, -559574.8765555676 615171.3343427838, -559589.8515103615 614237.4500652857, -560525.6864216668 614252.4516198006, -560510.6977501826 615186.3584180049))",3860
3861,89.09115600585938,"POLYGON ((-559574.8765555676 615171.3343427838, -558639.0779171207 615156.3240221132, -558654.0391568644 614222.4622447249, -559589.8515103615 614237.4500652857, -559574.8765555676 615171.3343427838))",3861
3862,62.74609375,"POLYGON ((-558639.0779171207 615156.3240221132, -557703.3018142066 615141.3274543503, -557718.2493405368 614207.4881564778, -558654.0391568644 614222.4622447249, -558639.0779171207 615156.3240221132))",3862
3863,67.4007797241211,"POLYGON ((-557703.3018142066 615141.3274543503, -556767.5482261903 615126.344637854, -556782.4820407426 614192.5277989057, -557718.2493405368 614207.4881564778, -557703.3018142066 615141.3274543503))",3863
3864,62.36016082763672,"POLYGON ((-556767.5482261903 615126.344637854, -555831.8171324381 615111.3755709848, -555846.7372368474 614177.5811703712, -556782.4820407426 614192.5277989057, -556767.5482261903 615126.344637854))",3864
3865,40.665767669677734,"POLYGON ((-555831.8171324381 615111.3755709848, -554896.1085123215 615096.4202521043, -554911.0149082209 614162.6482692385, -555846.7372368474 614177.5811703712, -555831.8171324381 615111.3755709848))",3865
3866,43.786495208740234,"POLYGON ((-554896.1085123215 615096.4202521043, -553960.4223452127 615081.4786795761, -553975.3150342321 614147.7290938739, -554911.0149082209 614162.6482692385, -554896.1085123215 615096.4202521043))",3866
3867,51.49020004272461,"POLYGON ((-553960.4223452127 615081.4786795761, -553024.7586104863 615066.5508517653, -553039.6375942556 614132.8236426444, -553975.3150342321 614147.7290938739, -553960.4223452127 615081.4786795761))",3867
3868,71.6970443725586,"POLYGON ((-553024.7586104863 615066.5508517653, -552089.1172875199 615051.636767039, -552103.9825676675 614117.9319139197, -553039.6375942556 614132.8236426444, -553024.7586104863 615066.5508517653))",3868
3869,94.744384765625,"POLYGON ((-552089.1172875199 615051.636767039, -551153.4983556932 615036.7364237652, -551168.349933845 614103.0539060702, -552103.9825676675 614117.9319139197, -552089.1172875199 615051.636767039))",3869
3870,143.35662841796875,"POLYGON ((-551153.4983556932 615036.7364237652, -550217.9017943882 615021.8498203137, -550232.7396721691 614088.1896174684, -551168.349933845 614103.0539060702, -551153.4983556932 615036.7364237652))",3870
3871,237.50152587890625,"POLYGON ((-550217.9017943882 615021.8498203137, -549282.3275829891 615006.9769550567, -549297.1517620226 614073.339046488, -550232.7396721691 614088.1896174684, -550217.9017943882 615021.8498203137))",3871
3872,386.9946594238281,"POLYGON ((-549282.3275829891 615006.9769550567, -548346.7757008838 614992.1178263666, -548361.5861827906 614058.5021915047, -549297.1517620226 614073.339046488, -549282.3275829891 615006.9769550567))",3872
3873,569.0198364257812,"POLYGON ((-548346.7757008838 614992.1178263666, -547411.2461274604 614977.2724326183, -547426.0429138604 614043.6790508954, -548361.5861827906 614058.5021915047, -548346.7757008838 614992.1178263666))",3873
3874,475.7887268066406,"POLYGON ((-547411.2461274604 614977.2724326183, -546475.7388421111 614962.4407721885, -546490.5219346234 614028.869623039, -547426.0429138604 614043.6790508954, -547411.2461274604 614977.2724326183))",3874
3875,358.9747619628906,"POLYGON ((-546475.7388421111 614962.4407721885, -545540.2538242296 614947.6228434547, -545555.0232244704 614014.0739063157, -546490.5219346234 614028.869623039, -546475.7388421111 614962.4407721885))",3875
3876,340.7196960449219,"POLYGON ((-545540.2538242296 614947.6228434547, -544604.791053213 614932.8186447965, -544619.546762798 613999.2918991075, -545555.0232244704 614014.0739063157, -545540.2538242296 614947.6228434547))",3876
3877,286.292236328125,"POLYGON ((-544604.791053213 614932.8186447965, -543669.350508459 614918.0281745952, -543684.0925290015 613984.5235997975, -544619.546762798 613999.2918991075, -544604.791053213 614932.8186447965))",3877
3878,94.66349792480469,"POLYGON ((-543669.350508459 614918.0281745952, -542733.93216937 614903.2514312335, -542748.6605024814 613969.7690067714, -543684.0925290015 613984.5235997975, -543669.350508459 614918.0281745952))",3878
3879,3.1493780612945557,"POLYGON ((-542733.93216937 614903.2514312335, -541798.5360153477 614888.4884130952, -541813.2506626394 613955.0281184154, -542748.6605024814 613969.7690067714, -542733.93216937 614903.2514312335))",3879
3880,,"POLYGON ((-541798.5360153477 614888.4884130952, -540863.1620257999 614873.7391185669, -540877.86298888 613940.3009331176, -541813.2506626394 613955.0281184154, -541798.5360153477 614888.4884130952))",3880
3881,,"POLYGON ((-540863.1620257999 614873.7391185669, -539927.8101801344 614859.0035460356, -539942.4974606101 613925.5874492683, -540877.86298888 613940.3009331176, -540863.1620257999 614873.7391185669))",3881
3882,,"POLYGON ((-539927.8101801344 614859.0035460356, -538992.4804577607 614844.2816938907, -539007.1540572383 613910.8876652588, -539942.4974606101 613925.5874492683, -539927.8101801344 614859.0035460356))",3882
3883,,"POLYGON ((-538992.4804577607 614844.2816938907, -538057.1728380929 614829.5735605223, -538071.8327581757 613896.2015794818, -539007.1540572383 613910.8876652588, -538992.4804577607 614844.2816938907))",3883
3884,,"POLYGON ((-538057.1728380929 614829.5735605223, -537121.8873005459 614814.8791443233, -537136.533542837 613881.5291903324, -538071.8327581757 613896.2015794818, -538057.1728380929 614829.5735605223))",3884
3885,,"POLYGON ((-537121.8873005459 614814.8791443233, -536186.6238245376 614800.1984436873, -536201.2563906374 613866.8704962065, -537136.533542837 613881.5291903324, -537121.8873005459 614814.8791443233))",3885
3886,,"POLYGON ((-536186.6238245376 614800.1984436873, -535251.3823894873 614785.5314570096, -535266.0012809952 613852.2254955017, -536201.2563906374 613866.8704962065, -536186.6238245376 614800.1984436873))",3886
3887,,"POLYGON ((-535251.3823894873 614785.5314570096, -534316.1629748185 614770.8781826874, -534330.768193332 613837.5941866179, -535266.0012809952 613852.2254955017, -535251.3823894873 614785.5314570096))",3887
3888,,"POLYGON ((-534316.1629748185 614770.8781826874, -533380.9655599551 614756.2386191193, -533395.5571070706 613822.9765679556, -534330.768193332 613837.5941866179, -534316.1629748185 614770.8781826874))",3888
3889,,"POLYGON ((-533380.9655599551 614756.2386191193, -532445.7901243244 614741.6127647054, -532460.3680016366 613808.3726379176, -533395.5571070706 613822.9765679556, -533380.9655599551 614756.2386191193))",3889
3890,,"POLYGON ((-532445.7901243244 614741.6127647054, -531510.6366473563 614727.0006178477, -531525.2008564576 613793.782394908, -532460.3680016366 613808.3726379176, -532445.7901243244 614741.6127647054))",3890
3891,,"POLYGON ((-531510.6366473563 614727.0006178477, -530575.505108482 614712.4021769493, -530590.0556509638 613779.2058373325, -531525.2008564576 613793.782394908, -531510.6366473563 614727.0006178477))",3891
3892,,"POLYGON ((-530575.505108482 614712.4021769493, -529640.3954871355 614697.8174404156, -529654.932364588 613764.6429635984, -530590.0556509638 613779.2058373325, -530575.505108482 614712.4021769493))",3892
3893,,"POLYGON ((-529640.3954871355 614697.8174404156, -528705.3077627537 614683.2464066527, -528719.8309767649 613750.0937721146, -529654.932364588 613764.6429635984, -529640.3954871355 614697.8174404156))",3893
3894,,"POLYGON ((-528705.3077627537 614683.2464066527, -527770.241914775 614668.6890740691, -527784.7514669319 613735.5582612915, -528719.8309767649 613750.0937721146, -528705.3077627537 614683.2464066527))",3894
3895,,"POLYGON ((-527770.241914775 614668.6890740691, -526835.1979226413 614654.1454410743, -526849.6938145283 613721.0364295413, -527784.7514669319 613735.5582612915, -527770.241914775 614668.6890740691))",3895
3896,,"POLYGON ((-526835.1979226413 614654.1454410743, -525900.1757657953 614639.6155060799, -525914.6579989957 613706.5282752776, -526849.6938145283 613721.0364295413, -526835.1979226413 614654.1454410743))",3896
3897,,"POLYGON ((-525900.1757657953 614639.6155060799, -524965.1754236826 614625.0992674984, -524979.6439997788 613692.0337969154, -525914.6579989957 613706.5282752776, -525900.1757657953 614639.6155060799))",3897
3898,,"POLYGON ((-524965.1754236826 614625.0992674984, -524030.19687575195 614610.5967237446, -524044.6517963242 613677.5529928721, -524979.6439997788 613692.0337969154, -524965.1754236826 614625.0992674984))",3898
3899,,"POLYGON ((-524030.19687575195 614610.5967237446, -523095.2401014529 614596.1078732344, -523109.68136807997 613663.0858615657, -524044.6517963242 613677.5529928721, -524030.19687575195 614610.5967237446))",3899
3900,,"POLYGON ((-523095.2401014529 614596.1078732344, -522160.30508023896 614581.6327143857, -522174.73269449815 613648.6324014158, -523109.68136807997 613663.0858615657, -523095.2401014529 614596.1078732344))",3900
3901,,"POLYGON ((-522160.30508023896 614581.6327143857, -521225.3917915657 614567.1712456178, -521239.80575503164 613634.1926108449, -522174.73269449815 613648.6324014158, -522160.30508023896 614581.6327143857))",3901
3902,,"POLYGON ((-521225.3917915657 614567.1712456178, -520290.50021488895 614552.723465351, -520304.9005291363 613619.7664882753, -521239.80575503164 613634.1926108449, -521225.3917915657 614567.1712456178))",3902
3903,,"POLYGON ((-520290.50021488895 614552.723465351, -519355.6303296692 614538.2893720084, -519370.0169962703 613605.3540321321, -520304.9005291363 613619.7664882753, -520290.50021488895 614552.723465351))",3903
3904,,"POLYGON ((-519355.6303296692 614538.2893720084, -518420.7821153689 614523.8689640134, -518435.1551358943 613590.9552408415, -519370.0169962703 613605.3540321321, -519355.6303296692 614538.2893720084))",3904
3905,,"POLYGON ((-518420.7821153689 614523.8689640134, -517485.955551452 614509.462239792, -517500.31492747075 613576.5701128314, -518435.1551358943 613590.9552408415, -518420.7821153689 614523.8689640134))",3905
3906,,"POLYGON ((-517485.955551452 614509.462239792, -516551.15061738493 614495.0691977713, -516565.4963504652 613562.1986465316, -517500.31492747075 613576.5701128314, -517485.955551452 614509.462239792))",3906
3907,,"POLYGON ((-516551.15061738493 614495.0691977713, -515616.3672926368 614480.6898363797, -515630.6993843443 613547.8408403726, -516565.4963504652 613562.1986465316, -516551.15061738493 614495.0691977713))",3907
3908,,"POLYGON ((-515616.3672926368 614480.6898363797, -514681.6055566786 614466.3241540479, -514695.92400857795 613533.4966927873, -515630.6993843443 613547.8408403726, -515616.3672926368 614480.6898363797))",3908
3909,,"POLYGON ((-514681.6055566786 614466.3241540479, -513746.8653889841 614451.9721492077, -513761.1702026384 613519.16620221, -514695.92400857795 613533.4966927873, -514681.6055566786 614466.3241540479))",3909
3910,,"POLYGON ((-513746.8653889841 614451.9721492077, -512812.14676902886 614437.6338202927, -512826.43794599967 613504.8493670762, -513761.1702026384 613519.16620221, -513746.8653889841 614451.9721492077))",3910
3911,,"POLYGON ((-512812.14676902886 614437.6338202927, -511877.4496762913 614423.3091657378, -511891.7272181384 613490.5461858234, -512826.43794599967 613504.8493670762, -512812.14676902886 614437.6338202927))",3911
3912,,"POLYGON ((-511877.4496762913 614423.3091657378, -510942.77409025247 614408.9981839797, -510957.037998533 613476.2566568906, -511891.7272181384 613490.5461858234, -511877.4496762913 614423.3091657378))",3912
3913,,"POLYGON ((-510942.77409025247 614408.9981839797, -510008.11999039387 614394.7008734564, -510022.37026666524 613461.9807787183, -510957.037998533 613476.2566568906, -510942.77409025247 614408.9981839797))",3913
3914,,"POLYGON ((-510008.11999039387 614394.7008734564, -509073.4873562006 614380.4172326082, -509087.7240020181 613447.7185497485, -510022.37026666524 613461.9807787183, -510008.11999039387 614394.7008734564))",3914
3915,,"POLYGON ((-509073.4873562006 614380.4172326082, -508138.8761671608 614366.1472598761, -508153.09918407747 613433.4699684249, -509087.7240020181 613447.7185497485, -509073.4873562006 614380.4172326082))",3915
3916,,"POLYGON ((-508138.8761671608 614366.1472598761, -507204.28640276357 614351.8909537032, -507218.49579233106 613419.2350331929, -508153.09918407747 613433.4699684249, -508138.8761671608 614366.1472598761))",3916
3917,,"POLYGON ((-507204.28640276357 614351.8909537032, -506269.71804250055 614337.648312534, -506283.91380626964 613405.013742499, -507218.49579233106 613419.2350331929, -507204.28640276357 614351.8909537032))",3917
3918,,"POLYGON ((-506269.71804250055 614337.648312534, -505335.17106586613 614323.4193348148, -505349.35320538585 613390.806094792, -506283.91380626964 613405.013742499, -506269.71804250055 614337.648312534))",3918
3919,,"POLYGON ((-505335.17106586613 614323.4193348148, -504400.6454523568 614309.204018993, -504414.8139691736 613376.6120885214, -505349.35320538585 613390.806094792, -505335.17106586613 614323.4193348148))",3919
3920,,"POLYGON ((-504400.6454523568 614309.204018993, -503466.1411814715 614295.002363518, -503480.29607713106 613362.431722139, -504414.8139691736 613376.6120885214, -504400.6454523568 614309.204018993))",3920
3921,,"POLYGON ((-503466.1411814715 614295.002363518, -502531.65823271 614280.8143668406, -502545.7995087572 613348.2649940981, -503480.29607713106 613362.431722139, -503466.1411814715 614295.002363518))",3921
3922,,"POLYGON ((-502531.65823271 614280.8143668406, -501597.19658557663 614266.6400274134, -501611.3242435532 613334.1119028529, -502545.7995087572 613348.2649940981, -502531.65823271 614280.8143668406))",3922
3923,,"POLYGON ((-501597.19658557663 614266.6400274134, -500662.7562195766 614252.4793436903, -500676.87026102364 613319.97244686, -501611.3242435532 613334.1119028529, -501597.19658557663 614266.6400274134))",3923
3924,,"POLYGON ((-500662.7562195766 614252.4793436903, -499728.3371142177 614238.3323141267, -499742.4375406747 613305.8466245772, -500676.87026102364 613319.97244686, -500662.7562195766 614252.4793436903))",3924
3925,,"POLYGON ((-499728.3371142177 614238.3323141267, -498793.9392490098 614224.19893718, -498808.0260620138 613291.7344344639, -499742.4375406747 613305.8466245772, -499728.3371142177 614238.3323141267))",3925
3926,,"POLYGON ((-498793.9392490098 614224.19893718, -497859.56260346493 614210.0792113086, -497873.63580455317 613277.635874981, -498808.0260620138 613291.7344344639, -498793.9392490098 614224.19893718))",3926
3927,,"POLYGON ((-497859.56260346493 614210.0792113086, -496925.2071570986 614195.9731349733, -496939.2667478048 613263.5509445909, -497873.63580455317 613277.635874981, -497859.56260346493 614210.0792113086))",3927
3928,,"POLYGON ((-496925.2071570986 614195.9731349733, -495990.8728894269 614181.8807066354, -496004.91887128423 613249.4796417583, -496939.2667478048 613263.5509445909, -496925.2071570986 614195.9731349733))",3928
3929,,"POLYGON ((-495990.8728894269 614181.8807066354, -495056.559779968 614167.8019247586, -495070.59215450904 613235.4219649482, -496004.91887128423 613249.4796417583, -495990.8728894269 614181.8807066354))",3929
3930,,"POLYGON ((-495056.559779968 614167.8019247586, -494122.2678082454 614153.7367878081, -494136.2865769989 613221.3779126282, -495070.59215450904 613235.4219649482, -495056.559779968 614167.8019247586))",3930
3931,,"POLYGON ((-494122.2678082454 614153.7367878081, -493187.99695378076 614139.6852942501, -493202.0021182756 613207.347483267, -494136.2865769989 613221.3779126282, -494122.2678082454 614153.7367878081))",3931
3932,,"POLYGON ((-493187.99695378076 614139.6852942501, -492253.74719610077 614125.6474425531, -492267.7387578632 613193.3306753351, -493202.0021182756 613207.347483267, -493187.99695378076 614139.6852942501))",3932
3933,,"POLYGON ((-492253.74719610077 614125.6474425531, -491319.5185147333 614111.6232311865, -491333.4964752889 613179.3274873045, -492267.7387578632 613193.3306753351, -492253.74719610077 614125.6474425531))",3933
3934,,"POLYGON ((-491319.5185147333 614111.6232311865, -490385.3108892086 614097.6126586219, -490399.275250081 613165.3379176486, -491333.4964752889 613179.3274873045, -491319.5185147333 614111.6232311865))",3934
3935,,"POLYGON ((-490385.3108892086 614097.6126586219, -489451.12429905904 614083.615723332, -489465.07506177016 613151.3619648425, -490399.275250081 613165.3379176486, -490385.3108892086 614097.6126586219))",3935
3936,144.1269989013672,"POLYGON ((-566141.1707595405 614342.7494519952, -565205.2000678389 614327.665459216, -565220.2345468795 613393.6452682263, -566156.2189443754 613408.7066153451, -566141.1707595405 614342.7494519952))",3936
3937,141.8629150390625,"POLYGON ((-565205.2000678389 614327.665459216, -564269.2520578275 614312.5952102672, -564284.2728327208 613378.5976443257, -565220.2345468795 613393.6452682263, -565205.2000678389 614327.665459216))",3937
3938,119.92724609375,"POLYGON ((-564269.2520578275 614312.5952102672, -563333.3267088546 614297.5387034991, -563348.3337812449 613363.563741996, -564284.2728327208 613378.5976443257, -564269.2520578275 614312.5952102672))",3938
3939,87.78873443603516,"POLYGON ((-563333.3267088546 614297.5387034991, -562397.4240002686 614282.4959372629, -562412.417371799 613348.5435595905, -563348.3337812449 613363.563741996, -563333.3267088546 614297.5387034991))",3939
3940,139.04127502441406,"POLYGON ((-562397.4240002686 614282.4959372629, -561461.5439114214 614267.4669099118, -561476.5235837332 613333.5370954653, -562412.417371799 613348.5435595905, -562397.4240002686 614282.4959372629))",3940
3941,158.6289825439453,"POLYGON ((-561461.5439114214 614267.4669099118, -560525.6864216668 614252.4516198006, -560540.6523964002 613318.5443479775, -561476.5235837332 613333.5370954653, -561461.5439114214 614267.4669099118))",3941
3942,112.54142761230469,"POLYGON ((-560525.6864216668 614252.4516198006, -559589.8515103615 614237.4500652857, -559604.8037891546 613303.5653154857, -560540.6523964002 613318.5443479775, -560525.6864216668 614252.4516198006))",3942
3943,78.33299255371094,"POLYGON ((-559589.8515103615 614237.4500652857, -558654.0391568644 614222.4622447249, -558668.9777413534 613288.5999963501, -559604.8037891546 613303.5653154857, -559589.8515103615 614237.4500652857))",3943
3944,47.983245849609375,"POLYGON ((-558654.0391568644 614222.4622447249, -557718.2493405368 614207.4881564778, -557733.1742323574 613273.648388933, -558668.9777413534 613288.5999963501, -558654.0391568644 614222.4622447249))",3944
3945,41.227046966552734,"POLYGON ((-557718.2493405368 614207.4881564778, -556782.4820407426 614192.5277989057, -556797.3932415277 613258.7104915979, -557733.1742323574 613273.648388933, -557718.2493405368 614207.4881564778))",3945
3946,45.44934844970703,"POLYGON ((-556782.4820407426 614192.5277989057, -555846.7372368474 614177.5811703712, -555861.6347482295 613243.7863027098, -556797.3932415277 613258.7104915979, -556782.4820407426 614192.5277989057))",3946
3947,37.130550384521484,"POLYGON ((-555846.7372368474 614177.5811703712, -554911.0149082209 614162.6482692385, -554925.8987318294 613228.8758206355, -555861.6347482295 613243.7863027098, -555846.7372368474 614177.5811703712))",3947
3948,36.781044006347656,"POLYGON ((-554911.0149082209 614162.6482692385, -553975.3150342321 614147.7290938739, -553990.1851716966 613213.9790437432, -554925.8987318294 613228.8758206355, -554911.0149082209 614162.6482692385))",3948
3949,47.64593505859375,"POLYGON ((-553975.3150342321 614147.7290938739, -553039.6375942556 614132.8236426444, -553054.4940472026 613199.095970403, -553990.1851716966 613213.9790437432, -553975.3150342321 614147.7290938739))",3949
3950,49.20878982543945,"POLYGON ((-553039.6375942556 614132.8236426444, -552103.9825676675 614117.9319139197, -552118.8253377227 613184.2265989864, -553054.4940472026 613199.095970403, -553039.6375942556 614132.8236426444))",3950
3951,65.07177734375,"POLYGON ((-552103.9825676675 614117.9319139197, -551168.349933845 614103.0539060702, -551183.1790226321 613169.3709278663, -552118.8253377227 613184.2265989864, -552103.9825676675 614117.9319139197))",3951
3952,86.42555236816406,"POLYGON ((-551168.349933845 614103.0539060702, -550232.7396721691 614088.1896174684, -550247.5550813104 613154.5289554177, -551183.1790226321 613169.3709278663, -551168.349933845 614103.0539060702))",3952
3953,192.59054565429688,"POLYGON ((-550232.7396721691 614088.1896174684, -549297.1517620226 614073.339046488, -549311.9534931388 613139.7006800168, -550247.5550813104 613154.5289554177, -550232.7396721691 614088.1896174684))",3953
3954,369.3252868652344,"POLYGON ((-549297.1517620226 614073.339046488, -548361.5861827906 614058.5021915047, -548376.3742375011 613124.8861000413, -549311.9534931388 613139.7006800168, -549297.1517620226 614073.339046488))",3954
3955,502.5600891113281,"POLYGON ((-548361.5861827906 614058.5021915047, -547426.0429138604 614043.6790508954, -547440.8172937831 613110.0852138709, -548376.3742375011 613124.8861000413, -548361.5861827906 614058.5021915047))",3955
3956,392.1213684082031,"POLYGON ((-547426.0429138604 614043.6790508954, -546490.5219346234 614028.869623039, -546505.2826413736 613095.2980198866, -547440.8172937831 613110.0852138709, -547426.0429138604 614043.6790508954))",3956
3957,186.3751983642578,"POLYGON ((-546490.5219346234 614028.869623039, -545555.0232244704 614014.0739063157, -545569.770259663 613080.5245164712, -546505.2826413736 613095.2980198866, -546490.5219346234 614028.869623039))",3957
3958,47.450279235839844,"POLYGON ((-545555.0232244704 614014.0739063157, -544619.546762798 613999.2918991075, -544634.2801280447 613065.7647020087, -545569.770259663 613080.5245164712, -545555.0232244704 614014.0739063157))",3958
3959,,"POLYGON ((-544619.546762798 613999.2918991075, -543684.0925290015 613984.5235997975, -543698.8122259146 613051.0185748851, -544634.2801280447 613065.7647020087, -544619.546762798 613999.2918991075))",3959
3960,,"POLYGON ((-543684.0925290015 613984.5235997975, -542748.6605024814 613969.7690067714, -542763.3665326701 613036.2861334879, -543698.8122259146 613051.0185748851, -543684.0925290015 613984.5235997975))",3960
3961,,"POLYGON ((-542748.6605024814 613969.7690067714, -541813.2506626394 613955.0281184154, -541827.9430277116 613021.5673762059, -542763.3665326701 613036.2861334879, -542748.6605024814 613969.7690067714))",3961
3962,,"POLYGON ((-541813.2506626394 613955.0281184154, -540877.86298888 613940.3009331176, -540892.5416904425 613006.86230143, -541827.9430277116 613021.5673762059, -541813.2506626394 613955.0281184154))",3962
3963,,"POLYGON ((-540877.86298888 613940.3009331176, -539942.4974606101 613925.5874492683, -539957.1625002671 612992.1709075521, -540892.5416904425 613006.86230143, -540877.86298888 613940.3009331176))",3963
3964,,"POLYGON ((-539942.4974606101 613925.5874492683, -539007.1540572383 613910.8876652588, -539021.8054365934 612977.4931929663, -539957.1625002671 612992.1709075521, -539942.4974606101 613925.5874492683))",3964
3965,,"POLYGON ((-539007.1540572383 613910.8876652588, -538071.8327581757 613896.2015794818, -538086.4704788307 612962.8291560678, -539021.8054365934 612977.4931929663, -539007.1540572383 613910.8876652588))",3965
3966,,"POLYGON ((-538071.8327581757 613896.2015794818, -537136.533542837 613881.5291903324, -537151.1576063918 612948.1787952536, -538086.4704788307 612962.8291560678, -538071.8327581757 613896.2015794818))",3966
3967,,"POLYGON ((-537136.533542837 613881.5291903324, -536201.2563906374 613866.8704962065, -536215.8667986905 612933.542108922, -537151.1576063918 612948.1787952536, -537136.533542837 613881.5291903324))",3967
3968,,"POLYGON ((-536201.2563906374 613866.8704962065, -535266.0012809952 613852.2254955017, -535280.5980351437 612918.9190954735, -536215.8667986905 612933.542108922, -536201.2563906374 613866.8704962065))",3968
3969,,"POLYGON ((-535266.0012809952 613852.2254955017, -534330.768193332 613837.5941866179, -534345.3512951711 612904.3097533099, -535280.5980351437 612918.9190954735, -535266.0012809952 613852.2254955017))",3969
3970,,"POLYGON ((-534330.768193332 613837.5941866179, -533395.5571070706 613822.9765679556, -533410.1265581945 612889.7140808341, -534345.3512951711 612904.3097533099, -534330.768193332 613837.5941866179))",3970
3971,,"POLYGON ((-533395.5571070706 613822.9765679556, -532460.3680016366 613808.3726379176, -532474.9238036367 612875.1320764511, -533410.1265581945 612889.7140808341, -533395.5571070706 613822.9765679556))",3971
3972,,"POLYGON ((-532460.3680016366 613808.3726379176, -531525.2008564576 613793.782394908, -531539.7430109249 612860.5637385676, -532474.9238036367 612875.1320764511, -532460.3680016366 613808.3726379176))",3972
3973,,"POLYGON ((-531525.2008564576 613793.782394908, -530590.0556509638 613779.2058373325, -530604.584159487 612846.0090655914, -531539.7430109249 612860.5637385676, -531525.2008564576 613793.782394908))",3973
3974,,"POLYGON ((-530590.0556509638 613779.2058373325, -529654.932364588 613764.6429635984, -529669.4472287552 612831.4680559324, -530604.584159487 612846.0090655914, -530590.0556509638 613779.2058373325))",3974
3975,,"POLYGON ((-529654.932364588 613764.6429635984, -528719.8309767649 613750.0937721146, -528734.3321981616 612816.9407080017, -529669.4472287552 612831.4680559324, -529654.932364588 613764.6429635984))",3975
3976,,"POLYGON ((-528719.8309767649 613750.0937721146, -527784.7514669319 613735.5582612915, -527799.2390471422 612802.4270202122, -528734.3321981616 612816.9407080017, -528719.8309767649 613750.0937721146))",3976
3977,,"POLYGON ((-527784.7514669319 613735.5582612915, -526849.6938145283 613721.0364295413, -526864.167755135 612787.926990978, -527799.2390471422 612802.4270202122, -527784.7514669319 613735.5582612915))",3977
3978,,"POLYGON ((-526849.6938145283 613721.0364295413, -525914.6579989957 613706.5282752776, -525929.1183015796 612773.4406187152, -526864.167755135 612787.926990978, -526849.6938145283 613721.0364295413))",3978
3979,,"POLYGON ((-525914.6579989957 613706.5282752776, -524979.6439997788 613692.0337969154, -524994.0906659202 612758.9679018415, -525929.1183015796 612773.4406187152, -525914.6579989957 613706.5282752776))",3979
3980,,"POLYGON ((-524979.6439997788 613692.0337969154, -524044.6517963242 613677.5529928721, -524059.0848276004 612744.508838776, -524994.0906659202 612758.9679018415, -524979.6439997788 613692.0337969154))",3980
3981,,"POLYGON ((-524044.6517963242 613677.5529928721, -523109.68136807997 613663.0858615657, -523124.1007660674 612730.0634279394, -524059.0848276004 612744.508838776, -524044.6517963242 613677.5529928721))",3981
3982,,"POLYGON ((-523109.68136807997 613663.0858615657, -522174.73269449815 613648.6324014158, -522189.13846077153 612715.6316677539, -523124.1007660674 612730.0634279394, -523109.68136807997 613663.0858615657))",3982
3983,,"POLYGON ((-522174.73269449815 613648.6324014158, -521239.80575503164 613634.1926108449, -521254.19789116445 612701.2135566436, -522189.13846077153 612715.6316677539, -522174.73269449815 613648.6324014158))",3983
3984,,"POLYGON ((-521239.80575503164 613634.1926108449, -520304.9005291363 613619.7664882753, -520319.2790367 612686.8090930335, -521254.19789116445 612701.2135566436, -521239.80575503164 613634.1926108449))",3984
3985,,"POLYGON ((-520304.9005291363 613619.7664882753, -519370.0169962703 613605.3540321321, -519384.38187683537 612672.4182753513, -520319.2790367 612686.8090930335, -520304.9005291363 613619.7664882753))",3985
3986,,"POLYGON ((-519370.0169962703 613605.3540321321, -518435.1551358943 613590.9552408415, -518449.5063910285 612658.041102025, -519384.38187683537 612672.4182753513, -519370.0169962703 613605.3540321321))",3986
3987,,"POLYGON ((-518435.1551358943 613590.9552408415, -517500.31492747075 613576.5701128314, -517514.6525587415 612643.677571485, -518449.5063910285 612658.041102025, -518435.1551358943 613590.9552408415))",3987
3988,,"POLYGON ((-517500.31492747075 613576.5701128314, -516565.4963504652 613562.1986465316, -516579.8203594376 612629.3276821633, -517514.6525587415 612643.677571485, -517500.31492747075 613576.5701128314))",3988
3989,,"POLYGON ((-516565.4963504652 613562.1986465316, -515630.6993843443 613547.8408403726, -515645.00977258245 612614.991432493, -516579.8203594376 612629.3276821633, -516565.4963504652 613562.1986465316))",3989
3990,,"POLYGON ((-515630.6993843443 613547.8408403726, -514695.92400857795 613533.4966927873, -514710.2207776435 612600.668820909, -515645.00977258245 612614.991432493, -515630.6993843443 613547.8408403726))",3990
3991,,"POLYGON ((-514695.92400857795 613533.4966927873, -513761.1702026384 613519.16620221, -513775.45335409243 612586.359845848, -514710.2207776435 612600.668820909, -514695.92400857795 613533.4966927873))",3991
3992,,"POLYGON ((-513761.1702026384 613519.16620221, -512826.43794599967 613504.8493670762, -512840.7074814014 612572.0645057479, -513775.45335409243 612586.359845848, -513761.1702026384 613519.16620221))",3992
3993,,"POLYGON ((-512826.43794599967 613504.8493670762, -511891.7272181384 613490.5461858234, -511905.9831390444 612557.7827990482, -512840.7074814014 612572.0645057479, -512826.43794599967 613504.8493670762))",3993
3994,,"POLYGON ((-511891.7272181384 613490.5461858234, -510957.037998533 613476.2566568906, -510971.2803064999 612543.5147241906, -511905.9831390444 612557.7827990482, -511891.7272181384 613490.5461858234))",3994
3995,,"POLYGON ((-510957.037998533 613476.2566568906, -510022.37026666524 613461.9807787183, -510036.5989632468 612529.2602796174, -510971.2803064999 612543.5147241906, -510957.037998533 613476.2566568906))",3995
3996,,"POLYGON ((-510022.37026666524 613461.9807787183, -509087.7240020181 613447.7185497485, -509101.9390887674 612515.0194637732, -510036.5989632468 612529.2602796174, -510022.37026666524 613461.9807787183))",3996
3997,,"POLYGON ((-509087.7240020181 613447.7185497485, -508153.09918407747 613433.4699684249, -508167.30066254584 612500.792275104, -509101.9390887674 612515.0194637732, -509087.7240020181 613447.7185497485))",3997
3998,,"POLYGON ((-508153.09918407747 613433.4699684249, -507218.49579233106 613419.2350331929, -507232.683664068 612486.5787120573, -508167.30066254584 612500.792275104, -508153.09918407747 613433.4699684249))",3998
3999,,"POLYGON ((-507218.49579233106 613419.2350331929, -506283.91380626964 613405.013742499, -506298.0880728231 612472.3787730822, -507232.683664068 612486.5787120573, -507218.49579233106 613419.2350331929))",3999
4000,,"POLYGON ((-506283.91380626964 613405.013742499, -505349.35320538585 613390.806094792, -505363.5138683019 612458.192456629, -506298.0880728231 612472.3787730822, -506283.91380626964 613405.013742499))",4000
4001,,"POLYGON ((-505349.35320538585 613390.806094792, -504414.8139691736 613376.6120885214, -504428.9610299979 612444.0197611505, -505363.5138683019 612458.192456629, -505349.35320538585 613390.806094792))",4001
4002,,"POLYGON ((-504414.8139691736 613376.6120885214, -503480.29607713106 613362.431722139, -503494.429537407 612429.8606851003, -504428.9610299979 612444.0197611505, -504414.8139691736 613376.6120885214))",4002
4003,,"POLYGON ((-503480.29607713106 613362.431722139, -502545.7995087572 613348.2649940981, -502559.91937002586 612415.7152269336, -503494.429537407 612429.8606851003, -503480.29607713106 613362.431722139))",4003
4004,,"POLYGON ((-502545.7995087572 613348.2649940981, -501611.3242435532 613334.1119028529, -501625.4305073548 612401.5833851077, -502559.91937002586 612415.7152269336, -502545.7995087572 613348.2649940981))",4004
4005,,"POLYGON ((-501611.3242435532 613334.1119028529, -500676.87026102364 613319.97244686, -500690.96292889724 612387.4651580808, -501625.4305073548 612401.5833851077, -501611.3242435532 613334.1119028529))",4005
4006,,"POLYGON ((-500676.87026102364 613319.97244686, -499742.4375406747 613305.8466245772, -499756.51661415666 612373.3605443129, -500690.96292889724 612387.4651580808, -500676.87026102364 613319.97244686))",4006
4007,,"POLYGON ((-499742.4375406747 613305.8466245772, -498808.0260620138 613291.7344344639, -498822.0915426408 612359.269542266, -499756.51661415666 612373.3605443129, -499742.4375406747 613305.8466245772))",4007
4008,,"POLYGON ((-498808.0260620138 613291.7344344639, -497873.63580455317 613277.635874981, -497887.6876938583 612345.1921504034, -498822.0915426408 612359.269542266, -498808.0260620138 613291.7344344639))",4008
4009,,"POLYGON ((-497873.63580455317 613277.635874981, -496939.2667478048 613263.5509445909, -496953.30504732055 612331.1283671896, -497887.6876938583 612345.1921504034, -497873.63580455317 613277.635874981))",4009
4010,,"POLYGON ((-496939.2667478048 613263.5509445909, -496004.91887128423 613249.4796417583, -496018.9435825412 612317.078191091, -496953.30504732055 612331.1283671896, -496939.2667478048 613263.5509445909))",4010
4011,,"POLYGON ((-496004.91887128423 613249.4796417583, -495070.59215450904 613235.4219649482, -495084.6032790367 612303.0416205755, -496018.9435825412 612317.078191091, -496004.91887128423 613249.4796417583))",4011
4012,,"POLYGON ((-495070.59215450904 613235.4219649482, -494136.2865769989 613221.3779126282, -494150.2841163246 612289.0186541127, -495084.6032790367 612303.0416205755, -495070.59215450904 613235.4219649482))",4012
4013,,"POLYGON ((-494136.2865769989 613221.3779126282, -493202.0021182756 613207.347483267, -493215.9860739255 612275.0092901738, -494150.2841163246 612289.0186541127, -494136.2865769989 613221.3779126282))",4013
4014,,"POLYGON ((-493202.0021182756 613207.347483267, -492267.7387578632 613193.3306753351, -492281.70913136273 612261.0135272313, -493215.9860739255 612275.0092901738, -493202.0021182756 613207.347483267))",4014
4015,,"POLYGON ((-492267.7387578632 613193.3306753351, -491333.4964752889 613179.3274873045, -491347.4532681599 612247.0313637594, -492281.70913136273 612261.0135272313, -492267.7387578632 613193.3306753351))",4015
4016,,"POLYGON ((-491333.4964752889 613179.3274873045, -490399.275250081 613165.3379176486, -490413.2184638453 612233.0627982338, -491347.4532681599 612247.0313637594, -491333.4964752889 613179.3274873045))",4016
4017,,"POLYGON ((-490399.275250081 613165.3379176486, -489465.07506177016 613151.3619648425, -489479.00469794765 612219.107829132, -490413.2184638453 612233.0627982338, -490399.275250081 613165.3379176486))",4017
4018,120.70697784423828,"POLYGON ((-566156.2189443754 613408.7066153451, -565220.2345468795 613393.6452682263, -565235.2462250325 612459.6245977342, -566171.2443075574 612474.6632978698, -566156.2189443754 613408.7066153451))",4018
4019,141.8848876953125,"POLYGON ((-565220.2345468795 613393.6452682263, -564284.2728327208 613378.5976443257, -564299.2708274883 612444.5996002032, -565235.2462250325 612459.6245977342, -565220.2345468795 613393.6452682263))",4019
4020,76.82633209228516,"POLYGON ((-564284.2728327208 613378.5976443257, -563348.3337812449 613363.563741996, -563363.3180942687 612429.5883036315, -564299.2708274883 612444.5996002032, -564284.2728327208 613378.5976443257))",4020
4021,73.50188446044922,"POLYGON ((-563348.3337812449 613363.563741996, -562412.417371799 613348.5435595905, -562427.3880047197 612414.5907063758, -563363.3180942687 612429.5883036315, -563348.3337812449 613363.563741996))",4021
4022,100.05333709716797,"POLYGON ((-562412.417371799 613348.5435595905, -561476.5235837332 613333.5370954653, -561491.4805381908 612399.6068067941, -562427.3880047197 612414.5907063758, -562412.417371799 613348.5435595905))",4022
4023,74.3046875,"POLYGON ((-561476.5235837332 613333.5370954653, -560540.6523964002 613318.5443479775, -560555.5956740307 612384.6366032456, -561491.4805381908 612399.6068067941, -561476.5235837332 613333.5370954653))",4023
4024,70.02325439453125,"POLYGON ((-560540.6523964002 613318.5443479775, -559604.8037891546 613303.5653154857, -559619.7333915946 612369.6800940918, -560555.5956740307 612384.6366032456, -560540.6523964002 613318.5443479775))",4024
4025,74.9908218383789,"POLYGON ((-559604.8037891546 613303.5653154857, -558668.9777413534 613288.5999963501, -558683.8936702376 612354.7372776952, -559619.7333915946 612369.6800940918, -559604.8037891546 613303.5653154857))",4025
4026,56.8877067565918,"POLYGON ((-558668.9777413534 613288.5999963501, -557733.1742323574 613273.648388933, -557748.0764893177 612339.8081524204, -558683.8936702376 612354.7372776952, -558668.9777413534 613288.5999963501))",4026
4027,34.203407287597656,"POLYGON ((-557733.1742323574 613273.648388933, -556797.3932415277 613258.7104915979, -556812.2818281956 612324.892716633, -557748.0764893177 612339.8081524204, -557733.1742323574 613273.648388933))",4027
4028,32.34327697753906,"POLYGON ((-556797.3932415277 613258.7104915979, -555861.6347482295 613243.7863027098, -555876.509666234 612309.9909687012, -556812.2818281956 612324.892716633, -556797.3932415277 613258.7104915979))",4028
4029,31.969867706298828,"POLYGON ((-555861.6347482295 613243.7863027098, -554925.8987318294 613228.8758206355, -554940.7599827987 612295.1029069932, -555876.509666234 612309.9909687012, -555861.6347482295 613243.7863027098))",4029
4030,33.79835510253906,"POLYGON ((-554925.8987318294 613228.8758206355, -553990.1851716966 613213.9790437432, -554005.0327572564 612280.2285298805, -554940.7599827987 612295.1029069932, -554925.8987318294 613228.8758206355))",4030
4031,55.096431732177734,"POLYGON ((-553990.1851716966 613213.9790437432, -553054.4940472026 613199.095970403, -553069.3279689788 612265.3678357352, -554005.0327572564 612280.2285298805, -553990.1851716966 613213.9790437432))",4031
4032,82.84246826171875,"POLYGON ((-553054.4940472026 613199.095970403, -552118.8253377227 613184.2265989864, -552133.6455973373 612250.5208229311, -553069.3279689788 612265.3678357352, -553054.4940472026 613199.095970403))",4032
4033,80.42693328857422,"POLYGON ((-552118.8253377227 613184.2265989864, -551183.1790226321 613169.3709278663, -551197.9856217066 612235.6874898435, -552133.6455973373 612250.5208229311, -552118.8253377227 613184.2265989864))",4033
4034,68.24951171875,"POLYGON ((-551183.1790226321 613169.3709278663, -550247.5550813104 613154.5289554177, -550262.3480214651 612220.8678348501, -551197.9856217066 612235.6874898435, -551183.1790226321 613169.3709278663))",4034
4035,113.60197448730469,"POLYGON ((-550247.5550813104 613154.5289554177, -549311.9534931388 613139.7006800168, -549326.7327759922 612206.061856329, -550262.3480214651 612220.8678348501, -550247.5550813104 613154.5289554177))",4035
4036,258.14996337890625,"POLYGON ((-549311.9534931388 613139.7006800168, -548376.3742375011 613124.8861000413, -548391.1398646693 612191.2695526608, -549326.7327759922 612206.061856329, -549311.9534931388 613139.7006800168))",4036
4037,386.47711181640625,"POLYGON ((-548376.3742375011 613124.8861000413, -547440.8172937831 613110.0852138709, -547455.5692668817 612176.4909222272, -548391.1398646693 612191.2695526608, -548376.3742375011 613124.8861000413))",4037
4038,306.0604248046875,"POLYGON ((-547440.8172937831 613110.0852138709, -546505.2826413736 613095.2980198866, -546520.020962016 612161.7259634119, -547455.5692668817 612176.4909222272, -547440.8172937831 613110.0852138709))",4038
4039,5.239912033081055,"POLYGON ((-546505.2826413736 613095.2980198866, -545569.770259663 613080.5245164712, -545584.4949294609 612146.9746745996, -546520.020962016 612161.7259634119, -546505.2826413736 613095.2980198866))",4039
4040,,"POLYGON ((-545569.770259663 613080.5245164712, -544634.2801280447 613065.7647020087, -544648.9911486093 612132.2370541771, -545584.4949294609 612146.9746745996, -545569.770259663 613080.5245164712))",4040
4041,,"POLYGON ((-544634.2801280447 613065.7647020087, -543698.8122259146 613051.0185748851, -543713.5095988538 612117.5131005325, -544648.9911486093 612132.2370541771, -544634.2801280447 613065.7647020087))",4041
4042,,"POLYGON ((-543698.8122259146 613051.0185748851, -542763.3665326701 613036.2861334879, -542778.0502595917 612102.8028120559, -543713.5095988538 612117.5131005325, -543698.8122259146 613051.0185748851))",4042
4043,,"POLYGON ((-542763.3665326701 613036.2861334879, -541827.9430277116 613021.5673762059, -541842.6131102209 612088.1061871384, -542778.0502595917 612102.8028120559, -542763.3665326701 613036.2861334879))",4043
4044,,"POLYGON ((-541827.9430277116 613021.5673762059, -540892.5416904425 613006.86230143, -540907.1981301437 612073.4232241729, -541842.6131102209 612088.1061871384, -541827.9430277116 613021.5673762059))",4044
4045,,"POLYGON ((-540892.5416904425 613006.86230143, -539957.1625002671 612992.1709075521, -539971.8052987631 612058.7539215543, -540907.1981301437 612073.4232241729, -540892.5416904425 613006.86230143))",4045
4046,,"POLYGON ((-539957.1625002671 612992.1709075521, -539021.8054365934 612977.4931929663, -539036.4345954844 612044.0982776786, -539971.8052987631 612058.7539215543, -539957.1625002671 612992.1709075521))",4046
4047,,"POLYGON ((-539021.8054365934 612977.4931929663, -538086.4704788307 612962.8291560678, -538101.0859997162 612029.4562909433, -539036.4345954844 612044.0982776786, -539021.8054365934 612977.4931929663))",4047
4048,,"POLYGON ((-538086.4704788307 612962.8291560678, -537151.1576063918 612948.1787952536, -537165.7594908695 612014.8279597482, -538101.0859997162 612029.4562909433, -538086.4704788307 612962.8291560678))",4048
4049,,"POLYGON ((-537151.1576063918 612948.1787952536, -536215.8667986905 612933.542108922, -536230.4550483563 612000.2132824938, -537165.7594908695 612014.8279597482, -537151.1576063918 612948.1787952536))",4049
4050,,"POLYGON ((-536215.8667986905 612933.542108922, -535280.5980351437 612918.9190954735, -535295.1726515926 611985.6122575825, -536230.4550483563 612000.2132824938, -536215.8667986905 612933.542108922))",4050
4051,,"POLYGON ((-535280.5980351437 612918.9190954735, -534345.3512951711 612904.3097533099, -534359.9122799964 611971.0248834188, -535295.1726515926 611985.6122575825, -535280.5980351437 612918.9190954735))",4051
4052,,"POLYGON ((-534345.3512951711 612904.3097533099, -533410.1265581945 612889.7140808341, -533424.6739129863 611956.451158408, -534359.9122799964 611971.0248834188, -534345.3512951711 612904.3097533099))",4052
4053,,"POLYGON ((-533410.1265581945 612889.7140808341, -532474.9238036367 612875.1320764511, -532489.4575299862 611941.8910809576, -533424.6739129863 611956.451158408, -533410.1265581945 612889.7140808341))",4053
4054,,"POLYGON ((-532474.9238036367 612875.1320764511, -531539.7430109249 612860.5637385676, -531554.2631104196 611927.3446494762, -532489.4575299862 611941.8910809576, -532474.9238036367 612875.1320764511))",4054
4055,,"POLYGON ((-531539.7430109249 612860.5637385676, -530604.584159487 612846.0090655914, -530619.0906337141 611912.8118623742, -531554.2631104196 611927.3446494762, -531539.7430109249 612860.5637385676))",4055
4056,,"POLYGON ((-530604.584159487 612846.0090655914, -529669.4472287552 612831.4680559324, -529683.940079299 611898.2927180637, -530619.0906337141 611912.8118623742, -530604.584159487 612846.0090655914))",4056
4057,,"POLYGON ((-529669.4472287552 612831.4680559324, -528734.3321981616 612816.9407080017, -528748.8114266061 611883.7872149582, -529683.940079299 611898.2927180637, -529669.4472287552 612831.4680559324))",4057
4058,,"POLYGON ((-528734.3321981616 612816.9407080017, -527799.2390471422 612802.4270202122, -527813.7046550688 611869.2953514729, -528748.8114266061 611883.7872149582, -528734.3321981616 612816.9407080017))",4058
4059,,"POLYGON ((-527799.2390471422 612802.4270202122, -526864.167755135 612787.926990978, -526878.6197441245 611854.8171260245, -527813.7046550688 611869.2953514729, -527799.2390471422 612802.4270202122))",4059
4060,,"POLYGON ((-526864.167755135 612787.926990978, -525929.1183015796 612773.4406187152, -525943.5566732113 611840.352537031, -526878.6197441245 611854.8171260245, -526864.167755135 612787.926990978))",4060
4061,,"POLYGON ((-525929.1183015796 612773.4406187152, -524994.0906659202 612758.9679018415, -525008.51542177 611825.9015829128, -525943.5566732113 611840.352537031, -525929.1183015796 612773.4406187152))",4061
4062,,"POLYGON ((-524994.0906659202 612758.9679018415, -524059.0848276004 612744.508838776, -524073.4959692446 611811.4642620911, -525008.51542177 611825.9015829128, -524994.0906659202 612758.9679018415))",4062
4063,,"POLYGON ((-524059.0848276004 612744.508838776, -523124.1007660674 612730.0634279394, -523138.49829508015 611797.0405729888, -524073.4959692446 611811.4642620911, -524059.0848276004 612744.508838776))",4063
4064,,"POLYGON ((-523124.1007660674 612730.0634279394, -522189.13846077153 612715.6316677539, -522203.52237872523 611782.6305140306, -523138.49829508015 611797.0405729888, -523124.1007660674 612730.0634279394))",4064
4065,,"POLYGON ((-522189.13846077153 612715.6316677539, -521254.19789116445 612701.2135566436, -521268.56819962943 611768.2340836428, -522203.52237872523 611782.6305140306, -522189.13846077153 612715.6316677539))",4065
4066,,"POLYGON ((-521254.19789116445 612701.2135566436, -520319.2790367 612686.8090930335, -520333.63573724625 611753.8512802531, -521268.56819962943 611768.2340836428, -521254.19789116445 612701.2135566436))",4066
4067,,"POLYGON ((-520319.2790367 612686.8090930335, -519384.38187683537 612672.4182753513, -519398.7249710304 611739.482102291, -520333.63573724625 611753.8512802531, -520319.2790367 612686.8090930335))",4067
4068,,"POLYGON ((-519384.38187683537 612672.4182753513, -518449.5063910285 612658.041102025, -518463.8358804388 611725.1265481871, -519398.7249710304 611739.482102291, -519384.38187683537 612672.4182753513))",4068
4069,,"POLYGON ((-518449.5063910285 612658.041102025, -517514.6525587415 612643.677571485, -517528.9684449318 611710.7846163741, -518463.8358804388 611725.1265481871, -518449.5063910285 612658.041102025))",4069
4070,,"POLYGON ((-517514.6525587415 612643.677571485, -516579.8203594376 612629.3276821633, -516594.12264396995 611696.4563052859, -517528.9684449318 611710.7846163741, -517514.6525587415 612643.677571485))",4070
4071,,"POLYGON ((-516579.8203594376 612629.3276821633, -515645.00977258245 612614.991432493, -515659.2984570187 611682.1416133585, -516594.12264396995 611696.4563052859, -516579.8203594376 612629.3276821633))",4071
4072,,"POLYGON ((-515645.00977258245 612614.991432493, -514710.2207776435 612600.668820909, -514724.49586354406 611667.8405390289, -515659.2984570187 611682.1416133585, -515645.00977258245 612614.991432493))",4072
4073,,"POLYGON ((-514710.2207776435 612600.668820909, -513775.45335409243 612586.359845848, -513789.7148430147 611653.5530807356, -514724.49586354406 611667.8405390289, -514710.2207776435 612600.668820909))",4073
4074,,"POLYGON ((-513775.45335409243 612586.359845848, -512840.7074814014 612572.0645057479, -512854.95537490223 611639.2792369195, -513789.7148430147 611653.5530807356, -513775.45335409243 612586.359845848))",4074
4075,,"POLYGON ((-512840.7074814014 612572.0645057479, -511905.9831390444 612557.7827990482, -511920.21743867954 611625.0190060221, -512854.95537490223 611639.2792369195, -512840.7074814014 612572.0645057479))",4075
4076,,"POLYGON ((-511905.9831390444 612557.7827990482, -510971.2803064999 612543.5147241906, -510985.50101382274 611610.7723864873, -511920.21743867954 611625.0190060221, -511905.9831390444 612557.7827990482))",4076
4077,,"POLYGON ((-510971.2803064999 612543.5147241906, -510036.5989632468 612529.2602796174, -510050.8060798093 611596.5393767599, -510985.50101382274 611610.7723864873, -510971.2803064999 612543.5147241906))",4077
4078,,"POLYGON ((-510036.5989632468 612529.2602796174, -509101.9390887674 612515.0194637732, -509116.13261612004 611582.3199752867, -510050.8060798093 611596.5393767599, -510036.5989632468 612529.2602796174))",4078
4079,,"POLYGON ((-509101.9390887674 612515.0194637732, -508167.30066254584 612500.792275104, -508181.48060223716 611568.1141805156, -509116.13261612004 611582.3199752867, -509101.9390887674 612515.0194637732))",4079
4080,,"POLYGON ((-508167.30066254584 612500.792275104, -507232.683664068 612486.5787120573, -507246.85001764575 611553.9219908969, -508181.48060223716 611568.1141805156, -508167.30066254584 612500.792275104))",4080
4081,,"POLYGON ((-507232.683664068 612486.5787120573, -506298.0880728231 612472.3787730822, -506312.2408418328 611539.743404882, -507246.85001764575 611553.9219908969, -507232.683664068 612486.5787120573))",4081
4082,,"POLYGON ((-506298.0880728231 612472.3787730822, -505363.5138683019 612458.192456629, -505377.6530542879 611525.5784209232, -506312.2408418328 611539.743404882, -506298.0880728231 612472.3787730822))",4082
4083,,"POLYGON ((-505363.5138683019 612458.192456629, -504428.9610299979 612444.0197611505, -504443.08663450263 611511.4270374755, -505377.6530542879 611525.5784209232, -505363.5138683019 612458.192456629))",4083
4084,,"POLYGON ((-504428.9610299979 612444.0197611505, -503494.429537407 612429.8606851003, -503508.5415619713 611497.2892529949, -504443.08663450263 611511.4270374755, -504428.9610299979 612444.0197611505))",4084
4085,,"POLYGON ((-503494.429537407 612429.8606851003, -502559.91937002586 612415.7152269336, -502574.0178161897 611483.1650659391, -503508.5415619713 611497.2892529949, -503494.429537407 612429.8606851003))",4085
4086,,"POLYGON ((-502559.91937002586 612415.7152269336, -501625.4305073548 612401.5833851077, -501639.5153766561 611469.0544747672, -502574.0178161897 611483.1650659391, -502559.91937002586 612415.7152269336))",4086
4087,,"POLYGON ((-501625.4305073548 612401.5833851077, -500690.96292889724 612387.4651580808, -500705.0342228719 611454.9574779399, -501639.5153766561 611469.0544747672, -501625.4305073548 612401.5833851077))",4087
4088,,"POLYGON ((-500690.96292889724 612387.4651580808, -499756.51661415666 612373.3605443129, -499770.5743343398 611440.8740739198, -500705.0342228719 611454.9574779399, -500690.96292889724 612387.4651580808))",4088
4089,,"POLYGON ((-499756.51661415666 612373.3605443129, -498822.0915426408 612359.269542266, -498836.13569056557 611426.8042611707, -499770.5743343398 611440.8740739198, -499756.51661415666 612373.3605443129))",4089
4090,,"POLYGON ((-498822.0915426408 612359.269542266, -497887.6876938583 612345.1921504034, -497901.71827105584 611412.748038158, -498836.13569056557 611426.8042611707, -498822.0915426408 612359.269542266))",4090
4091,,"POLYGON ((-497887.6876938583 612345.1921504034, -496953.30504732055 612331.1283671896, -496967.3220553213 611398.7054033488, -497901.71827105584 611412.748038158, -497887.6876938583 612345.1921504034))",4091
4092,,"POLYGON ((-496953.30504732055 612331.1283671896, -496018.9435825412 612317.078191091, -496032.9470228744 611384.6763552119, -496967.3220553213 611398.7054033488, -496953.30504732055 612331.1283671896))",4092
4093,,"POLYGON ((-496018.9435825412 612317.078191091, -495084.6032790367 612303.0416205755, -495098.59315322805 611370.6608922173, -496032.9470228744 611384.6763552119, -496018.9435825412 612317.078191091))",4093
4094,,"POLYGON ((-495084.6032790367 612303.0416205755, -494150.2841163246 612289.0186541127, -494164.26042590046 611356.6590128368, -495098.59315322805 611370.6608922173, -495084.6032790367 612303.0416205755))",4094
4095,,"POLYGON ((-494150.2841163246 612289.0186541127, -493215.9860739255 612275.0092901738, -493229.9488204095 611342.6707155434, -494164.26042590046 611356.6590128368, -494150.2841163246 612289.0186541127))",4095
4096,,"POLYGON ((-493215.9860739255 612275.0092901738, -492281.70913136273 612261.0135272313, -492295.65831627627 611328.6959988127, -493229.9488204095 611342.6707155434, -493215.9860739255 612275.0092901738))",4096
4097,,"POLYGON ((-492281.70913136273 612261.0135272313, -491347.4532681599 612247.0313637594, -491361.38889302476 611314.7348611207, -492295.65831627627 611328.6959988127, -492281.70913136273 612261.0135272313))",4097
4098,,"POLYGON ((-491347.4532681599 612247.0313637594, -490413.2184638453 612233.0627982338, -490427.14053018007 611300.7873009451, -491361.38889302476 611314.7348611207, -491347.4532681599 612247.0313637594))",4098
4099,,"POLYGON ((-490413.2184638453 612233.0627982338, -489479.00469794765 612219.107829132, -489492.91320727 611286.853316766, -490427.14053018007 611300.7873009451, -490413.2184638453 612233.0627982338))",4099
4100,133.44883728027344,"POLYGON ((-566171.2443075574 612474.6632978698, -565235.2462250325 612459.6245977342, -565250.2351019436 611525.6034484601, -566186.2468487327 611540.6195002921, -566171.2443075574 612474.6632978698))",4100
4101,115.69795989990234,"POLYGON ((-565235.2462250325 612459.6245977342, -564299.2708274883 612444.5996002032, -564314.2460417764 611510.601078618, -565250.2351019436 611525.6034484601, -565235.2462250325 612459.6245977342))",4101
4102,66.18608856201172,"POLYGON ((-564299.2708274883 612444.5996002032, -563363.3180942687 612429.5883036315, -563378.2796475736 611495.6123891228, -564314.2460417764 611510.601078618, -564299.2708274883 612444.5996002032))",4102
4103,67.56259155273438,"POLYGON ((-563363.3180942687 612429.5883036315, -562427.3880047197 612414.5907063758, -562442.3358986797 611480.6373783335, -563378.2796475736 611495.6123891228, -563363.3180942687 612429.5883036315))",4103
4104,87.3916015625,"POLYGON ((-562427.3880047197 612414.5907063758, -561491.4805381908 612399.6068067941, -561506.4147744416 611465.6760446104, -562442.3358986797 611480.6373783335, -562427.3880047197 612414.5907063758))",4104
4105,59.395294189453125,"POLYGON ((-561491.4805381908 612399.6068067941, -560555.5956740307 612384.6366032456, -560570.5162542083 611450.7283863157, -561506.4147744416 611465.6760446104, -561491.4805381908 612399.6068067941))",4105
4106,64.06926727294922,"POLYGON ((-560555.5956740307 612384.6366032456, -559619.7333915946 612369.6800940918, -559634.6403173322 611435.7944018127, -560570.5162542083 611450.7283863157, -560555.5956740307 612384.6366032456))",4106
4107,68.53340148925781,"POLYGON ((-559619.7333915946 612369.6800940918, -558683.8936702376 612354.7372776952, -558698.7869431665 611420.8740894665, -559634.6403173322 611435.7944018127, -559619.7333915946 612369.6800940918))",4107
4108,50.92043685913086,"POLYGON ((-558683.8936702376 612354.7372776952, -557748.0764893177 612339.8081524204, -557762.9561110684 611405.9674476442, -558698.7869431665 611420.8740894665, -558683.8936702376 612354.7372776952))",4108
4109,31.5665225982666,"POLYGON ((-557748.0764893177 612339.8081524204, -556812.2818281956 612324.892716633, -556827.1478003964 611391.0744747138, -557762.9561110684 611405.9674476442, -557748.0764893177 612339.8081524204))",4109
4110,29.94297218322754,"POLYGON ((-556812.2818281956 612324.892716633, -555876.509666234 612309.9909687012, -555891.3619905123 611376.1951690454, -556827.1478003964 611391.0744747138, -556812.2818281956 612324.892716633))",4110
4111,31.92051887512207,"POLYGON ((-555876.509666234 612309.9909687012, -554940.7599827987 612295.1029069932, -554955.5986607797 611361.3295290106, -555891.3619905123 611376.1951690454, -555876.509666234 612309.9909687012))",4111
4112,36.22602462768555,"POLYGON ((-554940.7599827987 612295.1029069932, -554005.0327572564 612280.2285298805, -554019.8577905647 611346.4775529825, -554955.5986607797 611361.3295290106, -554940.7599827987 612295.1029069932))",4112
4113,60.90001678466797,"POLYGON ((-554005.0327572564 612280.2285298805, -553069.3279689788 612265.3678357352, -553084.1393592353 611331.6392393358, -554019.8577905647 611346.4775529825, -554005.0327572564 612280.2285298805))",4113
4114,91.52777862548828,"POLYGON ((-553069.3279689788 612265.3678357352, -552133.6455973373 612250.5208229311, -552148.4433461637 611316.8145864466, -553084.1393592353 611331.6392393358, -553069.3279689788 612265.3678357352))",4114
4115,69.92198944091797,"POLYGON ((-552133.6455973373 612250.5208229311, -551197.9856217066 612235.6874898435, -551212.7697307218 611302.0035926931, -552148.4433461637 611316.8145864466, -552133.6455973373 612250.5208229311))",4115
4116,59.26393508911133,"POLYGON ((-551197.9856217066 612235.6874898435, -550262.3480214651 612220.8678348501, -550277.1184922867 611287.2062564545, -551212.7697307218 611302.0035926931, -551197.9856217066 612235.6874898435))",4116
4117,69.30644989013672,"POLYGON ((-550262.3480214651 612220.8678348501, -549326.7327759922 612206.061856329, -549341.4896102357 611272.4225761121, -550277.1184922867 611287.2062564545, -550262.3480214651 612220.8678348501))",4117
4118,124.63526916503906,"POLYGON ((-549326.7327759922 612206.061856329, -548391.1398646693 612191.2695526608, -548405.8830639496 611257.6525500484, -549341.4896102357 611272.4225761121, -549326.7327759922 612206.061856329))",4118
4119,225.4689483642578,"POLYGON ((-548391.1398646693 612191.2695526608, -547455.5692668817 612176.4909222272, -547470.298832811 611242.8961766477, -548405.8830639496 611257.6525500484, -548391.1398646693 612191.2695526608))",4119
4120,92.87229919433594,"POLYGON ((-547455.5692668817 612176.4909222272, -546520.020962016 612161.7259634119, -546534.7368962056 611228.1534542959, -547470.298832811 611242.8961766477, -547455.5692668817 612176.4909222272))",4120
4121,,"POLYGON ((-546520.020962016 612161.7259634119, -545584.4949294609 612146.9746745996, -545599.1972335208 611213.4243813802, -546534.7368962056 611228.1534542959, -546520.020962016 612161.7259634119))",4121
4122,,"POLYGON ((-545584.4949294609 612146.9746745996, -544648.9911486093 612132.2370541771, -544663.6798241469 611198.7089562898, -545599.1972335208 611213.4243813802, -545584.4949294609 612146.9746745996))",4122
4123,,"POLYGON ((-544648.9911486093 612132.2370541771, -543713.5095988538 612117.5131005325, -543728.184647476 611184.0071774152, -544663.6798241469 611198.7089562898, -544648.9911486093 612132.2370541771))",4123
4124,,"POLYGON ((-543713.5095988538 612117.5131005325, -542778.0502595917 612102.8028120559, -542792.711682903 611169.3190431487, -543728.184647476 611184.0071774152, -543713.5095988538 612117.5131005325))",4124
4125,,"POLYGON ((-542778.0502595917 612102.8028120559, -541842.6131102209 612088.1061871384, -541857.260909825 611154.6445518838, -542792.711682903 611169.3190431487, -542778.0502595917 612102.8028120559))",4125
4126,,"POLYGON ((-541842.6131102209 612088.1061871384, -540907.1981301437 612073.4232241729, -540921.832307642 611139.9837020161, -541857.260909825 611154.6445518838, -541842.6131102209 612088.1061871384))",4126
4127,,"POLYGON ((-540907.1981301437 612073.4232241729, -539971.8052987631 612058.7539215543, -539986.4258557553 611125.3364919424, -540921.832307642 611139.9837020161, -540907.1981301437 612073.4232241729))",4127
4128,,"POLYGON ((-539971.8052987631 612058.7539215543, -539036.4345954844 612044.0982776786, -539051.0415335693 611110.7029200611, -539986.4258557553 611125.3364919424, -539971.8052987631 612058.7539215543))",4128
4129,,"POLYGON ((-539036.4345954844 612044.0982776786, -538101.0859997162 612029.4562909433, -538115.6793204908 611096.0829847723, -539051.0415335693 611110.7029200611, -539036.4345954844 612044.0982776786))",4129
4130,,"POLYGON ((-538101.0859997162 612029.4562909433, -537165.7594908695 612014.8279597482, -537180.3391959289 611081.4766844781, -538115.6793204908 611096.0829847723, -538101.0859997162 612029.4562909433))",4130
4131,,"POLYGON ((-537165.7594908695 612014.8279597482, -536230.4550483563 612000.2132824938, -536245.021139295 611066.884017581, -537180.3391959289 611081.4766844781, -537165.7594908695 612014.8279597482))",4131
4132,,"POLYGON ((-536230.4550483563 612000.2132824938, -535295.1726515926 611985.6122575825, -535309.7251300021 611052.3049824866, -536245.021139295 611066.884017581, -536230.4550483563 612000.2132824938))",4132
4133,,"POLYGON ((-535295.1726515926 611985.6122575825, -534359.9122799964 611971.0248834188, -534374.451147467 611037.739577601, -535309.7251300021 611052.3049824866, -535295.1726515926 611985.6122575825))",4133
4134,,"POLYGON ((-534359.9122799964 611971.0248834188, -533424.6739129863 611956.451158408, -533439.1991711078 611023.1878013317, -534374.451147467 611037.739577601, -534359.9122799964 611971.0248834188))",4134
4135,,"POLYGON ((-533424.6739129863 611956.451158408, -532489.4575299862 611941.8910809576, -532503.9691803457 611008.6496520892, -533439.1991711078 611023.1878013317, -533424.6739129863 611956.451158408))",4135
4136,,"POLYGON ((-532489.4575299862 611941.8910809576, -531554.2631104196 611927.3446494762, -531568.7611546033 610994.125128284, -532503.9691803457 611008.6496520892, -532489.4575299862 611941.8910809576))",4136
4137,,"POLYGON ((-531554.2631104196 611927.3446494762, -530619.0906337141 611912.8118623742, -530633.575073306 610979.614228329, -531568.7611546033 610994.125128284, -531554.2631104196 611927.3446494762))",4137
4138,,"POLYGON ((-530619.0906337141 611912.8118623742, -529683.940079299 611898.2927180637, -529698.410915882 610965.1169506387, -530633.575073306 610979.614228329, -530619.0906337141 611912.8118623742))",4138
4139,,"POLYGON ((-529683.940079299 611898.2927180637, -528748.8114266061 611883.7872149582, -528763.2686617607 610950.6332936287, -529698.410915882 610965.1169506387, -529683.940079299 611898.2927180637))",4139
4140,,"POLYGON ((-528748.8114266061 611883.7872149582, -527813.7046550688 611869.2953514729, -527828.1482903754 610936.1632557167, -528763.2686617607 610950.6332936287, -528748.8114266061 611883.7872149582))",4140
4141,,"POLYGON ((-527813.7046550688 611869.2953514729, -526878.6197441245 611854.8171260245, -526893.0497811607 610921.7068353215, -527828.1482903754 610936.1632557167, -527813.7046550688 611869.2953514729))",4141
4142,,"POLYGON ((-526878.6197441245 611854.8171260245, -525943.5566732113 611840.352537031, -525957.9731135532 610907.264030864, -526893.0497811607 610921.7068353215, -526878.6197441245 611854.8171260245))",4142
4143,,"POLYGON ((-525943.5566732113 611840.352537031, -525008.51542177 611825.9015829128, -525022.9182669929 610892.8348407663, -525957.9731135532 610907.264030864, -525943.5566732113 611840.352537031))",4143
4144,,"POLYGON ((-525008.51542177 611825.9015829128, -524073.4959692446 611811.4642620911, -524087.88522092195 610878.4192634521, -525022.9182669929 610892.8348407663, -525008.51542177 611825.9015829128))",4144
4145,,"POLYGON ((-524073.4959692446 611811.4642620911, -523138.49829508015 611797.0405729888, -523152.8739547834 610864.0172973467, -524087.88522092195 610878.4192634521, -524073.4959692446 611811.4642620911))",4145
4146,,"POLYGON ((-523138.49829508015 611797.0405729888, -522203.52237872523 611782.6305140306, -522217.8844480242 610849.6289408772, -523152.8739547834 610864.0172973467, -523138.49829508015 611797.0405729888))",4146
4147,,"POLYGON ((-522203.52237872523 611782.6305140306, -521268.56819962943 611768.2340836428, -521282.9166800935 610835.2541924721, -522217.8844480242 610849.6289408772, -522203.52237872523 611782.6305140306))",4147
4148,,"POLYGON ((-521268.56819962943 611768.2340836428, -520333.63573724625 611753.8512802531, -520347.9706304418 610820.8930505613, -521282.9166800935 610835.2541924721, -521268.56819962943 611768.2340836428))",4148
4149,,"POLYGON ((-520333.63573724625 611753.8512802531, -519398.7249710304 611739.482102291, -519413.0462785228 610806.5455135767, -520347.9706304418 610820.8930505613, -520333.63573724625 611753.8512802531))",4149
4150,,"POLYGON ((-519398.7249710304 611739.482102291, -518463.8358804388 611725.1265481871, -518478.1436037922 610792.2115799512, -519413.0462785228 610806.5455135767, -519398.7249710304 611739.482102291))",4150
4151,,"POLYGON ((-518463.8358804388 611725.1265481871, -517528.9684449318 611710.7846163741, -517543.26258570736 610777.8912481201, -518478.1436037922 610792.2115799512, -518463.8358804388 611725.1265481871))",4151
4152,,"POLYGON ((-517528.9684449318 611710.7846163741, -516594.12264396995 611696.4563052859, -516608.4032037298 610763.5845165193, -517543.26258570736 610777.8912481201, -517528.9684449318 611710.7846163741))",4152
4153,,"POLYGON ((-516594.12264396995 611696.4563052859, -515659.2984570187 611682.1416133585, -515673.56543732143 610749.2913835869, -516608.4032037298 610763.5845165193, -516594.12264396995 611696.4563052859))",4153
4154,,"POLYGON ((-515659.2984570187 611682.1416133585, -514724.49586354406 611667.8405390289, -514738.74926594715 610735.0118477625, -515673.56543732143 610749.2913835869, -515659.2984570187 611682.1416133585))",4154
4155,,"POLYGON ((-514724.49586354406 611667.8405390289, -513789.7148430147 611653.5530807356, -513803.9546690743 610720.7459074872, -514738.74926594715 610735.0118477625, -514724.49586354406 611667.8405390289))",4155
4156,,"POLYGON ((-513789.7148430147 611653.5530807356, -512854.95537490223 611639.2792369195, -512869.18162617297 610706.4935612035, -513803.9546690743 610720.7459074872, -513789.7148430147 611653.5530807356))",4156
4157,,"POLYGON ((-512854.95537490223 611639.2792369195, -511920.21743867954 611625.0190060221, -511934.43011671386 610692.2548073557, -512869.18162617297 610706.4935612035, -512854.95537490223 611639.2792369195))",4157
4158,,"POLYGON ((-511920.21743867954 611625.0190060221, -510985.50101382274 611610.7723864873, -510999.7001201721 610678.0296443895, -511934.43011671386 610692.2548073557, -511920.21743867954 611625.0190060221))",4158
4159,,"POLYGON ((-510985.50101382274 611610.7723864873, -510050.8060798093 611596.5393767599, -510064.9916160235 610663.8180707525, -510999.7001201721 610678.0296443895, -510985.50101382274 611610.7723864873))",4159
4160,,"POLYGON ((-510050.8060798093 611596.5393767599, -509116.13261612004 611582.3199752867, -509130.3045837468 610649.6200848935, -510064.9916160235 610663.8180707525, -510050.8060798093 611596.5393767599))",4160
4161,,"POLYGON ((-509116.13261612004 611582.3199752867, -508181.48060223716 611568.1141805156, -508195.6390028234 610635.4356852631, -509130.3045837468 610649.6200848935, -509116.13261612004 611582.3199752867))",4161
4162,,"POLYGON ((-508181.48060223716 611568.1141805156, -507246.85001764575 611553.9219908969, -507260.9948527368 610621.2648703133, -508195.6390028234 610635.4356852631, -508181.48060223716 611568.1141805156))",4162
4163,,"POLYGON ((-507246.85001764575 611553.9219908969, -506312.2408418328 611539.743404882, -506326.3721129715 610607.1076384978, -507260.9948527368 610621.2648703133, -507246.85001764575 611553.9219908969))",4163
4164,,"POLYGON ((-506312.2408418328 611539.743404882, -505377.6530542879 611525.5784209232, -505391.7707630164 610592.9639882717, -506326.3721129715 610607.1076384978, -506312.2408418328 611539.743404882))",4164
4165,,"POLYGON ((-505377.6530542879 611525.5784209232, -504443.08663450263 611511.4270374755, -504457.1907823613 610578.8339180917, -505391.7707630164 610592.9639882717, -505377.6530542879 611525.5784209232))",4165
4166,,"POLYGON ((-504443.08663450263 611511.4270374755, -503508.5415619713 611497.2892529949, -503522.6321504989 610564.7174264167, -504457.1907823613 610578.8339180917, -504443.08663450263 611511.4270374755))",4166
4167,,"POLYGON ((-503508.5415619713 611497.2892529949, -502574.0178161897 611483.1650659391, -502588.094846923 610550.6145117062, -503522.6321504989 610564.7174264167, -503508.5415619713 611497.2892529949))",4167
4168,,"POLYGON ((-502574.0178161897 611483.1650659391, -501639.5153766561 611469.0544747672, -501653.57885113114 610536.5251724215, -502588.094846923 610550.6145117062, -502574.0178161897 611483.1650659391))",4168
4169,,"POLYGON ((-501639.5153766561 611469.0544747672, -500705.0342228719 611454.9574779399, -500719.08414262277 610522.4494070258, -501653.57885113114 610536.5251724215, -501639.5153766561 611469.0544747672))",4169
4170,,"POLYGON ((-500705.0342228719 611454.9574779399, -499770.5743343398 611440.8740739198, -499784.6107008988 610508.3872139839, -500719.08414262277 610522.4494070258, -500705.0342228719 611454.9574779399))",4170
4171,,"POLYGON ((-499770.5743343398 611440.8740739198, -498836.13569056557 611426.8042611707, -498850.15850546316 610494.3385917619, -499784.6107008988 610508.3872139839, -499770.5743343398 611440.8740739198))",4171
4172,,"POLYGON ((-498836.13569056557 611426.8042611707, -497901.71827105584 611412.748038158, -497915.72753582255 610480.3035388272, -498850.15850546316 610494.3385917619, -498836.13569056557 611426.8042611707))",4172
4173,,"POLYGON ((-497901.71827105584 611412.748038158, -496967.3220553213 611398.7054033488, -496981.3177714845 610466.2820536499, -497915.72753582255 610480.3035388272, -497901.71827105584 611412.748038158))",4173
4174,,"POLYGON ((-496967.3220553213 611398.7054033488, -496032.9470228744 611384.6763552119, -496046.9291919597 610452.2741347001, -496981.3177714845 610466.2820536499, -496967.3220553213 611398.7054033488))",4174
4175,,"POLYGON ((-496032.9470228744 611384.6763552119, -495098.59315322805 611370.6608922173, -495112.5617767612 610438.2797804504, -496046.9291919597 610452.2741347001, -496032.9470228744 611384.6763552119))",4175
4176,,"POLYGON ((-495098.59315322805 611370.6608922173, -494164.26042590046 611356.6590128368, -494178.21550540347 610424.2989893751, -495112.5617767612 610438.2797804504, -495098.59315322805 611370.6608922173))",4176
4177,,"POLYGON ((-494164.26042590046 611356.6590128368, -493229.9488204095 611342.6707155434, -493243.8903574046 610410.3317599494, -494178.21550540347 610424.2989893751, -494164.26042590046 611356.6590128368))",4177
4178,,"POLYGON ((-493229.9488204095 611342.6707155434, -492295.65831627627 611328.6959988127, -492309.5863122833 610396.3780906508, -493243.8903574046 610410.3317599494, -493229.9488204095 611342.6707155434))",4178
4179,,"POLYGON ((-492295.65831627627 611328.6959988127, -491361.38889302476 611314.7348611207, -491375.3033495622 610382.4379799577, -492309.5863122833 610396.3780906508, -492295.65831627627 611328.6959988127))",4179
4180,,"POLYGON ((-491361.38889302476 611314.7348611207, -490427.14053018007 611300.7873009451, -490441.04144876485 610368.5114263502, -491375.3033495622 610382.4379799577, -491361.38889302476 611314.7348611207))",4180
4181,,"POLYGON ((-490427.14053018007 611300.7873009451, -489492.91320727 611286.853316766, -489506.8005894176 610354.5984283106, -490441.04144876485 610368.5114263502, -490427.14053018007 611300.7873009451))",4181
4182,,"POLYGON ((-566186.2468487327 611540.6195002921, -565250.2351019436 611525.6034484601, -565265.2011772608 610591.5818211247, -566201.2265675492 610606.5752233341, -566186.2468487327 611540.6195002921))",4182
4183,,"POLYGON ((-565250.2351019436 611525.6034484601, -564314.2460417764 611510.601078618, -564329.1984752333 610576.6020802887, -565265.2011772608 610591.5818211247, -565250.2351019436 611525.6034484601))",4183
4184,,"POLYGON ((-564314.2460417764 611510.601078618, -563378.2796475736 611495.6123891228, -563393.2184408072 610561.635999186, -564329.1984752333 610576.6020802887, -564314.2460417764 611510.601078618))",4184
4185,,"POLYGON ((-563378.2796475736 611495.6123891228, -562442.3358986797 611480.6373783335, -562457.2610533265 610546.6835761778, -563393.2184408072 610561.635999186, -563378.2796475736 611495.6123891228))",4185
4186,60.044097900390625,"POLYGON ((-562442.3358986797 611480.6373783335, -561506.4147744416 611465.6760446104, -561521.3262921353 610531.7448096272, -562457.2610533265 610546.6835761778, -562442.3358986797 611480.6373783335))",4186
4187,52.736610412597656,"POLYGON ((-561506.4147744416 611465.6760446104, -560570.5162542083 611450.7283863157, -560585.4141365816 610516.819697898, -561521.3262921353 610531.7448096272, -561506.4147744416 611465.6760446104))",4187
4188,66.55343627929688,"POLYGON ((-560570.5162542083 611450.7283863157, -559634.6403173322 611435.7944018127, -559649.5245660162 610501.9082393568, -560585.4141365816 610516.819697898, -560570.5162542083 611450.7283863157))",4188
4189,64.01715087890625,"POLYGON ((-559634.6403173322 611435.7944018127, -558698.7869431665 611420.8740894665, -558713.65755979 610487.0104323707, -559649.5245660162 610501.9082393568, -559634.6403173322 611435.7944018127))",4189
4190,38.902740478515625,"POLYGON ((-558698.7869431665 611420.8740894665, -557762.9561110684 611405.9674476442, -557777.8130972593 610472.126275309, -558713.65755979 610487.0104323707, -558698.7869431665 611420.8740894665))",4190
4191,34.585758209228516,"POLYGON ((-557762.9561110684 611405.9674476442, -556827.1478003964 611391.0744747138, -556841.9911577816 610457.2557665426, -557777.8130972593 610472.126275309, -557762.9561110684 611405.9674476442))",4191
4192,35.89719772338867,"POLYGON ((-556827.1478003964 611391.0744747138, -555891.3619905123 611376.1951690454, -555906.1917207157 610442.3989044437, -556841.9911577816 610457.2557665426, -556827.1478003964 611391.0744747138))",4192
4193,34.40263366699219,"POLYGON ((-555891.3619905123 611376.1951690454, -554955.5986607797 611361.3295290106, -554970.4147654243 610427.5556873863, -555906.1917207157 610442.3989044437, -555891.3619905123 611376.1951690454))",4193
4194,39.65644454956055,"POLYGON ((-554955.5986607797 611361.3295290106, -554019.8577905647 611346.4775529825, -554034.6602712723 610412.726113746, -554970.4147654243 610427.5556873863, -554955.5986607797 611361.3295290106))",4194
4195,51.19289016723633,"POLYGON ((-554019.8577905647 611346.4775529825, -553084.1393592353 611331.6392393358, -553098.928217626 610397.9101818996, -554034.6602712723 610412.726113746, -554019.8577905647 611346.4775529825))",4195
4196,65.85015869140625,"POLYGON ((-553084.1393592353 611331.6392393358, -552148.4433461637 611316.8145864466, -552163.2185838553 610383.1078902261, -553098.928217626 610397.9101818996, -553084.1393592353 611331.6392393358))",4196
4197,50.405635833740234,"POLYGON ((-552148.4433461637 611316.8145864466, -551212.7697307218 611302.0035926931, -551227.5313493316 610368.3192371055, -552163.2185838553 610383.1078902261, -552148.4433461637 611316.8145864466))",4197
4198,65.30121612548828,"POLYGON ((-551212.7697307218 611302.0035926931, -550277.1184922867 611287.2062564545, -550291.8664934288 610353.5442209201, -551227.5313493316 610368.3192371055, -551212.7697307218 611302.0035926931))",4198
4199,77.8436279296875,"POLYGON ((-550277.1184922867 611287.2062564545, -549341.4896102357 611272.4225761121, -549356.2239955242 610338.7828400529, -550291.8664934288 610353.5442209201, -550277.1184922867 611287.2062564545))",4199
4200,77.92549896240234,"POLYGON ((-549341.4896102357 611272.4225761121, -548405.8830639496 611257.6525500484, -548420.6038349961 610324.0350928891, -549356.2239955242 610338.7828400529, -549341.4896102357 611272.4225761121))",4200
4201,26.43455696105957,"POLYGON ((-548405.8830639496 611257.6525500484, -547470.298832811 611242.8961766477, -547485.0059912264 610309.3009778153, -548420.6038349961 610324.0350928891, -548405.8830639496 611257.6525500484))",4201
4202,,"POLYGON ((-547470.298832811 611242.8961766477, -546534.7368962056 611228.1534542959, -546549.4304435981 610294.5804932197, -547485.0059912264 610309.3009778153, -547470.298832811 611242.8961766477))",4202
4203,,"POLYGON ((-546534.7368962056 611228.1534542959, -545599.1972335208 611213.4243813802, -545613.8771714981 610279.8736374923, -546549.4304435981 610294.5804932197, -546534.7368962056 611228.1534542959))",4203
4204,,"POLYGON ((-545599.1972335208 611213.4243813802, -544663.6798241469 611198.7089562898, -544678.3461543142 610265.1804090241, -545613.8771714981 610279.8736374923, -545599.1972335208 611213.4243813802))",4204
4205,,"POLYGON ((-544663.6798241469 611198.7089562898, -543728.184647476 611184.0071774152, -543742.8373714373 610250.5008062085, -544678.3461543142 610265.1804090241, -544663.6798241469 611198.7089562898))",4205
4206,,"POLYGON ((-543728.184647476 611184.0071774152, -542792.711682903 611169.3190431487, -542807.3508022611 610235.8348274397, -543742.8373714373 610250.5008062085, -543728.184647476 611184.0071774152))",4206
4207,,"POLYGON ((-542792.711682903 611169.3190431487, -541857.260909825 611154.6445518838, -541871.8864261805 610221.1824711137, -542807.3508022611 610235.8348274397, -542792.711682903 611169.3190431487))",4207
4208,,"POLYGON ((-541857.260909825 611154.6445518838, -540921.832307642 611139.9837020161, -540936.4442225943 610206.5437356287, -541871.8864261805 610221.1824711137, -541857.260909825 611154.6445518838))",4208
4209,,"POLYGON ((-540921.832307642 611139.9837020161, -539986.4258557553 611125.3364919424, -540001.0241709022 610191.9186193836, -540936.4442225943 610206.5437356287, -540921.832307642 611139.9837020161))",4209
4210,,"POLYGON ((-539986.4258557553 611125.3364919424, -539051.0415335693 611110.7029200611, -539065.6262505071 610177.3071207794, -540001.0241709022 610191.9186193836, -539986.4258557553 611125.3364919424))",4210
4211,,"POLYGON ((-539051.0415335693 611110.7029200611, -538115.6793204908 611096.0829847723, -538130.2504408136 610162.7092382184, -539065.6262505071 610177.3071207794, -539051.0415335693 611110.7029200611))",4211
4212,,"POLYGON ((-538115.6793204908 611096.0829847723, -537180.3391959289 611081.4766844781, -537194.89672123 610148.1249701048, -538130.2504408136 610162.7092382184, -538115.6793204908 611096.0829847723))",4212
4213,,"POLYGON ((-537180.3391959289 611081.4766844781, -536245.021139295 611066.884017581, -536259.5650711659 610133.5543148442, -537194.89672123 610148.1249701048, -537180.3391959289 611081.4766844781))",4213
4214,,"POLYGON ((-536245.021139295 611066.884017581, -535309.7251300021 611052.3049824866, -535324.2554700326 610118.9972708436, -536259.5650711659 610133.5543148442, -536245.021139295 611066.884017581))",4214
4215,,"POLYGON ((-535309.7251300021 611052.3049824866, -534374.451147467 611037.739577601, -534388.967897245 610104.4538365118, -535324.2554700326 610118.9972708436, -535309.7251300021 611052.3049824866))",4215
4216,,"POLYGON ((-534374.451147467 611037.739577601, -533439.1991711078 611023.1878013317, -533453.70233222 610089.9240102594, -534388.967897245 610104.4538365118, -534374.451147467 611037.739577601))",4216
4217,,"POLYGON ((-533439.1991711078 611023.1878013317, -532503.9691803457 611008.6496520892, -532518.4587543772 610075.4077904979, -533453.70233222 610089.9240102594, -533439.1991711078 611023.1878013317))",4217
4218,,"POLYGON ((-532503.9691803457 611008.6496520892, -531568.7611546033 610994.125128284, -531583.2371431377 610060.9051756413, -532518.4587543772 610075.4077904979, -532503.9691803457 611008.6496520892))",4218
4219,,"POLYGON ((-531568.7611546033 610994.125128284, -530633.575073306 610979.614228329, -530648.0374779252 610046.4161641042, -531583.2371431377 610060.9051756413, -531568.7611546033 610994.125128284))",4219
4220,,"POLYGON ((-530633.575073306 610979.614228329, -529698.410915882 610965.1169506387, -529712.8597381663 610031.9407543036, -530648.0374779252 610046.4161641042, -530633.575073306 610979.614228329))",4220
4221,,"POLYGON ((-529698.410915882 610965.1169506387, -528763.2686617607 610950.6332936287, -528777.7039032893 610017.4789446575, -529712.8597381663 610031.9407543036, -529698.410915882 610965.1169506387))",4221
4222,,"POLYGON ((-528763.2686617607 610950.6332936287, -527828.1482903754 610936.1632557167, -527842.5699527254 610003.0307335858, -528777.7039032893 610017.4789446575, -528763.2686617607 610950.6332936287))",4222
4223,,"POLYGON ((-527828.1482903754 610936.1632557167, -526893.0497811607 610921.7068353215, -526907.4578659076 609988.5961195098, -527842.5699527254 610003.0307335858, -527828.1482903754 610936.1632557167))",4223
4224,,"POLYGON ((-526893.0497811607 610921.7068353215, -525957.9731135532 610907.264030864, -525972.3676222712 609974.1751008526, -526907.4578659076 609988.5961195098, -526893.0497811607 610921.7068353215))",4224
4225,,"POLYGON ((-525957.9731135532 610907.264030864, -525022.9182669929 610892.8348407663, -525037.2992012544 609959.7676760386, -525972.3676222712 609974.1751008526, -525957.9731135532 610907.264030864))",4225
4226,,"POLYGON ((-525022.9182669929 610892.8348407663, -524087.88522092195 610878.4192634521, -524102.2525822978 609945.3738434939, -525037.2992012544 609959.7676760386, -525022.9182669929 610892.8348407663))",4226
4227,,"POLYGON ((-524087.88522092195 610878.4192634521, -523152.8739547834 610864.0172973467, -523167.2277448429 609930.9936016462, -524102.2525822978 609945.3738434939, -524087.88522092195 610878.4192634521))",4227
4228,,"POLYGON ((-523152.8739547834 610864.0172973467, -522217.8844480242 610849.6289408772, -522232.22466833564 609916.6269489246, -523167.2277448429 609930.9936016462, -523152.8739547834 610864.0172973467))",4228
4229,,"POLYGON ((-522217.8844480242 610849.6289408772, -521282.9166800935 610835.2541924721, -521297.24333222245 609902.2738837603, -522232.22466833564 609916.6269489246, -522217.8844480242 610849.6289408772))",4229
4230,,"POLYGON ((-521282.9166800935 610835.2541924721, -520347.9706304418 610820.8930505613, -520362.28371595347 609887.9344045855, -521297.24333222245 609902.2738837603, -521282.9166800935 610835.2541924721))",4230
4231,,"POLYGON ((-520347.9706304418 610820.8930505613, -519413.0462785228 610806.5455135767, -519427.34579897975 609873.608509834, -520362.28371595347 609887.9344045855, -520347.9706304418 610820.8930505613))",4231
4232,,"POLYGON ((-519413.0462785228 610806.5455135767, -518478.1436037922 610792.2115799512, -518492.4295607562 609859.2961979413, -519427.34579897975 609873.608509834, -519413.0462785228 610806.5455135767))",4232
4233,,"POLYGON ((-518478.1436037922 610792.2115799512, -517543.26258570736 610777.8912481201, -517557.53498073865 609844.9974673449, -518492.4295607562 609859.2961979413, -518478.1436037922 610792.2115799512))",4233
4234,,"POLYGON ((-517543.26258570736 610777.8912481201, -516608.4032037298 610763.5845165193, -516622.66203838645 609830.7123164833, -517557.53498073865 609844.9974673449, -517543.26258570736 610777.8912481201))",4234
4235,,"POLYGON ((-516608.4032037298 610763.5845165193, -515673.56543732143 610749.2913835869, -515687.8107131602 609816.4407437965, -516622.66203838645 609830.7123164833, -516608.4032037298 610763.5845165193))",4235
4236,,"POLYGON ((-515673.56543732143 610749.2913835869, -514738.74926594715 610735.0118477625, -514752.9809845232 609802.1827477264, -515687.8107131602 609816.4407437965, -515673.56543732143 610749.2913835869))",4236
4237,,"POLYGON ((-514738.74926594715 610735.0118477625, -513803.9546690743 610720.7459074872, -513818.1728319416 609787.9383267167, -514752.9809845232 609802.1827477264, -514738.74926594715 610735.0118477625))",4237
4238,,"POLYGON ((-513803.9546690743 610720.7459074872, -512869.18162617297 610706.4935612035, -512883.38623488334 609773.7074792121, -513818.1728319416 609787.9383267167, -513803.9546690743 610720.7459074872))",4238
4239,,"POLYGON ((-512869.18162617297 610706.4935612035, -511934.43011671386 610692.2548073557, -511948.6211728181 609759.4902036592, -512883.38623488334 609773.7074792121, -512869.18162617297 610706.4935612035))",4239
4240,,"POLYGON ((-511934.43011671386 610692.2548073557, -510999.7001201721 610678.0296443895, -511013.8776252188 609745.2864985059, -511948.6211728181 609759.4902036592, -511934.43011671386 610692.2548073557))",4240
4241,,"POLYGON ((-510999.7001201721 610678.0296443895, -510064.9916160235 610663.8180707525, -510079.1555715606 609731.0963622021, -511013.8776252188 609745.2864985059, -510999.7001201721 610678.0296443895))",4241
4242,,"POLYGON ((-510064.9916160235 610663.8180707525, -509130.3045837468 610649.6200848935, -509144.4549913198 609716.9197931988, -510079.1555715606 609731.0963622021, -510064.9916160235 610663.8180707525))",4242
4243,,"POLYGON ((-509130.3045837468 610649.6200848935, -508195.6390028234 610635.4356852631, -508209.7758639769 609702.7567899491, -509144.4549913198 609716.9197931988, -509130.3045837468 610649.6200848935))",4243
4244,,"POLYGON ((-508195.6390028234 610635.4356852631, -507260.9948527368 610621.2648703133, -507275.11816901306 609688.607350907, -508209.7758639769 609702.7567899491, -508195.6390028234 610635.4356852631))",4244
4245,,"POLYGON ((-507260.9948527368 610621.2648703133, -506326.3721129715 610607.1076384978, -506340.48188591225 609674.4714745289, -507275.11816901306 609688.607350907, -507260.9948527368 610621.2648703133))",4245
4246,,"POLYGON ((-506326.3721129715 610607.1076384978, -505391.7707630164 610592.9639882717, -505405.8669941608 609660.3491592718, -506340.48188591225 609674.4714745289, -506326.3721129715 610607.1076384978))",4246
4247,,"POLYGON ((-505391.7707630164 610592.9639882717, -504457.1907823613 610578.8339180917, -504471.27347324754 609646.240403595, -505405.8669941608 609660.3491592718, -505391.7707630164 610592.9639882717))",4247
4248,,"POLYGON ((-504457.1907823613 610578.8339180917, -503522.6321504989 610564.7174264167, -503536.7013026632 609632.1452059591, -504471.27347324754 609646.240403595, -504457.1907823613 610578.8339180917))",4248
4249,,"POLYGON ((-503522.6321504989 610564.7174264167, -502588.094846923 610550.6145117062, -502602.1504619005 609618.0635648264, -503536.7013026632 609632.1452059591, -503522.6321504989 610564.7174264167))",4249
4250,,"POLYGON ((-502588.094846923 610550.6145117062, -501653.57885113114 610536.5251724215, -501667.62093045504 609603.9954786603, -502602.1504619005 609618.0635648264, -502588.094846923 610550.6145117062))",4250
4251,,"POLYGON ((-501653.57885113114 610536.5251724215, -500719.08414262277 610522.4494070258, -500733.1126878251 609589.9409459265, -501667.62093045504 609603.9954786603, -501653.57885113114 610536.5251724215))",4251
4252,,"POLYGON ((-500719.08414262277 610522.4494070258, -499784.6107008988 610508.3872139839, -499798.6257135095 609575.8999650915, -500733.1126878251 609589.9409459265, -500719.08414262277 610522.4494070258))",4252
4253,,"POLYGON ((-499784.6107008988 610508.3872139839, -498850.15850546316 610494.3385917619, -498864.159987011 609561.872534624, -499798.6257135095 609575.8999650915, -499784.6107008988 610508.3872139839))",4253
4254,,"POLYGON ((-498850.15850546316 610494.3385917619, -497915.72753582255 610480.3035388272, -497929.7154878349 609547.8586529942, -498864.159987011 609561.872534624, -498850.15850546316 610494.3385917619))",4254
4255,,"POLYGON ((-497915.72753582255 610480.3035388272, -496981.3177714845 610466.2820536499, -496995.29219548625 609533.858318673, -497929.7154878349 609547.8586529942, -497915.72753582255 610480.3035388272))",4255
4256,,"POLYGON ((-496981.3177714845 610466.2820536499, -496046.9291919597 610452.2741347001, -496060.8900894753 609519.8715301341, -496995.29219548625 609533.858318673, -496981.3177714845 610466.2820536499))",4256
4257,,"POLYGON ((-496046.9291919597 610452.2741347001, -495112.5617767612 610438.2797804504, -495126.5091493131 609505.8982858522, -496060.8900894753 609519.8715301341, -496046.9291919597 610452.2741347001))",4257
4258,,"POLYGON ((-495112.5617767612 610438.2797804504, -494178.21550540347 610424.2989893751, -494192.14935451245 609491.9385843031, -495126.5091493131 609505.8982858522, -495112.5617767612 610438.2797804504))",4258
4259,,"POLYGON ((-494178.21550540347 610424.2989893751, -493243.8903574046 610410.3317599494, -493257.81068458955 609477.9924239649, -494192.14935451245 609491.9385843031, -494178.21550540347 610424.2989893751))",4259
4260,,"POLYGON ((-493243.8903574046 610410.3317599494, -492309.5863122833 610396.3780906508, -492323.49311906274 609464.059803317, -493257.81068458955 609477.9924239649, -493243.8903574046 610410.3317599494))",4260
4261,,"POLYGON ((-492309.5863122833 610396.3780906508, -491375.3033495622 610382.4379799577, -491389.19663745177 609450.1407208403, -492323.49311906274 609464.059803317, -492309.5863122833 610396.3780906508))",4261
4262,,"POLYGON ((-491375.3033495622 610382.4379799577, -490441.04144876485 610368.5114263502, -490454.9212192794 609436.235175017, -491389.19663745177 609450.1407208403, -491375.3033495622 610382.4379799577))",4262
4263,,"POLYGON ((-490441.04144876485 610368.5114263502, -489506.8005894176 610354.5984283106, -489520.6668440703 609422.3431643316, -490454.9212192794 609436.235175017, -490441.04144876485 610368.5114263502))",4263
4264,,"POLYGON ((-566201.2265675492 610606.5752233341, -565265.2011772608 610591.5818211247, -565280.1444506312 609657.5597164477, -566216.1834636529 609672.5304677183, -566201.2265675492 610606.5752233341))",4264
4265,,"POLYGON ((-565265.2011772608 610591.5818211247, -564329.1984752333 610576.6020802887, -564344.1281275067 609642.6026059336, -565280.1444506312 609657.5597164477, -565265.2011772608 610591.5818211247))",4265
4266,,"POLYGON ((-564329.1984752333 610576.6020802887, -563393.2184408072 610561.635999186, -563408.1344736195 609627.6591345373, -564344.1281275067 609642.6026059336, -564329.1984752333 610576.6020802887))",4266
4267,,"POLYGON ((-563393.2184408072 610561.635999186, -562457.2610533265 610546.6835761778, -562472.1634683097 609612.7293006233, -563408.1344736195 609627.6591345373, -563393.2184408072 610561.635999186))",4267
4268,,"POLYGON ((-562457.2610533265 610546.6835761778, -561521.3262921353 610531.7448096272, -561536.2150909211 609597.8131025563, -562472.1634683097 609612.7293006233, -562457.2610533265 610546.6835761778))",4268
4269,,"POLYGON ((-561521.3262921353 610531.7448096272, -560585.4141365816 610516.819697898, -560600.2893208007 609582.9105387032, -561536.2150909211 609597.8131025563, -561521.3262921353 610531.7448096272))",4269
4270,,"POLYGON ((-560585.4141365816 610516.819697898, -559649.5245660162 610501.9082393568, -559664.3861372964 609568.0216074325, -560600.2893208007 609582.9105387032, -560585.4141365816 610516.819697898))",4270
4271,,"POLYGON ((-559649.5245660162 610501.9082393568, -558713.65755979 610487.0104323707, -558728.5055197591 609553.1463071143, -559664.3861372964 609568.0216074325, -559649.5245660162 610501.9082393568))",4271
4272,,"POLYGON ((-558713.65755979 610487.0104323707, -557777.8130972593 610472.126275309, -557792.6474475425 609538.2846361197, -558728.5055197591 609553.1463071143, -558713.65755979 610487.0104323707))",4272
4273,,"POLYGON ((-557777.8130972593 610472.126275309, -556841.9911577816 610457.2557665426, -556856.8119000024 609523.4365928221, -557792.6474475425 609538.2846361197, -557777.8130972593 610472.126275309))",4273
4274,,"POLYGON ((-556841.9911577816 610457.2557665426, -555906.1917207157 610442.3989044437, -555920.9988564965 609508.6021755966, -556856.8119000024 609523.4365928221, -556841.9911577816 610457.2557665426))",4274
4275,,"POLYGON ((-555906.1917207157 610442.3989044437, -554970.4147654243 610427.5556873863, -554985.2082963858 609493.7813828189, -555920.9988564965 609508.6021755966, -555906.1917207157 610442.3989044437))",4275
4276,54.591487884521484,"POLYGON ((-554970.4147654243 610427.5556873863, -554034.6602712723 610412.726113746, -554049.4401990331 609478.9742128674, -554985.2082963858 609493.7813828189, -554970.4147654243 610427.5556873863))",4276
4277,68.73995971679688,"POLYGON ((-554034.6602712723 610412.726113746, -553098.928217626 610397.9101818996, -553113.6945438033 609464.1806641213, -554049.4401990331 609478.9742128674, -554034.6602712723 610412.726113746))",4277
4278,73.63221740722656,"POLYGON ((-553098.928217626 610397.9101818996, -552163.2185838553 610383.1078902261, -552177.9713100654 609449.400734962, -553113.6945438033 609464.1806641213, -553098.928217626 610397.9101818996))",4278
4279,69.01168823242188,"POLYGON ((-552163.2185838553 610383.1078902261, -551227.5313493316 610368.3192371055, -551242.2704771885 609434.634423772, -552177.9713100654 609449.400734962, -552163.2185838553 610383.1078902261))",4279
4280,38.749359130859375,"POLYGON ((-551227.5313493316 610368.3192371055, -550291.8664934288 610353.5442209201, -550306.5920245461 609419.8817289353, -551242.2704771885 609434.634423772, -551227.5313493316 610368.3192371055))",4280
4281,12.667078971862793,"POLYGON ((-550291.8664934288 610353.5442209201, -549356.2239955242 610338.7828400529, -549370.9359315122 609405.1426488379, -550306.5920245461 609419.8817289353, -550291.8664934288 610353.5442209201))",4281
4282,,"POLYGON ((-549356.2239955242 610338.7828400529, -548420.6038349961 610324.0350928891, -548435.3021774647 609390.4171818675, -549370.9359315122 609405.1426488379, -549356.2239955242 610338.7828400529))",4282
4283,,"POLYGON ((-548420.6038349961 610324.0350928891, -547485.0059912264 610309.3009778153, -547499.6907417834 609375.7053264129, -548435.3021774647 609390.4171818675, -548420.6038349961 610324.0350928891))",4283
4284,,"POLYGON ((-547485.0059912264 610309.3009778153, -546549.4304435981 610294.5804932197, -546564.10160385 609361.0070808645, -547499.6907417834 609375.7053264129, -547485.0059912264 610309.3009778153))",4284
4285,,"POLYGON ((-546549.4304435981 610294.5804932197, -545613.8771714981 610279.8736374923, -545628.5347430494 609346.3224436147, -546564.10160385 609361.0070808645, -546549.4304435981 610294.5804932197))",4285
4286,,"POLYGON ((-545613.8771714981 610279.8736374923, -544678.3461543142 610265.1804090241, -544692.9901387683 609331.6514130572, -545628.5347430494 609346.3224436147, -545613.8771714981 610279.8736374923))",4286
4287,,"POLYGON ((-544678.3461543142 610265.1804090241, -543742.8373714373 610250.5008062085, -543757.4677703959 609316.9939875874, -544692.9901387683 609331.6514130572, -544678.3461543142 610265.1804090241))",4287
4288,,"POLYGON ((-543742.8373714373 610250.5008062085, -542807.3508022611 610235.8348274397, -542821.9676173242 609302.3501656022, -543757.4677703959 609316.9939875874, -543742.8373714373 610250.5008062085))",4288
4289,,"POLYGON ((-542807.3508022611 610235.8348274397, -541871.8864261805 610221.1824711137, -541886.4896589466 609287.7199454997, -542821.9676173242 609302.3501656022, -542807.3508022611 610235.8348274397))",4289
4290,,"POLYGON ((-541871.8864261805 610221.1824711137, -540936.4442225943 610206.5437356287, -540951.03387466 609273.1033256802, -541886.4896589466 609287.7199454997, -541871.8864261805 610221.1824711137))",4290
4291,,"POLYGON ((-540936.4442225943 610206.5437356287, -540001.0241709022 610191.9186193836, -540015.6002438634 609258.5003045457, -540951.03387466 609273.1033256802, -540936.4442225943 610206.5437356287))",4291
4292,,"POLYGON ((-540001.0241709022 610191.9186193836, -539065.6262505071 610177.3071207794, -539080.1887459571 609243.9108804989, -540015.6002438634 609258.5003045457, -540001.0241709022 610191.9186193836))",4292
4293,,"POLYGON ((-539065.6262505071 610177.3071207794, -538130.2504408136 610162.7092382184, -538144.7993603451 609229.335051945, -539080.1887459571 609243.9108804989, -539065.6262505071 610177.3071207794))",4293
4294,,"POLYGON ((-538130.2504408136 610162.7092382184, -537194.89672123 610148.1249701048, -537209.4320664332 609214.7728172902, -538144.7993603451 609229.335051945, -538130.2504408136 610162.7092382184))",4294
4295,,"POLYGON ((-537194.89672123 610148.1249701048, -536259.5650711659 610133.5543148442, -536274.0868436294 609200.2241749424, -537209.4320664332 609214.7728172902, -537194.89672123 610148.1249701048))",4295
4296,,"POLYGON ((-536259.5650711659 610133.5543148442, -535324.2554700326 610118.9972708436, -535338.7636713444 609185.6891233112, -536274.0868436294 609200.2241749424, -536259.5650711659 610133.5543148442))",4296
4297,,"POLYGON ((-535324.2554700326 610118.9972708436, -534388.967897245 610104.4538365118, -534403.462528991 609171.1676608076, -535338.7636713444 609185.6891233112, -535324.2554700326 610118.9972708436))",4297
4298,,"POLYGON ((-534388.967897245 610104.4538365118, -533453.70233222 610089.9240102594, -533468.1833959849 609156.6597858445, -534403.462528991 609171.1676608076, -534388.967897245 610104.4538365118))",4298
4299,,"POLYGON ((-533453.70233222 610089.9240102594, -532518.4587543772 610075.4077904979, -532532.9262517431 609142.1654968361, -533468.1833959849 609156.6597858445, -533453.70233222 610089.9240102594))",4299
4300,,"POLYGON ((-532518.4587543772 610075.4077904979, -531583.2371431377 610060.9051756413, -531597.6910756858 609127.6847921981, -532532.9262517431 609142.1654968361, -532518.4587543772 610075.4077904979))",4300
4301,,"POLYGON ((-531583.2371431377 610060.9051756413, -530648.0374779252 610046.4161641042, -530662.4778472354 609113.217670348, -531597.6910756858 609127.6847921981, -531583.2371431377 610060.9051756413))",4301
4302,,"POLYGON ((-530648.0374779252 610046.4161641042, -529712.8597381663 610031.9407543036, -529727.2865458165 609098.7641297048, -530662.4778472354 609113.217670348, -530648.0374779252 610046.4161641042))",4302
4303,,"POLYGON ((-529712.8597381663 610031.9407543036, -528777.7039032893 610017.4789446575, -528792.1171508555 609084.3241686891, -529727.2865458165 609098.7641297048, -529712.8597381663 610031.9407543036))",4303
4304,,"POLYGON ((-528777.7039032893 610017.4789446575, -527842.5699527254 610003.0307335858, -527856.969641783 609069.8977857229, -528792.1171508555 609084.3241686891, -528777.7039032893 610017.4789446575))",4304
4305,,"POLYGON ((-527842.5699527254 610003.0307335858, -526907.4578659076 609988.5961195098, -526921.8439980295 609055.4849792301, -527856.969641783 609069.8977857229, -527842.5699527254 610003.0307335858))",4305
4306,,"POLYGON ((-526907.4578659076 609988.5961195098, -525972.3676222712 609974.1751008526, -525986.7401990298 609041.0857476356, -526921.8439980295 609055.4849792301, -526907.4578659076 609988.5961195098))",4306
4307,,"POLYGON ((-525972.3676222712 609974.1751008526, -525037.2992012544 609959.7676760386, -525051.6582242197 609026.7000893668, -525986.7401990298 609041.0857476356, -525972.3676222712 609974.1751008526))",4307
4308,,"POLYGON ((-525037.2992012544 609959.7676760386, -524102.2525822978 609945.3738434939, -524116.598053038 609012.3280028515, -525051.6582242197 609026.7000893668, -525037.2992012544 609959.7676760386))",4308
4309,,"POLYGON ((-524102.2525822978 609945.3738434939, -523167.2277448429 609930.9936016462, -523181.55966492486 608997.9694865203, -524116.598053038 609012.3280028515, -524102.2525822978 609945.3738434939))",4309
4310,,"POLYGON ((-523167.2277448429 609930.9936016462, -522232.22466833564 609916.6269489246, -522246.5430393255 608983.6245388044, -523181.55966492486 608997.9694865203, -523167.2277448429 609930.9936016462))",4310
4311,,"POLYGON ((-522232.22466833564 609916.6269489246, -521297.24333222245 609902.2738837603, -521311.5481556837 608969.2931581369, -522246.5430393255 608983.6245388044, -522232.22466833564 609916.6269489246))",4311
4312,,"POLYGON ((-521297.24333222245 609902.2738837603, -520362.28371595347 609887.9344045855, -520376.57499344845 608954.9753429529, -521311.5481556837 608969.2931581369, -521297.24333222245 609902.2738837603))",4312
4313,,"POLYGON ((-520362.28371595347 609887.9344045855, -519427.34579897975 609873.608509834, -519441.62353206926 608940.671091688, -520376.57499344845 608954.9753429529, -520362.28371595347 609887.9344045855))",4313
4314,,"POLYGON ((-519427.34579897975 609873.608509834, -518492.4295607562 609859.2961979413, -518506.6937509994 608926.3804027806, -519441.62353206926 608940.671091688, -519427.34579897975 609873.608509834))",4314
4315,,"POLYGON ((-518492.4295607562 609859.2961979413, -517557.53498073865 609844.9974673449, -517571.7856296934 608912.10327467, -518506.6937509994 608926.3804027806, -518492.4295607562 609859.2961979413))",4315
4316,,"POLYGON ((-517557.53498073865 609844.9974673449, -516622.66203838645 609830.7123164833, -516636.89914760867 608897.8397057973, -517571.7856296934 608912.10327467, -517557.53498073865 609844.9974673449))",4316
4317,,"POLYGON ((-516622.66203838645 609830.7123164833, -515687.8107131602 609816.4407437965, -515702.03428420366 608883.5896946045, -516636.89914760867 608897.8397057973, -516622.66203838645 609830.7123164833))",4317
4318,,"POLYGON ((-515687.8107131602 609816.4407437965, -514752.9809845232 609802.1827477264, -514767.19101894205 608869.3532395364, -515702.03428420366 608883.5896946045, -515687.8107131602 609816.4407437965))",4318
4319,,"POLYGON ((-514752.9809845232 609802.1827477264, -513818.1728319416 609787.9383267167, -513832.369331287 608855.1303390383, -514767.19101894205 608869.3532395364, -514752.9809845232 609802.1827477264))",4319
4320,,"POLYGON ((-513818.1728319416 609787.9383267167, -512883.38623488334 609773.7074792121, -512897.5692007041 608840.9209915575, -513832.369331287 608855.1303390383, -513818.1728319416 609787.9383267167))",4320
4321,,"POLYGON ((-512883.38623488334 609773.7074792121, -511948.6211728181 609759.4902036592, -511962.79060666333 608826.7251955428, -512897.5692007041 608840.9209915575, -512883.38623488334 609773.7074792121))",4321
4322,,"POLYGON ((-511948.6211728181 609759.4902036592, -511013.8776252188 609745.2864985059, -511028.03352863516 608812.5429494446, -511962.79060666333 608826.7251955428, -511948.6211728181 609759.4902036592))",4322
4323,,"POLYGON ((-511013.8776252188 609745.2864985059, -510079.1555715606 609731.0963622021, -510093.2979460927 608798.3742517149, -511028.03352863516 608812.5429494446, -511013.8776252188 609745.2864985059))",4323
4324,,"POLYGON ((-510079.1555715606 609731.0963622021, -509144.4549913198 609716.9197931988, -509158.58383851196 608784.219100807, -510093.2979460927 608798.3742517149, -510079.1555715606 609731.0963622021))",4324
4325,,"POLYGON ((-509144.4549913198 609716.9197931988, -508209.7758639769 609702.7567899491, -508223.8911853699 608770.0774951763, -509158.58383851196 608784.219100807, -509144.4549913198 609716.9197931988))",4325
4326,,"POLYGON ((-508209.7758639769 609702.7567899491, -507275.11816901306 609688.607350907, -507289.21996614814 608755.9494332793, -508223.8911853699 608770.0774951763, -508209.7758639769 609702.7567899491))",4326
4327,,"POLYGON ((-507275.11816901306 609688.607350907, -506340.48188591225 609674.4714745289, -506354.5701603282 608741.8349135743, -507289.21996614814 608755.9494332793, -507275.11816901306 609688.607350907))",4327
4328,,"POLYGON ((-506340.48188591225 609674.4714745289, -505405.8669941608 609660.3491592718, -505419.9417473946 608727.7339345209, -506354.5701603282 608741.8349135743, -506340.48188591225 609674.4714745289))",4328
4329,,"POLYGON ((-505405.8669941608 609660.3491592718, -504471.27347324754 609646.240403595, -504485.33470683533 608713.6464945803, -505419.9417473946 608727.7339345209, -505405.8669941608 609660.3491592718))",4329
4330,,"POLYGON ((-504471.27347324754 609646.240403595, -503536.7013026632 609632.1452059591, -503550.7490181391 608699.5725922157, -504485.33470683533 608713.6464945803, -504471.27347324754 609646.240403595))",4330
4331,,"POLYGON ((-503536.7013026632 609632.1452059591, -502602.1504619005 609618.0635648264, -502616.1846607968 608685.5122258916, -503550.7490181391 608699.5725922157, -503536.7013026632 609632.1452059591))",4331
4332,,"POLYGON ((-502602.1504619005 609618.0635648264, -501667.62093045504 609603.9954786603, -501681.64161430334 608671.4653940735, -502616.1846607968 608685.5122258916, -502602.1504619005 609618.0635648264))",4332
4333,,"POLYGON ((-501667.62093045504 609603.9954786603, -500733.1126878251 609589.9409459265, -500747.11985815444 608657.4320952296, -501681.64161430334 608671.4653940735, -501667.62093045504 609603.9954786603))",4333
4334,,"POLYGON ((-500733.1126878251 609589.9409459265, -499798.6257135095 609575.8999650915, -499812.61937184806 608643.4123278287, -500747.11985815444 608657.4320952296, -500733.1126878251 609589.9409459265))",4334
4335,,"POLYGON ((-499798.6257135095 609575.8999650915, -498864.159987011 609561.872534624, -498878.14013488544 608629.4060903415, -499812.61937184806 608643.4123278287, -499798.6257135095 609575.8999650915))",4335
4336,,"POLYGON ((-498864.159987011 609561.872534624, -497929.7154878349 609547.8586529942, -497943.6821267692 608615.4133812403, -498878.14013488544 608629.4060903415, -498864.159987011 609561.872534624))",4336
4337,,"POLYGON ((-497929.7154878349 609547.8586529942, -496995.29219548625 609533.858318673, -497009.24532700446 608601.434198999, -497943.6821267692 608615.4133812403, -497929.7154878349 609547.8586529942))",4337
4338,,"POLYGON ((-496995.29219548625 609533.858318673, -496060.8900894753 609519.8715301341, -496074.82971509895 608587.468542093, -497009.24532700446 608601.434198999, -496995.29219548625 609533.858318673))",4338
4339,,"POLYGON ((-496060.8900894753 609519.8715301341, -495126.5091493131 609505.8982858522, -495140.43527056195 608573.516408999, -496074.82971509895 608587.468542093, -496060.8900894753 609519.8715301341))",4339
4340,,"POLYGON ((-495126.5091493131 609505.8982858522, -494192.14935451245 609491.9385843031, -494206.06197290565 608559.5777981956, -495140.43527056195 608573.516408999, -495126.5091493131 609505.8982858522))",4340
4341,,"POLYGON ((-494192.14935451245 609491.9385843031, -493257.81068458955 609477.9924239649, -493271.7098016441 608545.6527081629, -494206.06197290565 608559.5777981956, -494192.14935451245 609491.9385843031))",4341
4342,,"POLYGON ((-493257.81068458955 609477.9924239649, -492323.49311906274 609464.059803317, -492337.37873629376 608531.7411373827, -493271.7098016441 608545.6527081629, -493257.81068458955 609477.9924239649))",4342
4343,,"POLYGON ((-492323.49311906274 609464.059803317, -491389.19663745177 609450.1407208403, -491403.06875637337 608517.8430843379, -492337.37873629376 608531.7411373827, -492323.49311906274 609464.059803317))",4343
4344,,"POLYGON ((-491389.19663745177 609450.1407208403, -490454.9212192794 609436.235175017, -490468.77984140394 608503.9585475131, -491403.06875637337 608517.8430843379, -491389.19663745177 609450.1407208403))",4344
4345,,"POLYGON ((-490454.9212192794 609436.235175017, -489520.6668440703 609422.3431643316, -489534.5119709084 608490.0875253951, -490468.77984140394 608503.9585475131, -490454.9212192794 609436.235175017))",4345
4346,,"POLYGON ((-566216.1834636529 609672.5304677183, -565280.1444506312 609657.5597164477, -565295.0649217044 608723.5371351503, -566231.1175366936 608738.4852341672, -566216.1834636529 609672.5304677183))",4346
4347,,"POLYGON ((-565280.1444506312 609657.5597164477, -564344.1281275067 609642.6026059336, -564359.0349982465 608708.602656271, -565295.0649217044 608723.5371351503, -565280.1444506312 609657.5597164477))",4347
4348,,"POLYGON ((-564344.1281275067 609642.6026059336, -563408.1344736195 609627.6591345373, -563423.0277456578 608693.6817958937, -564359.0349982465 608708.602656271, -564344.1281275067 609642.6026059336))",4348
4349,,"POLYGON ((-563408.1344736195 609627.6591345373, -562472.1634683097 609612.7293006233, -562487.0431432787 608678.7745523843, -563423.0277456578 608693.6817958937, -563408.1344736195 609627.6591345373))",4349
4350,,"POLYGON ((-562472.1634683097 609612.7293006233, -561536.2150909211 609597.8131025563, -561551.0811704495 608663.8809241105, -562487.0431432787 608678.7745523843, -562472.1634683097 609612.7293006233))",4350
4351,,"POLYGON ((-561536.2150909211 609597.8131025563, -560600.2893208007 609582.9105387032, -560615.1418065161 608649.0009094418, -561551.0811704495 608663.8809241105, -561536.2150909211 609597.8131025563))",4351
4352,,"POLYGON ((-560600.2893208007 609582.9105387032, -559664.3861372964 609568.0216074325, -559679.225030825 608634.1345067488, -560615.1418065161 608649.0009094418, -560600.2893208007 609582.9105387032))",4352
4353,,"POLYGON ((-559664.3861372964 609568.0216074325, -558728.5055197591 609553.1463071143, -558743.3308227251 608619.2817144037, -559679.225030825 608634.1345067488, -559664.3861372964 609568.0216074325))",4353
4354,,"POLYGON ((-558728.5055197591 609553.1463071143, -557792.6474475425 609538.2846361197, -557807.4591615691 608604.4425307806, -558743.3308227251 608619.2817144037, -558728.5055197591 609553.1463071143))",4354
4355,,"POLYGON ((-557792.6474475425 609538.2846361197, -556856.8119000024 609523.4365928221, -556871.6100267109 608589.616954255, -557807.4591615691 608604.4425307806, -557792.6474475425 609538.2846361197))",4355
4356,,"POLYGON ((-556856.8119000024 609523.4365928221, -555920.9988564965 609508.6021755966, -555935.7833975067 608574.8049832045, -556871.6100267109 608589.616954255, -556856.8119000024 609523.4365928221))",4356
4357,,"POLYGON ((-555920.9988564965 609508.6021755966, -554985.2082963858 609493.7813828189, -554999.9792533158 608560.0066160071, -555935.7833975067 608574.8049832045, -555920.9988564965 609508.6021755966))",4357
4358,,"POLYGON ((-554985.2082963858 609493.7813828189, -554049.4401990331 609478.9742128674, -554064.1975734995 608545.2218510436, -554999.9792533158 608560.0066160071, -554985.2082963858 609493.7813828189))",4358
4359,,"POLYGON ((-554049.4401990331 609478.9742128674, -553113.6945438033 609464.1806641213, -553128.4383374217 608530.4506866959, -554064.1975734995 608545.2218510436, -554049.4401990331 609478.9742128674))",4359
4360,,"POLYGON ((-553113.6945438033 609464.1806641213, -552177.9713100654 609449.400734962, -552192.7015244486 608515.6931213472, -553128.4383374217 608530.4506866959, -553113.6945438033 609464.1806641213))",4360
4361,,"POLYGON ((-552177.9713100654 609449.400734962, -551242.2704771885 609434.634423772, -551256.9871139489 608500.9491533827, -552192.7015244486 608515.6931213472, -552177.9713100654 609449.400734962))",4361
4362,,"POLYGON ((-551242.2704771885 609434.634423772, -550306.5920245461 609419.8817289353, -550321.2950852932 608486.2187811893, -551256.9871139489 608500.9491533827, -551242.2704771885 609434.634423772))",4362
4363,,"POLYGON ((-550306.5920245461 609419.8817289353, -549370.9359315122 609405.1426488379, -549385.6254178553 608471.5020031547, -550321.2950852932 608486.2187811893, -550306.5920245461 609419.8817289353))",4363
4364,,"POLYGON ((-549370.9359315122 609405.1426488379, -548435.3021774647 609390.4171818675, -548449.9780910106 608456.7988176689, -549385.6254178553 608471.5020031547, -549370.9359315122 609405.1426488379))",4364
4365,,"POLYGON ((-548435.3021774647 609390.4171818675, -547499.6907417834 609375.7053264129, -547514.3530841377 608442.1092231238, -548449.9780910106 608456.7988176689, -548435.3021774647 609390.4171818675))",4365
4366,,"POLYGON ((-547499.6907417834 609375.7053264129, -546564.10160385 609361.0070808645, -546578.7503766173 608427.4332179115, -547514.3530841377 608442.1092231238, -547499.6907417834 609375.7053264129))",4366
4367,,"POLYGON ((-546564.10160385 609361.0070808645, -545628.5347430494 609346.3224436147, -545643.1699478318 608412.7708004271, -546578.7503766173 608427.4332179115, -546564.10160385 609361.0070808645))",4367
4368,,"POLYGON ((-545628.5347430494 609346.3224436147, -544692.9901387683 609331.6514130572, -544707.6117771665 608398.1219690664, -545643.1699478318 608412.7708004271, -545628.5347430494 609346.3224436147))",4368
4369,,"POLYGON ((-544692.9901387683 609331.6514130572, -543757.4677703959 609316.9939875874, -543772.075844009 608383.4867222274, -544707.6117771665 608398.1219690664, -544692.9901387683 609331.6514130572))",4369
4370,,"POLYGON ((-543757.4677703959 609316.9939875874, -542821.9676173242 609302.3501656022, -542836.56212775 608368.8650583093, -543772.075844009 608383.4867222274, -543757.4677703959 609316.9939875874))",4370
4371,,"POLYGON ((-542821.9676173242 609302.3501656022, -541886.4896589466 609287.7199454997, -541901.0706077812 608354.2569757128, -542836.56212775 608368.8650583093, -542821.9676173242 609302.3501656022))",4371
4372,,"POLYGON ((-541886.4896589466 609287.7199454997, -540951.03387466 609273.1033256802, -540965.6012634984 608339.6624728403, -541901.0706077812 608354.2569757128, -541886.4896589466 609287.7199454997))",4372
4373,,"POLYGON ((-540951.03387466 609273.1033256802, -540015.6002438634 609258.5003045457, -540030.1540742979 608325.0815480963, -540965.6012634984 608339.6624728403, -540951.03387466 609273.1033256802))",4373
4374,,"POLYGON ((-540015.6002438634 609258.5003045457, -539080.1887459571 609243.9108804989, -539094.7290195794 608310.5141998857, -540030.1540742979 608325.0815480963, -540015.6002438634 609258.5003045457))",4374
4375,,"POLYGON ((-539080.1887459571 609243.9108804989, -538144.7993603451 609229.335051945, -538159.3260787447 608295.960426616, -539094.7290195794 608310.5141998857, -539080.1887459571 609243.9108804989))",4375
4376,,"POLYGON ((-538144.7993603451 609229.335051945, -537209.4320664332 609214.7728172902, -537223.9452311986 608281.4202266961, -538159.3260787447 608295.960426616, -538144.7993603451 609229.335051945))",4376
4377,,"POLYGON ((-537209.4320664332 609214.7728172902, -536274.0868436294 609200.2241749424, -536288.5864563473 608266.8935985358, -537223.9452311986 608281.4202266961, -537209.4320664332 609214.7728172902))",4377
4378,,"POLYGON ((-536274.0868436294 609200.2241749424, -535338.7636713444 609185.6891233112, -535353.2497336001 608252.3805405474, -536288.5864563473 608266.8935985358, -536274.0868436294 609200.2241749424))",4378
4379,,"POLYGON ((-535338.7636713444 609185.6891233112, -534403.462528991 609171.1676608076, -534417.9350423673 608237.8810511443, -535353.2497336001 608252.3805405474, -535338.7636713444 609185.6891233112))",4379
4380,,"POLYGON ((-534403.462528991 609171.1676608076, -533468.1833959849 609156.6597858445, -533482.6423620642 608223.3951287416, -534417.9350423673 608237.8810511443, -534403.462528991 609171.1676608076))",4380
4381,,"POLYGON ((-533468.1833959849 609156.6597858445, -532532.9262517431 609142.1654968361, -532547.3716721059 608208.9227717556, -533482.6423620642 608223.3951287416, -533468.1833959849 609156.6597858445))",4381
4382,,"POLYGON ((-532532.9262517431 609142.1654968361, -531597.6910756858 609127.6847921981, -531612.1229519107 608194.4639786048, -532547.3716721059 608208.9227717556, -532532.9262517431 609142.1654968361))",4382
4383,,"POLYGON ((-531597.6910756858 609127.6847921981, -530662.4778472354 609113.217670348, -530676.8961808995 608180.0187477086, -531612.1229519107 608194.4639786048, -531597.6910756858 609127.6847921981))",4383
4384,,"POLYGON ((-530662.4778472354 609113.217670348, -529727.2865458165 609098.7641297048, -529741.6913384956 608165.5870774888, -530676.8961808995 608180.0187477086, -530662.4778472354 609113.217670348))",4384
4385,,"POLYGON ((-529727.2865458165 609098.7641297048, -528792.1171508555 609084.3241686891, -528806.5084041244 608151.168966368, -529741.6913384956 608165.5870774888, -529727.2865458165 609098.7641297048))",4385
4386,,"POLYGON ((-528792.1171508555 609084.3241686891, -527856.969641783 609069.8977857229, -527871.3473572134 608136.7644127704, -528806.5084041244 608151.168966368, -528792.1171508555 609084.3241686891))",4386
4387,,"POLYGON ((-527856.969641783 609069.8977857229, -526921.8439980295 609055.4849792301, -526936.2081771927 608122.3734151227, -527871.3473572134 608136.7644127704, -527856.969641783 609069.8977857229))",4387
4388,,"POLYGON ((-526921.8439980295 609055.4849792301, -525986.7401990298 609041.0857476356, -526001.0908434945 608107.9959718519, -526936.2081771927 608122.3734151227, -526921.8439980295 609055.4849792301))",4388
4389,,"POLYGON ((-525986.7401990298 609041.0857476356, -525051.6582242197 609026.7000893668, -525065.9953355545 608093.6320813874, -526001.0908434945 608107.9959718519, -525986.7401990298 609041.0857476356))",4389
4390,,"POLYGON ((-525051.6582242197 609026.7000893668, -524116.598053038 609012.3280028515, -524130.92163280887 608079.28174216, -525065.9953355545 608093.6320813874, -525051.6582242197 609026.7000893668))",4390
4391,,"POLYGON ((-524116.598053038 609012.3280028515, -523181.55966492486 608997.9694865203, -523195.86971469666 608064.944952602, -524130.92163280887 608079.28174216, -524116.598053038 609012.3280028515))",4391
4392,,"POLYGON ((-523181.55966492486 608997.9694865203, -522246.5430393255 608983.6245388044, -522260.839560661 608050.6217111473, -523195.86971469666 608064.944952602, -523181.55966492486 608997.9694865203))",4392
4393,,"POLYGON ((-522246.5430393255 608983.6245388044, -521311.5481556837 608969.2931581369, -521325.8311501448 608036.3120162311, -522260.839560661 608050.6217111473, -522246.5430393255 608983.6245388044))",4393
4394,,"POLYGON ((-521311.5481556837 608969.2931581369, -520376.57499344845 608954.9753429529, -520390.84446259495 608022.0158662907, -521325.8311501448 608036.3120162311, -521311.5481556837 608969.2931581369))",4394
4395,,"POLYGON ((-520376.57499344845 608954.9753429529, -519441.62353206926 608940.671091688, -519455.87947745994 608007.7332597647, -520390.84446259495 608022.0158662907, -520376.57499344845 608954.9753429529))",4395
4396,,"POLYGON ((-519441.62353206926 608940.671091688, -518506.6937509994 608926.3804027806, -518520.9361741906 607993.4641950929, -519455.87947745994 608007.7332597647, -519441.62353206926 608940.671091688))",4396
4397,,"POLYGON ((-518506.6937509994 608926.3804027806, -517571.7856296934 608912.10327467, -517586.0145322409 607979.2086707173, -518520.9361741906 607993.4641950929, -518506.6937509994 608926.3804027806))",4397
4398,,"POLYGON ((-517571.7856296934 608912.10327467, -516636.89914760867 608897.8397057973, -516651.1145310658 607964.9666850813, -517586.0145322409 607979.2086707173, -517571.7856296934 608912.10327467))",4398
4399,,"POLYGON ((-516636.89914760867 608897.8397057973, -515702.03428420366 608883.5896946045, -515716.2361501232 607950.7382366295, -516651.1145310658 607964.9666850813, -516636.89914760867 608897.8397057973))",4399
4400,,"POLYGON ((-515702.03428420366 608883.5896946045, -514767.19101894205 608869.3532395364, -514781.3793688741 607936.5233238084, -515716.2361501232 607950.7382366295, -515702.03428420366 608883.5896946045))",4400
4401,,"POLYGON ((-514767.19101894205 608869.3532395364, -513832.369331287 608855.1303390383, -513846.5441667802 607922.3219450661, -514781.3793688741 607936.5233238084, -514767.19101894205 608869.3532395364))",4401
4402,,"POLYGON ((-513832.369331287 608855.1303390383, -512897.5692007041 608840.9209915575, -512911.7305233071 607908.1340988519, -513846.5441667802 607922.3219450661, -513832.369331287 608855.1303390383))",4402
4403,,"POLYGON ((-512897.5692007041 608840.9209915575, -511962.79060666333 608826.7251955428, -511976.93841792096 607893.9597836172, -512911.7305233071 607908.1340988519, -512897.5692007041 608840.9209915575))",4403
4404,,"POLYGON ((-511962.79060666333 608826.7251955428, -511028.03352863516 608812.5429494446, -511042.16783009213 607879.7989978143, -511976.93841792096 607893.9597836172, -511962.79060666333 608826.7251955428))",4404
4405,,"POLYGON ((-511028.03352863516 608812.5429494446, -510093.2979460927 608798.3742517149, -510107.4187392922 607865.6517398978, -511042.16783009213 607879.7989978143, -511028.03352863516 608812.5429494446))",4405
4406,,"POLYGON ((-510093.2979460927 608798.3742517149, -509158.58383851196 608784.219100807, -509172.69112499454 607851.5180083233, -510107.4187392922 607865.6517398978, -510093.2979460927 608798.3742517149))",4406
4407,,"POLYGON ((-509158.58383851196 608784.219100807, -508223.8911853699 608770.0774951763, -508237.984966676 607837.3978015481, -509172.69112499454 607851.5180083233, -509158.58383851196 608784.219100807))",4407
4408,,"POLYGON ((-508223.8911853699 608770.0774951763, -507289.21996614814 608755.9494332793, -507303.30024381564 607823.2911180313, -508237.984966676 607837.3978015481, -508223.8911853699 608770.0774951763))",4408
4409,,"POLYGON ((-507289.21996614814 608755.9494332793, -506354.5701603282 608741.8349135743, -506368.6369358932 607809.1979562332, -507303.30024381564 607823.2911180313, -507289.21996614814 608755.9494332793))",4409
4410,,"POLYGON ((-506354.5701603282 608741.8349135743, -505419.9417473946 608727.7339345209, -505433.9950223933 607795.118314616, -506368.6369358932 607809.1979562332, -506354.5701603282 608741.8349135743))",4410
4411,,"POLYGON ((-505419.9417473946 608727.7339345209, -504485.33470683533 608713.6464945803, -504499.37448279967 607781.0521916434, -505433.9950223933 607795.118314616, -505419.9417473946 608727.7339345209))",4411
4412,,"POLYGON ((-504485.33470683533 608713.6464945803, -503550.7490181391 608699.5725922157, -503564.77529660217 607766.9995857803, -504499.37448279967 607781.0521916434, -504485.33470683533 608713.6464945803))",4412
4413,,"POLYGON ((-503550.7490181391 608699.5725922157, -502616.1846607968 608685.5122258916, -502630.1974432883 607752.9604954934, -503564.77529660217 607766.9995857803, -503550.7490181391 608699.5725922157))",4413
4414,,"POLYGON ((-502616.1846607968 608685.5122258916, -501681.64161430334 608671.4653940735, -501695.6409023523 607738.9349192512, -502630.1974432883 607752.9604954934, -502616.1846607968 608685.5122258916))",4414
4415,,"POLYGON ((-501681.64161430334 608671.4653940735, -500747.11985815444 608657.4320952296, -500761.1056532875 607724.9228555235, -501695.6409023523 607738.9349192512, -501681.64161430334 608671.4653940735))",4415
4416,,"POLYGON ((-500747.11985815444 608657.4320952296, -499812.61937184806 608643.4123278287, -499826.59167559154 607710.9243027817, -500761.1056532875 607724.9228555235, -500747.11985815444 608657.4320952296))",4416
4417,,"POLYGON ((-499812.61937184806 608643.4123278287, -498878.14013488544 608629.4060903415, -498892.098948763 607696.9392594986, -499826.59167559154 607710.9243027817, -499812.61937184806 608643.4123278287))",4417
4418,,"POLYGON ((-498878.14013488544 608629.4060903415, -497943.6821267692 608615.4133812403, -497957.6274523039 607682.9677241489, -498892.098948763 607696.9392594986, -498878.14013488544 608629.4060903415))",4418
4419,,"POLYGON ((-497943.6821267692 608615.4133812403, -497009.24532700446 608601.434198999, -497023.1771657171 607669.0096952085, -497957.6274523039 607682.9677241489, -497943.6821267692 608615.4133812403))",4419
4420,,"POLYGON ((-497009.24532700446 608601.434198999, -496074.82971509895 608587.468542093, -496088.7480685088 607655.0651711551, -497023.1771657171 607669.0096952085, -497009.24532700446 608601.434198999))",4420
4421,,"POLYGON ((-496074.82971509895 608587.468542093, -495140.43527056195 608573.516408999, -495154.3401401873 607641.134150468, -496088.7480685088 607655.0651711551, -496074.82971509895 608587.468542093))",4421
4422,,"POLYGON ((-495140.43527056195 608573.516408999, -494206.06197290565 608559.5777981956, -494219.95336026244 607627.2166316279, -495154.3401401873 607641.134150468, -495140.43527056195 608573.516408999))",4422
4423,,"POLYGON ((-494206.06197290565 608559.5777981956, -493271.7098016441 608545.6527081629, -493285.587708247 607613.312613117, -494219.95336026244 607627.2166316279, -494206.06197290565 608559.5777981956))",4423
4424,,"POLYGON ((-493271.7098016441 608545.6527081629, -492337.37873629376 608531.7411373827, -492351.2431636563 607599.4220934194, -493285.587708247 607613.312613117, -493271.7098016441 608545.6527081629))",4424
4425,,"POLYGON ((-492337.37873629376 608531.7411373827, -491403.06875637337 608517.8430843379, -491416.91970600735 607585.5450710203, -492351.2431636563 607599.4220934194, -492337.37873629376 608531.7411373827))",4425
4426,,"POLYGON ((-491403.06875637337 608517.8430843379, -490468.77984140394 608503.9585475131, -490482.61731481936 607571.6815444063, -491416.91970600735 607585.5450710203, -491403.06875637337 608517.8430843379))",4426
4427,,"POLYGON ((-490468.77984140394 608503.9585475131, -489534.5119709084 608490.0875253951, -489548.3359696135 607557.8315120665, -490482.61731481936 607571.6815444063, -490468.77984140394 608503.9585475131))",4427
