"origin_id","destination_id","duration_seconds","distance_km"
1,0,1350.94,25.1
1,1,1303.26,24.81
1,2,1300.13,24.74
1,3,1341.15,25.58
1,4,1344.3,25.65
1,5,1482.8,25.92
1,6,1500.6,25.99
1,7,1518.6,26.07
1,8,1536.59,26.14
1,9,1525.74,25.45
1,10,1484.28,25.69
1,11,1475.05,25.62
1,12,1466.15,25.54
1,13,1457.25,25.47
1,14,1448.35,25.39
1,15,1582.28,26.45
1,16,1602.8,26.53
1,17,1669.1,26.81
1,18,1687.77,26.89
1,19,1687.77,26.89
1,20,1538.14,25.02
1,21,1538.14,25.02
1,22,1527.94,24.98
1,23,1538.12,25.02
1,24,1543.61,25.04
1,25,1497.35,24.95
1,26,1499.58,24.96
1,27,1504.55,24.98
1,28,1469.11,24.98
1,29,1478.57,25.06
1,30,1496.29,25.16
1,31,1513.82,25.23
1,32,1525.43,25.28
1,33,1529.9,25.3
1,34,1868.9,27.22
1,35,1868.9,27.22
1,40,1389.45,25.26
1,41,1411.73,25.35
1,42,1296.94,24.67
1,43,1344.32,25.65
1,44,1347.47,25.73
1,45,1350.62,25.8
1,46,1518.49,26.07
1,47,1536.49,26.14
1,48,1524.9,25.44
1,49,1507.47,25.37
1,50,1474.93,25.61
1,51,1466.04,25.54
1,52,1457.14,25.47
1,53,1448.24,25.39
1,54,1439.34,25.32
1,55,1430.45,25.24
1,56,1419.77,24.57
1,57,1687.77,26.89
1,58,1687.77,26.89
1,59,1538.14,25.02
1,60,1538.14,25.02
1,61,1530.52,24.99
1,62,1512.11,24.91
1,63,1526.51,24.97
1,64,1535.27,25.01
1,65,1480.61,24.88
1,66,1478.44,24.87
1,67,1476.28,24.86
1,68,1462.58,24.93
1,69,1472.01,25
1,70,1519.08,25.25
1,71,1529.9,25.3
1,72,1534.17,25.32
1,73,1657.59,25.6
1,74,1868.9,27.22
1,75,1868.9,27.22
1,80,1401.62,25.31
1,81,1415.54,24.78
1,82,1401.49,24.72
1,83,1290.62,24.52
1,84,1350.65,25.8
1,85,1353.77,25.88
1,86,1356.89,25.95
1,87,1512.98,25.39
1,88,1507.95,25.37
1,89,1488.9,25.29
1,90,1470.96,25.22
1,91,1457.02,25.47
1,92,1448.13,25.39
1,93,1439.23,25.32
1,94,1430.33,25.24
1,95,1420.39,24.57
1,96,1412.28,24.51
1,97,1403.72,24.44
1,98,1456.7,24.39
1,99,1456.7,24.39
1,100,1456.7,24.39
1,101,1478.75,24.77
1,102,1486.74,24.81
1,103,1487.23,24.81
1,104,1527.48,24.98
1,105,1455.11,24.77
1,106,1455.49,24.77
1,107,1446.56,24.79
1,108,1455.86,24.87
1,109,1548.34,25.37
1,110,1544.37,25.36
1,111,1540.41,25.34
1,112,1657.59,25.6
1,113,1657.59,25.6
1,114,1657.59,25.6
1,115,1868.9,27.22
1,120,1394.95,24.85
1,121,1394.76,24.7
1,122,1381.74,24.64
1,123,1287.44,24.44
1,124,1284.31,24.37
1,125,1356.96,25.95
1,126,1385.91,26.2
1,127,1392.62,26.32
1,128,1512.98,25.39
1,129,1470.96,25.22
1,130,1453.09,25.14
1,131,1418.25,25.06
1,132,1439.11,25.32
1,133,1430.22,25.24
1,134,1421.02,24.58
1,135,1412.28,24.51
1,136,1403.57,24.43
1,137,1394.7,24.36
1,138,1456.7,24.39
1,139,1456.7,24.39
1,140,1456.7,24.39
1,141,1456.7,24.39
1,142,1461.37,24.7
1,143,1431.35,24.56
1,144,1417.73,24.48
1,145,1421.06,24.58
1,146,1430.49,24.66
1,147,1440.08,24.74
1,148,1470.26,24.82
1,149,1576.58,25.49
1,150,1566.26,25.45
1,151,1563.65,25.44
1,152,1657.59,25.6
1,153,1657.59,25.6
1,154,1657.59,25.6
1,155,1657.59,25.6
1,160,1389.96,24.83
1,161,1391.37,24.84
1,162,1359.98,24.55
1,163,1342.93,24.48
1,164,1281.12,24.29
1,165,1277.99,24.22
1,166,1380.83,26.18
1,167,1392.62,26.32
1,168,1295.48,24.19
1,169,1452.74,25.14
1,170,1435.14,25.07
1,171,1418.25,25.06
1,172,1414.92,25.05
1,173,1409.67,25.09
1,174,1412.32,24.51
1,175,1403.43,24.43
1,176,1394.55,24.36
1,177,1385.67,24.28
1,178,1443.35,24.33
1,179,1446.22,24.35
1,180,1449.08,24.36
1,181,1451.95,24.37
1,182,1450.84,24.66
1,183,1422.78,24.51
1,184,1405.44,24.45
1,185,1414.5,24.52
1,186,1443.52,24.71
1,187,1463.7,24.79
1,188,1480.16,24.86
1,189,1595.13,25.34
1,190,1590.31,25.55
1,191,1640.97,25.53
1,192,1657.59,25.6
1,193,1657.59,25.6
1,194,1657.59,25.6
1,195,1662.83,23.58
1,200,1371.52,24.75
1,201,1360.32,24.71
1,202,1341.26,24.47
1,203,1324.34,24.4
1,204,1296.7,24.25
1,205,1274.87,24.14
1,206,1369.29,26.19
1,207,1289.39,24.16
1,208,1295.48,24.19
1,209,1434.58,25.07
1,210,1417.23,24.99
1,211,1399.11,24.92
1,212,1393.64,24.95
1,213,1402.89,25.03
1,214,1403.28,24.43
1,215,1394.4,24.36
1,216,1385.52,24.28
1,217,1376.64,24.21
1,218,1420.89,24.24
1,219,1424.1,24.25
1,220,1427.3,24.27
1,221,1422.45,24.25
1,222,1432.87,24.29
1,223,1409.21,24.43
1,224,1398.47,24.39
1,225,1418.74,24.48
1,226,1449.36,24.61
1,227,1475.79,24.72
1,228,1499.91,24.94
1,229,1578.13,25.27
1,230,1612.24,25.64
1,231,1626.28,25.47
1,232,1643.5,25.54
1,233,1657.59,25.6
1,234,1662.83,23.58
1,235,1661.57,23.57
1,243,1308.88,24.35
1,244,1299.64,24.26
1,245,1282.8,24.14
1,246,1268.5,23.99
1,247,1275.76,24.14
1,248,1278.9,24.22
1,249,1337.46,24.66
1,250,1357,24.74
1,251,1375.67,24.82
1,252,1372.21,24.17
1,253,1363.29,24.1
1,254,1394.25,24.36
1,255,1385.37,24.28
1,256,1376.49,24.21
1,257,1367.61,24.13
1,258,1358.74,24.06
1,259,1410.86,24.2
1,260,1405.82,24.18
1,261,1405.43,24.18
1,262,1415.44,24.22
1,263,1382.44,24.26
1,264,1391.82,24.34
1,265,1444.99,24.59
1,266,1453.54,24.63
1,267,1508.55,24.98
1,268,1517.02,25.01
1,269,1554.03,25.17
1,270,1594.65,25.34
1,271,1602.89,25.37
1,272,1636.18,25.51
1,273,1668.52,23.6
1,274,1661.57,23.57
1,275,1661.57,23.57
1,276,1671.15,23.61
1,277,1671.15,23.61
1,278,1896.94,23.26
1,279,1895.98,23.26
1,283,1332.26,24.39
1,284,1321.25,24.37
1,285,1326.66,24.4
1,286,1265.33,23.92
1,287,1262.18,23.84
1,288,1292.53,24.38
1,289,1324.46,24.61
1,290,1343.49,24.69
1,291,1362.29,24.76
1,292,1363.21,24.1
1,293,1354.29,24.02
1,294,1345.36,23.95
1,295,1376.34,24.21
1,296,1367.47,24.13
1,297,1358.59,24.06
1,298,1349.31,23.98
1,299,1399.12,24.15
1,300,1383.69,24.08
1,301,1385.24,24.09
1,302,1366.42,24.12
1,303,1375.8,24.2
1,304,1455.13,24.63
1,305,1455.13,24.63
1,306,1474.53,24.72
1,307,1483.94,24.75
1,308,1543.22,25.12
1,309,1554.26,25.17
1,310,1579.11,25.27
1,311,1609.53,25.4
1,312,1655.35,25.59
1,313,1662.8,23.58
1,314,1654,23.54
1,315,1652.7,23.54
1,316,1671.15,23.61
1,317,1671.15,23.61
1,318,1901.24,23.28
1,319,1913.43,23.33
1,323,1348.32,24.46
1,324,1337.9,24.47
1,325,1343.17,24.5
1,326,1262.17,23.84
1,327,1259.01,23.77
1,328,1285.27,24.37
1,329,1311.45,24.55
1,330,1330.49,24.63
1,331,1377.89,25.08
1,332,1382.9,25.1
1,333,1345.29,23.95
1,334,1336.37,23.87
1,335,1367.32,24.13
1,336,1358.44,24.06
1,337,1349.51,23.98
1,338,1340.43,23.91
1,339,1362.64,24
1,340,1358.47,23.98
1,341,1350.4,23.99
1,342,1359.78,24.07
1,343,1369.16,24.15
1,344,1455.13,24.63
1,345,1485.16,24.76
1,346,1501.97,24.83
1,347,1512.25,24.87
1,348,1582.81,25.29
1,349,1577.35,25.27
1,350,1596.29,23.3
1,351,1593.63,23.29
1,352,1659.58,25.61
1,353,1641.21,23.49
1,354,1631.56,23.45
1,355,1650.1,23.53
1,356,1671.15,23.61
1,357,1671.15,23.61
1,358,1900.43,23.28
1,359,1890.6,23.24
1,363,1369.33,24.55
1,364,1354.42,24.56
1,365,1359.69,24.59
1,366,1364.96,24.62
1,367,1255.84,23.7
1,368,1252.68,23.62
1,369,1291.58,24.52
1,370,1294.71,24.59
1,371,1360.53,25
1,372,1365.14,25.02
1,373,1336.3,23.87
1,374,1327.37,23.8
1,375,1318.45,23.72
1,376,1349.72,23.99
1,377,1340.63,23.91
1,378,1331.55,23.83
1,379,1324.97,23.78
1,380,1334.37,23.86
1,381,1352.87,23.96
1,382,1370.89,24.03
1,383,1387.84,24.1
1,384,1485.16,24.76
1,385,1486.31,24.76
1,386,1525.49,24.93
1,387,1566.79,23.18
1,388,1576.56,23.22
1,389,1557.1,23.14
1,390,1568.65,23.19
1,391,1579.37,23.23
1,392,1573.03,23.21
1,393,1610.56,23.36
1,394,1623.1,23.41
1,395,1639.31,23.48
1,396,1663.14,23.58
1,397,1682.62,23.66
1,398,1682.62,23.66
1,399,1900.43,23.28
1,403,1365.66,24.62
1,404,1370.93,24.65
1,405,1376.89,24.68
1,406,1383.4,24.72
1,407,1461.78,23.93
1,408,1249.47,23.54
1,409,1246.34,23.47
1,410,1297.9,24.67
1,411,1336.1,24.9
1,412,1352.18,24.97
1,413,1327.3,23.8
1,414,1318.38,23.72
1,415,1309.45,23.65
1,416,1300.4,23.57
1,417,1331.75,23.84
1,418,1322.67,23.76
1,419,1318.35,23.72
1,420,1327.75,23.8
1,421,1370.73,24.03
1,422,1388.44,24.1
1,423,1407.5,24.18
1,424,1486.81,24.51
1,425,1543.72,25
1,426,1543.96,25
1,427,1556.56,23.14
1,428,1526.57,23.01
1,429,1534.85,23.05
1,430,1564.08,23.17
1,431,1565.59,23.17
1,432,1584.21,23.25
1,433,1595.86,23.3
1,434,1605.43,23.34
1,435,1622.16,23.41
1,436,1649.81,23.53
1,437,1675.01,23.63
1,438,1682.62,23.66
1,439,1900.43,23.28
1,440,1807.19,22.89
1,441,1786.33,22.8
1,442,1761.84,22.7
1,443,1750.51,22.65
1,444,1744.97,22.63
1,445,1747.03,22.64
1,446,1897.75,23.27
1,447,1910.33,23.32
1,448,1798.78,22.85
1,449,1796.48,22.84
1,450,1794.2,22.83
1,451,1776.92,22.76
1,452,1761.51,22.7
1,453,3246.61,37.25
1,454,3250.81,37.27
1,455,3253.48,37.28
1,456,3253.48,37.28
1,457,3263.5,37.32
1,458,3267.02,37.34
1,463,1380.19,24.7
1,464,1384.47,24.73
1,465,1384.47,24.73
1,466,1459.68,23.92
1,467,1463.63,23.94
1,468,1493.12,24.06
1,469,1243.16,23.4
1,470,1301.08,24.74
1,471,1321.1,24.84
1,472,1341.78,25
1,473,1333.11,23.5
1,474,1318.82,23.7
1,475,1300.36,23.57
1,476,1291.42,23.5
1,477,1292.93,23.51
1,478,1302.32,23.59
1,479,1317.74,23.72
1,480,1326.66,23.79
1,481,1389.03,24.11
1,482,1406.66,24.18
1,483,1424.15,24.25
1,484,1486.81,24.51
1,485,1493.58,22.87
1,486,1533.5,23.04
1,487,1524.97,23.01
1,488,1511.28,22.95
1,489,1513.34,22.96
1,490,1537.64,23.06
1,491,1545.47,23.09
1,492,1561.48,23.16
1,493,1597.61,23.31
1,494,1581.57,23.24
1,495,1616.68,23.39
1,496,1635.81,23.47
1,497,1675.78,23.63
1,498,1682.62,23.66
1,499,1807.19,22.89
1,500,1807.19,22.89
1,501,1786.67,22.8
1,502,1762.36,22.7
1,503,1724.23,22.54
1,504,1720.81,22.53
1,505,1729.22,22.56
1,506,1921.03,23.36
1,507,1926.43,23.39
1,508,1776.12,22.76
1,509,1764.9,22.71
1,510,1760.27,22.69
1,511,1752.62,22.66
1,512,1732.37,22.57
1,513,1732.37,22.57
1,514,3267.02,37.34
1,515,3267.02,37.34
1,516,3267.02,37.34
1,517,3267.02,37.34
1,518,3267.02,37.34
1,523,1384.47,24.73
1,524,1384.47,24.73
1,525,1384.47,24.73
1,526,1448.62,23.87
1,527,1454.99,23.9
1,528,1493.12,24.06
1,529,1454.06,23.9
1,530,1236.85,23.25
1,531,1318.88,24.9
1,532,1338.94,23.47
1,533,1329.63,23.49
1,534,1330.94,23.77
1,535,1291.38,23.5
1,536,1282.43,23.42
1,537,1286.31,23.46
1,538,1295.7,23.53
1,539,1326.74,23.79
1,540,1335.66,23.87
1,541,1371.12,24.11
1,542,1384.08,24.18
1,543,1442.82,24.33
1,544,1486.81,24.51
1,545,1493.58,22.87
1,546,1478.23,22.81
1,547,1500.54,22.9
1,548,1496.19,22.89
1,549,1494.83,22.88
1,550,1510.08,22.94
1,551,1542.42,23.08
1,552,1560.18,23.15
1,553,1556.01,23.13
1,554,1584.67,23.25
1,555,1610.15,23.36
1,556,1616.51,22.1
1,557,1593.87,22
1,558,1583.07,21.96
1,559,1589.41,21.98
1,560,1807.19,22.89
1,561,1787,22.81
1,562,1729.85,22.57
1,563,1704.87,22.46
1,564,1700.43,22.44
1,565,1709.39,22.48
1,566,1939.68,23.44
1,567,1949.02,23.48
1,568,1753.62,22.66
1,569,1748.77,22.64
1,570,1744.24,22.62
1,571,1732.37,22.57
1,572,1732.37,22.57
1,573,1732.37,22.57
1,574,3267.02,37.34
1,575,3267.02,37.34
1,576,3267.02,37.34
1,577,3267.02,37.34
1,578,3267.02,37.34
1,583,1445.49,23.86
1,584,1448.09,23.87
1,585,1448.09,23.87
1,586,1436.34,23.82
1,587,1422.56,23.76
1,588,1455.5,23.9
1,589,1367.46,23.53
1,590,1360.83,23.51
1,591,1230.52,23.1
1,592,1314.19,23.37
1,593,1296.38,23.29
1,594,1291.98,23.33
1,595,1274.01,23.26
1,596,1273.45,23.35
1,597,1279.68,23.4
1,598,1289.08,23.48
1,599,1335.73,23.87
1,600,1344.66,23.94
1,601,1361.01,24.05
1,602,1374.78,24.13
1,603,1461.68,24.41
1,604,1478.28,24.48
1,605,1485.74,22.84
1,606,1465.87,22.76
1,607,1479.46,22.82
1,608,1466.35,22.76
1,609,1479.16,22.81
1,610,1495.22,22.88
1,611,1494.85,22.88
1,612,1516.95,22.97
1,613,1559.46,23.15
1,614,1564.26,22.64
1,615,1570.7,22.66
1,616,1613.41,22.08
1,617,1574.83,21.92
1,618,1565.38,21.88
1,619,1582.21,21.95
1,620,1589.41,21.98
1,621,1787.33,22.81
1,622,1681.34,22.37
1,623,1678.05,22.35
1,624,1671.66,22.33
1,625,1665.7,22.3
1,626,1961.35,23.53
1,627,1968.01,23.56
1,628,1730.47,22.57
1,629,1733.12,22.58
1,630,1732.37,22.57
1,631,1732.37,22.57
1,632,1732.37,22.57
1,633,1732.37,22.57
1,634,3267.02,37.34
1,635,3267.02,37.34
1,636,3267.02,37.34
1,637,3267.02,37.34
1,638,3267.02,37.34
1,643,1477.82,23.99
1,644,1446.67,23.86
1,645,1439.4,23.83
1,646,1417.6,23.74
1,647,1399.03,23.67
1,648,1473.09,23.97
1,649,1339.53,23.42
1,650,1353.13,23.48
1,651,1227.3,23.02
1,652,1316.92,25.12
1,653,1278.36,23.22
1,654,1274.11,23.26
1,655,1254.26,23.19
1,656,1263.66,23.27
1,657,1286.25,23.46
1,658,1295.38,23.53
1,659,1344.73,23.94
1,660,1353.61,24.02
1,661,1362.57,24.09
1,662,1362.61,22.73
1,663,1463.98,24.42
1,664,1463.98,24.42
1,665,1474.44,22.79
1,666,1448.64,22.69
1,667,1432.18,22.62
1,668,1452.33,22.7
1,669,1451.89,22.7
1,670,1462.16,22.74
1,671,1485.5,22.84
1,672,1526.66,23.01
1,673,1570.73,22.66
1,674,1546.78,22.56
1,675,1574.66,22.68
1,676,1542.18,22.54
1,677,1551.99,21.83
1,678,1553.63,21.83
1,679,1566.74,21.89
1,680,1564.73,21.88
1,681,1570.32,21.9
1,682,1647.36,22.22
1,683,1651.23,22.24
1,684,1656.34,22.26
1,685,1659.35,22.27
1,686,1968.01,23.56
1,687,1709.57,22.48
1,688,1708.19,22.47
1,689,1714.63,22.5
1,690,1732.37,22.57
1,691,1732.37,22.57
1,692,1732.37,22.57
1,693,1732.37,22.57
1,694,1732.37,22.57
1,695,3267.02,37.34
1,696,3267.02,37.34
1,697,3267.02,37.34
1,698,3267.02,37.34
1,702,1488.81,24.04
1,703,1477.82,23.99
1,704,1460.43,23.92
1,705,1420.99,23.76
1,706,1402.47,23.68
1,707,1378.32,23.58
1,708,1335.03,23.4
1,709,1306.81,23.28
1,710,1280.74,23.17
1,711,1252.75,23.06
1,712,1221.01,22.87
1,713,1221.53,22.85
1,714,1242.53,23.07
1,715,1247.64,23.13
1,716,1285.96,23.45
1,717,1295.1,23.53
1,718,1304.14,23.61
1,719,1300.54,22.54
1,720,1362.57,24.09
1,721,1362.61,22.73
1,722,1353.65,22.65
1,723,1344.68,22.58
1,724,1352.3,22.55
1,725,1439.8,22.65
1,726,1427.91,22.6
1,727,1418.87,22.56
1,728,1432.2,22.62
1,729,1433.54,22.62
1,730,1450.42,22.69
1,731,1454.7,22.71
1,732,1531.03,23.03
1,733,1528.38,22.49
1,734,1527.39,22.48
1,735,1511.57,22.42
1,736,1536.29,22.52
1,737,1535.59,21.76
1,738,1523.78,21.71
1,739,1544.71,21.8
1,740,1564.52,21.88
1,741,1577,21.93
1,742,1619.19,22.11
1,743,1628.94,22.15
1,744,1637.17,22.18
1,745,1641.66,22.2
1,746,1679.31,22.35
1,747,1682.51,22.37
1,748,1689.39,22.39
1,749,1703.25,22.45
1,750,1725.08,22.54
1,751,1732.37,22.57
1,752,1732.37,22.57
1,753,1732.37,22.57
1,754,1732.37,22.57
1,755,3267.02,37.34
1,756,3267.02,37.34
1,757,3267.02,37.34
1,758,3267.02,37.34
1,762,1496.43,24.07
1,763,1481.01,24.01
1,764,1457.21,23.91
1,765,1416.6,23.74
1,766,1390.13,23.63
1,767,1360.49,23.51
1,768,1387.91,23.62
1,769,1311.89,23.21
1,770,1310.69,23.21
1,771,1262.63,23.01
1,772,1242.43,22.92
1,773,1214.68,22.72
1,774,1227.87,23
1,775,1241.02,23.08
1,776,1294.81,23.53
1,777,1304.17,23.61
1,778,1300.51,22.54
1,779,1291.56,22.47
1,780,1282.61,22.39
1,781,1353.65,22.65
1,782,1344.68,22.58
1,783,1341.16,22.5
1,784,1352.3,22.55
1,785,1352.3,22.55
1,786,1397.21,22.47
1,787,1385.42,22.42
1,788,1399.5,22.48
1,789,1417.56,22.56
1,790,1454.7,22.71
1,791,1454.7,22.71
1,792,1431.42,22.08
1,793,1528.38,22.49
1,794,1478.17,22.28
1,795,1508.74,21.65
1,796,1519.98,21.69
1,797,1486.78,21.55
1,798,1497.8,21.6
1,799,1533.13,21.75
1,800,1557.78,21.85
1,801,1591.24,21.99
1,802,1601.94,22.03
1,803,1606.28,22.05
1,804,1606.99,22.06
1,805,1631.71,22.16
1,806,1657.24,22.26
1,807,1661,22.28
1,808,1669.98,22.31
1,809,1687.19,22.39
1,810,1722.97,22.53
1,811,1725.08,22.54
1,812,1732.37,22.57
1,813,1732.37,22.57
1,814,1732.37,22.57
1,815,3267.02,37.34
1,816,3267.02,37.34
1,817,3267.02,37.34
1,818,3267.02,37.34
1,819,1534.06,18.99
1,822,1494.47,24.06
1,823,1469.54,23.96
1,824,1461.06,23.92
1,825,1428.56,23.79
1,826,1434.66,23.81
1,827,1417.31,23.74
1,828,1410.93,23.62
1,829,1357.31,23.4
1,830,1294.14,23.14
1,831,1284.91,23.1
1,832,1308.78,23.2
1,833,1211.55,22.65
1,834,1208.36,22.57
1,835,1234.2,23.15
1,836,1237.39,23.23
1,837,1300.47,22.54
1,838,1291.53,22.47
1,839,1282.58,22.39
1,840,1273.64,22.32
1,841,1264.69,22.24
1,842,1335.71,22.5
1,843,1326.71,22.43
1,844,1317.97,22.35
1,845,1328.72,22.33
1,846,1349.34,22.27
1,847,1364.27,22.34
1,848,1384.81,22.42
1,849,1399.31,22.34
1,850,1404.66,22.36
1,851,1411.42,22.39
1,852,1427.18,22.06
1,853,1449.21,22.16
1,854,1477.17,22.27
1,855,1482.05,22.29
1,856,1455.1,21.42
1,857,1464.9,21.46
1,858,1506.7,21.64
1,859,1540.93,21.78
1,860,1564.46,21.88
1,861,1589.1,21.98
1,862,1575.25,21.92
1,863,1591.62,21.99
1,864,1593.29,22
1,865,1620.43,22.11
1,866,1635.87,22.17
1,867,1639.55,22.19
1,868,1656.4,22.26
1,869,1671.81,22.32
1,870,1699.6,22.44
1,871,1725.08,22.54
1,872,1725.08,22.54
1,873,1732.37,22.57
1,874,1732.37,22.57
1,875,1732.37,22.57
1,876,3267.02,37.34
1,877,3267.02,37.34
1,878,1515.64,18.91
1,879,1532.61,18.98
1,882,1497.42,24.08
1,883,1488.63,24.04
1,884,1473.18,23.98
1,885,1455.16,23.9
1,886,1452.01,23.89
1,887,1439.03,23.83
1,888,1388.61,23.53
1,889,1341.04,23.33
1,890,1307,23.19
1,891,1301.68,23.17
1,892,1308.78,23.2
1,893,1238.89,22.67
1,894,1205.19,22.5
1,895,1237.35,23.23
1,896,1240.69,23.31
1,897,1245.08,23.41
1,898,1282.55,22.39
1,899,1273.6,22.32
1,900,1264.66,22.24
1,901,1255.71,22.17
1,902,1326.34,22.42
1,903,1317.6,22.35
1,904,1308.8,22.28
1,905,1324.48,22.32
1,906,1328.44,22.19
1,907,1342.35,22.16
1,908,1363.76,22.25
1,909,1393.7,22.32
1,910,1392.81,22.31
1,911,1415.98,22.02
1,912,1412.78,22
1,913,1426.57,22.06
1,914,1453.62,22.18
1,915,1438.79,21.35
1,916,1434.11,21.34
1,917,1456.53,21.43
1,918,1458.02,21.43
1,919,1464.65,21.46
1,920,1574.11,21.92
1,921,1569.95,21.9
1,922,1553.3,21.83
1,923,1583.44,21.96
1,924,1590.63,21.99
1,925,1581.19,21.94
1,926,1608.54,22.06
1,927,1618.61,22.1
1,928,1627.58,22.14
1,929,1656.8,22.26
1,930,1685.55,22.38
1,931,1725.08,22.54
1,932,1725.08,22.54
1,933,1732.37,22.57
1,934,1732.37,22.57
1,935,1732.37,22.57
1,936,1336.1,19.14
1,937,1336.1,19.14
1,938,1336.1,19.14
1,939,1515.64,18.91
1,942,1511.23,24.13
1,943,1513.26,24.14
1,944,1483.64,24.02
1,945,1476.93,23.99
1,946,1457.39,23.91
1,947,1373.26,23.47
1,948,1363.74,23.43
1,949,1338.76,23.32
1,950,1318.8,23.24
1,951,1372.36,22.94
1,952,1251.93,22.73
1,953,1251.93,22.73
1,954,1202.02,22.42
1,955,1198.91,22.35
1,956,1243.85,23.38
1,957,1248.11,23.48
1,958,1252.08,23.58
1,959,1264.62,22.24
1,960,1255.68,22.17
1,961,1246.73,22.09
1,962,1254.98,22.03
1,963,1273.88,22.1
1,964,1292.36,22.18
1,965,1303.03,22.05
1,966,1301.15,22.07
1,967,1333.31,22.1
1,968,1332.7,22.06
1,969,1359.58,22.18
1,970,1386.21,22.29
1,971,1381.09,21.87
1,972,1381.66,21.88
1,973,1415.52,22.02
1,974,1438.93,22.11
1,975,1415.82,21.93
1,976,1404.18,21.21
1,977,1458.11,21.44
1,978,1444.46,21.38
1,979,1450.78,21.4
1,980,1594.23,22
1,981,1540.73,21.78
1,982,1529.85,21.73
1,983,1501.98,21.62
1,984,1547.07,21.8
1,985,1559.17,21.85
1,986,1585.39,21.96
1,987,1603.96,22.04
1,988,1612.43,22.07
1,989,1612.43,22.07
1,990,1658.63,22.27
1,991,1685.55,22.38
1,992,1725.08,22.54
1,993,1725.08,22.54
1,994,1472.77,22.51
1,995,1336.1,19.14
1,996,1336.1,19.14
1,997,1336.1,19.14
1,998,1336.1,19.14
1,999,1443.74,18.61
1,1002,1538.81,24.25
1,1003,1527.09,24.2
1,1004,1498.1,24.08
1,1005,1501.08,24.09
1,1006,1409.37,23.62
1,1007,1390.22,23.54
1,1008,1380.05,23.49
1,1009,1351.1,23.37
1,1010,1361.84,22.9
1,1011,1370.36,22.93
1,1012,1393.64,23.03
1,1013,1298.69,22.64
1,1014,1247.77,22.42
1,1015,1223.22,22.32
1,1016,1198.52,22.22
1,1017,1250.48,23.54
1,1018,1254.46,23.63
1,1019,1274.69,23.81
1,1020,1246.7,22.09
1,1021,1237.75,22.02
1,1022,1241.13,21.97
1,1023,1268.29,22.08
1,1024,1276.11,22.21
1,1025,1289.6,21.98
1,1026,1294.94,21.96
1,1027,1300.22,21.93
1,1028,1323.06,21.8
1,1029,1337.56,21.78
1,1030,1352.74,21.84
1,1031,1344.96,21.72
1,1032,1359.07,21.78
1,1033,1420.41,21.95
1,1034,1396.19,21.85
1,1035,1402.67,21.87
1,1036,1397.66,21.18
1,1037,1427.79,21.31
1,1038,1393.66,21.17
1,1039,1626.6,22.14
1,1040,1614.89,22.09
1,1041,1523.93,21.71
1,1042,1502.75,21.62
1,1043,1489.02,21.56
1,1044,1535.42,21.75
1,1045,1550.31,21.82
1,1046,1570.84,21.9
1,1047,1589.67,21.98
1,1048,1592.97,21.99
1,1049,1603.96,22.04
1,1050,1612.43,22.07
1,1051,1472.77,22.51
1,1052,1472.77,22.51
1,1053,1472.77,22.51
1,1054,1472.77,22.51
1,1055,1336.1,19.14
1,1056,1336.1,19.14
1,1057,1336.1,19.14
1,1058,1336.1,19.14
1,1059,1433.17,18.57
1,1060,1438.78,18.59
1,1061,1443.74,18.61
1,1062,1460.85,18.68
1,1063,1469.53,18.72
1,1064,1475.97,18.74
1,1065,1500.94,18.85
1,1066,1522.8,18.94
1,1067,1545.44,19.03
1,1068,1485.79,18.78
1,1069,1506.12,18.87
1,1070,1522.44,18.94
1,1071,1504.18,18.86
1,1072,1515.46,18.91
1,1073,1534.74,18.99
1,1074,1550.4,19.05
1,1075,1566.06,19.12
1,1076,1581.72,19.18
1,1077,1509.3,19
1,1078,1509.3,19
1,1079,1519.63,19.05
1,1082,1552.63,24.21
1,1083,1535.34,24.14
1,1084,1506.54,24.02
1,1085,1491.06,23.96
1,1086,1422.43,23.67
1,1087,1403.12,23.59
1,1088,1401.83,23.59
1,1089,1373.83,22.95
1,1090,1372.32,22.94
1,1091,1342.07,22.82
1,1092,1302.99,22.65
1,1093,1277.74,22.55
1,1094,1252.45,22.44
1,1095,1236.88,22.31
1,1096,1213.85,22.21
1,1097,1186.38,22.05
1,1098,1256.83,23.69
1,1099,1274.69,23.81
1,1100,1264.72,23.87
1,1101,1209.43,21.84
1,1102,1228.48,21.92
1,1103,1244.01,22.08
1,1104,1277.38,21.83
1,1105,1278.86,21.84
1,1106,1269.72,21.81
1,1107,1291.07,21.67
1,1108,1302.99,21.69
1,1109,1310.01,21.66
1,1110,1312.02,21.64
1,1111,1327.73,21.65
1,1112,1355.73,21.68
1,1113,1356.02,21.68
1,1114,1370.12,21.74
1,1115,1361.83,21.03
1,1116,1393.2,21.16
1,1117,1434.96,21.34
1,1118,1384.38,21.13
1,1119,1370.99,21.07
1,1120,1393.01,21.16
1,1121,1418.35,21.27
1,1122,1477.79,21.52
1,1123,1504.95,21.63
1,1124,1520.38,21.69
1,1125,1530.44,21.73
1,1126,1569.98,21.9
1,1127,1573.49,21.91
1,1128,1592.97,21.99
1,1129,1592.97,21.99
1,1130,1472.77,22.51
1,1131,1472.77,22.51
1,1132,1472.77,22.51
1,1133,1472.77,22.51
1,1134,1472.77,22.51
1,1135,1336.1,19.14
1,1136,1336.1,19.14
1,1137,1336.1,19.14
1,1138,1336.1,19.14
1,1139,1336.1,19.14
1,1140,1426.19,18.54
1,1141,1433.17,18.57
1,1142,1439.73,18.59
1,1143,1450.14,18.64
1,1144,1468.83,18.71
1,1145,1490.44,18.8
1,1146,1514.36,18.9
1,1147,1459.13,18.67
1,1148,1473.77,18.73
1,1149,1494.44,18.82
1,1150,1473.63,18.73
1,1151,1485.32,18.78
1,1152,1496.77,18.83
1,1153,1508.05,18.88
1,1154,1519.33,18.92
1,1155,1550.11,19.05
1,1156,1565.78,19.12
1,1157,1500.26,18.97
1,1158,1500.26,18.97
1,1159,1509.3,19
1,1162,1679.97,24.84
1,1163,1543.96,24.18
1,1164,1506.13,24.02
1,1165,1454.44,23.8
1,1166,1434.85,23.72
1,1167,1423.69,23.68
1,1168,1424.35,23.68
1,1169,1373.83,22.95
1,1170,1373.83,22.95
1,1171,1336.57,22.79
1,1172,1308.29,22.68
1,1173,1308.97,22.61
1,1174,1284.76,22.51
1,1175,1248.62,22.35
1,1176,1223.6,22.25
1,1177,1213.97,22.06
1,1178,1196.37,21.99
1,1179,1176.07,21.81
1,1180,1267.14,23.93
1,1181,1196.3,21.78
1,1182,1211.91,21.95
1,1183,1235.06,21.75
1,1184,1243.52,21.74
1,1185,1236.24,21.66
1,1186,1260.46,21.76
1,1187,1271.08,21.56
1,1188,1281.83,21.55
1,1189,1287.05,21.54
1,1190,1291.91,21.5
1,1191,1307.44,21.57
1,1192,1323.9,21.58
1,1193,1334.78,21.59
1,1194,1338.18,21.61
1,1195,1341.28,20.95
1,1196,1385.02,21.13
1,1197,1408.53,21.23
1,1198,1343.08,20.96
1,1199,1369.72,21.07
1,1200,1394.2,21.17
1,1201,1440.9,21.36
1,1202,1454.03,21.42
1,1203,1482.14,21.54
1,1204,1501.64,21.61
1,1205,1514.43,21.67
1,1206,1525.3,21.71
1,1207,1569.98,21.9
1,1208,1573.49,21.91
1,1209,1472.77,22.51
1,1210,1472.77,22.51
1,1211,1472.77,22.51
1,1212,1472.77,22.51
1,1213,1472.77,22.51
1,1214,1472.77,22.51
1,1215,1336.1,19.14
1,1216,1336.1,19.14
1,1217,1336.1,19.14
1,1218,1336.1,19.14
1,1219,1336.1,19.14
1,1220,1381.57,18.35
1,1221,1416.74,18.5
1,1222,1420.72,18.51
1,1223,1437.17,18.58
1,1224,1458.03,18.67
1,1225,1479.94,18.76
1,1226,1430.87,18.56
1,1227,1442.4,18.6
1,1228,1453.52,18.65
1,1229,1442.59,18.6
1,1230,1454.74,18.66
1,1231,1466.85,18.71
1,1232,1478.55,18.75
1,1233,1490.24,18.8
1,1234,1500.65,18.85
1,1235,1511.93,18.89
1,1236,1422.74,18.64
1,1237,1425.22,18.65
1,1238,1500.26,18.97
1,1239,1500.26,18.97
1,1242,1542.4,24.17
1,1243,1532.86,24.13
1,1244,1486.46,23.94
1,1245,1476.87,23.9
1,1246,1447.27,23.77
1,1247,1444.8,23.76
1,1248,1448.07,23.26
1,1249,1419.18,23.14
1,1250,1379.38,22.97
1,1251,1359.12,22.89
1,1252,1342.67,22.75
1,1253,1313.65,22.63
1,1254,1289.95,22.53
1,1255,1288.67,22.38
1,1256,1247.09,22.2
1,1257,1227.49,22.12
1,1258,1214,22.06
1,1259,1188.69,21.78
1,1260,1174.93,21.7
1,1261,1176.43,21.78
1,1262,1197.25,21.93
1,1263,1213.99,22.07
1,1264,1204.39,21.54
1,1265,1232.31,21.65
1,1266,1254.31,21.92
1,1267,1253.34,21.92
1,1268,1255.06,21.4
1,1269,1266.96,21.43
1,1270,1286.46,21.48
1,1271,1283.58,21.41
1,1272,1302.21,21.46
1,1273,1325.06,21.55
1,1274,1327.47,20.89
1,1275,1327.8,20.89
1,1276,1332.83,20.91
1,1277,1334.86,20.92
1,1278,1325.98,20.88
1,1279,1390.79,21.15
1,1280,1401.67,21.2
1,1281,1431.93,21.33
1,1282,1469.13,21.48
1,1283,1472.58,21.49
1,1284,1479.62,21.52
1,1285,1454.77,22.1
1,1286,1454.77,22.1
1,1287,1468.38,22.15
1,1288,1468.38,22.15
1,1289,1444.72,22.39
1,1290,1472.77,22.51
1,1291,1472.77,22.51
1,1292,1472.77,22.51
1,1293,1472.77,22.51
1,1294,1472.77,22.51
1,1295,1336.1,19.14
1,1296,1336.1,19.14
1,1297,1336.1,19.14
1,1298,1336.1,19.14
1,1299,1336.1,19.14
1,1300,1371.74,18.31
1,1301,1381.57,18.35
1,1302,1399.7,18.43
1,1303,1418.31,18.5
1,1304,1447.07,18.62
1,1305,1408.52,18.46
1,1306,1408.52,18.46
1,1307,1424.45,18.53
1,1308,1436.37,18.58
1,1309,1424.83,18.53
1,1310,1431.51,18.56
1,1311,1462.64,18.69
1,1312,1462.64,18.69
1,1313,1471.78,18.73
1,1314,1483.47,18.78
1,1315,1396.69,18.53
1,1316,1397.54,18.54
1,1317,1422.74,18.64
1,1318,1425.22,18.65
1,1319,1467.42,18.83
1,1322,1535.07,24.14
1,1323,1518.5,24.07
1,1324,1503.24,24.01
1,1325,1494.51,23.97
1,1326,1469.64,23.87
1,1327,1468.63,23.86
1,1328,1434.79,23.2
1,1329,1413.31,23.11
1,1330,1402.28,23.07
1,1331,1373.15,22.87
1,1332,1338.4,22.73
1,1333,1323.44,22.67
1,1334,1304.46,22.44
1,1335,1283.23,22.35
1,1336,1258.87,22.25
1,1337,1250.93,22.22
1,1338,1270.54,22.3
1,1339,1198.86,21.83
1,1340,1212.53,21.91
1,1341,1175.65,21.58
1,1342,1182.79,21.93
1,1343,1168.99,21.38
1,1344,1191.67,21.48
1,1345,1235.79,21.66
1,1346,1221.25,21.79
1,1347,1251.05,21.91
1,1348,1240.88,21.32
1,1349,1246.07,21.31
1,1350,1251.4,21.28
1,1351,1265.97,21.31
1,1352,1288.61,21.4
1,1353,1331.3,21.58
1,1354,1294.81,20.75
1,1355,1303.58,20.79
1,1356,1312.03,20.83
1,1357,1296.85,20.76
1,1358,1309.85,20.82
1,1359,1403.51,21.21
1,1360,1387.83,21.14
1,1361,1407.74,21.23
1,1362,1420.23,21.27
1,1363,1446.02,21.38
1,1364,1444.92,22.06
1,1365,1454.77,22.1
1,1366,1468.38,22.15
1,1367,1468.38,22.15
1,1368,1479.14,22.2
1,1369,1444.67,22.39
1,1370,1470.16,22.5
1,1371,1472.77,22.51
1,1372,1472.77,22.51
1,1373,1472.77,22.51
1,1374,1472.77,22.51
1,1375,1301.74,19
1,1376,1336.1,19.14
1,1377,1336.1,19.14
1,1378,1336.1,19.14
1,1379,1333.36,19.13
1,1380,1359.62,18.26
1,1381,1368.03,18.29
1,1382,1385.41,18.37
1,1383,1418.31,18.5
1,1384,1418.31,18.5
1,1385,1380.47,18.35
1,1386,1392.8,18.4
1,1387,1403.31,18.44
1,1388,1399.87,18.43
1,1389,1404.25,18.45
1,1390,1409.78,18.47
1,1391,1417.57,18.5
1,1392,1462.64,18.69
1,1393,1462.64,18.69
1,1394,1465,18.7
1,1395,1389.34,18.5
1,1396,1395.99,18.53
1,1397,1398.91,18.54
1,1398,1421.35,18.64
1,1399,1427.05,18.66
1,1401,1544.34,24.19
1,1402,1545.81,24.2
1,1403,1557.97,24.27
1,1404,1514.88,24.06
1,1405,1510.09,24.04
1,1406,1489.96,23.95
1,1407,1490.3,23.95
1,1408,1448.54,23.19
1,1409,1426.69,23.1
1,1410,1405.31,23.01
1,1411,1394.53,22.96
1,1412,1360.74,22.82
1,1413,1340.7,22.74
1,1414,1320.88,22.51
1,1415,1294.05,22.4
1,1416,1272.45,22.31
1,1417,1308.57,22.46
1,1418,1273.49,21.98
1,1419,1229.15,22
1,1420,1206.55,21.71
1,1421,1193.53,21.65
1,1422,1156.99,21.36
1,1423,1153.03,21.27
1,1424,1207.48,21.73
1,1425,1187.69,21.65
1,1426,1218.45,21.77
1,1427,1235.28,22.04
1,1428,1239.82,22.06
1,1429,1219.16,21.15
1,1430,1230.08,21.16
1,1431,1244.9,21.15
1,1432,1254.96,21.14
1,1433,1246.39,21.11
1,1434,1271.65,20.66
1,1435,1295.95,20.76
1,1436,1273.36,20.67
1,1437,1288.8,20.73
1,1438,1318.19,20.85
1,1439,1340.61,20.95
1,1440,1363.94,21.04
1,1441,1395.16,21.17
1,1442,1416.21,21.26
1,1443,1435.89,21.34
1,1444,1426.65,21.98
1,1445,1448.24,22.07
1,1446,1468.38,22.15
1,1447,1479.39,22.2
1,1448,1446.98,22.4
1,1449,1438.18,22.37
1,1450,1448.33,22.41
1,1451,1472.77,22.51
1,1452,1472.77,22.51
1,1453,1472.77,22.51
1,1454,1281.49,18.91
1,1455,1299.9,18.99
1,1456,1301.74,19
1,1457,1318.69,19.07
1,1458,1327.65,19.11
1,1459,1333.53,18.15
1,1460,1335.57,18.16
1,1461,1351.8,18.23
1,1462,1364.33,18.28
1,1463,1418.31,18.5
1,1464,1384.29,18.36
1,1465,1378.54,18.34
1,1466,1375.4,18.32
1,1467,1391.06,18.39
1,1468,1370.15,18.3
1,1469,1382.48,18.35
1,1470,1391.62,18.39
1,1471,1392.99,18.4
1,1472,1392.99,18.4
1,1473,1392.99,18.4
1,1474,1359.87,18.38
1,1475,1364.71,18.4
1,1476,1365.74,18.41
1,1477,1391.09,18.51
1,1478,1400.29,18.55
1,1479,1417.65,18.62
1,1481,1546.96,24.21
1,1482,1555.74,24.26
1,1483,1570.66,24.34
1,1484,1584.43,24.41
1,1485,1592.19,24.46
1,1486,1510.04,24.04
1,1487,1512.26,24.05
1,1488,1448.54,23.19
1,1489,1438.1,23.14
1,1490,1428.82,23.11
1,1491,1382.19,22.91
1,1492,1391.9,22.95
1,1493,1350.77,22.63
1,1494,1351.62,22.64
1,1495,1363.7,22.69
1,1496,1351.42,22.64
1,1497,1334.98,22.57
1,1498,1272.73,21.98
1,1499,1249.31,21.88
1,1500,1226.16,21.79
1,1501,1238.13,21.84
1,1502,1154.56,21.3
1,1503,1150.61,21.21
1,1504,1146.66,21.12
1,1505,1170.39,21.63
1,1506,1210.44,21.94
1,1507,1207.79,21.92
1,1508,1234.35,22.08
1,1509,1221.68,21.12
1,1510,1210.21,21.05
1,1511,1224.24,21.02
1,1512,1225.3,21.02
1,1513,1226.82,21
1,1514,1250.39,20.57
1,1515,1271.39,20.66
1,1516,1249.44,20.57
1,1517,1307.73,20.81
1,1518,1308.47,20.81
1,1519,1335.85,20.93
1,1520,1332.99,20.91
1,1521,1363.85,21.04
1,1522,1384.54,21.12
1,1523,1395.8,21.85
1,1524,1404.84,21.89
1,1525,1436.91,22.02
1,1526,1476.9,22.53
1,1527,1458.66,22.45
1,1528,1433.27,22.34
1,1529,1425.63,22.31
1,1530,1444,22.39
1,1531,1463.92,22.47
1,1532,1472.77,22.51
1,1533,1472.77,22.51
1,1534,1279.37,18.91
1,1535,1279.37,18.91
1,1536,1281.55,18.91
1,1537,1297.37,18.98
1,1538,1310.16,19.03
1,1539,1322.95,18.11
1,1540,1319.52,18.09
1,1541,1316.13,18.08
1,1542,1344.87,18.2
1,1543,1384.29,18.36
1,1544,1384.29,18.36
1,1545,1384.29,18.36
1,1546,1350.39,18.22
1,1547,1337.18,18.17
1,1548,1351.45,18.23
1,1549,1366.04,18.29
1,1550,1376.51,18.33
1,1551,1376.51,18.33
1,1552,1376.51,18.33
1,1553,1376.51,18.33
1,1554,1317.43,18.2
1,1555,1339.97,18.3
1,1556,1360.31,18.38
1,1557,1367.46,18.41
1,1558,1387.9,18.5
1,1559,1401.66,18.56
1,1561,1553.5,24.24
1,1562,1569.26,24.33
1,1563,1583.51,24.41
1,1564,1598.06,24.49
1,1565,1603.53,24.52
1,1566,1534.27,24.14
1,1567,1534.67,24.14
1,1568,1535.08,24.14
1,1569,1458.48,23.08
1,1570,1449.23,23.04
1,1571,1406.07,22.86
1,1572,1386.81,22.78
1,1573,1375.43,22.74
1,1574,1392.55,22.81
1,1575,1379.61,22.75
1,1576,1355.52,22.65
1,1577,1330.12,22.22
1,1578,1313.48,22.15
1,1579,1255.84,21.91
1,1580,1248.57,21.88
1,1581,1238.13,21.84
1,1582,1238.13,21.84
1,1583,1148.54,21.16
1,1584,1167.4,21.09
1,1585,1153.49,21.03
1,1586,1136.35,20.87
1,1587,1199.34,21.93
1,1588,1209.06,22.08
1,1589,1232.34,21.11
1,1590,1192.11,20.92
1,1591,1195.45,20.9
1,1592,1205.09,20.9
1,1593,1229.99,20.63
1,1594,1229.43,20.48
1,1595,1256.01,20.59
1,1596,1228.92,20.48
1,1597,1257.36,20.6
1,1598,1282.32,20.7
1,1599,1307.76,20.81
1,1600,1340.56,20.95
1,1601,1344.76,20.96
1,1602,1358.22,21.69
1,1603,1372.36,21.75
1,1604,1414.36,21.93
1,1605,1421.19,21.96
1,1606,1464.17,22.47
1,1607,1450.56,22.42
1,1608,1423.31,22.3
1,1609,1412.19,22.26
1,1610,1430.22,22.33
1,1611,1454.24,22.43
1,1612,1470.44,22.5
1,1613,1472.77,22.51
1,1614,1277.85,18.9
1,1615,1277.85,18.9
1,1616,1272.91,18.88
1,1617,1267.97,18.86
1,1618,1283.51,18.92
1,1619,1303.85,19.01
1,1620,1296.16,17.99
1,1621,1297.05,18
1,1622,1297.93,18
1,1623,1328.84,18.13
1,1624,1328.84,18.13
1,1625,1328.84,18.13
1,1626,1321.65,18.1
1,1627,1325.38,18.12
1,1628,1335.16,18.16
1,1629,1353.39,18.23
1,1630,1361.93,18.27
1,1631,1375.32,18.32
1,1632,1376.51,18.33
1,1633,1202.12,17.86
1,1634,1314.64,18.19
1,1635,1318.47,18.21
1,1636,1339.97,18.3
1,1637,1358.45,18.38
1,1638,1369.17,18.42
1,1639,1379.48,18.46
1,1641,1811.17,25.05
1,1642,1582.11,24.4
1,1643,1598.37,24.49
1,1644,1603.53,24.52
1,1645,1603.53,24.52
1,1646,1556.4,24.23
1,1647,1556.8,24.23
1,1648,1557.21,24.23
1,1649,1480.5,23.17
1,1650,1435.97,22.99
1,1651,1417.39,22.91
1,1652,1388.72,22.79
1,1653,1424.78,22.94
1,1654,1406.87,22.87
1,1655,1435.61,22.66
1,1656,1394.52,22.49
1,1657,1312.29,22.15
1,1658,1290.78,22.06
1,1659,1275.37,21.99
1,1660,1271.33,21.98
1,1661,1238.13,21.84
1,1662,1238.13,21.84
1,1663,1167.4,21.09
1,1664,1167.4,21.09
1,1665,1167.4,21.09
1,1666,1151.26,20.88
1,1667,1157.02,20.9
1,1668,1187.05,22.03
1,1669,1223.02,21.01
1,1670,1200.33,20.92
1,1671,1174.34,20.78
1,1672,1188.21,20.83
1,1673,1196.77,20.46
1,1674,1198.18,20.35
1,1675,1197.11,20.35
1,1676,1228.25,20.48
1,1677,1254.58,20.59
1,1678,1272.51,20.66
1,1679,1290.22,20.73
1,1680,1311.06,20.82
1,1681,1341.59,20.95
1,1682,1336.61,21.6
1,1683,1330.79,21.58
1,1684,1324.96,21.56
1,1685,1420.09,21.95
1,1686,1462.54,22.47
1,1687,1440.94,22.38
1,1688,1381.67,22.13
1,1689,1394.18,22.18
1,1690,1406.7,22.23
1,1691,1451.34,22.42
1,1692,1457.69,22.45
1,1693,1231.72,18.71
1,1694,1234.2,18.72
1,1695,1237.14,18.73
1,1696,1246.17,18.77
1,1697,1255.57,18.81
1,1698,1278.82,18.9
1,1699,1291.74,18.96
1,1700,1274.42,17.9
1,1701,1277.33,17.92
1,1702,1280.23,17.93
1,1703,1327.02,18.12
1,1704,1316.42,18.08
1,1705,1308.81,18.05
1,1706,1299,18.01
1,1707,1302.86,18.02
1,1708,1312.34,18.06
1,1709,1312.52,18.06
1,1710,1354.9,18.24
1,1711,1357.82,18.25
1,1712,1202.12,17.86
1,1713,1202.12,17.86
1,1714,1286.21,18.07
1,1715,1310.94,18.18
1,1716,1318.91,18.21
1,1717,1337.52,18.29
1,1718,1349.89,18.34
1,1719,1370.89,18.43
1,1721,1802.95,24.98
1,1722,1793.04,24.9
1,1723,1603.53,24.52
1,1724,1603.53,24.52
1,1725,1603.53,24.52
1,1726,1574.45,24.3
1,1727,1579.22,24.32
1,1728,1513.83,23.31
1,1729,1496.41,23.24
1,1730,1491.52,23.22
1,1731,1420.91,22.93
1,1732,1484.44,22.86
1,1733,1442.44,22.69
1,1734,1429,22.63
1,1735,1393.21,22.48
1,1736,1341.11,22.27
1,1737,1323.42,22.19
1,1738,1305.07,22.12
1,1739,1298.16,22.09
1,1740,1323.98,22.2
1,1741,1323.98,22.2
1,1742,1323.98,22.2
1,1743,1167.4,21.09
1,1744,1188.64,21.03
1,1745,1180.86,21
1,1746,1167.55,20.95
1,1747,1175.91,20.98
1,1748,1170.96,20.75
1,1749,1193.43,22.18
1,1750,1135.2,20.59
1,1751,1153.83,20.67
1,1752,1175.26,20.38
1,1753,1172.66,20.33
1,1754,1194.74,20.34
1,1755,1180.53,20.28
1,1756,1230.91,20.49
1,1757,1231.52,20.49
1,1758,1257.36,20.59
1,1759,1287.29,20.72
1,1760,1284.11,21.2
1,1761,1282.97,21.19
1,1762,1313.94,21.51
1,1763,1308.84,21.49
1,1764,1297.33,21.44
1,1765,1324.96,21.56
1,1766,1338.15,21.95
1,1767,1350.16,22
1,1768,1363.68,22.05
1,1769,1376.39,22.11
1,1770,1382.77,22.17
1,1771,1382.77,22.17
1,1772,1382.77,22.17
1,1773,1221.66,18.67
1,1774,1221.66,18.67
1,1775,1221.66,18.67
1,1776,1224.78,18.68
1,1777,1238.31,18.73
1,1778,1257.38,18.81
1,1779,1247.84,17.79
1,1780,1256.41,17.83
1,1781,1267.12,17.87
1,1782,1215.7,17.66
1,1783,1286.9,17.96
1,1784,1286.9,17.96
1,1785,1285.39,17.95
1,1786,1278.28,17.92
1,1787,1281.81,17.93
1,1788,1297.9,18
1,1789,1312.34,18.06
1,1790,1312.34,18.06
1,1791,1202.12,17.86
1,1792,1202.12,17.86
1,1793,1202.12,17.86
1,1794,1283.74,18.06
1,1795,1286.86,18.08
1,1796,1310.91,18.18
1,1797,1322.05,18.22
1,1798,1329.4,18.25
1,1799,1266.56,17.38
1,1801,1794.74,24.91
1,1802,1785.17,24.83
1,1803,1775.39,24.75
1,1804,1603.53,24.52
1,1805,1584.11,24.34
1,1806,1586.94,24.36
1,1807,1574.88,23.57
1,1808,1527.64,23.37
1,1809,1508.81,23.29
1,1810,1495.31,23.24
1,1811,1480.47,22.85
1,1812,1479.87,22.84
1,1813,1479.82,22.84
1,1814,1408.33,22.55
1,1815,1383.13,22.44
1,1816,1365.66,22.37
1,1817,1336.31,22.25
1,1818,1357.72,22.34
1,1819,1322.04,22.19
1,1820,1323.98,22.2
1,1821,1323.98,22.2
1,1822,1231.41,21.21
1,1823,1221.27,21.17
1,1824,1211.12,21.13
1,1825,1200.97,21.08
1,1826,1193.32,21.05
1,1827,1165.84,20.73
1,1828,1151.15,20.67
1,1829,1121.84,20.51
1,1830,1113.31,20.33
1,1831,1127.99,20.67
1,1832,1150.4,20.88
1,1833,1157.06,20.23
1,1834,1148.55,20.15
1,1835,1165.62,20.21
1,1836,1193.35,20.33
1,1837,1224.24,20.46
1,1838,1254.5,20.58
1,1839,1285.72,21.21
1,1840,1264.8,21.12
1,1841,1265.47,21.12
1,1842,1277.73,21.36
1,1843,1290.93,21.41
1,1844,1320.2,21.54
1,1845,1324.96,21.56
1,1846,1321.9,21.88
1,1847,1332.58,21.93
1,1848,1343.71,21.98
1,1849,1382.77,22.17
1,1850,1378.08,22.15
1,1851,1391.5,22.25
1,1852,1391.5,22.25
1,1853,1207.01,18.6
1,1854,1206.46,18.6
1,1855,1202.91,18.59
1,1856,1198.6,18.57
1,1857,1222.47,18.67
1,1858,1241.27,18.75
1,1859,1226.54,17.7
1,1860,1235.41,17.74
1,1861,1215.7,17.66
1,1862,1215.7,17.66
1,1863,1196.3,17.58
1,1864,1275.82,17.91
1,1865,1261.76,17.85
1,1866,1254.03,17.82
1,1867,1263.48,17.86
1,1868,1268.81,17.88
1,1869,1281.81,17.93
1,1870,1202.12,17.86
1,1871,1202.12,17.86
1,1872,1202.12,17.86
1,1873,1202.12,17.86
1,1874,1202.12,17.86
1,1875,1275.63,18.03
1,1876,1287.51,18.08
1,1877,1302.85,18.14
1,1878,1323.67,18.23
1,1879,1251.35,17.32
1,1880,1267.96,17.39
1,1881,1284.38,17.46
1,1882,1252.56,17.47
1,1883,1232.51,17.38
1,1884,1239.18,17.44
1,1885,1284.71,17.66
1,1886,1307.87,17.76
1,1887,1332.61,17.86
1,1888,1410.07,18.18
1,1891,1786.59,24.85
1,1892,1776.82,24.76
1,1893,1767.05,24.68
1,1894,1757.28,24.6
1,1895,1580.03,23.59
1,1896,1560.83,23.51
1,1897,1551.22,23.47
1,1898,1553.2,23.48
1,1899,1525.46,23.36
1,1900,1514.2,22.99
1,1901,1514.2,22.99
1,1902,1480.47,22.85
1,1903,1445.34,22.7
1,1904,1421.18,22.6
1,1905,1379.24,22.43
1,1906,1359.11,22.34
1,1907,1369.45,22.38
1,1908,1371.78,22.39
1,1909,1343.35,22.28
1,1910,1343.35,22.28
1,1911,1387.18,21.68
1,1912,1358.16,21.56
1,1913,1233.72,21.22
1,1914,1230.36,21.21
1,1915,1220.22,21.16
1,1916,1178.8,20.82
1,1917,1157.67,20.73
1,1918,1141,20.64
1,1919,1140.77,20.7
1,1920,1170.87,20.9
1,1921,1106.95,20.18
1,1922,1134.35,20.82
1,1923,1117.23,20.01
1,1924,1129.32,20.06
1,1925,1172.99,20.24
1,1926,1202.9,20.37
1,1927,1193.14,20.66
1,1928,1191.4,20.65
1,1929,1265.41,21.12
1,1930,1242.35,21.02
1,1931,1266.32,21.12
1,1932,1265.33,21.31
1,1933,1282.5,21.38
1,1934,1311.56,21.5
1,1935,1324.96,21.56
1,1936,1301.99,21.8
1,1937,1314.46,21.85
1,1938,1356.45,22.05
1,1939,1374.73,22.16
1,1940,1391.5,22.25
1,1941,1391.5,22.25
1,1942,1391.5,22.25
1,1943,1168.93,18.45
1,1944,1168.93,18.45
1,1945,1172.93,18.46
1,1946,1184.78,18.51
1,1947,1197.86,18.57
1,1948,1215,18.64
1,1949,1205.55,17.62
1,1950,1218.49,17.67
1,1951,1215.7,17.66
1,1952,1196.3,17.58
1,1953,1196.3,17.58
1,1954,1212.34,17.65
1,1955,1225.06,17.7
1,1956,1233.55,17.73
1,1957,1237.97,17.75
1,1958,1263.1,17.86
1,1959,1263.1,17.86
1,1960,1202.12,17.86
1,1961,1202.12,17.86
1,1962,1202.12,17.86
1,1963,1202.12,17.86
1,1964,1202.12,17.86
1,1965,1256.41,17.95
1,1966,1265.94,17.99
1,1967,1294.7,18.11
1,1968,1222.15,17.2
1,1969,1236.15,17.26
1,1970,1252.75,17.32
1,1971,1269.36,17.39
1,1972,1203.03,17.24
1,1973,1215.19,17.31
1,1974,1227.92,17.38
1,1975,1312.09,17.77
1,1976,1321.65,17.81
1,1977,1345.76,17.91
1,1978,1394.92,18.12
1,1981,1778.25,24.78
1,1982,1768.48,24.69
1,1983,1758.71,24.61
1,1984,1748.94,24.53
1,1985,1589.11,23.63
1,1986,1582.86,23.6
1,1987,1577.02,23.58
1,1988,1569.87,23.55
1,1989,1564.03,23.52
1,1990,1521.09,23.02
1,1991,1507.69,22.96
1,1992,1474.21,22.82
1,1993,1455.46,22.74
1,1994,1437.78,22.67
1,1995,1443.96,22.7
1,1996,1443.96,22.7
1,1997,1401.74,22.52
1,1998,1369.36,22.38
1,1999,1373.08,22.4
1,2000,1388.48,21.69
1,2001,1361.23,21.58
1,2002,1354.99,21.55
1,2003,1264.17,21.17
1,2004,1251.99,21.12
1,2005,1222.76,21
1,2006,1189.95,20.86
1,2007,1168.28,20.77
1,2008,1149.33,20.72
1,2009,1135.13,20.73
1,2010,1174.04,20.92
1,2011,1122.7,20.17
1,2012,1107.82,20.09
1,2013,1140.69,20.97
1,2014,1102.12,20.01
1,2015,1106.07,20.11
1,2016,1190.32,20.65
1,2017,1171.13,20.57
1,2018,1278.65,21.18
1,2019,1278.65,21.18
1,2020,1220.66,20.93
1,2021,1241.55,21.21
1,2022,1241.41,21.21
1,2023,1287.17,21.4
1,2024,1298.99,21.45
1,2025,1271.21,21.67
1,2026,1284.32,21.72
1,2027,1317.61,22.38
1,2028,1307.86,22.33
1,2029,1384.09,22.21
1,2030,1391.5,22.25
1,2031,1318.65,22.39
1,2032,1318.65,22.39
1,2033,1160.96,18.41
1,2034,1159.66,18.41
1,2035,1156.9,18.4
1,2036,1163.41,18.42
1,2037,1192.59,18.54
1,2038,1209.93,18.62
1,2039,1244.58,17.78
1,2040,1188.88,17.55
1,2041,1189.58,17.55
1,2042,1196.3,17.58
1,2043,1196.3,17.58
1,2044,1186.04,17.54
1,2045,1211.29,17.64
1,2046,1205.55,17.62
1,2047,1221.97,17.69
1,2048,1230.42,17.72
1,2049,1237.97,17.75
1,2050,1202.12,17.86
1,2051,1201.83,17.85
1,2052,1199.41,17.83
1,2053,1196.92,17.81
1,2054,1226.54,17.83
1,2055,1237.49,17.87
1,2056,1243.78,17.9
1,2057,1215.62,17.17
1,2058,1204.33,17.12
1,2059,1220.94,17.19
1,2060,1237.54,17.26
1,2061,1178.88,17.1
1,2062,1191.38,17.17
1,2063,1203.55,17.24
1,2064,1215.71,17.31
1,2065,1312.09,17.77
1,2066,1333.99,17.86
1,2067,1390.2,17.91
1,2068,1379.76,18.06
1,2071,1769.91,24.71
1,2072,1760.14,24.63
1,2073,1750.37,24.54
1,2074,1740.46,24.46
1,2075,1730.62,24.38
1,2076,1603.63,23.69
1,2077,1597.38,23.66
1,2078,1591.13,23.64
1,2079,1521.09,23.02
1,2080,1521.09,23.02
1,2081,1505.84,22.95
1,2082,1504.48,22.95
1,2083,1529.23,23.05
1,2084,1529.89,23.05
1,2085,1443.96,22.7
1,2086,1443.08,22.69
1,2087,1421.08,22.6
1,2088,1389.09,22.47
1,2089,1404.28,22.53
1,2090,1379.81,21.65
1,2091,1358.27,21.56
1,2092,1318.43,21.4
1,2093,1285.02,21.26
1,2094,1267.56,21.19
1,2095,1217.75,20.98
1,2096,1209.46,20.94
1,2097,1222.52,21.32
1,2098,1205.74,21.25
1,2099,1140.01,20.81
1,2100,1146.67,20.31
1,2101,1131.57,20.22
1,2102,1126.97,20.05
1,2103,1120.96,20.04
1,2104,1090.27,19.79
1,2105,1108.51,20.17
1,2106,1138.39,20.43
1,2107,1150.07,20.48
1,2108,1183.15,20.78
1,2109,1190.6,20.81
1,2110,1210.62,20.89
1,2111,1210.7,21.08
1,2112,1223.55,21.13
1,2113,1271.63,21.67
1,2114,1255.79,21.61
1,2115,1253.91,21.6
1,2116,1266.67,21.65
1,2117,1278.84,21.74
1,2118,1291.99,22.24
1,2119,1304.84,22.31
1,2120,1318.66,22.39
1,2121,1318.66,22.39
1,2122,1318.66,22.39
1,2123,1109.19,18.2
1,2124,1113.21,18.21
1,2125,1119.41,18.24
1,2126,1156.3,18.39
1,2127,1172.23,18.46
1,2128,1163.06,17.44
1,2129,1153.78,17.4
1,2130,1156.75,17.41
1,2131,1185.27,17.53
1,2132,1187.7,17.54
1,2133,1164.07,17.44
1,2134,1166.43,17.45
1,2135,1180.97,17.51
1,2136,1196.81,17.58
1,2137,1198.41,17.59
1,2138,1199.04,17.59
1,2139,1072.2,17.1
1,2140,1187.08,17.73
1,2141,1186.56,17.73
1,2142,1186.05,17.72
1,2143,1185.43,17.72
1,2144,1205.82,17.74
1,2145,1219.78,17.8
1,2146,1234.82,17.86
1,2147,1201.58,17.03
1,2148,1214.38,17.16
1,2149,1194.03,17.08
1,2150,1155.01,16.97
1,2151,1167.5,17.04
1,2152,1180,17.11
1,2153,1192.49,17.18
1,2154,1204.06,17.24
1,2155,1341.92,17.7
1,2156,1358.51,17.77
1,2157,1375.11,17.84
1,2158,1389.88,18.1
1,2160,1771.31,24.72
1,2161,1761.54,24.64
1,2162,1751.77,24.56
1,2163,1742,24.47
1,2164,1732.16,24.39
1,2165,1722.05,24.31
1,2166,1625.03,23.78
1,2167,1618.01,23.75
1,2168,1610.99,23.72
1,2169,1530.29,23.05
1,2170,1530.29,23.05
1,2171,1521.69,23.02
1,2172,1521.32,23.02
1,2173,1542.19,23.1
1,2174,1546.81,23.12
1,2175,1443.84,22.69
1,2176,1448.37,22.71
1,2177,1420.81,22.6
1,2178,1409.86,22.55
1,2179,1426.12,22.62
1,2180,1383.98,21.67
1,2181,1343.69,21.5
1,2182,1319.51,21.4
1,2183,1299.16,21.32
1,2184,1297.98,21.31
1,2185,1239.36,21.07
1,2186,1224.47,21.01
1,2187,1202.57,21.24
1,2188,1187.68,21.18
1,2189,1155.52,20.98
1,2190,1148.71,20.95
1,2191,1158.72,20.18
1,2192,1137.61,20.1
1,2193,1133.69,20.11
1,2194,1102.53,19.75
1,2195,1083.91,19.64
1,2196,1114.85,20.32
1,2197,1127.04,20.42
1,2198,1172.39,20.73
1,2199,1177.26,20.75
1,2200,1202.96,20.86
1,2201,1205.59,21.06
1,2202,1226.03,21.14
1,2203,1263.76,21.64
1,2204,1238.36,21.53
1,2205,1235.88,21.52
1,2206,1265.44,21.67
1,2207,1278.84,21.74
1,2208,1275.62,22.15
1,2209,1266.81,22.1
1,2210,1318.66,22.39
1,2211,1318.66,22.39
1,2212,1246.97,22.16
1,2213,1100.12,18.16
1,2214,1100.79,18.16
1,2215,1105.85,18.18
1,2216,1154.67,18.39
1,2217,1199.18,18.57
1,2218,1219.97,18.66
1,2219,1133.35,17.32
1,2220,1134.93,17.32
1,2221,1145.78,17.37
1,2222,1185.39,17.53
1,2223,1130.36,17.3
1,2224,1146.32,17.37
1,2225,1158.31,17.42
1,2226,1174.22,17.49
1,2227,1196.81,17.58
1,2228,1072.2,17.1
1,2229,1072.2,17.1
1,2230,1146.42,17.49
1,2231,1180.27,17.67
1,2232,1174.58,17.63
1,2233,1174.25,17.62
1,2234,1191.28,17.68
1,2235,1208.52,17.75
1,2236,1170.27,16.9
1,2237,1186.33,16.96
1,2238,1166.22,16.96
1,2239,1156.62,16.92
1,2240,1143.64,16.91
1,2241,1156.13,16.98
1,2242,1168.62,17.05
1,2243,1181.11,17.12
1,2244,1310.11,17.57
1,2245,1326.7,17.64
1,2246,1343.3,17.71
1,2247,1359.89,17.78
1,2248,1376.49,17.85
1,2250,1762.97,24.65
1,2251,1753.2,24.57
1,2252,1743.55,24.49
1,2253,1733.71,24.4
1,2254,1723.85,24.32
1,2255,1714.26,24.24
1,2256,1645.54,23.86
1,2257,1638.52,23.83
1,2258,1631.5,23.8
1,2259,1530.29,23.05
1,2260,1528.36,23.05
1,2261,1525.4,23.03
1,2262,1546.81,23.12
1,2263,1546.81,23.12
1,2264,1546.81,23.12
1,2265,1472.77,22.82
1,2266,1455.85,22.74
1,2267,1435.04,22.66
1,2268,1459.83,22.76
1,2269,1460.76,22.76
1,2270,1407.53,21.77
1,2271,1355.68,21.55
1,2272,1336.02,21.47
1,2273,1307.54,21.35
1,2274,1279.88,21.24
1,2275,1258.26,21.15
1,2276,1231.62,21.36
1,2277,1192.98,21.2
1,2278,1171.59,21.11
1,2279,1167.5,21.14
1,2280,1156.92,21.05
1,2281,1157.42,21.1
1,2282,1196.69,21.35
1,2283,1210.66,21.41
1,2284,1102.53,19.75
1,2285,1103.09,19.62
1,2286,1091.22,19.58
1,2287,1073.58,19.39
1,2288,1136.02,20.58
1,2289,1165.89,20.89
1,2290,1162.11,20.88
1,2291,1193.37,21.01
1,2292,1204.92,21.06
1,2293,1267.59,21.65
1,2294,1217.34,21.45
1,2295,1217.85,21.45
1,2296,1236.36,21.85
1,2297,1233.36,21.83
1,2298,1254.21,22.03
1,2299,1256.23,22.04
1,2300,1241.19,21.96
1,2301,1246.97,22.16
1,2302,1246.97,22.16
1,2303,1059.52,17.99
1,2304,1072.49,18.04
1,2305,1084.72,18.09
1,2306,1175.79,18.47
1,2307,1202.92,18.59
1,2308,1189.29,17.55
1,2309,1133.42,17.32
1,2310,1098,17.17
1,2311,1082.58,17.1
1,2312,1064.83,17.03
1,2313,1123.99,17.28
1,2314,1129.88,17.3
1,2315,1144.99,17.36
1,2316,1155.37,17.41
1,2317,1072.2,17.1
1,2318,1072.2,17.1
1,2319,1072.2,17.1
1,2320,1126.54,17.41
1,2321,1134.93,17.44
1,2322,1146.42,17.49
1,2323,1156.71,17.53
1,2324,1182.07,17.64
1,2325,1137.72,16.76
1,2326,1154.66,16.83
1,2327,1170.77,16.9
1,2328,1146.81,16.88
1,2329,1127.01,16.8
1,2330,1132.26,16.85
1,2331,1144.75,16.91
1,2332,1201.75,17.12
1,2333,1231.57,17.24
1,2334,1295,17.51
1,2335,1311.49,17.58
1,2336,1328.08,17.65
1,2337,1344.68,17.72
1,2338,1361.27,17.79
1,2348,1652.01,23.89
1,2349,1528.36,23.05
1,2350,1528.36,23.05
1,2351,1546.81,23.12
1,2352,1546.81,23.12
1,2353,1546.81,23.12
1,2354,1498.71,22.92
1,2355,1485.91,22.87
1,2356,1464.78,22.78
1,2357,1473.14,22.82
1,2358,1464.75,22.78
1,2359,1411.45,21.79
1,2360,1391.63,21.7
1,2361,1384.35,21.67
1,2362,1362.94,21.58
1,2363,1347.96,21.98
1,2364,1318.12,21.85
1,2365,1322.25,21.87
1,2366,1218.68,21.31
1,2367,1212,21.28
1,2368,1183.39,21.27
1,2369,1172.91,21.18
1,2370,1158.45,21.12
1,2371,1162.29,21.18
1,2372,1186.13,21.31
1,2373,1191.42,20.39
1,2374,1134.28,19.75
1,2375,1121.46,19.69
1,2376,1107.63,19.67
1,2377,1087.52,19.4
1,2378,1067.38,19.24
1,2379,1131.64,20.71
1,2380,1136.15,20.82
1,2381,1140.68,20.93
1,2382,1164.78,21.07
1,2383,1175.32,21.12
1,2384,1187.33,21.32
1,2385,1199.74,21.37
1,2386,1221.38,21.76
1,2387,1216.89,21.74
1,2388,1228.26,21.8
1,2389,1232.22,21.91
1,2390,1239.5,22.11
1,2391,1246.97,22.16
1,2392,1246.97,22.16
1,2393,1041.77,17.92
1,2394,1054.75,17.97
1,2395,1199.91,18.57
1,2396,1185.28,17.53
1,2397,1171.16,17.47
1,2398,1163.06,17.44
1,2399,1148.35,17.38
1,2400,1078.7,17.09
1,2401,1062.68,17.02
1,2402,1047.92,16.96
1,2403,1099.71,17.18
1,2404,1112.14,17.23
1,2405,1031.34,16.93
1,2406,1072.2,17.1
1,2407,1072.2,17.1
1,2408,1072.2,17.1
1,2409,1072.2,17.1
1,2410,1112.94,17.35
1,2411,1118.35,17.37
1,2412,1126.79,17.41
1,2413,1137.58,17.45
1,2414,1121.23,16.69
1,2415,1123.69,16.7
1,2416,1139.35,16.77
1,2417,1155.16,16.83
1,2418,1096.01,16.64
1,2419,1108.35,16.71
1,2420,1146.3,16.89
1,2421,1188.2,17.06
1,2422,1203.41,17.13
1,2423,1232.81,17.25
1,2424,1279.71,17.45
1,2425,1296.22,17.51
1,2426,1312.86,17.58
1,2427,1329.46,17.65
1,2428,1346.06,17.72
1,2429,1042.55,16.1
1,2438,1712.12,24.23
1,2439,1721.58,24.31
1,2440,1652.07,23.56
1,2441,1652.07,23.56
1,2442,1652.07,23.56
1,2443,1510.33,22.97
1,2444,1510.33,22.97
1,2445,1502.29,22.94
1,2446,1541.67,23.1
1,2447,1493.43,22.9
1,2448,1493.65,22.9
1,2449,1413.31,21.79
1,2450,1414.23,21.8
1,2451,1385.56,21.68
1,2452,1341.79,21.95
1,2453,1321.29,21.87
1,2454,1291.63,21.74
1,2455,1259.55,21.61
1,2456,1234.48,21.51
1,2457,1208.79,21.4
1,2458,1204.31,21.38
1,2459,1193.92,21.38
1,2460,1190.13,21.36
1,2461,1171.8,21.26
1,2462,1171.67,21.34
1,2463,1190.18,20.38
1,2464,1152.14,19.82
1,2465,1139.36,19.77
1,2466,1195.73,20.11
1,2467,1200.69,20.13
1,2468,1091.75,19.22
1,2469,1078.96,19.17
1,2470,1057.22,19.01
1,2471,1052.73,18.9
1,2472,1045.97,18.79
1,2473,1156.41,21.17
1,2474,1164.08,21.27
1,2475,1171.76,21.38
1,2476,1179.51,21.49
1,2477,1200.96,21.65
1,2478,1211.22,21.8
1,2479,1227.65,21.89
1,2480,1236.84,22.1
1,2481,1246.48,22.15
1,2482,1246.97,22.16
1,2483,1023.67,17.84
1,2484,1047.46,17.94
1,2485,1051.28,17.96
1,2486,1184.91,17.53
1,2487,1146.51,17.37
1,2488,1120.89,17.26
1,2489,1098.41,17.17
1,2490,1101.5,17.18
1,2491,1043.55,16.94
1,2492,1053.85,16.99
1,2493,1081.56,17.1
1,2494,1096.47,17.16
1,2495,1031.34,16.93
1,2496,1058.37,17.04
1,2497,1066.75,17.08
1,2498,1072.2,17.1
1,2499,1072.2,17.1
1,2500,1085.46,17.24
1,2501,1095.8,17.28
1,2502,1107.08,17.33
1,2503,1116.4,17.37
1,2504,1116.34,16.67
1,2505,1112.24,16.65
1,2506,1093.4,16.58
1,2507,1071.88,16.51
1,2508,1084.52,16.58
1,2509,1096.86,16.65
1,2510,1164.44,16.96
1,2511,1184.68,17.05
1,2512,1219.27,17.19
1,2513,1240.36,17.28
1,2514,1264.43,17.38
1,2515,1280.94,17.45
1,2516,1297.45,17.52
1,2517,1314.24,17.59
1,2518,1042.55,16.1
1,2519,1042.55,16.1
1,2528,1720.26,24.3
1,2529,1729.97,24.38
1,2530,1652.07,23.56
1,2531,1652.07,23.56
1,2532,1652.07,23.56
1,2533,1593.01,23.32
1,2534,1557.36,23.17
1,2535,1532.91,23.07
1,2536,1528.12,23.05
1,2537,1508.27,22.96
1,2538,1502.94,22.94
1,2539,1440.58,21.91
1,2540,1421.89,21.83
1,2541,1383.89,22.13
1,2542,1352.74,22
1,2543,1335.5,21.93
1,2544,1307.22,21.81
1,2545,1268.76,21.65
1,2546,1254.35,21.59
1,2547,1230.52,21.49
1,2548,1234.32,21.51
1,2549,1240.17,21.53
1,2550,1189.2,21.36
1,2551,1196.92,20.41
1,2552,1183.57,20.36
1,2553,1164.85,20.19
1,2554,1169.93,19.9
1,2555,1196.04,20.11
1,2556,1187.89,20.07
1,2557,1200.69,20.13
1,2558,1109.73,19.3
1,2559,1097.15,19.25
1,2560,1055.94,18.97
1,2561,1051.49,18.87
1,2562,1051.81,18.79
1,2563,1044.94,18.73
1,2564,1028.56,18.55
1,2565,1026.17,18.45
1,2566,1013.22,18.34
1,2567,1005.55,18.23
1,2568,1198.65,21.73
1,2569,1204.51,21.84
1,2570,1220.75,22.01
1,2571,1213.69,22.05
1,2572,992.71,17.71
1,2573,1006.31,17.77
1,2574,1051.28,17.96
1,2575,1051.28,17.96
1,2576,1018.54,18.12
1,2577,1130.55,17.3
1,2578,1119.88,17.26
1,2579,1085.21,17.12
1,2580,1061,17.01
1,2581,1035.97,16.91
1,2582,1009.92,16.8
1,2583,1081.22,17.1
1,2584,1018.53,16.88
1,2585,1019.86,16.88
1,2586,1036.51,16.95
1,2587,1051.82,17.02
1,2588,1053.71,17.02
1,2589,1060.02,17.13
1,2590,1066.68,17.16
1,2591,1077.78,17.21
1,2592,1089.46,17.25
1,2593,1101.43,17.3
1,2594,1112.24,16.65
1,2595,1099.04,16.6
1,2596,1077.28,16.51
1,2597,1060.63,16.45
1,2598,1073.26,16.52
1,2599,1085.9,16.59
1,2600,1173.18,17
1,2601,1181.17,17.03
1,2602,1240.75,17.28
1,2603,1256.01,17.35
1,2604,1272.56,17.42
1,2605,1265.66,17.39
1,2606,1282.17,17.46
1,2607,1042.55,16.1
1,2608,1042.55,16.1
1,2609,1042.55,16.1
1,2618,1728.66,24.37
1,2619,1738.99,24.45
1,2620,1652.07,23.56
1,2621,1652.07,23.56
1,2622,1640.39,23.51
1,2623,1593.01,23.32
1,2624,1569.09,23.22
1,2625,1547.82,23.13
1,2626,1520.84,23.02
1,2627,1520.84,23.02
1,2628,1440.58,21.91
1,2629,1440.58,21.91
1,2630,1439.59,21.9
1,2631,1386.95,22.14
1,2632,1363.02,22.04
1,2633,1337.73,21.94
1,2634,1304.35,21.8
1,2635,1295.02,21.76
1,2636,1260.68,21.62
1,2637,1245.39,21.55
1,2638,1252.27,21.58
1,2639,1258.75,21.61
1,2640,1274.79,21.67
1,2641,1214.34,20.48
1,2642,1186.29,20.28
1,2643,1172.96,20.18
1,2644,1155.85,20.04
1,2645,1157.32,19.95
1,2646,1170.45,20
1,2647,1140.39,19.43
1,2648,1129.71,19.39
1,2649,1148.1,19.49
1,2650,1158.38,19.55
1,2651,1066.79,18.91
1,2652,1060.41,18.86
1,2653,1054.55,18.81
1,2654,1046.83,18.57
1,2655,1040.78,18.53
1,2656,1051.59,18.57
1,2657,1023.02,18.24
1,2658,1011.21,18.19
1,2659,988.88,17.99
1,2660,984.34,17.88
1,2661,979.83,17.78
1,2662,1219.37,22.18
1,2663,980.65,17.72
1,2664,985.21,17.83
1,2665,989.73,17.93
1,2666,1011.44,18.08
1,2667,1018.54,18.12
1,2668,1118.99,17.26
1,2669,1120.8,17.26
1,2670,1059.46,17.01
1,2671,1013.42,16.82
1,2672,989.57,16.72
1,2673,971.69,16.64
1,2674,988.81,16.75
1,2675,1008.29,16.83
1,2676,1019.93,16.88
1,2677,966.39,16.41
1,2678,966.39,16.41
1,2679,1035.7,17.03
1,2680,1049.66,17.09
1,2681,1058.68,17.13
1,2682,1070.11,17.17
1,2683,1081.21,17.22
1,2684,1011.32,16.17
1,2685,1024.01,16.24
1,2686,1036.83,16.32
1,2687,1049.2,16.38
1,2688,1062.01,16.46
1,2689,1074.64,16.53
1,2690,1239,17.1
1,2691,1255.55,17.17
1,2692,1272.1,17.24
1,2693,1269.08,17.4
1,2694,1257.31,17.35
1,2695,1273.85,17.42
1,2696,1266.88,17.39
1,2697,1042.55,16.1
1,2698,1042.55,16.1
1,2699,1042.55,16.1
1,2700,1756.61,24.6
1,2701,1648.98,23.55
1,2702,1628.83,23.47
1,2703,1603.66,23.36
1,2704,1590.59,23.31
1,2705,1571.69,23.23
1,2706,1520.84,23.02
1,2707,1520.84,23.02
1,2708,1472.33,22.04
1,2709,1468.56,22.02
1,2710,1407.06,22.22
1,2711,1393.26,22.17
1,2712,1365.25,22.05
1,2713,1336.34,21.93
1,2714,1342.09,21.95
1,2715,1370.23,22.07
1,2716,1281.33,21.7
1,2717,1258.67,21.61
1,2718,1258.67,21.61
1,2719,1283.57,20.77
1,2720,1261.32,20.68
1,2721,1236.51,20.58
1,2722,1265.19,20.4
1,2723,1186.17,20.25
1,2724,1169.17,20
1,2725,1157.01,19.95
1,2726,1141.2,19.79
1,2727,1151.53,19.76
1,2728,1145.53,19.45
1,2729,1147.94,19.63
1,2730,1110.8,19.2
1,2731,1075.72,18.99
1,2732,1069.35,18.93
1,2733,1062.98,18.88
1,2734,1053.49,18.6
1,2735,1071.35,18.65
1,2736,1053.35,18.37
1,2737,1041.41,18.32
1,2738,1053.53,18.39
1,2739,1171.33,18.9
1,2740,1184.88,18.98
1,2741,989.52,17.77
1,2742,982.57,17.71
1,2743,969.59,17.54
1,2744,965.08,17.43
1,2745,960.57,17.32
1,2746,956.05,17.22
1,2747,999.93,18.17
1,2748,1004.44,18.28
1,2749,1008.95,18.39
1,2750,1025.48,18.56
1,2751,1017.95,18.6
1,2752,969.89,16.64
1,2753,960.15,16.59
1,2754,970.31,16.68
1,2755,987.25,16.75
1,2756,958.4,16.37
1,2757,966.39,16.41
1,2758,961.58,16.53
1,2759,1017.81,16.96
1,2760,1028.84,17
1,2761,1040.48,17.05
1,2762,999.31,16.11
1,2763,999.31,16.11
1,2764,1000.11,16.11
1,2765,1012.81,16.18
1,2766,1025.5,16.25
1,2767,1037.73,16.32
1,2768,1050.1,16.39
1,2769,1206.77,16.97
1,2770,1223.46,17.04
1,2771,1240.3,17.11
1,2772,1256.84,17.17
1,2773,1130.48,15.84
1,2774,1267.79,17.4
1,2775,1258.6,17.36
1,2776,1042.55,16.1
1,2777,1042.55,16.1
1,2778,1042.55,16.1
1,2779,1041.7,16.09
1,2780,1025.97,16.03
1,2781,1006.06,15.95
1,2782,973.77,15.92
1,2783,977.19,15.96
1,2784,1042.37,16.04
1,2785,1075.93,16.18
1,2790,1764.38,17.36
1,2791,1754.6,17.28
1,2792,1624.19,23.45
1,2793,1621,23.43
1,2794,1614.74,23.41
1,2795,1603.3,23.36
1,2796,1539.3,23.09
1,2797,1480.28,22.07
1,2798,1480.28,22.07
1,2799,1480.28,22.07
1,2800,1401.68,22.2
1,2801,1385.71,22.14
1,2802,1396.95,22.18
1,2803,1359.59,22.03
1,2804,1389.16,22.15
1,2805,1304.87,21.8
1,2806,1306.25,21.8
1,2807,1294.58,21.76
1,2808,1314.82,20.9
1,2809,1274.22,20.73
1,2810,1262.94,20.69
1,2811,1283.86,20.47
1,2812,1251.31,20.34
1,2813,1227.49,20.24
1,2814,1187.83,20.07
1,2815,1191.98,20.09
1,2816,1149.54,19.75
1,2817,1132.21,19.64
1,2818,1126.57,19.55
1,2819,1136.53,19.56
1,2820,1101.38,19.15
1,2821,1084.67,19.06
1,2822,1107.89,19.16
1,2823,1131.93,19.26
1,2824,1133.49,18.75
1,2825,1116.34,18.66
1,2826,1070.11,18.44
1,2827,1062.9,18.41
1,2828,1151.28,18.79
1,2829,1161.97,18.85
1,2830,1180.61,18.95
1,2831,998.1,17.84
1,2832,1018.03,17.91
1,2833,1037.14,18.02
1,2834,963.87,17.4
1,2835,959.38,17.29
1,2836,954.78,17.19
1,2837,950.28,17.08
1,2838,945.87,16.98
1,2839,941.34,16.87
1,2840,936.79,16.76
1,2841,1019.18,18.63
1,2842,1023.68,18.74
1,2843,937.41,16.5
1,2844,950.61,16.59
1,2845,927.94,16.25
1,2846,946.13,16.32
1,2847,961.58,16.53
1,2848,961.58,16.53
1,2849,999.08,16.88
1,2850,1010.27,16.92
1,2851,993.07,16.07
1,2852,999.31,16.11
1,2853,976.57,15.98
1,2854,989.05,16.05
1,2855,1001.6,16.12
1,2856,1014.3,16.19
1,2857,1041.34,16.28
1,2858,1174.94,16.83
1,2859,1191.63,16.9
1,2860,1208.32,16.97
1,2861,1225.04,17.04
1,2862,1130.48,15.84
1,2863,1130.48,15.84
1,2864,1130.48,15.84
1,2865,1130.48,15.84
1,2866,1000.3,15.56
1,2867,1042.55,16.1
1,2868,1042.55,16.1
1,2869,1029.35,16.04
1,2870,998.53,15.91
1,2871,985.44,15.86
1,2872,968.18,15.84
1,2873,1008.82,15.9
1,2874,1036.18,16.01
1,2875,1060.3,16.11
1,2880,1756.04,17.29
1,2881,1746.27,17.21
1,2882,1621.55,23.43
1,2883,1621.55,23.43
1,2884,1621.55,23.43
1,2885,1619.06,23.42
1,2886,1603.3,23.36
1,2887,1480.28,22.07
1,2888,1480.28,22.07
1,2889,1480.28,22.07
1,2890,1480.28,22.07
1,2891,1386.13,22.14
1,2892,1408.63,22.23
1,2893,1370.69,22.07
1,2894,1405.49,22.22
1,2895,1421.69,22.29
1,2896,1314.02,21.84
1,2897,1342.64,21.02
1,2898,1321.04,20.93
1,2899,1298.21,20.83
1,2900,1292.36,20.81
1,2901,1317.03,20.91
1,2902,1234.13,20.27
1,2903,1218.78,20.2
1,2904,1211.09,20.17
1,2905,1183.07,19.89
1,2906,1167.44,19.83
1,2907,1177.2,19.71
1,2908,1128.52,19.51
1,2909,1117.58,19.4
1,2910,1099.96,19.19
1,2911,1110.87,19.22
1,2912,1121.17,19.21
1,2913,1133.63,19.26
1,2914,1135.55,18.76
1,2915,1115.5,18.65
1,2916,1090.43,18.52
1,2917,1111.06,18.61
1,2918,1139.65,18.72
1,2919,1163.23,18.82
1,2920,1013.63,17.97
1,2921,1006.77,17.91
1,2922,1033.44,17.99
1,2923,1049.96,18.09
1,2924,1059.25,18.14
1,2925,1206.92,16.75
1,2926,1204.9,16.74
1,2927,1211.64,16.81
1,2928,1020.8,17.01
1,2929,1008.79,16.96
1,2930,965.01,16.77
1,2931,949.71,16.63
1,2932,932.48,16.56
1,2933,922.06,16.41
1,2934,917.53,16.31
1,2935,936.72,16.7
1,2936,919.31,16.28
1,2937,939.98,16.44
1,2938,945.03,16.58
1,2939,980.35,16.8
1,2940,991.54,16.85
1,2941,982.53,16.01
1,2942,968.01,15.93
1,2943,965.18,15.92
1,2944,977.66,15.99
1,2945,1018.61,16.18
1,2946,1038.06,16.26
1,2947,1057.83,16.34
1,2948,1159.8,16.77
1,2949,1176.49,16.84
1,2950,1193.18,16.91
1,2951,1099.09,15.71
1,2952,1119.02,15.8
1,2953,1130.48,15.84
1,2954,1130.48,15.84
1,2955,1130.48,15.84
1,2956,1011.99,15.61
1,2957,1006.3,15.59
1,2958,1021.4,15.92
1,2959,999.13,15.83
1,2960,972.41,15.72
1,2961,959.18,15.71
1,2962,980.71,15.78
1,2963,1006.13,15.89
1,2964,1032.95,16
1,2965,1069.27,16.15
1,2970,1747.71,17.22
1,2971,1737.93,17.14
1,2972,1728.15,17.06
1,2973,1718.37,16.98
1,2974,1621.55,23.43
1,2975,1621.55,23.43
1,2976,1688.67,16.73
1,2977,1480.28,22.07
1,2978,1480.28,22.07
1,2979,1480.28,22.07
1,2980,1386.13,22.14
1,2981,1405.86,22.22
1,2982,1408.63,22.23
1,2983,1370.69,22.07
1,2984,1430.65,22.32
1,2985,1437.59,22.35
1,2986,1374.68,21.15
1,2987,1351.14,21.05
1,2988,1333.13,20.98
1,2989,1312.51,20.89
1,2990,1337.93,21
1,2991,1319.79,20.92
1,2992,1309.08,20.42
1,2993,1236.07,20.27
1,2994,1218.74,20.2
1,2995,1198.08,19.96
1,2996,1185.3,19.9
1,2997,1163.81,19.65
1,2998,1157.46,19.64
1,2999,1114.26,19.35
1,3000,1110.93,19.29
1,3001,1118.88,19.25
1,3002,1128.18,17.39
1,3003,1131.1,17.41
1,3004,1138.34,18.78
1,3005,1114.91,18.62
1,3006,1111.83,18.61
1,3007,1130.83,17
1,3008,1145.91,17.06
1,3009,1167.71,18.84
1,3010,1022.23,18.04
1,3011,1039.04,18.07
1,3012,1065.99,18.18
1,3013,1067.18,18.18
1,3014,1221.61,16.79
1,3015,1206.92,16.75
1,3016,1192.22,16.69
1,3017,1205.97,16.77
1,3018,1023.71,17.02
1,3019,1001.68,16.93
1,3020,977.91,16.83
1,3021,972.08,16.73
1,3022,959.42,16.67
1,3023,949.56,16.39
1,3024,941.15,16.34
1,3025,924.86,16.25
1,3026,917.85,16.07
1,3027,925.51,16.43
1,3028,942.38,16.57
1,3029,962.7,16.73
1,3030,970.84,16.93
1,3031,986.18,17.01
1,3032,955.66,15.86
1,3033,953.78,15.85
1,3034,1236.54,17.09
1,3035,1034.79,16.25
1,3036,1054.56,16.33
1,3037,1074.33,16.41
1,3038,1145.66,16.71
1,3039,1161.35,16.78
1,3040,1068.58,15.59
1,3041,1080.88,15.64
1,3042,1093.05,15.69
1,3043,1130.48,15.84
1,3044,1130.48,15.84
1,3045,1023,15.65
1,3046,1016.85,15.63
1,3047,998.52,15.55
1,3048,1015.17,15.62
1,3049,1005.94,15.86
1,3050,983.3,15.76
1,3051,953.64,15.64
1,3052,976.92,15.76
1,3053,1080.43,16.2
1,3054,1051.92,16.08
1,3055,1075.22,16.17
1,3060,1739.37,17.15
1,3061,1729.59,17.07
1,3062,1719.81,16.99
1,3063,1709.94,16.91
1,3064,1700.09,16.83
1,3065,1690.24,16.75
1,3066,1680.4,16.66
1,3067,1480.28,22.07
1,3068,1480.28,22.07
1,3069,1480.28,22.07
1,3070,1403.51,22.21
1,3071,1408.36,22.23
1,3072,1408.63,22.23
1,3073,1437.59,22.35
1,3074,1437.59,22.35
1,3075,1393.7,21.23
1,3076,1385.07,21.19
1,3077,1366.63,21.12
1,3078,1348.77,21.04
1,3079,1344.73,21.03
1,3080,1349.71,20.59
1,3081,1330.12,20.51
1,3082,1304.72,20.4
1,3083,1251.18,20.34
1,3084,1248.72,20.17
1,3085,1216.12,20.03
1,3086,1226.18,19.91
1,3087,1177.04,19.71
1,3088,1181.77,19.77
1,3089,1124.24,19.39
1,3090,1141.59,19.46
1,3091,1114.66,17.39
1,3092,1112.01,17.3
1,3093,1099.08,17.17
1,3094,1091.51,17.05
1,3095,1108.63,17.04
1,3096,1112.58,17
1,3097,1111.51,16.92
1,3098,1044.23,18.22
1,3099,1037.76,18.17
1,3100,1030.82,18.11
1,3101,1058.03,18.15
1,3102,1072.36,18.21
1,3103,1095.59,18.33
1,3104,1209.51,16.74
1,3105,1186.59,16.64
1,3106,1176.86,16.61
1,3107,1196.11,16.72
1,3108,1044.96,17.11
1,3109,1052.2,17.14
1,3110,979.67,16.76
1,3111,979.67,16.76
1,3112,987.7,16.6
1,3113,961.48,16.46
1,3114,1008.56,16.45
1,3115,951.71,16.21
1,3116,950.16,16.21
1,3117,900.19,15.9
1,3118,896.29,15.8
1,3119,935.49,16.66
1,3120,960.76,16.87
1,3121,976.89,16.96
1,3122,929.97,15.72
1,3123,942.63,15.79
1,3124,1233.8,17.08
1,3125,1213.9,17
1,3126,1071.06,16.4
1,3127,1090.82,16.48
1,3128,1129.49,16.64
1,3129,1039.87,15.47
1,3130,1050.61,15.51
1,3131,1066.56,15.58
1,3132,1088.34,15.67
1,3133,1112.55,15.77
1,3134,1133.94,15.86
1,3135,1023,15.65
1,3136,1020.18,15.64
1,3137,1000.16,15.56
1,3138,1006.99,15.59
1,3139,1014.43,15.89
1,3140,944.65,15.51
1,3141,947.88,15.56
1,3142,1079.78,16.08
1,3143,1051.49,15.96
1,3144,1074.44,16.09
1,3145,1094.27,16.17
1,3150,1731.03,17.09
1,3151,1721.26,17
1,3152,1711.51,16.92
1,3153,1701.66,16.84
1,3154,1691.81,16.76
1,3155,1681.97,16.68
1,3156,1672.12,16.59
1,3157,1662.27,16.51
1,3158,1652.42,16.43
1,3159,1480.28,22.07
1,3160,1405.86,22.22
1,3161,1408.63,22.23
1,3162,1437.59,22.35
1,3163,1437.59,22.35
1,3164,1437.59,22.35
1,3165,1393.7,21.23
1,3166,1391.66,21.22
1,3167,1359.37,21.09
1,3168,1369.68,21.13
1,3169,1347.21,21.04
1,3170,1358.31,20.62
1,3171,1350.44,20.59
1,3172,1289.9,20.34
1,3173,1280.93,20.3
1,3174,1242.54,20.14
1,3175,1250.25,20.17
1,3176,1210.67,19.85
1,3177,1193.69,19.78
1,3178,1139.96,19.52
1,3179,1144.4,19.52
1,3180,1147.27,17.53
1,3181,1126.56,17.44
1,3182,1107.31,17.28
1,3183,1096.71,17.13
1,3184,1090.21,17.03
1,3185,1092.87,16.97
1,3186,1077.23,16.81
1,3187,1071.51,16.71
1,3188,1053.36,18.3
1,3189,1046.31,18.24
1,3190,1084.73,16.56
1,3191,1081.69,18.25
1,3192,1093.36,18.3
1,3193,1116.34,18.41
1,3194,1134.31,16.43
1,3195,1147.92,16.48
1,3196,1161.53,16.54
1,3197,1115.66,16.33
1,3198,1065.8,17.19
1,3199,1075.34,17.23
1,3200,1006.74,16.71
1,3201,1006.74,16.71
1,3202,991.05,16.62
1,3203,972.98,16.52
1,3204,985.06,16.35
1,3205,1018.43,16.29
1,3206,977.8,16.32
1,3207,981.91,16.17
1,3208,912.69,15.85
1,3209,889.88,15.65
1,3210,950.21,16.82
1,3211,906.07,15.59
1,3212,918.37,15.66
1,3213,930.59,15.73
1,3214,1217.43,17.01
1,3215,1197.53,16.93
1,3216,1177.63,16.84
1,3217,1127.53,16.64
1,3218,1113.33,16.58
1,3219,1019.98,15.38
1,3220,1053.94,15.52
1,3221,1077.14,15.62
1,3222,1101.12,15.72
1,3223,1126.4,15.83
1,3224,1146.24,15.91
1,3225,1023,15.65
1,3226,1023,15.65
1,3227,1011.99,15.61
1,3228,985.22,15.5
1,3229,1021.79,15.65
1,3230,942.18,15.45
1,3231,967.65,15.56
1,3232,1062.39,16.01
1,3233,1044.42,15.93
1,3234,1069.86,16.07
1,3235,1075.88,16.1
1,3253,1437.59,22.35
1,3254,1393.7,21.23
1,3255,1393.7,21.23
1,3256,1391.66,21.22
1,3257,1369.68,21.13
1,3258,1369.68,21.13
1,3259,1349.68,21.05
1,3260,1358.31,20.62
1,3261,1358.31,20.62
1,3262,1283.81,20.31
1,3263,1296.05,20.36
1,3264,1316.94,20.45
1,3265,1254.59,20.19
1,3266,1233.25,19.94
1,3267,1161.91,19.7
1,3268,1148.52,19.59
1,3269,1157.63,19.58
1,3270,1171.36,19.64
1,3271,1122.65,17.4
1,3272,1121.69,17.33
1,3273,1113.19,17.16
1,3274,1088.92,17
1,3275,1094.86,16.93
1,3276,1076.06,16.79
1,3277,1069.13,16.67
1,3278,1061.88,18.37
1,3279,1057.67,16.48
1,3280,1079.23,16.53
1,3281,1101.92,16.65
1,3282,1104.01,16.45
1,3283,1114.1,16.49
1,3284,1117.1,16.36
1,3285,1143.89,16.47
1,3286,1102.71,16.26
1,3287,1115.66,16.33
1,3288,1088.15,17.29
1,3289,1097.21,17.32
1,3290,1111.03,17.38
1,3291,1006.74,16.71
1,3292,992.82,16.63
1,3293,1024.14,16.52
1,3294,1025.3,16.32
1,3295,1003.11,16.23
1,3296,962.04,16.06
1,3297,943.82,15.98
1,3298,958.38,15.78
1,3299,934.06,15.68
1,3300,883.46,15.5
1,3301,894.64,15.53
1,3302,907.07,15.59
1,3303,886.05,15.28
1,3304,1201.05,16.94
1,3305,1181.15,16.86
1,3306,1161.25,16.78
1,3307,1000.01,15.69
1,3308,989.67,15.26
1,3309,1002.01,15.31
1,3310,1064.91,15.57
1,3311,1091.05,15.68
1,3312,1113.17,15.77
1,3313,1136.19,15.87
1,3314,1151.93,15.93
1,3315,1023,15.65
1,3316,1023,15.65
1,3317,1023,15.65
1,3318,959.29,15.39
1,3319,929.87,15.31
1,3320,933.63,15.36
1,3321,979.14,15.61
1,3322,984.21,15.63
1,3323,1020.97,15.83
1,3324,1047.93,15.98
1,3325,1042.51,15.96
1,3326,1075.43,16.1
1,3327,1091.02,16.16
1,3328,1113.83,16.26
1,3329,1121.43,16.49
1,3343,1393.7,21.23
1,3344,1393.7,21.23
1,3345,1393.7,21.23
1,3346,1391.66,21.22
1,3347,1369.68,21.13
1,3348,1369.68,21.13
1,3349,1358.31,20.62
1,3350,1358.31,20.62
1,3351,1358.31,20.62
1,3352,1309.95,20.63
1,3353,1315.29,20.65
1,3354,1336.14,20.74
1,3355,1336.14,20.74
1,3356,1174.98,19.81
1,3357,1165.77,19.74
1,3358,1162.22,19.68
1,3359,1171.36,19.64
1,3360,1137.92,17.53
1,3361,1137.44,17.5
1,3362,1164.72,17.61
1,3363,1134.77,17.25
1,3364,1162.8,17.11
1,3365,1116.6,17.02
1,3366,1109.67,16.89
1,3367,1076.49,16.69
1,3368,1059.68,16.52
1,3369,1054.16,16.43
1,3370,1062.9,16.44
1,3371,1065.6,16.36
1,3372,1083.5,16.37
1,3373,1104.79,16.3
1,3374,1101.81,16.29
1,3375,1138.34,16.44
1,3376,1093.13,16.2
1,3377,1116.73,16.34
1,3378,1121.41,16.36
1,3379,1118.35,17.41
1,3380,1126.99,17.45
1,3381,1174.12,15.77
1,3382,1033.28,16.55
1,3383,1043.86,16.6
1,3384,1024.38,16.32
1,3385,999.29,16.21
1,3386,979.62,16.13
1,3387,994.56,15.94
1,3388,963.54,15.83
1,3389,924.93,15.65
1,3390,898.72,15.54
1,3391,887.26,15.56
1,3392,886.05,15.28
1,3393,886.05,15.28
1,3394,918.6,15.35
1,3395,936.49,15.43
1,3396,952.54,15.49
1,3397,980.79,15.61
1,3398,971.47,15.18
1,3399,983.66,15.23
1,3400,1079.42,15.63
1,3401,1101.74,15.72
1,3402,1124.42,15.82
1,3403,1149.08,15.92
1,3404,1151.93,15.93
1,3405,954.64,15.23
1,3406,963.22,15.26
1,3407,961.89,15.26
1,3408,947.13,15.34
1,3409,924.39,15.23
1,3410,935.78,15.3
1,3411,959.68,15.5
1,3412,994.65,15.72
1,3413,997.94,15.74
1,3414,1010.62,15.83
1,3415,1033.37,15.92
1,3416,1054.62,16.11
1,3417,1078.19,16.21
1,3418,1088.27,16.35
1,3419,1107.57,16.43
1,3433,1393.7,21.23
1,3434,1393.7,21.23
1,3435,1393.7,21.23
1,3436,1391.66,21.22
1,3437,1369.68,21.13
1,3438,1369.68,21.13
1,3439,1263.28,20.55
1,3440,1263.28,20.55
1,3441,1263.73,20.43
1,3442,1276.91,20.49
1,3443,1292.97,20.56
1,3444,1300,20.59
1,3445,1194.7,19.98
1,3446,1183.08,19.88
1,3447,1176.51,19.74
1,3448,1176.51,19.74
1,3449,1152.85,17.65
1,3450,1146.88,17.6
1,3451,1140.54,17.55
1,3452,1162.27,17.54
1,3453,1156.53,17.34
1,3454,1157.69,17.09
1,3455,1137.09,17
1,3456,1104.03,16.87
1,3457,1114.61,16.91
1,3458,1080.92,16.5
1,3459,1066.53,16.44
1,3460,1045.12,16.27
1,3461,1052.45,16.24
1,3462,1132.6,16.57
1,3463,1068.65,16.15
1,3464,1082.01,16.21
1,3465,1063.84,16.04
1,3466,1076.84,16.11
1,3467,1106.94,16.28
1,3468,1116.84,16.34
1,3469,1140.33,17.5
1,3470,1165.59,15.73
1,3471,1173.51,15.8
1,3472,1171.32,15.79
1,3473,1163.63,15.72
1,3474,1027.98,16.33
1,3475,1018.61,16.29
1,3476,1014.23,16.28
1,3477,1004.91,15.98
1,3478,959.62,15.86
1,3479,943.55,15.72
1,3480,950.69,15.75
1,3481,886.39,15.32
1,3482,874.51,15.24
1,3483,878.02,15.33
1,3484,907.16,15.31
1,3485,925.08,15.38
1,3486,969.72,15.57
1,3487,941.12,15.05
1,3488,953.26,15.1
1,3489,969.13,15.17
1,3490,1002.89,15.31
1,3491,1009.07,15.34
1,3492,1139.02,15.88
1,3493,1151.93,15.93
1,3494,1151.93,15.93
1,3495,954.64,15.23
1,3496,954.64,15.23
1,3497,947.88,15.2
1,3498,915.39,15.11
1,3499,928.14,15.23
1,3500,941.53,15.34
1,3501,956.96,15.47
1,3502,969.58,15.58
1,3503,983.59,15.69
1,3504,997,15.81
1,3505,1021.33,15.98
1,3506,1033.26,16.04
1,3507,1059.46,16.23
1,3508,1074.49,16.3
1,3509,1062.44,16.35
1,3523,1602.42,15.93
1,3524,1393.7,21.23
1,3525,1393.7,21.23
1,3526,1369.68,21.13
1,3527,1263.28,20.55
1,3528,1263.28,20.55
1,3529,1263.28,20.55
1,3530,1263.28,20.55
1,3531,1265.7,20.44
1,3532,1262.23,20.43
1,3533,1290.4,20.55
1,3534,1209.13,20.1
1,3535,1199.39,20.02
1,3536,1188.05,19.92
1,3537,1176.51,19.74
1,3538,1166.92,17.77
1,3539,1162.28,17.73
1,3540,1156.02,17.68
1,3541,1149.5,17.63
1,3542,1178.78,17.43
1,3543,1180.29,17.25
1,3544,1154.27,17.14
1,3545,1128.62,17.03
1,3546,1100.51,16.89
1,3547,1114.52,16.91
1,3548,1097.36,16.57
1,3549,1085.79,16.41
1,3550,1062.42,16.32
1,3551,1036.07,16.12
1,3552,1030.53,16.03
1,3553,1051.33,16.08
1,3554,1042.35,15.92
1,3555,1052.55,15.98
1,3556,1123.06,16.34
1,3557,1122.46,16.34
1,3558,1153.61,17.56
1,3559,1157.86,15.7
1,3560,1143.85,15.64
1,3561,1149.29,15.66
1,3562,1158.07,15.71
1,3563,1154.59,15.68
1,3564,1047.67,16.41
1,3565,1028.21,16.33
1,3566,1042.84,16.14
1,3567,986.62,16.03
1,3568,959.49,15.9
1,3569,947.53,15.74
1,3570,962.57,15.8
1,3571,926.88,15.29
1,3572,867.74,15.13
1,3573,870.54,15.07
1,3574,892.45,15.24
1,3575,920.13,15.44
1,3576,919.67,15.44
1,3577,922.5,14.98
1,3578,954.36,15.11
1,3579,980.71,15.22
1,3580,1004.36,15.32
1,3581,1017.1,15.21
1,3582,1017.1,15.21
1,3583,997.02,15.13
1,3584,944.71,14.95
1,3585,944.71,14.95
1,3586,952.72,15.22
1,3587,934.47,15.14
1,3588,909.68,15.03
1,3589,930.99,15.26
1,3590,946.61,15.39
1,3591,969.1,15.5
1,3592,991.65,15.59
1,3593,1044.89,15.82
1,3594,1048.77,16.08
1,3595,1022.36,15.97
1,3596,1030.42,16.07
1,3597,1042.14,16.18
1,3598,1055.08,16.29
1,3599,1069.89,16.41
1,3603,1602.42,15.93
1,3604,1602.42,15.93
1,3605,1393.7,21.23
1,3606,1263.28,20.55
1,3607,1263.28,20.55
1,3608,1263.28,20.55
1,3609,1263.28,20.55
1,3610,1263.28,20.55
1,3611,1251.95,20.45
1,3612,1251.68,20.38
1,3613,1225.63,20.23
1,3614,1215.01,20.15
1,3615,1206.45,20.08
1,3616,1189.56,19.94
1,3617,1167.59,17.78
1,3618,1167.59,17.78
1,3619,1169.02,17.79
1,3620,1176.56,17.85
1,3621,1181.4,17.89
1,3622,1180.08,17.44
1,3623,1177.3,17.23
1,3624,1151.28,17.12
1,3625,1116.31,17.02
1,3626,1122.14,17.04
1,3627,1141.35,17.08
1,3628,1117.02,16.66
1,3629,1108.79,16.51
1,3630,1082.05,16.4
1,3631,1032.33,16.06
1,3632,1027.11,15.97
1,3633,1021.52,15.88
1,3634,1029.45,15.85
1,3635,1037.87,15.9
1,3636,1030.59,15.68
1,3637,1037.86,15.72
1,3638,1049.76,15.66
1,3639,1049.76,15.66
1,3640,1115,15.52
1,3641,1136.76,15.61
1,3642,1127.82,15.57
1,3643,1088.88,16.59
1,3644,1067.36,16.5
1,3645,1042.51,16.33
1,3646,1020.48,16.24
1,3647,983.82,16.06
1,3648,991.77,15.92
1,3649,967.67,15.82
1,3650,936.08,15.53
1,3651,917.79,15.25
1,3652,897.54,15.16
1,3653,861.35,14.98
1,3654,873.33,15.21
1,3655,905.59,15.44
1,3656,892.74,14.85
1,3657,930.84,15.01
1,3658,943.92,15.07
1,3659,988.01,15.25
1,3660,1018.2,15.38
1,3661,1043.84,15.48
1,3662,1006.79,15.17
1,3663,984.15,15.08
1,3664,960.47,14.98
1,3665,944.71,14.95
1,3666,897.11,14.85
1,3667,900.74,14.9
1,3668,921.64,14.98
1,3669,937.13,15.04
1,3670,967.94,15.5
1,3671,1017.16,15.7
1,3672,1011.12,15.68
1,3673,1033.89,15.77
1,3674,1051.24,16.09
1,3675,1030.63,16.01
1,3676,1037.16,16.1
1,3677,1043.34,16.19
1,3678,1053.74,16.28
1,3679,1071.89,16.43
1,3683,1602.42,15.93
1,3684,1602.42,15.93
1,3685,1531.69,15.45
1,3686,1263.28,20.55
1,3687,1263.28,20.55
1,3688,1263.28,20.55
1,3689,1263.28,20.55
1,3690,1262.35,20.54
1,3691,1251.3,20.45
1,3692,1243.85,20.35
1,3693,1247.88,20.33
1,3694,1279.97,20.5
1,3695,1308.03,20.62
1,3696,1324.28,20.68
1,3697,1339.3,18.3
1,3698,1171.29,17.81
1,3699,1179.98,17.88
1,3700,1185.81,17.93
1,3701,1196.57,17.69
1,3702,1183.81,17.59
1,3703,1145.13,17.26
1,3704,1131.77,17.15
1,3705,1124.58,17.09
1,3706,1140.3,17.15
1,3707,1145.76,16.78
1,3708,1150.99,16.69
1,3709,1112.24,16.52
1,3710,1119.33,16.55
1,3711,1118.47,16.55
1,3712,1023.75,15.92
1,3713,1017.99,15.82
1,3714,1012.48,15.73
1,3715,1006.97,15.64
1,3716,1022.35,15.63
1,3717,1035.49,15.7
1,3718,1034.95,15.57
1,3719,1043.96,15.62
1,3720,1093.13,15.43
1,3721,1085.06,15.4
1,3722,1102.85,15.47
1,3723,1103.23,15.47
1,3724,1079.51,16.55
1,3725,1053.2,16.38
1,3726,1025.01,16.26
1,3727,992.61,16.13
1,3728,999.91,16.16
1,3729,997.54,15.78
1,3730,955.37,15.61
1,3731,924.94,15.28
1,3732,908.02,15.21
1,3733,884.93,14.99
1,3734,855,14.83
1,3735,879.7,15.36
1,3736,873.91,14.77
1,3737,914.39,14.94
1,3738,922.27,14.98
1,3739,990.47,15.26
1,3740,1030.54,15.43
1,3741,1050.92,15.51
1,3742,993.74,15.12
1,3743,970.82,15.02
1,3744,947.84,14.93
1,3745,927.83,14.88
1,3746,891.81,14.78
1,3747,895.15,14.82
1,3748,932.36,15.02
1,3749,948.36,15.09
1,3750,948.36,15.09
1,3751,1033.58,15.77
1,3752,1049.46,15.84
1,3753,1071.58,15.93
1,3754,1071.56,16.18
1,3755,1063.62,16.15
1,3756,1037.16,16.1
1,3757,1044.68,16.2
1,3758,1162.17,16.78
1,3759,1179.46,16.88
1,3763,1542.88,15.54
1,3764,1533.11,15.46
1,3765,1523.34,15.38
1,3766,1263.28,20.55
1,3767,1263.28,20.55
1,3768,1263.28,20.55
1,3769,1263.28,20.55
1,3770,1258.96,20.51
1,3771,1251.17,20.45
1,3772,1253.51,20.39
1,3773,1282.19,20.51
1,3774,1300.75,20.59
1,3775,1323.49,20.68
1,3776,1348.57,18.34
1,3777,1337.26,18.29
1,3778,1273.11,18.03
1,3779,1189.37,17.96
1,3780,1196.19,18.02
1,3781,1194.06,17.67
1,3782,1181.14,17.56
1,3783,1149.77,17.3
1,3784,1140.32,17.22
1,3785,1166.22,17.34
1,3786,1176.82,16.9
1,3787,1162.95,16.85
1,3788,1138.1,16.63
1,3789,1140.34,16.64
1,3790,1126.8,16.58
1,3791,1126.8,16.58
1,3792,1019.97,15.86
1,3793,1014.45,15.76
1,3794,1008.95,15.67
1,3795,1003.44,15.58
1,3796,1004.13,15.53
1,3797,1013.41,15.49
1,3798,1021.52,15.5
1,3799,1017.71,15.48
1,3800,1072.42,15.34
1,3801,1062.98,15.3
1,3802,1081.24,15.38
1,3803,1095.34,15.44
1,3804,1082.16,16.5
1,3805,1093.53,16.55
1,3806,1061.33,16.41
1,3807,1029.22,16.28
1,3808,1028.53,15.91
1,3809,984.56,15.73
1,3810,971.42,15.47
1,3811,939.04,15.34
1,3812,952.75,15.39
1,3813,963.96,15.08
1,3814,976.22,15.13
1,3815,848.57,14.68
1,3816,853.81,14.75
1,3817,916.98,14.95
1,3818,900.27,15.15
1,3819,900.27,15.15
1,3820,1032.74,15.44
1,3821,1050.92,15.51
1,3822,978.68,15.05
1,3823,958.33,14.97
1,3824,935.9,14.88
1,3825,909.36,14.77
1,3826,886.17,14.7
1,3827,912.05,14.79
1,3828,948.36,15.09
1,3829,948.36,15.09
1,3830,1038.53,15.79
1,3831,1047.54,15.83
1,3832,1056.88,15.87
1,3833,1101.61,16.3
1,3834,1091.08,16.26
1,3835,1089.51,16.25
1,3836,1126.47,15.61
1,3837,1146.95,15.69
1,3838,1157.8,16.74
1,3839,1161.62,16.78
1,3843,1534.53,15.47
1,3844,1524.76,15.39
1,3845,1514.99,15.31
1,3846,1505.23,15.23
1,3847,1263.28,20.55
1,3848,1263.28,20.55
1,3849,1263.28,20.55
1,3850,1258.61,20.51
1,3851,1251.17,20.45
1,3852,1259.04,20.41
1,3853,1289.35,20.54
1,3854,1316.26,20.65
1,3855,1338.51,20.74
1,3856,1340.81,18.31
1,3857,1296.69,18.12
1,3858,1274.68,18.03
1,3859,1248.61,17.92
1,3860,1223.27,17.82
1,3861,1200.62,17.6
1,3862,1172.2,17.49
1,3863,1156.34,17.36
1,3864,1160.77,17.32
1,3865,1176.8,17.38
1,3866,1192.33,16.97
1,3867,1180.14,16.92
1,3868,1131.46,16.6
1,3869,1145.84,16.66
1,3870,1145.84,16.66
1,3871,1126.8,16.58
1,3872,1101.53,15.83
1,3873,1028.47,15.7
1,3874,1028.47,15.7
1,3875,1015.19,15.63
1,3876,994.4,15.43
1,3877,997.47,15.41
1,3878,1006.99,15.42
1,3879,994.58,15.2
1,3880,1073.22,15.35
1,3881,1041.33,15.21
1,3882,1059.47,15.29
1,3883,1056.4,15.28
1,3884,1084.73,15.39
1,3885,1089.29,15.79
1,3886,1062.09,15.68
1,3887,1045.67,16.35
1,3888,1018.97,15.87
1,3889,1009.46,15.83
1,3890,970.05,15.47
1,3891,967.93,15.46
1,3892,953.28,15.04
1,3893,952.28,15.04
1,3894,885.35,14.79
1,3895,867.24,14.72
1,3896,842.09,14.52
1,3897,890.87,15.11
1,3898,900.27,15.15
1,3899,899,15.26
1,3900,930.03,15.45
1,3901,941.29,15.52
1,3902,941.29,15.52
1,3903,947.54,14.92
1,3904,917.6,14.8
1,3905,877.06,14.57
1,3906,880.65,14.62
1,3907,912.05,14.79
1,3908,912.05,14.79
1,3909,948.36,15.09
1,3910,1060.85,15.88
1,3911,1060.85,15.88
1,3912,1083.44,15.98
1,3913,1094.74,15.33
1,3914,1094.93,15.33
1,3915,1099.57,15.49
1,3916,1121.4,15.58
1,3917,1140.88,15.67
1,3918,1146.84,16.65
1,3919,1151.07,16.69
1,3922,1535.95,15.48
1,3923,1526.18,15.4
1,3924,1516.42,15.32
1,3925,1506.65,15.24
1,3926,1496.46,15.15
1,3927,1263.28,20.55
1,3928,1263.28,20.55
1,3929,1259.79,20.52
1,3930,1256.12,20.49
1,3931,1255.82,20.4
1,3932,1289.35,20.54
1,3933,1289.35,20.54
1,3934,1336.02,20.73
1,3935,1350.38,20.79
1,3936,1324.91,18.24
1,3937,1302.22,18.15
1,3938,1276.24,18.04
1,3939,1246.51,17.79
1,3940,1230.92,17.73
1,3941,1196.7,17.58
1,3942,1187.4,17.54
1,3943,1161.9,17.4
1,3944,1191.87,17.45
1,3945,1188.38,17.43
1,3946,1192.33,16.97
1,3947,1252.66,16.46
1,3948,1252.66,16.46
1,3949,1252.66,16.46
1,3950,1154.61,16.05
1,3951,1130.74,15.95
1,3952,1106.19,15.85
1,3953,1081.89,15.75
1,3954,1057.19,15.64
1,3955,1032.63,15.54
1,3956,1014.19,15.47
1,3957,985.35,15.28
1,3958,979.87,15.19
1,3959,994.95,15.2
1,3960,1073.22,15.35
1,3961,1019.48,15.12
1,3962,1026.83,15.15
1,3963,1052.29,15.26
1,3964,1078.04,15.37
1,3965,1094.31,15.81
1,3966,1052.08,15.63
1,3967,1027.65,15.53
1,3968,1003.17,15.43
1,3969,987.11,15.36
1,3970,987.17,15.54
1,3971,958.24,15.24
1,3972,936.69,14.97
1,3973,936.99,14.97
1,3974,899.12,14.85
1,3975,924.58,14.92
1,3976,855.32,14.5
1,3977,863.16,14.97
1,3978,883.13,15.08
1,3979,893.04,15.23
1,3980,919.36,15.39
1,3981,940.81,15.51
1,3982,941.29,15.52
1,3983,889.87,14.45
1,3984,868.23,14.45
1,3985,871.57,14.5
1,3986,875.15,14.55
1,3987,966.85,14.66
1,3988,966.85,14.66
1,3989,966.85,14.66
1,3990,1030.66,15.06
1,3991,1042.01,15.11
1,3992,1059.7,15.18
1,3993,1053.14,15.3
1,3994,1053.14,15.3
1,3995,1079.43,15.41
1,3996,1107.69,15.53
1,3997,1134.82,15.64
1,3998,1158.87,15.74
1,3999,1141.19,16.61
1,4002,1527.61,15.41
1,4003,1517.84,15.33
1,4004,1508.07,15.25
1,4005,1498.03,15.17
1,4006,1488.18,15.08
1,4007,1478.34,15
1,4008,1263.28,20.55
1,4009,1258.96,20.51
1,4010,1254.89,20.48
1,4011,1255.82,20.4
1,4012,1289.35,20.54
1,4013,1336.02,20.73
1,4014,1336.02,20.73
1,4015,1321.33,18.23
1,4016,1316.37,18.21
1,4017,1305.86,18.16
1,4018,1277.81,18.05
1,4019,1240.55,17.77
1,4020,1249.81,17.8
1,4021,1218.92,17.67
1,4022,1208.51,17.63
1,4023,1215.31,17.66
1,4024,1191.87,17.45
1,4025,1314.91,16.72
1,4026,1302.51,16.67
1,4027,1248.6,16.44
1,4028,1252.66,16.46
1,4029,1188.84,16.19
1,4030,1159.65,16.07
1,4031,1135.4,15.97
1,4032,1110.85,15.87
1,4033,1096.5,15.81
1,4034,1065.22,15.68
1,4035,1053.61,15.49
1,4036,1033.05,15.4
1,4037,1005.57,15.28
1,4038,976.4,15.13
1,4039,970.81,15.04
1,4040,1036.88,15.19
1,4041,997.63,15.03
1,4042,1009.55,15.08
1,4043,1039.45,15.21
1,4044,1039.45,15.21
1,4045,1097.19,15.45
1,4046,1032.47,15.55
1,4047,1037.53,15.57
1,4048,1018.22,15.49
1,4049,967.23,15.28
1,4050,944.74,15.19
1,4051,939.63,15.17
1,4052,932.13,15.14
1,4053,897.4,14.81
1,4054,895.67,14.8
1,4055,886.96,14.63
1,4056,841.2,14.41
1,4057,833.61,14.3
1,4058,878.35,15.14
1,4059,899.58,15.28
1,4060,920.39,15.4
1,4061,938.76,15.5
1,4062,896.84,14.48
1,4063,889.87,14.45
1,4064,872.3,14.38
1,4065,865.95,14.42
1,4066,951.19,14.6
1,4067,959.97,14.63
1,4068,966.85,14.66
1,4069,994.59,14.91
1,4070,1006.56,14.96
1,4071,1027.4,15.05
1,4072,1018.78,15.16
1,4073,1040.46,15.25
1,4074,1054.14,15.3
1,4075,1078.98,15.41
1,4076,1104.9,15.52
1,4077,1129.86,15.62
1,4078,1126.73,16.49
1,4079,1131.56,16.53
1,4090,1254.89,20.48
1,4091,1289.35,20.54
1,4092,1336.02,20.73
1,4093,1336.02,20.73
1,4094,1336.02,20.73
1,4095,1316.73,18.21
1,4096,1316.37,18.21
1,4097,1305.95,18.16
1,4098,1279.38,18.05
1,4099,1228.15,17.71
1,4100,1228.15,17.71
1,4101,1237.05,17.75
1,4102,1226.87,17.71
1,4103,1219.47,17.67
1,4104,1331.95,16.79
1,4105,1313.23,16.71
1,4106,1292.27,16.62
1,4107,1232.71,16.38
1,4108,1215.66,16.31
1,4109,1189.71,16.2
1,4110,1164.69,16.09
1,4111,1150.13,16.03
1,4112,1121.39,15.91
1,4113,1118.27,15.9
1,4114,1129.28,15.95
1,4115,1053.61,15.49
1,4116,1038.16,15.42
1,4117,1042.15,15.22
1,4118,1012.01,15.09
1,4119,986.83,14.99
1,4120,962.45,14.89
1,4121,963.18,14.86
1,4122,973.68,14.93
1,4123,1035.86,15.19
1,4124,997.93,14.83
1,4125,993.35,15.93
1,4126,1058.13,15.66
1,4127,1058.13,15.66
1,4128,1001.08,15.77
1,4129,949.95,15.35
1,4130,925.97,15.13
1,4131,909.12,15.04
1,4132,890.58,14.89
1,4133,888.14,14.88
1,4134,862.66,14.66
1,4135,849.69,14.52
1,4136,853.13,14.46
1,4137,828.44,14.2
1,4138,872.63,15.2
1,4139,899.71,15.35
1,4140,925.47,15.57
1,4141,889.41,14.27
1,4142,879.39,14.3
1,4143,890.73,14.35
1,4144,856.98,14.29
1,4145,883.56,14.43
1,4146,918.63,14.46
1,4147,942.33,14.56
1,4148,965.4,14.65
1,4149,984.14,14.87
1,4150,995.11,14.91
1,4151,1015.15,15
1,4152,1004.21,15.1
1,4153,1022.38,15.17
1,4154,1048.42,15.28
1,4155,1072.54,15.38
1,4156,1093.07,15.47
1,4157,1113.26,16.37
1,4158,1115.75,16.39
1,4159,1130.35,16.42
1,4170,1432.24,14.62
1,4171,1289.35,20.54
1,4172,1336.02,20.73
1,4173,1336.02,20.73
1,4174,1319.07,18.22
1,4175,1316.37,18.21
1,4176,1313.18,18.19
1,4177,1305.95,18.16
1,4178,1280.94,18.06
1,4179,1228.15,17.71
1,4180,1228.15,17.71
1,4181,1237.05,17.75
1,4182,1227.97,17.71
1,4183,1335.83,16.81
1,4184,1335.83,16.81
1,4185,1299.73,16.66
1,4186,1278.28,16.57
1,4187,1249.29,16.45
1,4188,1215.43,16.3
1,4189,1190.58,16.2
1,4190,1166.67,16.1
1,4191,1169.33,16.11
1,4192,1158.07,16.07
1,4193,1142.98,16
1,4194,1145.78,16.01
1,4195,1101.03,15.46
1,4196,1077.17,15.36
1,4197,1046.02,15.23
1,4198,1019.88,15.13
1,4199,999.13,15.04
1,4200,984.97,14.98
1,4201,952.76,14.73
1,4202,964.46,14.69
1,4203,979.57,14.75
1,4204,1003.72,15.97
1,4205,987.75,15.9
1,4206,958.76,15.6
1,4207,965.14,15.62
1,4208,933.79,15.41
1,4209,921.59,15.23
1,4210,908.54,15.06
1,4211,889.6,14.98
1,4212,873.18,14.85
1,4213,865.82,14.75
1,4214,858.47,14.65
1,4215,899.61,14.65
1,4216,875.23,14.55
1,4217,875.14,14.51
1,4218,876.33,15.28
1,4219,927.99,15.58
1,4220,925.21,15.57
1,4221,894.4,14.29
1,4222,887.34,14.33
1,4223,859.2,14.22
1,4224,866.85,14.24
1,4225,893.4,14.35
1,4226,915.12,14.45
1,4227,931.26,14.51
1,4228,953.65,14.65
1,4229,966.24,14.79
1,4230,975.92,14.83
1,4231,978.31,14.99
1,4232,984.36,15.01
1,4233,1013.21,15.13
1,4234,1039.42,15.24
1,4235,1062.07,15.34
1,4236,1100.84,16.27
1,4237,1101.5,16.28
1,4238,1120.22,16.37
1,4239,1139.09,16.45
1,4250,1424.29,14.55
1,4251,1414.51,14.47
1,4252,1336.02,20.73
1,4253,1319.05,18.22
1,4254,1316.35,18.21
1,4255,1316.35,18.21
1,4256,1313.16,18.19
1,4257,1305.93,18.16
1,4258,1228.09,17.71
1,4259,1228.09,17.71
1,4260,1228.09,17.71
1,4261,1236.92,17.75
1,4262,1227.84,17.71
1,4263,1335.83,16.81
1,4264,1335.83,16.81
1,4265,1286.6,16.6
1,4266,1284.54,16.59
1,4267,1276.9,16.56
1,4268,1277.52,16.56
1,4269,1277.52,16.56
1,4270,1171.77,16.12
1,4271,1165.28,16.1
1,4272,1162.93,16.09
1,4273,1156.28,15.69
1,4274,1132.28,15.59
1,4275,1113.63,15.52
1,4276,1077.3,15.37
1,4277,1049.92,15.25
1,4278,1041.6,15.22
1,4279,1009.43,15.08
1,4280,1006.42,15.07
1,4281,961.58,14.68
1,4282,943.32,14.58
1,4283,986.71,14.78
1,4284,991.52,15.92
1,4285,988.09,15.72
1,4286,961.44,15.61
1,4287,947.75,15.55
1,4288,918.4,15.34
1,4289,902.84,15.19
1,4290,889.3,15.07
1,4291,881.97,14.97
1,4292,894.75,14.95
1,4293,914.5,15.03
1,4294,934.88,14.8
1,4295,905.44,14.68
1,4296,869.41,14.18
1,4297,848.66,14.09
1,4298,818.92,13.98
1,4299,899.18,15.46
1,4300,925.27,14.42
1,4301,903.07,14.33
1,4302,869.08,14.19
1,4303,842.38,14.09
1,4304,876.53,14.28
1,4305,897.4,14.31
1,4306,958.48,14.67
1,4307,954.15,14.65
1,4308,952.78,14.64
1,4309,945.39,14.71
1,4310,951.31,14.8
1,4311,963.8,14.91
1,4312,986.07,15.02
1,4313,998.41,15.07
1,4314,1027.51,15.19
1,4315,1088.51,16.17
1,4316,1088.51,16.17
1,4317,1091.38,16.19
1,4318,1097.19,16.24
1,4319,1139.09,16.45
1,4330,1415.96,14.48
1,4331,1406.17,14.4
1,4332,1396.39,14.32
1,4333,1316.35,18.21
1,4334,1316.35,18.21
1,4335,1316.35,18.21
1,4336,1313.16,18.19
1,4337,1305.93,18.16
1,4338,1228.09,17.71
1,4339,1228.09,17.71
1,4340,1236.92,17.75
1,4341,1236.92,17.75
1,4342,1335.83,16.81
1,4343,1335.83,16.81
1,4344,1335.83,16.81
1,4345,1284.54,16.59
1,4346,1284.54,16.59
1,4347,1284.54,16.59
1,4348,1277.52,16.56
1,4349,1277.52,16.56
1,4350,1166.37,16.1
1,4351,1165.28,16.1
1,4352,1148.89,15.66
1,4353,1151.56,15.67
1,4354,1140.39,15.63
1,4355,1109.1,15.5
1,4356,1091.39,15.42
1,4357,1068.96,15.33
1,4358,1064.21,15.35
1,4359,1030.93,15.17
1,4360,1038.31,15.2
1,4361,974.36,14.76
1,4362,937.91,14.49
1,4363,935.62,14.45
1,4364,957.97,15.78
1,4365,956.76,15.77
1,4366,920.13,15.5
1,4367,912.78,15.4
1,4368,911.57,15.31
1,4369,898.13,15.2
1,4370,916.25,15.21
1,4371,924.22,15.24
1,4372,917.58,15.04
1,4373,943.98,15.15
1,4374,940.88,14.82
1,4375,923.9,14.75
1,4376,860.32,14.14
1,4377,861.81,14.15
1,4378,815.06,13.89
1,4379,901.01,14.2
1,4380,888.62,14.15
1,4381,908.67,14.23
1,4382,842.53,13.99
1,4383,849.11,14.08
1,4384,879.31,14.2
1,4385,904.66,14.31
1,4386,958.09,14.67
1,4387,930.16,14.55
1,4388,923.58,14.57
1,4389,937.96,14.69
1,4390,947.93,14.78
1,4391,960.31,14.88
1,4392,983.44,15.01
1,4393,993.66,15.05
1,4394,1102.33,15.84
1,4395,1083.39,16.05
1,4396,1081.59,16.11
1,4397,1079.8,16.09
1,4398,1101.55,16.17
1,4399,1114.46,16.27
1,4410,1407.62,14.41
1,4411,1397.84,14.33
1,4412,1388.06,14.25
1,4413,1378.27,14.17
1,4414,1316.35,18.21
1,4415,1316.35,18.21
1,4416,1313.16,18.19
1,4417,1305.93,18.16
1,4418,1228.09,17.71
1,4419,1228.09,17.71
1,4420,1236.92,17.75
1,4421,1236.92,17.75
1,4422,1335.83,16.81
1,4423,1335.83,16.81
1,4424,1335.83,16.81
1,4425,1284.54,16.59
1,4426,1284.54,16.59
1,4427,1284.54,16.59
1,4428,1277.52,16.56
1,4429,1277.52,16.56
1,4430,1183.43,15.89
1,4431,1183.43,15.89
1,4432,1164.3,15.79
1,4433,1152.41,15.72
1,4434,1137.26,15.64
1,4435,1145.76,15.69
1,4436,1106.93,15.49
1,4437,1128.72,15.58
1,4438,1062.24,15.33
1,4439,1052.71,15.26
1,4440,993.31,14.86
1,4441,987.4,14.83
1,4442,944.69,14.47
1,4443,930.21,14.36
1,4444,936.27,15.73
1,4445,930,15.64
1,4446,921.58,15.52
1,4447,930.52,15.45
1,4448,933.53,15.4
1,4449,936.19,15.42
1,4450,938.14,15.3
1,4451,957.57,15.29
1,4452,945.37,15.19
1,4453,947.01,15.16
1,4454,949.74,14.86
1,4455,941.72,14.83
1,4456,909.49,14.19
1,4457,855.85,13.97
1,4458,822.47,13.83
1,4459,889.41,15.59
1,4460,928.37,15.81
1,4461,863.5,14.05
1,4462,827.82,13.89
1,4463,861.97,14.01
1,4464,887.63,14.11
1,4465,922.41,14.33
1,4466,946.47,14.43
1,4467,906.83,14.43
1,4468,1002.7,14.73
1,4469,1019.56,14.8
1,4470,1023,14.81
1,4471,1023,14.81
1,4472,1102.33,15.84
1,4473,1102.33,15.84
1,4474,1102.33,15.84
1,4475,1083.39,16.05
1,4476,1078.72,16.03
1,4477,1068.37,16
1,4478,1097.88,16.14
1,4479,1122.18,16.3
1,4490,1399.29,14.34
1,4491,1389.51,14.26
1,4492,1379.72,14.18
1,4493,1369.94,14.1
1,4494,1359.43,14.01
1,4495,1349.55,13.93
1,4496,1313.16,18.19
1,4497,1228.09,17.71
1,4498,1228.09,17.71
1,4499,1228.09,17.71
1,4500,1236.92,17.75
1,4501,1335.83,16.81
1,4502,1335.83,16.81
1,4503,1335.83,16.81
1,4504,1284.54,16.59
1,4505,1284.54,16.59
1,4506,1284.54,16.59
1,4507,1284.54,16.59
1,4508,1284.54,16.59
1,4509,1183.43,15.89
1,4510,1183.43,15.89
1,4511,1183.43,15.89
1,4512,1181.64,15.88
1,4513,1161.95,15.77
1,4514,1145.2,15.68
1,4515,1145.76,15.69
1,4516,1159.28,15.71
1,4517,1145.19,15.65
1,4518,1115.62,15.52
1,4519,1074.22,15.35
1,4520,1110.27,15.5
1,4521,993.31,14.86
1,4522,927.06,14.31
1,4523,929.22,14.33
1,4524,955.61,14.07
1,4525,936.49,15.73
1,4526,942.97,14
1,4527,965.06,15.63
1,4528,961.05,15.58
1,4529,952.05,15.36
1,4530,960.08,15.39
1,4531,965.91,15.36
1,4532,1007.28,15.41
1,4533,968.89,15.25
1,4534,973.65,14.96
1,4535,970.03,14.95
1,4536,883.26,14.08
1,4537,863.95,13.99
1,4538,832.47,13.86
1,4539,893.21,15.68
1,4540,927.78,15.8
1,4541,828.68,13.79
1,4542,835.94,13.85
1,4543,876.22,14.07
1,4544,892.3,14.2
1,4545,915.79,14.3
1,4546,890.71,14.3
1,4547,921.42,14.41
1,4548,981.61,14.64
1,4549,1009.36,14.76
1,4550,1023,14.81
1,4551,1023,14.81
1,4552,1102.33,15.84
1,4553,1102.33,15.84
1,4554,1102.33,15.84
1,4555,1048.48,15.83
1,4556,1055.03,15.89
1,4557,1072.47,16.03
1,4558,1085.4,16.14
1,4559,1112.1,16.32
1,4570,1390.95,14.27
1,4571,1381.17,14.19
1,4572,1371.39,14.11
1,4573,1361.06,14.02
1,4574,1351.18,13.94
1,4575,1341.31,13.86
1,4576,1331.43,13.78
1,4577,1321.55,13.7
1,4578,1228.09,17.71
1,4579,1236.92,17.75
1,4580,1236.92,17.75
1,4581,1335.83,16.81
1,4582,1335.83,16.81
1,4583,1335.83,16.81
1,4584,1284.54,16.59
1,4585,1284.54,16.59
1,4586,1284.54,16.59
1,4587,1284.54,16.59
1,4588,1284.54,16.59
1,4589,1183.43,15.89
1,4590,1183.43,15.89
1,4591,1183.43,15.89
1,4592,1183.43,15.89
1,4593,1211.95,15.98
1,4594,1205.79,15.95
1,4595,1186.48,15.84
1,4596,1159.54,15.71
1,4597,1133.76,15.6
1,4598,1111.78,15.51
1,4599,1106.11,15.5
1,4600,1117.91,15.53
1,4601,1117.91,15.53
1,4602,921.54,14.21
1,4603,919.39,14.18
1,4604,931.09,14.25
1,4605,936.9,13.95
1,4606,943.19,13.91
1,4607,942.72,13.88
1,4608,982.79,15.67
1,4609,1037.87,14.88
1,4610,979.96,15.47
1,4611,972.87,14.65
1,4612,1002.38,15.39
1,4613,977.12,14.31
1,4614,987.15,14.35
1,4615,910.17,14.19
1,4616,920.84,14.07
1,4617,858.04,13.81
1,4618,824.73,13.67
1,4619,897.07,15.77
1,4620,811.98,13.57
1,4621,813.2,13.69
1,4622,850.4,13.78
1,4623,865.74,14
1,4624,863.71,14.07
1,4625,875.34,14.17
1,4626,925.21,14.41
1,4627,948.73,14.5
1,4628,980.65,14.64
1,4629,990.22,14.68
1,4630,1023,14.81
1,4631,1080.95,15.72
1,4632,1086.6,15.75
1,4633,1086.51,15.75
1,4634,1030.07,15.68
1,4635,1039.49,15.76
1,4636,1046.97,15.82
1,4637,1148.04,15.98
1,4638,1129.74,16.39
1,4639,1104.28,16.3
1,4649,1392.4,14.29
1,4650,1382.62,14.2
1,4651,1372.84,14.12
1,4652,1362.69,14.04
1,4653,1352.81,13.96
1,4654,1342.94,13.87
1,4655,1333.06,13.79
1,4656,1323.18,13.71
1,4657,1313.3,13.63
1,4658,1303.67,13.55
1,4659,1236.92,17.75
1,4660,1335.83,16.81
1,4661,1335.83,16.81
1,4662,1335.83,16.81
1,4663,1284.54,16.59
1,4664,1284.54,16.59
1,4665,1284.54,16.59
1,4666,1284.54,16.59
1,4667,1284.54,16.59
1,4668,1183.43,15.89
1,4669,1183.43,15.89
1,4670,1183.43,15.89
1,4671,1183.43,15.89
1,4672,1183.43,15.89
1,4673,1211.95,15.98
1,4674,1214.07,16
1,4675,1193.78,15.88
1,4676,1167.82,15.74
1,4677,1142.67,15.64
1,4678,1119.94,15.54
1,4679,1122.07,15.58
1,4680,1131.63,15.63
1,4681,1217.47,15.95
1,4682,916.15,14.12
1,4683,913.95,14.09
1,4684,957.15,13.95
1,4685,939.56,13.88
1,4686,929.86,13.81
1,4687,942.72,13.88
1,4688,977.44,13.95
1,4689,1034.03,14.86
1,4690,1002.44,14.73
1,4691,981.01,14.64
1,4692,960.2,14.54
1,4693,958.63,14.24
1,4694,932.08,14.12
1,4695,906.25,14.01
1,4696,888.34,13.94
1,4697,858.04,13.81
1,4698,821.33,13.6
1,4699,798.18,13.49
1,4700,803.85,13.56
1,4701,823.28,13.74
1,4702,835.49,13.84
1,4703,862.82,14.02
1,4704,921.83,14.39
1,4705,912.34,14.35
1,4706,920.82,14.39
1,4707,938.34,14.46
1,4708,982.66,14.65
1,4709,987.82,14.67
1,4710,1035.68,15.47
1,4711,1045.9,15.53
1,4712,1068.03,15.65
1,4713,1074.98,15.69
1,4714,1022.41,15.62
1,4715,1031.71,15.69
1,4716,1102.25,15.79
1,4717,1135.44,15.93
1,4718,1138.11,16.43
1,4719,1113.56,16.26
1,4729,1384.07,14.22
1,4730,1374.29,14.14
1,4731,1364.5,14.05
1,4732,1354.44,13.97
1,4733,1344.56,13.89
1,4734,1334.69,13.8
1,4735,1324.81,13.72
1,4736,1314.93,13.64
1,4737,1305.05,13.56
1,4738,1295.59,13.48
1,4739,1285.76,13.4
1,4740,1335.83,16.81
1,4741,1335.83,16.81
1,4742,1284.54,16.59
1,4743,1284.54,16.59
1,4744,1284.54,16.59
1,4745,1284.54,16.59
1,4746,1284.54,16.59
1,4747,1284.54,16.59
1,4748,1183.43,15.89
1,4749,1183.43,15.89
1,4750,1183.43,15.89
1,4751,1183.43,15.89
1,4752,1220.8,16.03
1,4753,1220.8,16.03
1,4754,1217.03,16.01
1,4755,1200.08,15.92
1,4756,1175.3,15.77
1,4757,1161.93,15.72
1,4758,1141.58,15.63
1,4759,1187.95,15.83
1,4760,1208.96,15.91
1,4761,1217.47,15.95
1,4762,965.95,14.13
1,4763,908.52,14
1,4764,906.32,13.96
1,4765,956.84,13.81
1,4766,921.12,13.69
1,4767,933.7,13.75
1,4768,955.7,13.86
1,4769,952.18,13.84
1,4770,976.65,13.94
1,4771,969.7,14.6
1,4772,956.74,14.47
1,4773,936.23,14.22
1,4774,938.43,14.14
1,4775,930.82,14.11
1,4776,876.51,13.7
1,4777,861.38,13.64
1,4778,833.55,13.52
1,4779,804.68,13.4
1,4780,808.62,13.61
1,4781,856.2,13.92
1,4782,872.94,13.99
1,4783,869.03,14.05
1,4784,945.32,14.49
1,4785,933.69,14.44
1,4786,916.8,14.37
1,4787,1021.16,15
1,4788,1021.16,15
1,4789,1025.46,15.41
1,4790,1029.19,15.43
1,4791,1043.62,15.51
1,4792,1056.41,15.59
1,4793,1008.2,15.5
1,4794,1015.04,15.56
1,4795,1075.19,15.68
1,4796,1099.36,15.78
1,4797,1120.14,15.87
1,4798,1084.19,16.05
1,4799,1104.39,16.22
1,4809,1375.74,14.15
1,4810,1365.95,14.07
1,4811,1356.07,13.98
1,4812,1346.19,13.9
1,4813,1336.32,13.82
1,4814,1326.44,13.74
1,4815,1316.56,13.65
1,4816,1306.68,13.57
1,4817,1297.14,13.49
1,4818,1287.3,13.41
1,4819,1277.47,13.33
1,4820,1267.64,13.25
1,4821,1257.8,13.16
1,4822,1284.54,16.59
1,4823,1284.54,16.59
1,4824,1284.54,16.59
1,4825,1284.54,16.59
1,4826,1284.54,16.59
1,4827,1296.6,16.28
1,4828,1296.6,16.28
1,4829,1296.6,16.28
1,4830,1296.6,16.28
1,4831,1296.6,16.28
1,4832,1296.6,16.28
1,4833,1257.19,16.11
1,4834,1232.92,16.01
1,4835,1208.66,15.91
1,4836,1185.51,15.82
1,4837,1244.88,14.63
1,4838,1161.79,15.72
1,4839,1176.7,15.78
1,4840,1016.45,14.42
1,4841,980.48,14.22
1,4842,962.99,14.12
1,4843,903.08,13.91
1,4844,926.29,13.93
1,4845,934.32,13.71
1,4846,908.57,13.58
1,4847,932.51,13.67
1,4848,928.66,13.72
1,4849,960.94,13.88
1,4850,984.51,13.98
1,4851,962.67,14.46
1,4852,935.83,14.34
1,4853,914.17,14.16
1,4854,905.65,14.09
1,4855,873.42,13.82
1,4856,862.3,13.7
1,4857,869.02,13.72
1,4858,825.24,13.45
1,4859,794.71,13.32
1,4860,805.94,13.66
1,4861,843.13,13.86
1,4862,860.75,13.94
1,4863,930.49,14.1
1,4864,935.71,14.12
1,4865,947.8,14.5
1,4866,1021.16,15
1,4867,1021.16,15
1,4868,1021.16,15
1,4869,1015.93,15.36
1,4870,1018.45,15.37
1,4871,1034.63,15.46
1,4872,990.86,15.35
1,4873,999.31,15.42
1,4874,1052.95,15.59
1,4875,1066.88,15.64
1,4876,1087.55,15.73
1,4877,1102.47,16.05
1,4878,1087.26,15.99
1,4879,1068.4,15.98
1,4905,1284.54,16.59
1,4906,1296.6,16.28
1,4907,1296.6,16.28
1,4908,1296.6,16.28
1,4909,1296.6,16.28
1,4910,1296.6,16.28
1,4911,1296.6,16.28
1,4912,1296.6,16.28
1,4913,1263.56,16.14
1,4914,1240.54,16.05
1,4915,1216.25,15.94
1,4916,1273.16,14.8
1,4917,1245.66,14.65
1,4918,1042.55,14.56
1,4919,1035.75,14.52
1,4920,998.28,14.31
1,4921,979.72,14.21
1,4922,946.26,14.03
1,4923,897.65,13.82
1,4924,907.04,13.85
1,4925,932.17,13.63
1,4926,902.04,13.49
1,4927,926.35,13.64
1,4928,939.78,13.61
1,4929,955.46,13.64
1,4930,974.71,14.53
1,4931,943.63,14.39
1,4932,928.77,14.28
1,4933,896.58,14.09
1,4934,888.26,13.88
1,4935,863.51,13.78
1,4936,841.94,13.69
1,4937,872.99,13.73
1,4938,815.5,13.41
1,4939,790.99,13.26
1,4940,786.87,13.21
1,4941,804.84,13.34
1,4942,847.16,13.56
1,4943,908.1,14
1,4944,930.88,14.1
1,4945,942.97,14.15
1,4946,1021.16,15
1,4947,1021.16,15
1,4948,1019.33,15
1,4949,1010.59,15.13
1,4950,1017.35,15.36
1,4951,996.18,15.27
1,4952,982.85,15.29
1,4953,1006.57,15.39
1,4954,1033.05,15.5
1,4955,1045.91,15.56
1,4956,1033.93,15.76
1,4957,1052.31,15.84
1,4958,1069.84,15.91
1,4959,1049.68,15.91
1,4985,1296.6,16.28
1,4986,1296.6,16.28
1,4987,1296.6,16.28
1,4988,1296.6,16.28
1,4989,1296.6,16.28
1,4990,1296.6,16.28
1,4991,1296.6,16.28
1,4992,1293.09,16.26
1,4993,1278.05,16.2
1,4994,1240.54,16.05
1,4995,1273.16,14.8
1,4996,1273.16,14.8
1,4997,1257.46,14.71
1,4998,1211.15,14.49
1,4999,1019.43,14.43
1,5000,987.13,14.25
1,5001,970.12,14.16
1,5002,929.07,13.93
1,5003,906.65,13.81
1,5004,894.92,13.71
1,5005,919.14,13.81
1,5006,916.05,13.46
1,5007,909.7,13.43
1,5008,936.24,13.54
1,5009,931.7,13.54
1,5010,937.7,13.62
1,5011,922.18,14.35
1,5012,911.37,14.22
1,5013,883.12,14
1,5014,862.18,13.91
1,5015,857.6,13.75
1,5016,827.98,13.63
1,5017,808.91,13.48
1,5018,803.37,13.39
1,5019,792.52,13.28
1,5020,790.72,13.3
1,5021,817.67,13.44
1,5022,836.46,13.52
1,5023,885.26,13.91
1,5024,939.6,14.14
1,5025,959.68,14.22
1,5026,989.34,14.87
1,5027,1003.87,14.93
1,5028,1015.58,14.98
1,5029,990.19,15.04
1,5030,997.22,15.07
1,5031,966.51,15.15
1,5032,977.98,15.25
1,5033,1038.54,15.4
1,5034,1066.06,15.52
1,5035,1008.02,15.66
1,5036,1016.33,15.69
1,5037,1037.98,15.78
1,5038,1051.83,15.92
1,5039,1024.69,15.8
1,5065,1296.6,16.28
1,5066,1296.6,16.28
1,5067,1296.6,16.28
1,5068,1296.6,16.28
1,5069,1296.6,16.28
1,5070,1296.6,16.28
1,5071,1295.31,16.27
1,5072,1292.67,16.26
1,5073,1278.74,16.2
1,5074,1281.97,14.79
1,5075,1269.86,14.74
1,5076,1269.71,14.78
1,5077,1206.29,14.47
1,5078,1189.39,14.4
1,5079,1010.15,14.38
1,5080,993.6,14.29
1,5081,997.1,14.31
1,5082,940.31,13.98
1,5083,935.37,13.96
1,5084,884.58,13.6
1,5085,907.91,13.68
1,5086,917.04,13.4
1,5087,896.25,13.3
1,5088,920.86,13.4
1,5089,915.02,13.47
1,5090,929.28,14.35
1,5091,910.12,14.25
1,5092,901.9,14.21
1,5093,887.01,14.01
1,5094,840.45,13.82
1,5095,826.85,13.71
1,5096,818.69,13.6
1,5097,818.64,13.51
1,5098,812.8,13.46
1,5099,791.35,13.06
1,5100,778.49,13.01
1,5101,820.77,13.62
1,5102,858.78,13.8
1,5103,882.75,13.9
1,5104,958.88,14.22
1,5105,963.1,14.23
1,5106,972.71,14.8
1,5107,987.4,14.86
1,5108,954.33,14.89
1,5109,969.27,14.95
1,5110,950.21,15.01
1,5111,977.93,15.15
1,5112,1006.73,15.27
1,5113,1036.1,15.39
1,5114,1040.21,15.79
1,5115,1015.77,15.69
1,5116,987.55,15.57
1,5117,1022.95,15.72
1,5118,1039.07,15.86
1,5119,981.85,15.62
1,5145,1428.24,15.4
1,5146,1428.24,15.4
1,5147,1428.24,15.4
1,5148,1296.6,16.28
1,5149,1349.34,15.07
1,5150,1349.34,15.07
1,5151,1348.26,15.06
1,5152,1341.88,15.04
1,5153,1317.56,14.94
1,5154,1293.11,14.83
1,5155,1268.22,14.73
1,5156,1217.29,14.52
1,5157,1213.32,14.5
1,5158,1167.67,14.31
1,5159,1017.32,14.42
1,5160,986.06,14.25
1,5161,967.69,14.14
1,5162,1040.91,13.78
1,5163,1022.71,13.71
1,5164,879.13,13.51
1,5165,888.47,13.58
1,5166,890.47,13.28
1,5167,884.74,13.23
1,5168,947.51,13.64
1,5169,929.35,14.45
1,5170,932.33,14.46
1,5171,874.74,14.13
1,5172,862.5,14.03
1,5173,850.26,13.93
1,5174,865.96,14
1,5175,850.02,13.96
1,5176,856.57,14.02
1,5177,827.91,13.59
1,5178,837.43,13.59
1,5179,861.97,13.69
1,5180,773.63,12.91
1,5181,814.8,13.6
1,5182,840.17,13.72
1,5183,901.77,13.98
1,5184,932.89,14.11
1,5185,941.37,14.67
1,5186,956.07,14.73
1,5187,980.86,15
1,5188,958.13,14.91
1,5189,944.79,14.93
1,5190,941.29,14.94
1,5191,988.87,15.09
1,5192,1014.53,15.19
1,5193,1038.43,15.29
1,5194,1047.16,15.82
1,5195,979.16,15.54
1,5196,967.49,15.49
1,5197,952.89,15.43
1,5198,951.59,15.5
1,5199,964.29,15.55
1,5215,1428.24,15.4
1,5216,1428.24,15.4
1,5217,1428.24,15.4
1,5218,1428.24,15.4
1,5219,1428.24,15.4
1,5220,1349.34,15.07
1,5221,1349.34,15.07
1,5222,1347.09,15.06
1,5223,1322.77,14.96
1,5224,1298.56,14.86
1,5225,1245.15,14.64
1,5226,1205.76,14.47
1,5227,1180.47,14.37
1,5228,1155.4,14.26
1,5229,1119.2,14.11
1,5230,1094.73,14.01
1,5231,1070.17,13.91
1,5232,1011.02,13.66
1,5233,1000.29,13.61
1,5234,873.72,13.42
1,5235,881.72,13.49
1,5236,896.47,13.19
1,5237,873.32,13.09
1,5238,900.34,13.21
1,5239,891.23,13.2
1,5240,889.39,14.26
1,5241,877.15,14.15
1,5242,884.32,14.13
1,5243,891.11,14.16
1,5244,881.1,14.14
1,5245,849.01,13.98
1,5246,842.71,13.71
1,5247,850.89,13.74
1,5248,890.93,13.81
1,5249,880.14,13.77
1,5250,769.74,12.82
1,5251,810.07,13.62
1,5252,847.3,13.89
1,5253,877.33,14.02
1,5254,903.93,14.13
1,5255,924.44,14.6
1,5256,948.48,14.7
1,5257,974.64,14.81
1,5258,920.11,14.75
1,5259,926.14,14.82
1,5260,958.92,14.96
1,5261,982.29,15.06
1,5262,1012.66,15.18
1,5263,1035.49,15.28
1,5264,1054.1,15.85
1,5265,963.09,15.47
1,5266,947.43,15.4
1,5267,932.73,15.34
1,5268,934.45,15.43
1,5269,926.97,15.48
1,5270,933.31,15.59
1,5271,939.66,15.69
1,5272,946,15.8
1,5273,953.06,15.91
1,5274,960.69,16.01
1,5275,968.33,16.12
1,5276,975.3,16.22
1,5277,981.82,16.32
1,5278,987.05,16.4
1,5295,1428.24,15.4
1,5296,1428.24,15.4
1,5297,1428.24,15.4
1,5298,1428.24,15.4
1,5299,1428.24,15.4
1,5300,1428.24,15.4
1,5301,1353.32,15.09
1,5302,1363.95,15.13
1,5303,1402.67,15.29
1,5304,1426.01,15.39
1,5305,1226.85,14.56
1,5306,1210.74,14.49
1,5307,1184.01,14.38
1,5308,1135.56,14.18
1,5309,1124.06,14.13
1,5310,1048.33,13.81
1,5311,1036.65,13.77
1,5312,1015.92,13.68
1,5313,977.81,13.52
1,5314,881.61,13.37
1,5315,877.73,13.36
1,5316,878.28,13.35
1,5317,867.5,13
1,5318,876.66,13.03
1,5319,888.82,13.18
1,5320,901.46,13.15
1,5321,905.07,14.27
1,5322,906.05,14.23
1,5323,894.45,14.2
1,5324,870.03,14.09
1,5325,856.26,14.07
1,5326,852.17,13.79
1,5327,881.27,13.87
1,5328,877.09,13.85
1,5329,808.27,12.88
1,5330,789.8,12.8
1,5331,819.44,13.78
1,5332,851.68,13.91
1,5333,882.45,14.04
1,5334,894.07,14.45
1,5335,889.18,14.45
1,5336,944.32,14.68
1,5337,897.17,14.6
1,5338,914.24,14.71
1,5339,918.98,14.77
1,5340,958.33,14.96
1,5341,1000.36,14.99
1,5342,1021.18,15.08
1,5343,1021.18,15.08
1,5344,897.57,14.99
1,5345,902.88,15.08
1,5346,908.19,15.17
1,5347,913.77,15.26
1,5348,920.12,15.37
1,5349,940.2,15.49
1,5350,962.39,15.59
1,5351,939.11,15.69
1,5352,945.45,15.79
1,5353,952.52,15.9
1,5354,960.15,16.01
1,5355,967.78,16.11
1,5356,974.75,16.21
1,5357,981.01,16.31
1,5358,985.42,16.38
1,5375,1428.24,15.4
1,5376,1428.24,15.4
1,5377,1428.24,15.4
1,5378,1428.24,15.4
1,5379,1428.24,15.4
1,5380,1428.24,15.4
1,5381,1419.25,15.36
1,5382,1394.47,15.26
1,5383,1403.66,15.3
1,5384,1426.01,15.39
1,5385,1225.33,14.55
1,5386,1221.89,14.54
1,5387,1117.74,14.1
1,5388,1093.89,14
1,5389,1074.53,13.92
1,5390,1049.31,13.82
1,5391,1022.99,13.71
1,5392,990.72,13.57
1,5393,964.38,13.47
1,5394,908.25,13.48
1,5395,863.63,13.23
1,5396,875.87,13.33
1,5397,860.28,12.91
1,5398,865.93,12.94
1,5399,874.23,12.99
1,5400,889.6,13.1
1,5401,926.6,13.25
1,5402,921.99,13.86
1,5403,895.28,13.75
1,5404,860.56,14.13
1,5405,863.5,14.16
1,5406,861.63,13.87
1,5407,864.9,13.11
1,5408,840.27,13.01
1,5409,813.09,12.84
1,5410,782.78,12.71
1,5411,811.45,13.79
1,5412,846.62,13.89
1,5413,861.04,14.24
1,5414,855.12,14.25
1,5415,867.3,14.35
1,5416,883.28,14.48
1,5417,908.49,14.63
1,5418,935.22,14.79
1,5419,951.51,14.86
1,5420,968.68,14.86
1,5421,989.95,14.95
1,5422,1011.22,15.04
1,5423,915.37,14.83
1,5424,894.96,14.95
1,5425,900.27,15.04
1,5426,905.58,15.13
1,5427,912.93,15.25
1,5428,919.64,15.36
1,5429,957.31,15.57
1,5430,977.88,15.65
1,5431,998.28,15.74
1,5432,1005.37,15.77
1,5433,951.97,15.89
1,5434,959.61,16
1,5435,967.24,16.1
1,5436,974.21,16.21
1,5437,980.42,16.3
1,5438,985.04,16.37
1,5454,1162.28,12.37
1,5455,1152.49,12.29
1,5456,1428.24,15.4
1,5457,1428.24,15.4
1,5458,1428.24,15.4
1,5459,1428.24,15.4
1,5460,1428.24,15.4
1,5461,1423.43,15.38
1,5462,1397.4,15.27
1,5463,1404.65,15.3
1,5464,1426.01,15.39
1,5465,1152.4,14.25
1,5466,1132.48,14.17
1,5467,1120.33,14.11
1,5468,1105.06,14.05
1,5469,1077.64,13.94
1,5470,1043.53,13.79
1,5471,1015.28,13.68
1,5472,964.61,13.47
1,5473,942.09,13.37
1,5474,916.81,13.52
1,5475,855.2,13.11
1,5476,866.64,13.19
1,5477,860.25,12.87
1,5478,861.6,12.81
1,5479,886.16,12.92
1,5480,895.5,12.96
1,5481,894.02,13.02
1,5482,875.26,13.76
1,5483,873.71,13.66
1,5484,870.45,13.75
1,5485,870.19,13.35
1,5486,893.79,13.4
1,5487,882.03,13.13
1,5488,852.15,13
1,5489,821.77,12.88
1,5490,816.74,12.71
1,5491,756.7,12.51
1,5492,828.21,14.03
1,5493,840.39,14.13
1,5494,852.59,14.23
1,5495,880.46,14.46
1,5496,887.46,14.52
1,5497,914.04,14.64
1,5498,941.07,14.77
1,5499,941.93,14.75
1,5500,958.26,14.82
1,5501,979.53,14.9
1,5502,908.01,14.8
1,5503,915.37,14.83
1,5504,892.35,14.91
1,5505,897.66,14.99
1,5506,902.97,15.08
1,5507,908.28,15.17
1,5508,940.91,15.5
1,5509,980.43,15.66
1,5510,991.07,15.71
1,5511,1009.94,15.78
1,5512,1036.68,15.9
1,5513,1044.27,15.93
1,5514,1044.27,15.93
1,5515,966.7,16.1
1,5516,973.66,16.2
1,5517,980.42,16.3
1,5518,983.72,16.35
1,5534,1153.94,12.3
1,5535,1144.16,12.22
1,5536,1428.24,15.4
1,5537,1428.24,15.4
1,5538,1428.24,15.4
1,5539,1428.24,15.4
1,5540,1428.24,15.4
1,5541,1427.61,15.4
1,5542,1400.32,15.28
1,5543,1188.29,14.4
1,5544,1183.91,14.38
1,5545,1161.35,14.29
1,5546,1139.05,14.19
1,5547,1108.02,14.06
1,5548,1081.13,13.95
1,5549,1054.27,13.84
1,5550,1027.62,13.73
1,5551,1001.32,13.62
1,5552,977.9,13.52
1,5553,909.1,13.23
1,5554,904.79,13.22
1,5555,849.72,13.02
1,5556,867.95,13.06
1,5557,867.57,12.84
1,5558,844.6,12.69
1,5559,862.82,12.76
1,5560,873.75,12.87
1,5561,872.2,12.93
1,5562,864.74,13.67
1,5563,856.3,13.57
1,5564,868.8,13.72
1,5565,856.63,13.23
1,5566,867.86,13.26
1,5567,882.52,13.28
1,5568,832.13,12.85
1,5569,820.93,12.74
1,5570,784.95,12.58
1,5571,752.84,12.42
1,5572,820.68,14.01
1,5573,837.84,14.11
1,5574,850.06,14.21
1,5575,890.53,14.54
1,5576,897.48,14.6
1,5577,908.89,14.6
1,5578,918.48,14.59
1,5579,920.46,14.66
1,5580,905.64,14.6
1,5581,896.12,14.75
1,5582,889.76,14.73
1,5583,884.43,14.77
1,5584,889.74,14.86
1,5585,895.05,14.95
1,5586,900.36,15.04
1,5587,905.66,15.13
1,5588,964.85,15.6
1,5589,1021.98,15.83
1,5590,1021.98,15.83
1,5591,1035.86,15.89
1,5592,1044.74,15.93
1,5593,1050.37,15.95
1,5594,1050.79,15.95
1,5595,1055.35,15.97
1,5596,973.12,16.19
1,5597,980.05,16.3
1,5598,982.4,16.33
1,5614,1145.61,12.23
1,5615,1136.24,12.15
1,5616,1136.24,12.15
1,5617,1428.24,15.4
1,5618,1428.24,15.4
1,5619,1428.24,15.4
1,5620,1428.24,15.4
1,5621,1428.24,15.4
1,5622,1188.29,14.4
1,5623,1188.29,14.4
1,5624,1188.29,14.4
1,5625,1169.94,14.32
1,5626,1148.01,14.23
1,5627,1092.69,14
1,5628,1077.06,13.93
1,5629,1051.87,13.83
1,5630,1054.87,13.84
1,5631,1025.82,13.72
1,5632,1015.78,13.68
1,5633,892.15,13.16
1,5634,880.08,13.11
1,5635,844.38,12.93
1,5636,856.2,12.93
1,5637,863.03,12.73
1,5638,838.08,12.6
1,5639,842.17,12.64
1,5640,850.31,12.75
1,5641,858.46,12.85
1,5642,866.39,13.69
1,5643,849.07,13.48
1,5644,853.06,13.48
1,5645,848.23,13.16
1,5646,853.09,13.16
1,5647,844.37,12.9
1,5648,819.92,12.8
1,5649,794.65,12.6
1,5650,788.2,12.52
1,5651,755.52,12.35
1,5652,824.55,14.1
1,5653,826.15,14.14
1,5654,817.18,12.67
1,5655,841.58,12.77
1,5656,888.37,14.5
1,5657,888.16,14.46
1,5658,908.26,14.55
1,5659,900.7,14.58
1,5660,885.88,14.51
1,5661,871.17,14.55
1,5662,876.4,14.64
1,5663,881.82,14.73
1,5664,887.13,14.82
1,5665,892.44,14.91
1,5666,897.74,15
1,5667,1054.8,15.4
1,5668,1021.98,15.83
1,5669,1021.98,15.83
1,5670,1035.04,15.89
1,5671,1059.33,15.99
1,5672,1063.9,16.01
1,5673,1077.38,16.07
1,5674,1083.25,16.09
1,5675,1083.25,16.09
1,5676,1083.25,16.09
1,5677,979.5,16.29
1,5678,982.32,16.33
1,5694,1137.28,12.16
1,5695,1136.24,12.15
1,5696,1136.24,12.15
1,5697,1428.24,15.4
1,5698,1428.24,15.4
1,5699,1428.24,15.4
1,5700,1428.24,15.4
1,5701,1428.24,15.4
1,5702,1188.29,14.4
1,5703,1188.29,14.4
1,5704,1188.29,14.4
1,5705,1177.09,14.35
1,5706,1156.96,14.27
1,5707,1085.32,13.97
1,5708,1072.99,13.92
1,5709,1053.01,13.83
1,5710,1047.26,13.81
1,5711,1004.35,13.63
1,5712,983.44,13.54
1,5713,934.63,13.34
1,5714,909.92,13.24
1,5715,856.17,12.94
1,5716,855.4,12.88
1,5717,846.82,12.65
1,5718,831.56,12.51
1,5719,860.47,12.76
1,5720,855.45,12.63
1,5721,870.91,12.66
1,5722,854.54,13.49
1,5723,841.84,13.39
1,5724,850.59,13.45
1,5725,837.3,13.07
1,5726,830.48,13.02
1,5727,857.36,13.09
1,5728,836.87,12.73
1,5729,791.78,12.61
1,5730,774.9,12.45
1,5731,767.09,12.34
1,5732,750.47,12.28
1,5733,786.98,12.54
1,5734,812.15,12.65
1,5735,836.55,12.75
1,5736,860.72,12.85
1,5737,871.39,14.36
1,5738,863.76,14.3
1,5739,857.82,14.33
1,5740,866.12,14.43
1,5741,868.46,14.51
1,5742,873.68,14.6
1,5743,879.2,14.69
1,5744,984.51,15.1
1,5745,984.51,15.1
1,5746,1054.8,15.4
1,5747,1054.8,15.4
1,5748,1054.8,15.4
1,5749,1072.44,16.05
1,5750,1072.69,16.05
1,5751,1080.19,16.08
1,5752,1085.21,16.1
1,5753,1087.68,16.11
1,5754,1090.14,16.12
1,5755,1091.79,16.13
1,5756,1091.79,16.13
1,5757,1091.79,16.13
1,5758,1091.79,16.13
1,5782,1188.29,14.4
1,5783,1188.29,14.4
1,5784,1188.29,14.4
1,5785,1188.29,14.4
1,5786,1162.9,14.29
1,5787,1085.32,13.97
1,5788,1032,13.75
1,5789,1032,13.75
1,5790,1027.71,13.73
1,5791,1004.11,13.63
1,5792,963.82,13.46
1,5793,939.07,13.36
1,5794,932,13.33
1,5795,940.49,13.37
1,5796,836.27,12.72
1,5797,859.59,12.81
1,5798,825.03,12.42
1,5799,841.9,12.51
1,5800,844.51,12.54
1,5801,849.92,12.58
1,5802,851.9,13.44
1,5803,839.65,13.34
1,5804,839.15,13.32
1,5805,839.78,13.09
1,5806,817.9,12.93
1,5807,842.78,13.03
1,5808,815.22,12.64
1,5809,780.9,12.52
1,5810,768.55,12.38
1,5811,756.24,12.25
1,5812,754.31,12.37
1,5813,782.6,12.52
1,5814,807.45,12.63
1,5815,831.52,12.73
1,5816,855.92,12.83
1,5817,861.62,14.28
1,5818,853.99,14.22
1,5819,855.29,14.29
1,5820,876.74,14.51
1,5821,887.85,14.57
1,5822,896.8,14.62
1,5823,971.62,15.03
1,5824,984.51,15.1
1,5825,984.51,15.1
1,5826,1051.54,15.38
1,5827,1054.8,15.4
1,5828,1054.8,15.4
1,5829,1128.23,16.28
1,5830,1111.27,16.21
1,5831,1106.98,16.19
1,5832,1099.71,16.16
1,5833,1099.71,16.16
1,5834,1099.71,16.16
1,5835,1097.5,16.15
1,5836,1095.29,16.14
1,5837,1093.07,16.13
1,5862,1188.29,14.4
1,5863,1188.29,14.4
1,5864,1188.29,14.4
1,5865,1188.29,14.4
1,5866,1167.99,14.31
1,5867,1032,13.75
1,5868,1032,13.75
1,5869,1032,13.75
1,5870,1011.03,13.66
1,5871,1000.79,13.62
1,5872,990.64,13.57
1,5873,999.9,13.61
1,5874,953.54,13.42
1,5875,962.55,13.46
1,5876,825.82,12.62
1,5877,857.07,12.66
1,5878,862.39,12.68
1,5879,823.03,12.36
1,5880,835.16,12.46
1,5881,868.25,12.65
1,5882,849.42,13.4
1,5883,833.08,13.25
1,5884,832.69,13.19
1,5885,839.87,13
1,5886,806.78,12.84
1,5887,813.42,12.89
1,5888,793.41,12.55
1,5889,770.01,12.43
1,5890,757.66,12.29
1,5891,745.95,12.16
1,5892,735.97,12.02
1,5893,801.29,12.62
1,5894,814.93,12.69
1,5895,818.9,12.94
1,5896,836.73,13.98
1,5897,842.05,14.07
1,5898,847.36,14.16
1,5899,852.77,14.25
1,5900,891.57,14.59
1,5901,903.01,14.65
1,5902,922.76,14.76
1,5903,964.05,14.99
1,5904,980.19,15.08
1,5905,1000.07,15.17
1,5906,1043.54,15.35
1,5907,1054.8,15.4
1,5908,1054.8,15.4
1,5909,1133.27,16.3
1,5910,1131.7,16.29
1,5911,1126.88,16.27
1,5912,1119.54,16.24
1,5913,1119.54,16.24
1,5914,1115.45,16.22
1,5915,1099.71,16.16
1,5916,1099.71,16.16
1,5917,1099.71,16.16
1,5942,1188.29,14.4
1,5943,1188.29,14.4
1,5944,1188.29,14.4
1,5945,1188.29,14.4
1,5946,1175.14,14.34
1,5947,1032,13.75
1,5948,1032,13.75
1,5949,1032,13.75
1,5950,1011.03,13.66
1,5951,1047.99,13.81
1,5952,1022.46,13.71
1,5953,1021.36,13.7
1,5954,976.34,13.51
1,5955,983.35,13.54
1,5956,820.4,12.53
1,5957,853.91,12.44
1,5958,835.41,12.36
1,5959,809.36,12.2
1,5960,838.57,12.25
1,5961,858.29,12.39
1,5962,861.75,13.44
1,5963,841.53,13.22
1,5964,817.14,13.08
1,5965,831.42,12.91
1,5966,806.97,12.8
1,5967,802.9,12.8
1,5968,772.05,12.49
1,5969,766.03,12.4
1,5970,760.85,12.32
1,5971,765.13,12.36
1,5972,732.04,11.93
1,5973,784.02,12.74
1,5974,801.13,12.84
1,5975,827.5,12.98
1,5976,834.13,13.94
1,5977,839.44,14.02
1,5978,873.85,14.12
1,5979,980.82,15.01
1,5980,967.98,14.95
1,5981,949.03,14.87
1,5982,933.34,14.82
1,5983,956.48,14.95
1,5984,972.62,15.04
1,5985,1015.51,15.23
1,5986,1035.55,15.32
1,5987,1054.8,15.4
1,5988,1054.8,15.4
1,5989,1162.1,16.42
1,5990,1162.1,16.42
1,5991,1150.7,16.37
1,5992,1146.66,16.35
1,5993,1146.66,16.35
1,5994,1145.93,16.35
1,5995,1144.05,16.34
1,5996,1119.54,16.24
1,5997,1119.54,16.24
1,6012,1188.29,14.4
1,6013,1188.29,14.4
1,6014,1188.29,14.4
1,6015,1188.29,14.4
1,6016,1032,13.75
1,6017,1032,13.75
1,6018,1032,13.75
1,6019,1051.73,13.83
1,6020,1051.73,13.83
1,6021,1051.73,13.83
1,6022,1032.79,13.75
1,6023,1042.83,13.79
1,6024,983.35,13.54
1,6025,983.35,13.54
1,6026,814.98,12.44
1,6027,821.09,12.48
1,6028,819.88,12.29
1,6029,802.83,12.11
1,6030,819.35,12.19
1,6031,822.8,12.22
1,6032,873.48,13.48
1,6033,837.36,13.13
1,6034,809.91,12.99
1,6035,824.29,12.96
1,6036,789.55,12.71
1,6037,781.81,12.61
1,6038,793.16,12.61
1,6039,792.59,12.51
1,6040,789.87,12.49
1,6041,756.93,11.96
1,6042,732.57,11.86
1,6043,778.55,12.71
1,6044,851.24,13.87
1,6045,826.33,13.81
1,6046,841.28,13.94
1,6047,861.02,14.05
1,6048,875.91,14.13
1,6049,980.82,15.01
1,6050,980.82,15.01
1,6051,961.25,14.93
1,6052,940.99,14.86
1,6053,948.92,14.91
1,6054,1009.89,15.21
1,6055,1017.3,15.24
1,6056,1027.55,15.28
1,6057,1050.45,15.38
1,6058,1196.81,16.56
1,6059,1196.81,16.56
1,6060,1182,16.5
1,6061,1171.14,16.46
1,6062,1168.72,16.45
1,6063,1157.01,16.4
1,6064,1157.01,16.4
1,6065,1153.12,16.38
1,6066,1148.42,16.36
1,6067,1486.31,13.01
1,6082,1188.29,14.4
1,6083,1188.29,14.4
1,6084,1188.29,14.4
1,6085,1166.87,12.08
1,6086,1176.97,12.12
1,6087,1176.97,12.12
1,6088,1051.73,13.83
1,6089,1051.73,13.83
1,6090,1051.73,13.83
1,6091,1051.73,13.83
1,6092,1048.09,13.81
1,6093,1048.09,13.81
1,6094,1048.09,13.81
1,6095,811.5,12.38
1,6096,809.44,12.35
1,6097,818.07,12.35
1,6098,827.61,12.2
1,6099,796.31,12.02
1,6100,803.9,12.06
1,6101,814.91,12.16
1,6102,815.72,12.17
1,6103,813.03,13.04
1,6104,806.13,12.94
1,6105,814.34,12.92
1,6106,803.89,12.46
1,6107,793.05,12.37
1,6108,813,12.41
1,6109,803.83,12.66
1,6110,786.38,12.08
1,6111,772.98,11.83
1,6112,724.1,11.74
1,6113,836.23,13.7
1,6114,818.43,13.67
1,6115,833.52,13.78
1,6116,848.04,13.88
1,6117,880.46,14.16
1,6118,890.34,14.21
1,6119,904.59,14.29
1,6120,980.82,15.01
1,6121,980.05,14.62
1,6122,1007.34,14.74
1,6123,1011.21,14.75
1,6124,1041.23,14.88
1,6125,1017.3,15.24
1,6126,1019.55,15.25
1,6127,1042.46,15.35
1,6128,1196.81,16.56
1,6129,1196.81,16.56
1,6130,1194.26,16.55
1,6131,1187.77,16.53
1,6132,1173.83,16.47
1,6133,1173.83,16.47
1,6134,1171.41,16.46
1,6135,1168.72,16.45
1,6136,1157.01,16.4
1,6137,1486.31,13.01
1,6152,1188.29,14.4
1,6153,1139.83,11.97
1,6154,1166.87,12.08
1,6155,1166.87,12.08
1,6156,1168.71,12.09
1,6157,1176.97,12.12
1,6158,1176.97,12.12
1,6159,1176.97,12.12
1,6160,1051.73,13.83
1,6161,1051.73,13.83
1,6162,1048.09,13.81
1,6163,1048.09,13.81
1,6164,1048.09,13.81
1,6165,806.45,12.3
1,6166,804.15,12.26
1,6167,801.86,12.22
1,6168,808.42,12.1
1,6169,792.01,11.94
1,6170,789.72,11.93
1,6171,797.03,12.03
1,6172,812.14,12.15
1,6173,815.57,12.79
1,6174,803.33,12.69
1,6175,805.21,12.67
1,6176,834.77,12.85
1,6177,783.73,12.29
1,6178,820.33,12.44
1,6179,831.92,12.78
1,6180,766.77,11.85
1,6181,751.43,11.74
1,6182,720.17,11.65
1,6183,823.66,13.63
1,6184,820.11,13.63
1,6185,845.3,13.77
1,6186,858.21,13.82
1,6187,926.75,14.08
1,6188,935.24,14.44
1,6189,925.2,14.4
1,6190,951.06,14.5
1,6191,977.97,14.62
1,6192,1002.03,14.72
1,6193,1040.88,14.88
1,6194,1041.23,14.88
1,6195,1041.23,14.88
1,6196,1112.17,15.17
1,6197,1196.81,16.56
1,6198,1196.81,16.56
1,6199,1196.81,16.56
1,6200,1196.81,16.56
1,6201,1187.77,16.53
1,6202,1187.77,16.53
1,6203,1173.83,16.47
1,6204,1173.83,16.47
1,6205,1173.83,16.47
1,6206,1439.78,12.81
1,6207,1486.31,13.01
1,6221,1034.87,11.66
1,6222,1034.87,11.66
1,6223,1138.31,11.96
1,6224,1139.83,11.97
1,6225,1165.82,12.08
1,6226,1166.87,12.08
1,6227,1176.58,12.12
1,6228,1176.97,12.12
1,6229,1176.97,12.12
1,6230,938.19,12.79
1,6231,925.15,12.73
1,6232,920.65,12.71
1,6233,896.84,12.61
1,6234,846.91,12.37
1,6235,828.61,12.27
1,6236,811.38,12.17
1,6237,796.93,12.13
1,6238,795.28,12.01
1,6239,787.93,11.9
1,6240,788.21,11.91
1,6241,794.13,11.9
1,6242,810.01,12.02
1,6243,817.98,12.81
1,6244,796.62,12.6
1,6245,795.26,12.58
1,6246,793.46,12.29
1,6247,771.32,12.19
1,6248,825.79,12.46
1,6249,780.47,11.95
1,6250,747.58,11.82
1,6251,729.32,11.65
1,6252,777.98,12.93
1,6253,806.51,13.48
1,6254,942.14,13.9
1,6255,856.44,13.78
1,6256,877.64,13.87
1,6257,917.44,14.04
1,6258,947.09,14.49
1,6259,946.97,14.49
1,6260,963.73,14.56
1,6261,986.3,14.65
1,6262,1011.54,14.76
1,6263,1035.96,14.86
1,6264,1041.23,14.88
1,6265,1112.17,15.17
1,6266,1112.17,15.17
1,6267,1114.49,15.18
1,6268,1196.81,16.56
1,6269,1196.81,16.56
1,6270,1196.81,16.56
1,6271,1194.1,16.55
1,6272,1187.77,16.53
1,6273,1187.77,16.53
1,6274,1173.83,16.47
1,6275,1436.01,12.8
1,6276,1439.78,12.81
1,6277,1486.31,13.01
1,6291,1034.87,11.66
1,6292,1034.87,11.66
1,6293,1120.99,11.89
1,6294,1134.65,11.95
1,6295,1139.83,11.97
1,6296,1162.23,12.06
1,6297,1166.87,12.08
1,6298,1176.97,12.12
1,6299,1176.97,12.12
1,6300,940.82,12.8
1,6301,925.15,12.73
1,6302,912.73,12.68
1,6303,888.27,12.58
1,6304,850.67,12.39
1,6305,832.37,12.29
1,6306,813.93,12.19
1,6307,791.05,12.04
1,6308,807.02,12.04
1,6309,796.03,11.85
1,6310,779.48,11.78
1,6311,782.82,11.77
1,6312,795.1,11.87
1,6313,807.35,11.97
1,6314,793.97,12.55
1,6315,781.68,12.44
1,6316,781.92,12.28
1,6317,760.45,12.1
1,6318,744.59,11.94
1,6319,737.21,11.84
1,6320,750.41,11.85
1,6321,769.87,11.94
1,6322,798.68,13.34
1,6323,817.91,13.5
1,6324,932.75,13.87
1,6325,916.17,13.8
1,6326,893.59,13.94
1,6327,910.26,14.01
1,6328,968.55,14.58
1,6329,990.48,14.67
1,6330,988.58,14.66
1,6331,998.1,14.7
1,6332,1051.39,14.92
1,6333,1044.31,14.89
1,6334,1093.74,15.1
1,6335,1112.17,15.17
1,6336,1114.49,15.18
1,6337,1114.49,15.18
1,6338,1196.81,16.56
1,6339,1196.81,16.56
1,6340,1196.81,16.56
1,6341,1196.81,16.56
1,6342,1187.77,16.53
1,6343,1187.77,16.53
1,6344,1371.64,12.53
1,6345,1426.22,12.76
1,6346,1439.78,12.81
1,6347,1440.22,12.82
1,6361,1034.87,11.66
1,6362,1034.87,11.66
1,6363,1034.87,11.66
1,6364,1117.33,11.87
1,6365,1130.99,11.93
1,6366,1139.83,11.97
1,6367,1158.64,12.05
1,6368,1172.41,12.1
1,6369,1176.97,12.12
1,6370,940.82,12.8
1,6371,933.28,12.77
1,6372,904.8,12.65
1,6373,879.7,12.54
1,6374,854.43,12.41
1,6375,836.13,12.31
1,6376,818.7,12.22
1,6377,785.56,11.95
1,6378,801.53,12.02
1,6379,777.48,11.72
1,6380,768.23,11.65
1,6381,774.78,11.68
1,6382,786.96,11.78
1,6383,794.1,11.82
1,6384,790.78,12.5
1,6385,774.42,12.35
1,6386,760.72,12.16
1,6387,753.38,12.06
1,6388,746.03,11.96
1,6389,749.9,11.96
1,6390,765.89,11.92
1,6391,707.94,11.36
1,6392,802.95,13.32
1,6393,824.34,13.41
1,6394,856.1,13.55
1,6395,896.13,13.71
1,6396,927.17,13.84
1,6397,910.26,14.01
1,6398,976.85,14.61
1,6399,1020.84,14.79
1,6400,1019.27,14.79
1,6401,1060.89,14.96
1,6402,1066.05,14.98
1,6403,1068.77,14.99
1,6404,1093.28,15.1
1,6405,1116.84,15.19
1,6406,1116.84,15.19
1,6407,1116.84,15.19
1,6408,1116.84,15.19
1,6409,1196.81,16.56
1,6410,1196.81,16.56
1,6411,1196.81,16.56
1,6412,1281.97,12.16
1,6413,1366.23,12.51
1,6414,1371.64,12.53
1,6415,1416.43,12.72
1,6416,1438.16,12.81
1,6417,1439.78,12.81
1,6431,1034.87,11.66
1,6432,1034.87,11.66
1,6433,1034.87,11.66
1,6434,1100.01,11.8
1,6435,1113.67,11.86
1,6436,1127.33,11.92
1,6437,1139.83,11.97
1,6438,1155.05,12.03
1,6439,1176.97,12.12
1,6440,940.82,12.8
1,6441,940.82,12.8
1,6442,896.2,12.61
1,6443,882.54,12.57
1,6444,878.98,12.55
1,6445,839.89,12.33
1,6446,782.21,11.89
1,6447,780.1,11.86
1,6448,785.32,11.9
1,6449,777.3,11.63
1,6450,758.47,11.53
1,6451,767.2,11.59
1,6452,774.16,11.63
1,6453,784.51,11.73
1,6454,774.18,11.77
1,6455,772.9,12.29
1,6456,776.84,12.26
1,6457,760.45,12.1
1,6458,760.49,11.27
1,6459,751.21,11.49
1,6460,724.57,11.35
1,6461,789.94,13.21
1,6462,817.84,13.39
1,6463,839.67,13.48
1,6464,864.13,13.58
1,6465,883.76,13.66
1,6466,942.76,13.91
1,6467,965.56,14
1,6468,997.12,14.13
1,6469,1024.53,14.25
1,6470,1034.24,14.85
1,6471,1052.39,14.93
1,6472,1112.75,11.45
1,6473,1087.66,15.07
1,6474,1101.78,15.13
1,6475,1121.15,15.21
1,6476,1120.93,15.21
1,6477,1120.93,15.21
1,6478,1207.17,11.85
1,6479,1207.17,11.85
1,6480,1239.45,11.98
1,6481,1239.45,11.98
1,6482,1283.77,12.16
1,6483,1363.8,12.5
1,6484,1371.64,12.53
1,6485,1406.64,12.68
1,6486,1428.37,12.77
1,6501,1032.66,11.65
1,6502,1034.87,11.66
1,6503,1034.87,11.66
1,6504,1085.46,11.74
1,6505,1098.04,11.79
1,6506,1110.01,11.84
1,6507,1123.67,11.9
1,6508,1144.81,11.99
1,6509,1048.1,13.34
1,6510,1031.88,13.27
1,6511,940.82,12.8
1,6512,902.01,12.68
1,6513,898.44,12.66
1,6514,894.88,12.64
1,6515,843.64,12.35
1,6516,776.63,11.8
1,6517,774.59,11.77
1,6518,773.14,11.72
1,6519,771.26,11.63
1,6520,753.7,11.46
1,6521,759.5,11.51
1,6522,758.05,11.54
1,6523,772.47,11.66
1,6524,772.25,11.17
1,6525,784.48,11.27
1,6526,786.34,11.23
1,6527,752.7,11.08
1,6528,749.62,11.18
1,6529,750.81,11.46
1,6530,699.21,11.15
1,6531,830.46,13.46
1,6532,862.13,13.59
1,6533,873.43,13.62
1,6534,882.53,13.66
1,6535,900.36,13.73
1,6536,958.34,13.97
1,6537,974.36,14.04
1,6538,1003.51,14.16
1,6539,1027.72,14.26
1,6540,1051.16,11.2
1,6541,1070.29,11.28
1,6542,1106.8,11.43
1,6543,1112.75,11.45
1,6544,1101.78,15.13
1,6545,1121.48,15.21
1,6546,1120.93,15.21
1,6547,1207.17,11.85
1,6548,1207.17,11.85
1,6549,1207.17,11.85
1,6550,1239.45,11.98
1,6551,1239.45,11.98
1,6552,1284.52,12.17
1,6553,1341.43,12.41
1,6554,1370.86,12.53
1,6555,1389.79,12.61
1,6556,1418.58,12.73
1,6571,1032.66,11.65
1,6572,1034.87,11.66
1,6573,1034.87,11.66
1,6574,1074.17,11.69
1,6575,1080.07,11.72
1,6576,1092.65,11.77
1,6577,1106.36,11.83
1,6578,1048.1,13.34
1,6579,1040.74,13.31
1,6580,1018.29,13.22
1,6581,931.77,12.84
1,6582,917.91,12.77
1,6583,914.34,12.75
1,6584,910.78,12.73
1,6585,907.22,12.71
1,6586,771.55,11.71
1,6587,775.88,11.75
1,6588,780.52,11.79
1,6589,756.03,11.51
1,6590,748.64,11.41
1,6591,749.27,11.42
1,6592,753.35,11.39
1,6593,759.71,11.06
1,6594,769.82,11.15
1,6595,767.79,11.22
1,6596,759.6,11.21
1,6597,743.47,11.03
1,6598,722.05,11.06
1,6599,693.7,11.02
1,6600,798.33,13.41
1,6601,832.25,13.47
1,6602,878.66,13.66
1,6603,899.7,13.75
1,6604,920.66,13.81
1,6605,921.3,13.82
1,6606,953.15,13.95
1,6607,977.9,14.05
1,6608,986.31,14.09
1,6609,1008.86,11.02
1,6610,1034.49,11.13
1,6611,1082.17,11.32
1,6612,1105.58,11.42
1,6613,1131.46,11.53
1,6614,1137.56,11.56
1,6615,1121.34,11.49
1,6616,1106.9,11.43
1,6617,1207.17,11.85
1,6618,1207.17,11.85
1,6619,1239.45,11.98
1,6620,1239.45,11.98
1,6621,1273.96,12.12
1,6622,1284.52,12.17
1,6623,1341.43,12.41
1,6624,1364.51,12.5
1,6625,1374.39,12.54
1,6626,1408.8,12.69
1,6641,1013.03,11.57
1,6642,1032.66,11.65
1,6643,1034.87,11.66
1,6644,1036.72,11.67
1,6645,1070.31,11.68
1,6646,1057.72,11.63
1,6647,1071.94,11.68
1,6648,1048.1,13.34
1,6649,1027.15,13.25
1,6650,1004.76,13.16
1,6651,982.48,13.07
1,6652,934.19,12.86
1,6653,923.75,12.8
1,6654,919.18,12.77
1,6655,809.23,11.77
1,6656,809.23,11.77
1,6657,809.23,11.77
1,6658,791.47,11.88
1,6659,753.68,11.39
1,6660,761.27,11.39
1,6661,738.69,11.27
1,6662,750.93,11.37
1,6663,737.93,10.97
1,6664,732.63,10.99
1,6665,746.65,11.1
1,6666,764.82,11.12
1,6667,722.43,10.94
1,6668,703.71,10.98
1,6669,803.84,13.54
1,6670,860.65,13.59
1,6671,843.1,13.51
1,6672,874.81,13.65
1,6673,907.59,13.78
1,6674,931.3,13.88
1,6675,934.69,13.87
1,6676,947.54,13.93
1,6677,979.49,14.06
1,6678,984.32,10.92
1,6679,987.84,10.93
1,6680,1048.67,11.19
1,6681,1070.18,11.27
1,6682,1060.01,11.23
1,6683,1142.88,11.58
1,6684,1126.51,11.51
1,6685,1101.31,11.4
1,6686,1111.62,11.45
1,6687,1207.17,11.85
1,6688,1207.17,11.85
1,6689,1239.45,11.98
1,6690,1239.45,11.98
1,6691,1273.96,12.12
1,6692,1284.52,12.17
1,6693,1327.96,12.35
1,6694,1348.15,12.43
1,6695,1373.93,12.54
1,6696,1399.42,12.65
1,6701,1010.8,11.56
1,6702,1016.19,11.59
1,6703,1036.72,11.67
1,6704,1036.72,11.67
1,6705,1027.71,11.5
1,6706,1041.02,11.56
1,6707,1085.69,11.74
1,6708,1095.23,11.78
1,6709,1035.76,13.29
1,6710,990.93,13.1
1,6711,968.66,13.01
1,6712,979.71,13.05
1,6713,979.71,13.05
1,6714,926.18,12.81
1,6715,809.23,11.77
1,6716,809.23,11.77
1,6717,809.23,11.77
1,6718,793.11,11.71
1,6719,753.22,11.37
1,6720,732.38,11.22
1,6721,725.26,11.11
1,6722,718.17,11
1,6723,711.06,10.9
1,6724,704.91,10.8
1,6725,728.28,10.81
1,6726,735.2,10.8
1,6727,715.18,10.91
1,6728,685.2,10.82
1,6729,822.8,13.64
1,6730,850.2,13.76
1,6731,901.49,13.76
1,6732,883.67,13.68
1,6733,927.96,13.87
1,6734,918.27,13.83
1,6735,940.76,13.9
1,6736,932.96,10.85
1,6737,932.96,10.85
1,6738,956.1,10.95
1,6739,960.96,10.82
1,6740,947.94,10.77
1,6741,1071.71,11.28
1,6742,1047.29,11.18
1,6743,1022.25,11.08
1,6744,1040.54,11.15
1,6745,1087.44,11.35
1,6746,1123.33,11.5
1,6747,1152.86,11.62
1,6748,1196.16,11.8
1,6749,1232.43,11.95
1,6750,1245.56,12.01
1,6751,1265.19,12.09
1,6752,1291.34,12.2
1,6753,1318.89,12.31
1,6754,1344.45,12.42
1,6755,1370.18,12.52
1,6756,1392.49,12.62
1,6761,986.87,11.46
1,6762,1001.58,11.53
1,6763,1019.34,11.6
1,6764,996.04,11.37
1,6765,1010.17,11.43
1,6766,1023.48,11.48
1,6767,1095.23,11.78
1,6768,1095.23,11.78
1,6769,1035.76,13.29
1,6770,995.32,13.12
1,6771,982.13,13.07
1,6772,979.71,13.05
1,6773,979.71,13.05
1,6774,990.78,10.97
1,6775,809.23,11.77
1,6776,809.23,11.77
1,6777,799.76,11.72
1,6778,781.89,11.62
1,6779,760.67,11.46
1,6780,751.19,11.25
1,6781,745.31,11.22
1,6782,717.77,11
1,6783,707.12,10.84
1,6784,701.09,10.74
1,6785,695.49,10.66
1,6786,717.89,10.69
1,6787,705.58,10.69
1,6788,812.32,13.74
1,6789,845.97,11.39
1,6790,859.15,13.8
1,6791,889.42,13.92
1,6792,899.87,13.75
1,6793,919.48,13.83
1,6794,927.41,13.87
1,6795,880.88,10.64
1,6796,917.67,10.79
1,6797,920.85,10.8
1,6798,940.82,10.89
1,6799,950.36,10.78
1,6800,932.48,10.7
1,6801,1051.44,11.2
1,6802,1029.91,11.11
1,6803,1014.11,11.04
1,6804,1057.08,11.22
1,6805,1071.77,11.28
1,6806,1141.61,11.57
1,6807,1159.26,11.65
1,6808,1184.71,11.75
1,6809,1211.95,11.87
1,6810,1238.44,11.98
1,6811,1265.7,12.09
1,6812,1315.04,12.3
1,6813,1326.77,12.34
1,6814,1351.76,12.45
1,6815,1367.38,12.51
1,6816,1369.26,12.52
1,6820,979.74,11.5
1,6821,967.65,11.4
1,6822,984.61,11.45
1,6823,966.08,11.24
1,6824,979.04,11.3
1,6825,993.21,11.36
1,6826,1005.95,11.41
1,6827,974.75,11.09
1,6828,981.41,11.12
1,6829,981.41,11.12
1,6830,997.01,13.13
1,6831,997.01,13.13
1,6832,990.78,10.97
1,6833,990.78,10.97
1,6834,990.78,10.97
1,6835,830.98,11.96
1,6836,805.45,11.75
1,6837,775.13,11.61
1,6838,771.39,11.57
1,6839,799.81,11.71
1,6840,764.56,11.3
1,6841,832.07,11.17
1,6842,813.93,11.09
1,6843,703.29,10.78
1,6844,696.13,10.67
1,6845,693.2,10.59
1,6846,694.9,10.56
1,6847,822.37,13.87
1,6848,813.97,11.26
1,6849,814.52,11.26
1,6850,876.23,10.78
1,6851,857.97,10.7
1,6852,839.71,10.63
1,6853,821.21,10.55
1,6854,851.14,10.51
1,6855,865.52,10.57
1,6856,888.37,10.67
1,6857,910.64,10.76
1,6858,937.14,10.87
1,6859,914.53,10.63
1,6860,905.05,10.59
1,6861,897.2,10.55
1,6862,1018.76,11.06
1,6863,983.96,10.92
1,6864,971.27,10.86
1,6865,956.83,10.8
1,6866,1173.55,11.71
1,6867,1182.18,11.74
1,6868,1200.12,11.82
1,6869,1225.02,11.92
1,6870,1260.23,12.07
1,6871,1339.05,12.4
1,6872,1320.69,12.32
1,6873,1345.81,12.42
1,6874,1353.91,12.46
1,6875,1363.81,12.5
1,6876,1365.17,12.5
1,6880,973.65,11.45
1,6881,960.94,11.35
1,6882,949.92,11.25
1,6883,948.5,11.17
1,6884,961.73,11.23
1,6885,976.21,11.29
1,6886,945.94,10.97
1,6887,959.88,11.03
1,6888,973.68,11.09
1,6889,981.41,11.12
1,6890,997.01,13.13
1,6891,969.83,10.88
1,6892,983.77,10.94
1,6893,990.78,10.97
1,6894,990.78,10.97
1,6895,830.98,11.96
1,6896,830.98,11.96
1,6897,784.97,11.7
1,6898,781.08,11.66
1,6899,808.37,11.74
1,6900,832.59,11.84
1,6901,827.31,11.15
1,6902,802.72,11.05
1,6903,761.59,10.87
1,6904,736.71,10.77
1,6905,712.86,10.67
1,6906,691.58,10.54
1,6907,792.78,11.17
1,6908,774.53,11.09
1,6909,782.43,11.13
1,6910,803.03,11.21
1,6911,821.81,11.29
1,6912,821.96,10.55
1,6913,816.08,10.53
1,6914,837.09,10.45
1,6915,855.04,10.53
1,6916,884.93,10.65
1,6917,905.71,10.74
1,6918,918.04,10.64
1,6919,901.54,10.57
1,6920,893.44,10.54
1,6921,897.2,10.55
1,6922,897.2,10.55
1,6923,978.53,10.89
1,6924,949.81,10.77
1,6925,946.2,10.76
1,6926,949.49,10.77
1,6927,1187.73,11.76
1,6928,1217.45,11.89
1,6929,1227.98,11.93
1,6930,1353.44,12.46
1,6931,953.29,11.6
1,6932,955.75,11.61
1,6933,1351.21,12.45
1,6934,1351.21,12.45
1,6935,1363.81,12.5
1,6936,1047.16,12.34
1,6940,963.12,11.36
1,6941,953.87,11.29
1,6942,943.02,11.2
1,6943,931.84,11.1
1,6944,920.82,11.01
1,6945,909.82,10.92
1,6946,928.76,10.9
1,6947,942.64,10.96
1,6948,967.58,11.06
1,6949,954.25,10.82
1,6950,938.75,10.75
1,6951,952.69,10.81
1,6952,966.62,10.87
1,6953,980.55,10.93
1,6954,830.98,11.96
1,6955,830.98,11.96
1,6956,830.98,11.96
1,6957,795.15,11.78
1,6958,790.89,11.74
1,6959,814,11.76
1,6960,838.11,11.86
1,6961,810.59,11.08
1,6962,786.6,10.98
1,6963,766.01,10.89
1,6964,741.75,10.79
1,6965,669.43,10.36
1,6966,707.32,10.65
1,6967,704.07,10.69
1,6968,756.59,11.02
1,6969,753.81,11.01
1,6970,789.5,11.16
1,6971,801.11,10.47
1,6972,801.45,10.47
1,6973,822.75,10.39
1,6974,822.86,10.39
1,6975,852.47,10.52
1,6976,871.69,10.29
1,6977,874.07,10.46
1,6978,854.43,10.38
1,6979,859.06,10.4
1,6980,870.19,10.44
1,6981,865.93,10.42
1,6982,853.93,10.37
1,6983,871.53,10.45
1,6984,898.74,10.56
1,6985,929.01,11.25
1,6986,910.89,11.18
1,6987,877.69,11.1
1,6988,886.25,11.18
1,6989,898.61,11.28
1,6990,910.77,11.38
1,6991,924.29,11.49
1,6992,936.83,11.6
1,6993,948.82,11.7
1,6994,961.49,11.8
1,6995,974.83,11.91
1,6996,1029.04,12.27
1,7000,957.81,11.32
1,7001,947.03,11.23
1,7002,936.16,11.14
1,7003,924.72,11.04
1,7004,913.73,10.95
1,7005,902.73,10.86
1,7006,911.66,10.83
1,7007,925.46,10.89
1,7008,962.44,10.85
1,7009,940.28,10.76
1,7010,921.61,10.68
1,7011,935.54,10.74
1,7012,881.9,10.51
1,7013,881.9,10.51
1,7014,830.98,11.96
1,7015,830.98,11.96
1,7016,819.67,11.92
1,7017,805.12,11.86
1,7018,800.87,11.83
1,7019,820.65,11.79
1,7020,842.52,11.21
1,7021,787.78,10.98
1,7022,779.8,10.95
1,7023,769.66,10.91
1,7024,660.13,10.23
1,7025,718.08,10.78
1,7026,736.21,10.86
1,7027,708.83,10.77
1,7028,721.78,10.87
1,7029,757.7,11.02
1,7030,773.48,10.35
1,7031,769.55,10.33
1,7032,784.67,10.3
1,7033,804.91,10.32
1,7034,820.79,10.39
1,7035,838.45,10.46
1,7036,853.07,10.22
1,7037,822.62,10.24
1,7038,833.9,10.29
1,7039,829.97,10.27
1,7040,853.23,10.37
1,7041,816.21,10.22
1,7042,845.58,10.34
1,7043,866.85,10.43
1,7044,888.89,10.52
1,7045,911.06,11.18
1,7046,893.07,11.1
1,7047,872.89,11.06
1,7048,882.72,11.15
1,7049,894.3,11.24
1,7050,956.16,11.6
1,7051,948.1,11.62
1,7052,941.61,11.64
1,7053,953.86,11.74
1,7054,966.24,11.84
1,7055,979.03,11.95
1,7060,950.74,11.26
1,7061,940.48,11.18
1,7062,926.37,11.06
1,7063,917.63,10.99
1,7064,906.64,10.89
1,7065,895.64,10.8
1,7066,894.29,10.76
1,7067,873.71,10.62
1,7068,948.48,10.79
1,7069,926.31,10.7
1,7070,904.46,10.61
1,7071,918.39,10.67
1,7072,881.9,10.51
1,7073,881.9,10.51
1,7074,881.9,10.51
1,7075,809.47,10.26
1,7076,813.75,10.3
1,7077,815.08,11.95
1,7078,810.8,11.91
1,7079,806.53,11.87
1,7080,788.96,10.99
1,7081,784.42,10.97
1,7082,651.98,10.04
1,7083,654.6,10.1
1,7084,726.37,10.92
1,7085,784.81,11.14
1,7086,760.22,11.04
1,7087,782.21,11.16
1,7088,716.59,10.22
1,7089,711.5,10.14
1,7090,737.45,10.2
1,7091,774.88,10.19
1,7092,776.04,10.23
1,7093,777.01,10.2
1,7094,818.49,10.38
1,7095,819.84,10.08
1,7096,837.54,10.15
1,7097,819.17,10.13
1,7098,805.3,10.17
1,7099,794.15,10.12
1,7100,810.11,10.19
1,7101,805.06,10.17
1,7102,832.57,10.28
1,7103,856.08,10.77
1,7104,826.95,10.65
1,7105,831.75,10.72
1,7106,874.87,11.03
1,7107,865.2,11
1,7108,1164.82,12.47
1,7109,1152.09,12.42
1,7110,979.72,11.7
1,7111,963.35,11.68
1,7112,946.65,11.68
1,7113,958.61,11.78
1,7114,970.66,11.88
1,7115,988.36,12.01
1,7120,944.8,11.21
1,7121,977.09,11.09
1,7122,960.33,11.02
1,7123,939.64,10.94
1,7124,926.5,10.88
1,7125,908.64,10.81
1,7126,877.53,10.65
1,7127,866.58,10.56
1,7128,855.62,10.47
1,7129,873.37,10.48
1,7130,887.3,10.54
1,7131,864.72,10.42
1,7132,874.51,10.47
1,7133,881.9,10.51
1,7134,794.86,10.14
1,7135,799.3,10.18
1,7136,803.75,10.22
1,7137,808.06,10.25
1,7138,812.34,10.29
1,7139,816.49,11.96
1,7140,643.83,9.84
1,7141,646.44,9.91
1,7142,649.06,9.97
1,7143,651.68,10.03
1,7144,729.27,10.99
1,7145,787.15,11.19
1,7146,777.83,10.44
1,7147,753.23,10.34
1,7148,733.87,10.18
1,7149,708.74,10.07
1,7150,750.75,10.09
1,7151,732.65,10.02
1,7152,748.16,10.08
1,7153,766.89,10.16
1,7154,806.77,10.02
1,7155,787.83,9.94
1,7156,786.54,9.99
1,7157,805.42,10.07
1,7158,787.7,10.1
1,7159,769.51,10.02
1,7160,773.93,10.04
1,7161,792.37,10.12
1,7162,836.6,10.3
1,7163,838.83,10.7
1,7164,821.35,10.64
1,7165,836.45,10.76
1,7166,849.1,10.87
1,7167,1181.01,12.54
1,7168,1168.47,12.48
1,7169,1140.15,12.37
1,7170,996.48,11.77
1,7171,1014.54,11.84
1,7172,1030.29,11.91
1,7173,963.35,11.82
1,7174,1003.76,12.07
1,7175,1010,12.1
1,7176,1017.25,12.13
1,7177,1020.2,12.24
1,7178,1083.27,12.59
1,7179,1064.37,12.51
1,7180,998.56,11.18
1,7181,988.14,11.14
1,7182,975.41,11.09
1,7183,958.64,11.02
1,7184,941.96,10.95
1,7185,917.85,10.85
1,7186,870.4,10.59
1,7187,859.44,10.5
1,7188,848.48,10.41
1,7189,856.22,10.41
1,7190,840.11,10.28
1,7191,850.62,10.34
1,7192,822.67,10.21
1,7193,808.38,10.13
1,7194,793.76,10.05
1,7195,789.41,10.1
1,7196,793.85,10.13
1,7197,798.3,10.17
1,7198,802.75,10.21
1,7199,638.29,9.71
1,7200,640.91,9.77
1,7201,643.53,9.84
1,7202,646.14,9.9
1,7203,734.84,11.12
1,7204,777.24,11.39
1,7205,792.93,10.51
1,7206,783.02,10.38
1,7207,762.62,10.3
1,7208,736.87,10.19
1,7209,719.32,10.01
1,7210,696.97,9.92
1,7211,712.86,9.94
1,7212,765.53,10.16
1,7213,784.25,10.23
1,7214,754.97,9.81
1,7215,772.8,9.88
1,7216,772.67,9.93
1,7217,770.05,9.95
1,7218,785.3,10.04
1,7219,741.98,9.91
1,7220,760.11,9.98
1,7221,780.28,10.07
1,7222,797.52,10.44
1,7223,805.14,10.5
1,7224,812.8,10.56
1,7225,840.35,10.79
1,7226,848.68,10.86
1,7227,1189.71,12.57
1,7228,1178.37,12.53
1,7229,1120.38,12.28
1,7230,1101.65,12.21
1,7231,1035.19,11.93
1,7232,1046.18,11.97
1,7233,1047.58,11.98
1,7234,1024.74,12.16
1,7235,1031.15,12.19
1,7236,1036.54,12.21
1,7237,1084.7,12.59
1,7238,1084.7,12.59
1,7239,1085.2,12.6
1,7240,1006.34,11.21
1,7241,1000,11.19
1,7242,989.01,11.14
1,7243,973.72,11.08
1,7244,956.96,11.01
1,7245,944.29,10.96
1,7246,863.26,10.53
1,7247,852.31,10.44
1,7248,841.35,10.35
1,7249,830.39,10.26
1,7250,827.29,10.21
1,7251,837.8,10.27
1,7252,815.93,10.17
1,7253,799.9,10.09
1,7254,783.28,9.99
1,7255,779.43,10.01
1,7256,783.96,10.05
1,7257,788.41,10.09
1,7258,651.84,9.52
1,7259,635.37,9.64
1,7260,637.99,9.71
1,7261,640.61,9.77
1,7262,740.36,11.25
1,7263,755.65,11.29
1,7264,777.24,11.39
1,7265,792.93,10.51
1,7266,796.17,10.33
1,7267,773.1,10.24
1,7268,748.7,10.14
1,7269,740.94,10.1
1,7270,700.5,9.86
1,7271,687.11,9.77
1,7272,756.62,10.12
1,7273,788.05,10.25
1,7274,743.64,9.76
1,7275,745.34,9.77
1,7276,742.61,9.81
1,7277,724.27,9.73
1,7278,717.86,9.77
1,7279,733.12,9.9
1,7280,774.19,10.04
1,7281,795.5,10.13
1,7282,789.31,10.37
1,7283,796.81,10.43
1,7284,854.71,10.62
1,7285,854.71,10.62
1,7286,1183.62,12.55
1,7287,1172.96,12.5
1,7288,1142,12.37
1,7289,1116.37,12.27
1,7290,1092.82,12.17
1,7291,1065.35,12.05
1,7292,1049.98,11.99
1,7293,1047.58,11.98
1,7294,1036.54,12.21
1,7295,1036.54,12.21
1,7296,1036.54,12.21
1,7297,1084.7,12.59
1,7298,1084.7,12.59
1,7299,1109.76,12.7
1,7304,982.99,10.56
1,7305,972.86,10.51
1,7306,968.81,10.49
1,7307,963.96,10.47
1,7308,900.15,10.18
1,7309,900.03,10.18
1,7310,899.91,10.18
1,7311,899.79,10.18
1,7312,899.66,10.18
1,7313,899.54,10.18
1,7314,971.91,10.13
1,7315,971.91,10.13
1,7316,971.91,10.13
1,7317,971.91,10.13
1,7318,1006.34,11.21
1,7319,1006.34,11.21
1,7320,1006.34,11.21
1,7321,1006.34,11.21
1,7322,1004.44,11.21
1,7323,989.88,11.15
1,7324,972.03,11.07
1,7325,955.27,11
1,7326,856.13,10.47
1,7327,845.17,10.38
1,7328,834.29,10.29
1,7329,832.12,10.23
1,7330,812.28,10.11
1,7331,801.37,10.02
1,7332,790.46,9.93
1,7333,789.43,10.03
1,7334,772.81,9.93
1,7335,770.65,9.94
1,7336,776.37,9.99
1,7337,702.58,9.6
1,7338,651.84,9.52
1,7339,651.84,9.52
1,7340,635.07,9.64
1,7341,637.69,9.7
1,7342,760.22,11.38
1,7343,769.94,11.37
1,7344,780.82,11.43
1,7345,802.04,10.36
1,7346,804.51,10.37
1,7347,840.52,10.52
1,7348,845.04,10.54
1,7349,762.25,10.01
1,7350,713.52,9.91
1,7351,682.33,9.7
1,7352,677.31,9.62
1,7353,778.99,10.21
1,7354,713.46,9.63
1,7355,736.09,9.73
1,7356,706.16,9.59
1,7357,706.62,9.66
1,7358,711.04,9.72
1,7359,742.03,9.97
1,7360,751.81,10.06
1,7361,784.67,10.28
1,7362,781.42,10.3
1,7363,808.97,10.43
1,7364,854.15,10.62
1,7365,854.71,10.62
1,7366,1183.62,12.55
1,7367,1153.44,12.42
1,7368,1143.98,12.38
1,7369,1116.78,12.27
1,7370,1095.06,12.18
1,7371,1066.75,12.06
1,7372,1049.98,11.99
1,7373,1049.98,11.99
1,7374,1036.54,12.21
1,7375,1036.54,12.21
1,7376,1036.54,12.21
1,7377,1084.7,12.59
1,7378,1117.05,12.73
1,7379,1132.29,12.79
1,7383,976.33,10.53
1,7384,962.7,10.48
1,7385,957.86,10.45
1,7386,953.21,10.43
1,7387,952.28,10.42
1,7388,889.1,10.09
1,7389,888.97,10.09
1,7390,888.85,10.09
1,7391,888.73,10.09
1,7392,888.61,10.09
1,7393,888.49,10.09
1,7394,971.91,10.13
1,7395,971.91,10.13
1,7396,971.91,10.13
1,7397,971.91,10.13
1,7398,1009.77,11.23
1,7399,1009.77,11.23
1,7400,1009.77,11.23
1,7401,1012.23,11.24
1,7402,1019.76,11.27
1,7403,1027.51,11.3
1,7404,1028.88,11.31
1,7405,1028.88,11.31
1,7406,876.85,10.48
1,7407,865.79,10.42
1,7408,855.5,10.36
1,7409,845.21,10.31
1,7410,805.1,10.05
1,7411,794.18,9.96
1,7412,783.27,9.87
1,7413,767.48,9.91
1,7414,760.74,9.86
1,7415,732.97,9.73
1,7416,710.88,9.64
1,7417,688.74,9.55
1,7418,651.84,9.52
1,7419,651.84,9.52
1,7420,632.16,9.57
1,7421,758.75,11.48
1,7422,780.45,11.56
1,7423,784.88,11.46
1,7424,795.75,11.52
1,7425,805.35,11.57
1,7426,841.12,10.52
1,7427,858.86,10.6
1,7428,874.96,10.66
1,7429,742.21,9.93
1,7430,718.57,9.83
1,7431,696.84,9.74
1,7432,672.5,9.55
1,7433,681.36,9.5
1,7434,712.21,9.63
1,7435,732.11,9.71
1,7436,692.66,9.54
1,7437,695,9.58
1,7438,704.22,9.66
1,7439,749.66,10.04
1,7440,756.06,10.09
1,7441,768.08,10.19
1,7442,813.51,10.45
1,7443,823.97,10.5
1,7444,840.62,10.57
1,7445,844.52,10.58
1,7446,1175.21,12.51
1,7447,1153.44,12.42
1,7448,1143.98,12.38
1,7449,1116.78,12.27
1,7450,1095.06,12.18
1,7451,1066.75,12.06
1,7452,1049.98,11.99
1,7453,1049.98,11.99
1,7454,1036.54,12.21
1,7455,1036.54,12.21
1,7456,1036.54,12.21
1,7457,1144.38,12.84
1,7458,1144.76,12.85
1,7459,1149.76,12.87
1,7463,931.83,10.48
1,7464,942.44,10.39
1,7465,929.9,10.33
1,7466,933.59,10.34
1,7467,934.7,10.35
1,7468,878.04,10
1,7469,877.92,10
1,7470,877.8,10
1,7471,877.68,10
1,7472,877.56,10
1,7473,971.91,10.13
1,7474,971.91,10.13
1,7475,971.91,10.13
1,7476,971.91,10.13
1,7477,971.91,10.13
1,7478,1044.23,11.37
1,7479,1044.23,11.37
1,7480,1044.23,11.37
1,7481,1044.23,11.37
1,7482,1044.23,11.37
1,7483,1043.57,11.37
1,7484,1040.45,11.36
1,7485,900.2,10.61
1,7486,889.64,10.55
1,7487,879.08,10.5
1,7488,868.46,10.44
1,7489,858.16,10.38
1,7490,797.91,9.99
1,7491,799.99,9.9
1,7492,785.69,9.84
1,7493,765.14,9.71
1,7494,762.79,9.88
1,7495,736.43,9.74
1,7496,696.94,9.58
1,7497,674.78,9.49
1,7498,651.84,9.52
1,7499,639.22,9.47
1,7500,754.35,11.58
1,7501,762.61,11.58
1,7502,795.19,11.62
1,7503,816.71,11.71
1,7504,809.01,11.59
1,7505,809.01,11.59
1,7506,846.98,10.55
1,7507,846.39,10.29
1,7508,841.71,10.33
1,7509,767.42,9.96
1,7510,730.59,9.81
1,7511,713.17,9.73
1,7512,681.33,9.5
1,7513,662.66,9.4
1,7514,657.59,9.32
1,7515,669.93,9.37
1,7516,690.88,9.5
1,7517,708.59,9.57
1,7518,725.24,9.64
1,7519,753.85,10.07
1,7520,764.83,10.16
1,7521,768.08,10.19
1,7522,820.12,10.48
1,7523,823.47,10.49
1,7524,839.78,10.56
1,7525,840.68,10.57
1,7526,1175.21,12.51
1,7527,1153.44,12.42
1,7528,1143.98,12.38
1,7529,1116.78,12.27
1,7530,1095.06,12.18
1,7531,1074.45,12.09
1,7532,1053.58,12.01
1,7533,1049.98,11.99
1,7534,1036.54,12.21
1,7535,1036.54,12.21
1,7536,1036.54,12.21
1,7537,1149.76,12.87
1,7538,1151.79,12.87
1,7539,1159.69,12.91
1,7543,927.38,10.44
1,7544,913.95,10.33
1,7545,908.48,10.25
1,7546,909.23,10.24
1,7547,909.32,10.24
1,7548,866.99,9.91
1,7549,866.87,9.91
1,7550,866.75,9.91
1,7551,866.63,9.9
1,7552,971.91,10.13
1,7553,971.91,10.13
1,7554,971.91,10.13
1,7555,971.91,10.13
1,7556,971.91,10.13
1,7557,971.91,10.13
1,7558,1044.23,11.37
1,7559,1044.23,11.37
1,7560,1044.23,11.37
1,7561,1044.23,11.37
1,7562,1044.23,11.37
1,7563,1044.23,11.37
1,7564,1044.23,11.37
1,7565,912.51,10.68
1,7566,902.43,10.62
1,7567,891.87,10.57
1,7568,881.31,10.51
1,7569,871.12,10.45
1,7570,766.95,9.67
1,7571,766.95,9.67
1,7572,769.6,9.66
1,7573,755.73,9.64
1,7574,768.99,9.88
1,7575,728.01,9.71
1,7576,682.98,9.52
1,7577,660.81,9.43
1,7578,638.92,9.34
1,7579,623.7,9.37
1,7580,777.13,11.73
1,7581,799.33,11.82
1,7582,844.63,12.01
1,7583,842.79,11.82
1,7584,852.99,11.87
1,7585,858.78,11.89
1,7586,834.56,10.24
1,7587,831.05,10.24
1,7588,784.3,10.03
1,7589,759.59,9.93
1,7590,761.65,9.94
1,7591,734.44,9.82
1,7592,696.45,9.56
1,7593,657.91,9.33
1,7594,652.83,9.25
1,7595,662.84,9.31
1,7596,709.18,9.57
1,7597,725.24,9.64
1,7598,725.24,9.64
1,7599,725.24,9.64
1,7600,765.45,10.17
1,7601,768.08,10.19
1,7602,820.12,10.48
1,7603,822.97,10.49
1,7604,839.78,10.56
1,7605,839.78,10.56
1,7606,1153.44,12.42
1,7607,1153.44,12.42
1,7608,1143.98,12.38
1,7609,1116.78,12.27
1,7610,1095.06,12.18
1,7611,1077.39,12.1
1,7612,1057.65,12.02
1,7613,1049.98,11.99
1,7614,1036.54,12.21
1,7615,1036.54,12.21
1,7616,1149.76,12.87
1,7617,1151.79,12.87
1,7618,1158.38,12.9
1,7619,1172.68,12.96
1,7623,921.91,10.39
1,7624,926.07,10.33
1,7625,892.96,10.15
1,7626,888.9,10.12
1,7627,881.87,10.06
1,7628,852.37,9.81
1,7629,852.32,9.81
1,7630,852.26,9.81
1,7631,852.2,9.81
1,7632,971.91,10.13
1,7633,971.91,10.13
1,7634,971.91,10.13
1,7635,971.91,10.13
1,7636,971.91,10.13
1,7637,967.43,10.11
1,7638,1044.23,11.37
1,7639,1044.23,11.37
1,7640,1044.23,11.37
1,7641,1044.23,11.37
1,7642,1044.23,11.37
1,7643,1044.23,11.37
1,7644,935.78,10.81
1,7645,925.42,10.75
1,7646,915.06,10.7
1,7647,904.66,10.64
1,7648,894.1,10.58
1,7649,883.54,10.52
1,7650,766.95,9.67
1,7651,759.67,9.63
1,7652,746.09,9.56
1,7653,719.99,9.44
1,7654,719.18,9.43
1,7655,746.39,9.8
1,7656,755.62,9.88
1,7657,646.5,9.37
1,7658,624.87,9.28
1,7659,635.31,9.32
1,7660,791.07,11.79
1,7661,813.14,11.88
1,7662,853.98,12.05
1,7663,859.38,11.89
1,7664,858.78,11.89
1,7665,862.54,10.36
1,7666,838.08,10.25
1,7667,824.6,10.2
1,7668,789.43,10.05
1,7669,773.34,9.75
1,7670,764.32,9.71
1,7671,715.93,9.51
1,7672,700.93,9.42
1,7673,677.39,9.33
1,7674,648.06,9.18
1,7675,643,9.1
1,7676,725.24,9.64
1,7677,725.24,9.64
1,7678,725.24,9.64
1,7679,725.24,9.64
1,7680,766.7,10.18
1,7681,768.08,10.19
1,7682,820.9,10.48
1,7683,822.46,10.49
1,7684,839.78,10.56
1,7685,839.78,10.56
1,7686,839.78,10.56
1,7687,1153.44,12.42
1,7688,1143.98,12.38
1,7689,1116.78,12.27
1,7690,1095.06,12.18
1,7691,1080.32,12.12
1,7692,1061.72,12.04
1,7693,1049.98,11.99
1,7694,1036.54,12.21
1,7695,1036.54,12.21
1,7696,1151.79,12.87
1,7697,1157.07,12.9
1,7698,1171.99,12.96
1,7699,1192.26,13.04
1,7703,958.12,10.46
1,7704,936.95,10.37
1,7705,882.62,10.07
1,7706,876.97,10.02
1,7707,873.53,9.99
1,7708,841.32,9.72
1,7709,841.27,9.72
1,7710,841.21,9.72
1,7711,865.05,9.68
1,7712,971.91,10.13
1,7713,970.74,10.12
1,7714,966.57,10.11
1,7715,964.05,10.1
1,7716,952.89,10.05
1,7717,952.89,10.05
1,7718,952.89,10.05
1,7719,1044.23,11.37
1,7720,1044.23,11.37
1,7721,1044.23,11.37
1,7722,1044.23,11.37
1,7723,959.06,10.94
1,7724,948.7,10.88
1,7725,938.34,10.82
1,7726,927.98,10.77
1,7727,917.62,10.71
1,7728,906.88,10.65
1,7729,773.01,9.16
1,7730,768.55,9.74
1,7731,761.62,9.69
1,7732,754.69,9.63
1,7733,705.88,9.38
1,7734,683.32,9.28
1,7735,659.73,9.18
1,7736,755.62,9.88
1,7737,612.65,9.11
1,7738,625.33,9.35
1,7739,649.33,9.38
1,7740,671.45,9.47
1,7741,693.57,9.57
1,7742,849.83,12.04
1,7743,871.97,12.13
1,7744,873.8,10.4
1,7745,867.97,10.38
1,7746,842.38,10.27
1,7747,822.74,9.95
1,7748,802.2,9.87
1,7749,768.17,9.73
1,7750,744.54,9.63
1,7751,719.42,9.52
1,7752,695.25,9.37
1,7753,683.33,9.27
1,7754,658.57,9.17
1,7755,638.23,9.03
1,7756,633.17,8.95
1,7757,628.22,8.87
1,7758,623.12,8.79
1,7759,618.08,8.72
1,7760,613.01,8.64
1,7761,768.08,10.19
1,7762,820.9,10.48
1,7763,821.96,10.49
1,7764,828.47,10.52
1,7765,839.78,10.56
1,7766,839.78,10.56
1,7767,1153.44,12.42
1,7768,1143.98,12.38
1,7769,1116.78,12.27
1,7770,1095.06,12.18
1,7771,1095.06,12.18
1,7772,1064.59,12.05
1,7773,1049.98,11.99
1,7774,1036.54,12.21
1,7775,1151.79,12.87
1,7776,1155.76,12.89
1,7777,1171.99,12.96
1,7778,1192.26,13.04
1,7779,1199.09,13.07
1,7783,968.51,10.5
1,7784,947.22,10.41
1,7785,871.13,9.97
1,7786,866.88,9.94
1,7787,862.64,9.9
1,7788,830.27,9.63
1,7789,830.22,9.63
1,7790,854.27,9.64
1,7791,875.36,9.73
1,7792,904.61,9.85
1,7793,941.64,10
1,7794,951.62,10.05
1,7795,952.89,10.05
1,7796,952.89,10.05
1,7797,952.89,10.05
1,7798,952.89,10.05
1,7799,1044.23,11.37
1,7800,1044.23,11.37
1,7801,1044.23,11.37
1,7802,982.33,11.07
1,7803,971.97,11.01
1,7804,961.61,10.95
1,7805,951.26,10.9
1,7806,940.9,10.84
1,7807,930.54,10.78
1,7808,920.18,10.72
1,7809,764.27,9.09
1,7810,771.34,9.15
1,7811,770.21,9.76
1,7812,763.29,9.7
1,7813,709.3,9.39
1,7814,671.46,9.23
1,7815,647.92,9.13
1,7816,624.18,9.04
1,7817,630.86,9.48
1,7818,633.53,9.41
1,7819,663.35,9.44
1,7820,685.47,9.53
1,7821,707.59,9.62
1,7822,729.72,9.72
1,7823,881.51,12.17
1,7824,881.51,12.17
1,7825,839.07,10.17
1,7826,845.58,10.05
1,7827,821.97,9.95
1,7828,797.1,9.85
1,7829,772.8,9.75
1,7830,766.29,9.72
1,7831,768.9,9.73
1,7832,707.9,9.37
1,7833,697.8,9.33
1,7834,665.67,9.13
1,7835,648.9,9.01
1,7836,628.42,8.88
1,7837,623.37,8.8
1,7838,618.33,8.72
1,7839,613.27,8.64
1,7840,607.87,8.56
1,7841,603.22,8.49
1,7842,681.51,8.3
1,7843,681.51,8.3
1,7844,681.51,8.3
1,7845,624.09,7.97
1,7846,624.09,7.97
1,7847,624.09,7.97
1,7848,624.09,7.97
1,7849,624.09,7.97
1,7850,650.06,8.13
1,7851,650.06,8.13
1,7852,1064.59,12.05
1,7853,1036.54,12.21
1,7854,1036.54,12.21
1,7855,1154.45,12.89
1,7856,1171.99,12.96
1,7857,1192.01,13.04
1,7858,1192.53,13.04
1,7859,1204.67,13.09
1,7860,1043.06,10.81
1,7861,1021.01,10.72
1,7862,999.03,10.63
1,7863,978.9,10.55
1,7864,864.47,9.92
1,7865,859.71,9.88
1,7866,856.1,9.85
1,7867,852.5,9.82
1,7868,819.22,9.54
1,7869,819.16,9.54
1,7870,850.66,9.62
1,7871,878.01,9.74
1,7872,900.27,9.83
1,7873,921.25,9.92
1,7874,941.41,10
1,7875,944.13,10.01
1,7876,947.41,10.03
1,7877,952.89,10.05
1,7878,952.89,10.05
1,7879,1044.23,11.37
1,7880,1015.97,11.26
1,7881,1005.61,11.2
1,7882,995.25,11.14
1,7883,984.89,11.08
1,7884,974.53,11.03
1,7885,964.17,10.97
1,7886,953.81,10.91
1,7887,782.9,9.07
1,7888,748.72,8.96
1,7889,755.73,9.02
1,7890,762.74,9.08
1,7891,769.67,9.14
1,7892,771.88,9.77
1,7893,709.3,9.39
1,7894,674.02,9.24
1,7895,674.02,9.24
1,7896,604.18,8.91
1,7897,633.83,9.55
1,7898,679.56,9.82
1,7899,677.37,9.5
1,7900,699.49,9.59
1,7901,721.61,9.68
1,7902,743.73,9.77
1,7903,765.86,9.87
1,7904,808.74,10.05
1,7905,832.33,10.14
1,7906,852.32,10.08
1,7907,828,9.98
1,7908,800.92,9.86
1,7909,768.9,9.73
1,7910,768.9,9.73
1,7911,768.9,9.73
1,7912,712.16,9.39
1,7913,686.68,9.24
1,7914,678.24,9.13
1,7915,654.03,8.95
1,7916,636.74,8.88
1,7917,618.59,8.72
1,7918,613.53,8.65
1,7919,608.28,8.57
1,7920,603.46,8.49
1,7921,598.43,8.42
1,7922,681.51,8.3
1,7923,681.51,8.3
1,7924,681.51,8.3
1,7925,624.09,7.97
1,7926,624.09,7.97
1,7927,624.09,7.97
1,7928,624.09,7.97
1,7929,641.11,8.08
1,7930,650.06,8.13
1,7931,650.06,8.13
1,7932,650.06,8.13
1,7933,650.06,8.13
1,7934,650.06,8.13
1,7940,1051.81,10.85
1,7941,1029.36,10.76
1,7942,1008.46,10.67
1,7943,986.48,10.58
1,7944,852.31,9.81
1,7945,847.91,9.78
1,7946,845.17,9.75
1,7947,825.77,9.59
1,7948,812.5,9.48
1,7949,808.08,9.45
1,7950,822.1,9.52
1,7951,885.59,9.77
1,7952,899.79,9.83
1,7953,921.25,9.92
1,7954,921.25,9.92
1,7955,941.17,10
1,7956,944.13,10.01
1,7957,940.19,10.18
1,7958,960.47,10.29
1,7959,1039.24,11.39
1,7960,1028.89,11.33
1,7961,1018.53,11.27
1,7962,1008.17,11.21
1,7963,997.81,11.15
1,7964,987.45,11.1
1,7965,977.09,11.04
1,7966,782.9,9.07
1,7967,782.9,9.07
1,7968,740.18,8.89
1,7969,747.19,8.95
1,7970,754.2,9.01
1,7971,761.21,9.07
1,7972,768.01,9.12
1,7973,674.02,9.24
1,7974,596,8.71
1,7975,598.62,8.78
1,7976,639.34,9.68
1,7977,667.89,9.77
1,7978,690.8,9.87
1,7979,722.41,10
1,7980,741.55,10.08
1,7981,735.63,9.74
1,7982,757.75,9.83
1,7983,779.5,9.92
1,7984,801.01,10.01
1,7985,825.59,10.12
1,7986,849.19,10.21
1,7987,834.04,10
1,7988,804.75,9.88
1,7989,768.9,9.73
1,7990,768.9,9.73
1,7991,712.16,9.39
1,7992,712.16,9.39
1,7993,682.05,9.14
1,7994,683.62,9.15
1,7995,666.42,9
1,7996,639.32,8.8
1,7997,613.79,8.65
1,7998,608.69,8.57
1,7999,603.71,8.5
1,8000,598.67,8.42
1,8001,681.51,8.3
1,8002,681.51,8.3
1,8003,681.51,8.3
1,8004,652.06,8.14
1,8005,624.09,7.97
1,8006,624.09,7.97
1,8007,624.09,7.97
1,8008,624.09,7.97
1,8009,647.04,8.11
1,8010,650.06,8.13
1,8011,650.06,8.13
1,8012,650.06,8.13
1,8013,650.06,8.13
1,8014,650.06,8.13
1,8020,1060.55,10.89
1,8021,865.44,9.92
1,8022,850.37,9.8
1,8023,834.48,9.67
1,8024,822.49,9.57
1,8025,839.99,9.71
1,8026,835.02,9.67
1,8027,824.37,9.58
1,8028,811.42,9.47
1,8029,797.03,9.35
1,8030,835.85,9.6
1,8031,852.98,9.69
1,8032,870.33,9.79
1,8033,887.67,9.88
1,8034,902.97,9.97
1,8035,911.71,10.02
1,8036,934.58,10.15
1,8037,953.86,10.25
1,8038,970.68,10.35
1,8039,1052.16,11.46
1,8040,1041.8,11.4
1,8041,1031.44,11.34
1,8042,1021.08,11.28
1,8043,1010.72,11.23
1,8044,1000.36,11.17
1,8045,765.98,8.98
1,8046,752.78,8.91
1,8047,739.9,8.81
1,8048,731.64,8.82
1,8049,738.65,8.88
1,8050,745.66,8.94
1,8051,752.67,8.99
1,8052,587.57,8.52
1,8053,590.47,8.58
1,8054,593.09,8.65
1,8055,644.86,9.81
1,8056,642.29,9.75
1,8057,679.96,9.82
1,8058,703.71,9.92
1,8059,728.85,10.03
1,8060,744.17,10.09
1,8061,748.41,10.11
1,8062,771.77,9.89
1,8063,787.16,9.96
1,8064,792.43,9.98
1,8065,818.85,10.09
1,8066,842.45,10.19
1,8067,840.08,10.03
1,8068,808.57,9.89
1,8069,831.07,9.48
1,8070,831.07,9.48
1,8071,824.98,9.45
1,8072,815.67,9.41
1,8073,646.01,8.89
1,8074,646.01,8.89
1,8075,642.89,8.86
1,8076,629.95,8.75
1,8077,623.79,8.6
1,8078,603.96,8.5
1,8079,598.92,8.42
1,8080,593.89,8.35
1,8081,681.51,8.3
1,8082,681.51,8.3
1,8083,681.51,8.3
1,8084,646.03,8.11
1,8085,624.09,7.97
1,8086,624.09,7.97
1,8087,624.09,7.97
1,8088,634,8.04
1,8089,650.06,8.13
1,8090,650.06,8.13
1,8091,650.06,8.13
1,8092,650.06,8.13
1,8093,650.06,8.13
1,8094,650.06,8.13
1,8114,1086.38,10.99
1,8115,1086.38,10.99
1,8116,1086.38,10.99
1,8117,1086.38,10.99
1,8118,1086.38,10.99
1,8119,1086.38,10.99
1,8120,865.44,9.92
1,8121,865.44,9.92
1,8122,849.43,9.79
1,8123,834.77,9.67
1,8124,822.37,9.56
1,8125,809.45,9.46
1,8126,798.63,9.37
1,8127,810.03,9.39
1,8128,786.09,9.26
1,8129,785.97,9.26
1,8130,845.1,9.65
1,8131,862.45,9.74
1,8132,879.79,9.84
1,8133,896.55,9.93
1,8134,909.4,10.01
1,8135,928.97,10.11
1,8136,947.26,10.22
1,8137,964.07,10.31
1,8138,980.89,10.4
1,8139,1065.64,11.53
1,8140,1054.72,11.47
1,8141,1044.36,11.41
1,8142,1034,11.36
1,8143,1023.64,11.3
1,8144,1013.28,11.24
1,8145,757.6,8.93
1,8146,742.71,8.84
1,8147,729.25,8.75
1,8148,723.09,8.75
1,8149,730.11,8.81
1,8150,737.12,8.86
1,8151,744.13,8.92
1,8152,584.91,8.45
1,8153,587.44,8.51
1,8154,590.17,8.58
1,8155,662.5,9.91
1,8156,683.46,10
1,8157,704.57,10.09
1,8158,726.1,10.04
1,8159,736.87,10.09
1,8160,757.61,10.17
1,8161,761.67,10.19
1,8162,781.77,9.93
1,8163,787.87,9.96
1,8164,792.43,9.98
1,8165,812.11,10.06
1,8166,835.7,10.16
1,8167,848.95,10.06
1,8168,854.01,9.57
1,8169,840.65,9.52
1,8170,831.07,9.48
1,8171,824.98,9.45
1,8172,808.45,9.38
1,8173,786.73,9.29
1,8174,646.01,8.89
1,8175,642.61,8.86
1,8176,629.67,8.75
1,8177,623.79,8.6
1,8178,599.17,8.43
1,8179,594.14,8.35
1,8180,589.12,8.27
1,8181,685.87,8.29
1,8182,681.51,8.3
1,8183,658.98,8.18
1,8184,640,8.07
1,8185,624.09,7.97
1,8186,624.09,7.97
1,8187,610.02,7.9
1,8188,639.93,8.07
1,8189,650.06,8.13
1,8190,650.06,8.13
1,8191,650.06,8.13
1,8192,650.06,8.13
1,8193,650.06,8.13
1,8194,650.06,8.13
1,8214,1086.38,10.99
1,8215,1086.38,10.99
1,8216,1086.38,10.99
1,8217,990.3,10.21
1,8218,990.3,10.21
1,8219,978.48,10.19
1,8220,865.44,9.92
1,8221,864.01,9.91
1,8222,848.48,9.78
1,8223,835.05,9.67
1,8224,822.25,9.56
1,8225,809.33,9.46
1,8226,796.24,9.35
1,8227,793.41,9.3
1,8228,775.03,9.17
1,8229,791.08,9.17
1,8230,792.01,9.18
1,8231,871.91,9.8
1,8232,889.26,9.89
1,8233,907.09,9.99
1,8234,923.36,10.08
1,8235,939.74,10.17
1,8236,957.47,10.27
1,8237,974.29,10.37
1,8238,990.21,10.45
1,8239,1092.73,11.01
1,8240,1068.02,11.54
1,8241,1057.55,11.49
1,8242,1046.92,11.43
1,8243,1036.56,11.37
1,8244,727.71,8.6
1,8245,743.79,8.85
1,8246,736.86,8.79
1,8247,726.82,8.74
1,8248,714.55,8.68
1,8249,721.57,8.74
1,8250,728.58,8.79
1,8251,579.37,8.32
1,8252,582,8.38
1,8253,584.63,8.45
1,8254,653.3,10.01
1,8255,678.03,9.98
1,8256,698.66,10.06
1,8257,719.77,10.15
1,8258,735.28,10.09
1,8259,744.46,10.14
1,8260,767.67,10.22
1,8261,767.67,10.22
1,8262,767.67,10.22
1,8263,787.87,9.96
1,8264,790.16,9.97
1,8265,792.43,9.98
1,8266,919.4,9.84
1,8267,903.41,9.78
1,8268,884.35,9.7
1,8269,858.15,9.59
1,8270,844.79,9.53
1,8271,819.65,9.43
1,8272,795.3,9.33
1,8273,772.97,9.23
1,8274,736.66,9.08
1,8275,726.34,9.02
1,8276,708.46,8.79
1,8277,650.96,8.55
1,8278,636.03,8.49
1,8279,602.24,8.34
1,8280,584.32,8.2
1,8281,685.87,8.29
1,8282,671.96,8.25
1,8283,653.07,8.15
1,8284,633.97,8.04
1,8285,624.09,7.97
1,8286,610.02,7.9
1,8287,625.75,7.99
1,8288,645.86,8.11
1,8289,650.06,8.13
1,8290,650.06,8.13
1,8291,650.06,8.13
1,8292,650.06,8.13
1,8293,650.06,8.13
1,8294,650.06,8.13
1,8314,1086.38,10.99
1,8315,990.3,10.21
1,8316,990.3,10.21
1,8317,990.3,10.21
1,8318,990.3,10.21
1,8319,990.3,10.21
1,8320,968.04,10.13
1,8321,949.04,10.02
1,8322,847.54,9.77
1,8323,835.34,9.67
1,8324,822.13,9.56
1,8325,851.33,9.48
1,8326,828.93,9.36
1,8327,777.98,9.19
1,8328,767.03,9.1
1,8329,767.95,9.08
1,8330,769.36,9.08
1,8331,740.73,8.84
1,8332,900.25,9.95
1,8333,919.53,10.06
1,8334,934.13,10.14
1,8335,950.87,10.24
1,8336,967.68,10.33
1,8337,984.5,10.42
1,8338,1000.66,10.51
1,8339,1092.73,11.01
1,8340,1092.73,11.01
1,8341,1070.4,11.56
1,8342,1059.93,11.5
1,8343,724.11,8.58
1,8344,726.71,8.6
1,8345,727.71,8.6
1,8346,747.68,8.85
1,8347,698.95,8.55
1,8348,705.78,8.6
1,8349,713.02,8.66
1,8350,573.83,8.19
1,8351,576.46,8.25
1,8352,579.09,8.31
1,8353,658.85,10.15
1,8354,676.45,10.22
1,8355,692.34,10.3
1,8356,713.87,10.13
1,8357,735.21,10.22
1,8358,756.25,10.3
1,8359,777.79,10.39
1,8360,767.67,10.22
1,8361,767.67,10.22
1,8362,841.84,10.66
1,8363,863.17,10.75
1,8364,938.09,11.06
1,8365,967.44,11.18
1,8366,919.4,9.84
1,8367,917.04,9.83
1,8368,897.21,9.75
1,8369,880.02,9.68
1,8370,862.3,9.61
1,8371,880.89,9.68
1,8372,781.54,9.27
1,8373,759.22,9.18
1,8374,730.95,9.06
1,8375,719.5,8.96
1,8376,708.46,8.79
1,8377,649.26,8.54
1,8378,634.66,8.48
1,8379,617.56,8.41
1,8380,579.52,8.13
1,8381,653.01,8.1
1,8382,693.07,8.31
1,8383,673.72,8.23
1,8384,625.42,7.95
1,8385,608.87,7.9
1,8386,613.69,7.93
1,8387,632.82,8.03
1,8388,650.06,8.13
1,8389,650.06,8.13
1,8390,650.06,8.13
1,8391,650.06,8.13
1,8392,650.06,8.13
1,8393,650.06,8.13
1,8394,650.06,8.13
1,8414,990.3,10.21
1,8415,993.36,10.23
1,8416,993.36,10.23
1,8417,993.36,10.23
1,8418,995.28,10.24
1,8419,996.74,10.25
1,8420,1005.57,10.3
1,8421,954.27,10.01
1,8422,935.27,9.91
1,8423,904.97,9.78
1,8424,885.9,9.67
1,8425,865.09,9.56
1,8426,859.76,9.49
1,8427,800.25,9.2
1,8428,783.79,9.1
1,8429,749.02,8.95
1,8430,738.14,8.86
1,8431,740.73,8.84
1,8432,745.54,8.79
1,8433,745.54,8.79
1,8434,944.26,10.2
1,8435,961.08,10.29
1,8436,977.9,10.39
1,8437,994.47,10.48
1,8438,1011.11,10.57
1,8439,1092.73,11.01
1,8440,1092.73,11.01
1,8441,1083.25,11.63
1,8442,1072.78,11.57
1,8443,707.97,8.49
1,8444,710.58,8.51
1,8445,676.63,8.36
1,8446,683.46,8.42
1,8447,690.29,8.47
1,8448,697.12,8.53
1,8449,703.96,8.59
1,8450,570.92,8.12
1,8451,573.55,8.18
1,8452,576.18,8.25
1,8453,667.75,10.22
1,8454,687.79,10.28
1,8455,703.68,10.37
1,8456,738.28,10.54
1,8457,750.78,10.28
1,8458,770.97,10.37
1,8459,792.51,10.46
1,8460,815.17,10.55
1,8461,837.57,10.64
1,8462,856.78,10.72
1,8463,878.12,10.81
1,8464,941.2,11.08
1,8465,969.71,11.19
1,8466,927.59,9.88
1,8467,920.64,9.85
1,8468,912.27,9.81
1,8469,893.88,9.74
1,8470,885.51,9.7
1,8471,900.55,9.76
1,8472,767.79,9.21
1,8473,756.91,9.17
1,8474,768.69,9.04
1,8475,712.65,8.91
1,8476,698.52,8.75
1,8477,675.97,8.65
1,8478,670.73,8.63
1,8479,707.33,8.78
1,8480,575.82,8.07
1,8481,569.96,7.98
1,8482,635.89,7.98
1,8483,612.63,7.88
1,8484,609.82,7.86
1,8485,583.9,7.76
1,8486,612.78,7.89
1,8487,656.22,8.1
1,8488,652.85,8.14
1,8489,650.06,8.13
1,8490,650.06,8.13
1,8491,650.06,8.13
1,8492,650.06,8.13
1,8493,650.06,8.13
1,8494,650.06,8.13
1,8514,995.28,10.24
1,8515,995.28,10.24
1,8516,995.28,10.24
1,8517,995.28,10.24
1,8518,1023.15,10.4
1,8519,1021.26,10.39
1,8520,1018.06,10.37
1,8521,948.44,9.98
1,8522,929.44,9.88
1,8523,910.44,9.77
1,8524,891.45,9.66
1,8525,872.47,9.56
1,8526,854.29,9.46
1,8527,837.91,9.37
1,8528,781.98,9.09
1,8529,783.17,9.1
1,8530,730.91,8.8
1,8531,739.26,8.79
1,8532,731.54,8.68
1,8533,731.54,8.68
1,8534,954.48,10.26
1,8535,971.3,10.35
1,8536,988.28,10.44
1,8537,1004.91,10.54
1,8538,1022.73,10.64
1,8539,1049.16,10.78
1,8540,1090.85,11
1,8541,1086.95,10.99
1,8542,1085.63,11.64
1,8543,698.69,8.44
1,8544,686.95,8.38
1,8545,667.97,8.29
1,8546,674.8,8.35
1,8547,681.64,8.4
1,8548,688.47,8.46
1,8549,565.39,7.99
1,8550,568.01,8.05
1,8551,570.64,8.12
1,8552,678.8,10.37
1,8553,700.01,10.46
1,8554,721.22,10.55
1,8555,730.53,10.52
1,8556,730.91,10.52
1,8557,739.74,10.57
1,8558,785.69,10.43
1,8559,807.23,10.52
1,8560,828.82,10.61
1,8561,850.38,10.7
1,8562,871.72,10.79
1,8563,916.9,10.97
1,8564,944.31,11.09
1,8565,971.97,11.2
1,8566,997.98,11.31
1,8567,931.09,9.89
1,8568,925.52,9.87
1,8569,907.5,9.79
1,8570,905.88,9.77
1,8571,904,9.78
1,8572,904,9.78
1,8573,777.68,9.08
1,8574,755.17,8.98
1,8575,732.66,8.89
1,8576,710.15,8.79
1,8577,702.71,8.76
1,8578,697.06,8.74
1,8579,727.77,8.87
1,8580,731.91,8.89
1,8581,566.06,7.92
1,8582,560.13,7.83
1,8583,554.19,7.74
1,8584,581.61,7.73
1,8585,701.41,8.35
1,8586,659.03,8.15
1,8587,671.52,8.25
1,8588,665.44,8.21
1,8589,663.33,8.2
1,8590,660.51,8.19
1,8591,654.8,8.16
1,8592,650.33,8.13
1,8593,650.06,8.13
1,8614,1027.65,10.42
1,8615,1027.65,10.42
1,8616,1027.65,10.42
1,8617,1027.65,10.42
1,8618,1027.65,10.42
1,8619,1028.6,10.43
1,8620,1042.35,10.5
1,8621,1055.37,10.58
1,8622,1065.06,10.63
1,8623,904.61,9.74
1,8624,885.84,9.63
1,8625,866.8,9.53
1,8626,843.52,9.4
1,8627,814.81,9.24
1,8628,798.97,9.19
1,8629,797.44,8.88
1,8630,781,8.79
1,8631,712.81,8.65
1,8632,714.01,8.61
1,8633,719.9,8.62
1,8634,679.76,8.38
1,8635,688.15,8.35
1,8636,998.72,10.5
1,8637,1015.16,10.59
1,8638,1031.47,10.68
1,8639,1050.12,10.79
1,8640,1066.67,10.88
1,8641,1078.15,10.94
1,8642,719.7,8.56
1,8643,709.18,8.5
1,8644,698.86,8.44
1,8645,659.33,8.22
1,8646,666.15,8.27
1,8647,677.39,8.29
1,8648,559.96,7.86
1,8649,562.54,7.92
1,8650,565.1,7.98
1,8651,672.86,10.48
1,8652,693.9,10.43
1,8653,715.1,10.52
1,8654,736.31,10.61
1,8655,742.71,10.58
1,8656,756.11,10.66
1,8657,767.19,10.72
1,8658,800.41,10.49
1,8659,820.07,10.57
1,8660,843.99,10.67
1,8661,865.33,10.76
1,8662,886.67,10.85
1,8663,920.76,10.99
1,8664,947.42,11.1
1,8665,974.24,11.21
1,8666,1000.24,11.32
1,8667,952.66,9.98
1,8668,945.77,9.95
1,8669,939.64,9.93
1,8670,904,9.78
1,8671,904,9.78
1,8672,904,9.78
1,8673,764.4,9.02
1,8674,749.77,8.96
1,8675,736.68,8.9
1,8676,713.96,8.81
1,8677,725.28,8.86
1,8678,723.97,8.85
1,8679,731.91,8.89
1,8680,731.91,8.89
1,8681,577.65,7.82
1,8682,577.65,7.82
1,8683,566.61,7.78
1,8684,550.59,7.63
1,8685,728.02,8.47
1,8686,525.73,7.41
1,8687,669.35,8.24
1,8688,666.42,8.22
1,8689,665.44,8.21
1,8690,665.44,8.21
1,8691,665.44,8.21
1,8692,495.2,6.98
1,8693,492.7,6.95
1,8714,1027.65,10.42
1,8715,1027.65,10.42
1,8716,1027.65,10.42
1,8717,1027.65,10.42
1,8718,1028.56,10.43
1,8719,1037.06,10.47
1,8720,1056.16,10.58
1,8721,1067.37,10.64
1,8722,1072.78,10.67
1,8723,1088.5,10.75
1,8724,1105.8,10.85
1,8725,865.78,9.5
1,8726,857.87,9.46
1,8727,824.56,9.29
1,8728,818.1,9.3
1,8729,819,8.98
1,8730,802.33,8.89
1,8731,753.97,8.64
1,8732,694.71,8.5
1,8733,683.7,8.41
1,8734,672.69,8.32
1,8735,688.15,8.35
1,8736,685.05,8.34
1,8737,695.35,8.23
1,8738,687.15,8.16
1,8739,1051.09,10.79
1,8740,1062.74,10.86
1,8741,688.38,8.24
1,8742,732.51,8.63
1,8743,721.99,8.57
1,8744,643.76,8.09
1,8745,663.91,8.22
1,8746,677.39,8.29
1,8747,677.39,8.29
1,8748,557.02,7.79
1,8749,559.6,7.85
1,8750,678.38,10.61
1,8751,691.37,10.63
1,8752,705.96,10.7
1,8753,772.16,10.76
1,8754,756.8,10.7
1,8755,772.67,10.76
1,8756,767.19,10.72
1,8757,767.19,10.72
1,8758,767.19,10.72
1,8759,833.72,10.63
1,8760,858.93,10.73
1,8761,880.27,10.82
1,8762,900.66,10.91
1,8763,924.53,11.01
1,8764,950.5,11.11
1,8765,976.5,11.22
1,8766,1002.51,11.33
1,8767,977.54,10.09
1,8768,963.93,10.03
1,8769,958.84,10.01
1,8770,904,9.78
1,8771,904,9.78
1,8772,764.4,9.02
1,8773,764.4,9.02
1,8774,764.4,9.02
1,8775,745.21,8.94
1,8776,735.82,8.9
1,8777,745.17,8.94
1,8778,746.46,8.95
1,8779,736.82,8.91
1,8780,731.91,8.89
1,8781,577.65,7.82
1,8782,577.65,7.82
1,8783,560,7.68
1,8784,549.97,7.6
1,8785,528.06,7.44
1,8786,521.65,7.35
1,8787,515.3,7.26
1,8788,508.44,7.17
1,8789,511.12,7.1
1,8790,497.16,7.01
1,8791,495.2,6.98
1,8792,492.7,6.95
1,8793,490.74,6.92
1,8814,1027.65,10.42
1,8815,1027.65,10.42
1,8816,1027.65,10.42
1,8817,1028.52,10.43
1,8818,1031.77,10.44
1,8819,1056.95,10.58
1,8820,1082.2,10.72
1,8821,1082.59,10.73
1,8822,1082.83,10.73
1,8823,1083.1,10.72
1,8824,1097.87,10.8
1,8825,1114.74,10.9
1,8826,852.79,9.44
1,8827,857.07,9.47
1,8828,861.6,9.22
1,8829,808.59,8.93
1,8830,791.99,8.83
1,8831,775.68,8.74
1,8832,726.7,8.49
1,8833,710.24,8.4
1,8834,665.62,8.26
1,8835,675.72,8.29
1,8836,698.08,8.37
1,8837,688.34,8.2
1,8838,687.15,8.16
1,8839,663.99,8.1
1,8840,688.3,8.24
1,8841,688.38,8.24
1,8842,744.58,8.7
1,8843,628.19,7.96
1,8844,635.26,8.02
1,8845,629.23,7.86
1,8846,677.39,8.29
1,8847,572.11,7.7
1,8848,554.08,7.72
1,8849,556.66,7.79
1,8850,681.29,10.67
1,8851,723.55,10.78
1,8852,710.91,10.72
1,8853,788.33,10.83
1,8854,772.97,10.76
1,8855,787.62,10.82
1,8856,808.96,10.91
1,8857,830.3,11
1,8858,834.69,11.02
1,8859,834.69,11.02
1,8860,873.88,10.79
1,8861,890.03,10.86
1,8862,905.81,10.93
1,8863,927.64,11.02
1,8864,952.77,11.12
1,8865,978.77,11.23
1,8866,1001.67,10.19
1,8867,973.8,10.07
1,8868,968.64,10.05
1,8869,963.93,10.03
1,8870,963.93,10.03
1,8871,904,9.78
1,8872,764.4,9.02
1,8873,764.4,9.02
1,8874,764.4,9.02
1,8875,766.24,9.03
1,8876,760.14,9
1,8877,767.34,9.03
1,8878,771.53,9.05
1,8879,746.46,8.95
1,8880,737.92,8.91
1,8881,577.65,7.82
1,8882,577.65,7.82
1,8883,573.54,7.7
1,8884,571.82,7.69
1,8885,537.48,7.43
1,8886,518.8,7.3
1,8887,510.77,7.2
1,8888,511.12,7.1
1,8889,498.2,7.02
1,8890,495.18,6.98
1,8891,492.7,6.95
1,8892,490.74,6.92
1,8893,490.74,6.92
1,8894,545.6,7.68
1,8895,546.5,7.7
1,8896,549.57,7.74
1,8897,577.81,7.92
1,8898,586.39,7.96
1,8899,622.13,8.11
1,8914,1027.65,10.42
1,8915,1027.65,10.42
1,8916,1028.48,10.43
1,8917,1030.72,10.44
1,8918,1070.03,10.65
1,8919,1070.03,10.65
1,8920,1070.03,10.65
1,8921,1066.14,10.63
1,8922,1059.29,10.59
1,8923,1075.09,10.68
1,8924,1091.29,10.77
1,8925,878.36,9.59
1,8926,862.33,9.5
1,8927,867.67,9.25
1,8928,851.09,9.16
1,8929,834.5,9.07
1,8930,826.94,9.03
1,8931,764.82,8.68
1,8932,748.51,8.59
1,8933,699.56,8.34
1,8934,682.72,8.24
1,8935,647.61,8.11
1,8936,661.99,8.15
1,8937,657.87,8.04
1,8938,667.65,8.08
1,8939,659.13,8.08
1,8940,676.24,8.17
1,8941,627.88,7.87
1,8942,612.8,7.83
1,8943,621.91,7.9
1,8944,615.56,7.78
1,8945,637.99,7.91
1,8946,651.87,7.99
1,8947,572.11,7.7
1,8948,551.13,7.65
1,8949,686.83,10.81
1,8950,679.82,7.37
1,8951,724.55,10.78
1,8952,819.85,10.96
1,8953,804.49,10.9
1,8954,789.14,10.83
1,8955,802.56,10.89
1,8956,823.89,10.98
1,8957,834.67,11.02
1,8958,834.67,11.02
1,8959,834.67,11.02
1,8960,888.6,10.86
1,8961,899.62,10.9
1,8962,909.57,10.94
1,8963,930.53,11.03
1,8964,954.74,11.13
1,8965,980.74,11.24
1,8966,989.91,10.14
1,8967,973.51,10.07
1,8968,968.63,10.05
1,8969,966.71,10.04
1,8970,963.93,10.03
1,8971,764.37,9.02
1,8972,764.37,9.02
1,8973,764.37,9.02
1,8974,762.73,9.01
1,8975,770.34,9.05
1,8976,791.63,9.13
1,8977,789.48,9.12
1,8978,789.48,9.12
1,8979,771.53,9.05
1,8980,632.38,7.94
1,8981,632.38,7.94
1,8982,632.38,7.94
1,8983,620.56,7.89
1,8984,593.68,7.78
1,8985,529.54,7.39
1,8986,528.94,7.27
1,8987,506.23,7.14
1,8988,499.83,7.05
1,8989,495.09,6.98
1,8990,491.68,6.93
1,8991,490.76,6.92
1,8992,488.2,6.89
1,8993,490.19,6.91
1,8994,545.64,7.68
1,8995,545.87,7.69
1,8996,547.69,7.71
1,8997,551.79,7.77
1,8998,580.59,7.93
1,8999,589.78,7.97
1,9013,1027.47,10.42
1,9014,1027.47,10.42
1,9015,1028.28,10.42
1,9016,1070.34,10.65
1,9017,1066.25,10.63
1,9018,1063,10.61
1,9019,1062.43,10.61
1,9020,1055.86,10.57
1,9021,1048.89,10.53
1,9022,1052.13,10.55
1,9023,1067.16,10.63
1,9024,901.74,9.72
1,9025,891.09,9.66
1,9026,862.63,9.5
1,9027,857.15,9.2
1,9028,840.57,9.1
1,9029,823.98,9.01
1,9030,812.11,8.95
1,9031,839.34,9.1
1,9032,737.66,8.53
1,9033,721.31,8.44
1,9034,672.18,8.19
1,9035,661.87,8.13
1,9036,629.43,7.96
1,9037,634.99,7.95
1,9038,635.94,7.95
1,9039,653.08,8.04
1,9040,630.13,7.88
1,9041,617.5,7.81
1,9042,604.17,7.76
1,9043,611.04,7.81
1,9044,599.89,7.7
1,9045,590.47,7.65
1,9046,651.87,7.99
1,9047,545.58,7.52
1,9048,692.37,10.94
1,9049,669.55,7.33
1,9050,671.86,7.34
1,9051,819.86,10.96
1,9052,819.86,10.96
1,9053,819.86,10.96
1,9054,690.5,7.56
1,9055,671.25,7.75
1,9056,834.67,11.02
1,9057,834.67,11.02
1,9058,834.67,11.02
1,9059,718.1,8.01
1,9060,733.11,8.09
1,9061,901.28,10.91
1,9062,909.97,10.95
1,9063,933.64,11.04
1,9064,957.01,11.14
1,9065,983.01,11.25
1,9066,983.4,10.11
1,9067,973.51,10.07
1,9068,968.63,10.05
1,9069,968.63,10.05
1,9070,963.93,10.03
1,9071,764.37,9.02
1,9072,764.37,9.02
1,9073,761.17,9.01
1,9074,767.11,9.03
1,9075,801.92,9.18
1,9076,803.25,9.18
1,9077,803.25,9.18
1,9078,803.25,9.18
1,9079,789.48,9.12
1,9080,668.97,7.85
1,9081,668.97,7.85
1,9082,632.38,7.94
1,9083,626.61,7.92
1,9084,615.17,7.87
1,9085,575.19,7.46
1,9086,546.45,7.34
1,9087,501.88,7.08
1,9088,494.98,6.98
1,9089,490.76,6.92
1,9090,487.98,6.88
1,9091,484.88,6.84
1,9092,488.04,6.88
1,9093,493.45,6.96
1,9094,535.1,7.36
1,9095,545.64,7.68
1,9096,546.53,7.7
1,9097,550.33,7.75
1,9098,570.61,7.89
1,9099,586.39,7.96
1,9113,1027.47,10.42
1,9114,1063,10.61
1,9115,1063,10.61
1,9116,1063,10.61
1,9117,1059.26,10.59
1,9118,1052.69,10.55
1,9119,1050.24,10.54
1,9120,1041.66,10.49
1,9121,1033.08,10.44
1,9122,1039.57,10.48
1,9123,925.15,9.85
1,9124,923.14,9.83
1,9125,928.87,9.87
1,9126,893.17,9.67
1,9127,846.63,9.14
1,9128,830.04,9.05
1,9129,813.1,8.95
1,9130,802.85,8.89
1,9131,780.37,8.77
1,9132,728.2,8.48
1,9133,709.73,8.38
1,9134,693.34,8.29
1,9135,674.48,8.18
1,9136,687.69,8.25
1,9137,611.33,7.81
1,9138,600.43,7.72
1,9139,589.53,7.62
1,9140,623.8,7.84
1,9141,588.5,7.63
1,9142,595.62,7.69
1,9143,602.4,7.74
1,9144,589.18,7.64
1,9145,572.71,7.55
1,9146,556.37,7.46
1,9147,542.66,7.45
1,9148,711.43,11.06
1,9149,649.09,7.25
1,9150,646.62,7.24
1,9151,667.21,7.46
1,9152,682.71,7.53
1,9153,690.5,7.56
1,9154,668.42,7.73
1,9155,671.49,7.75
1,9156,690.88,7.85
1,9157,702.03,7.92
1,9158,715.3,7.99
1,9159,730.31,8.07
1,9160,733.48,8.09
1,9161,734.35,8.1
1,9162,913.83,10.96
1,9163,936.76,11.06
1,9164,959.27,11.15
1,9165,985.28,11.26
1,9166,982.05,10.1
1,9167,973.51,10.07
1,9168,968.63,10.05
1,9169,968.63,10.05
1,9170,968.63,10.05
1,9171,655.49,6.96
1,9172,761.17,9.01
1,9173,766.07,9.03
1,9174,803.25,9.18
1,9175,803.25,9.18
1,9176,803.25,9.18
1,9177,803.25,9.18
1,9178,803.25,9.18
1,9179,803.25,9.18
1,9180,668.97,7.85
1,9181,668.97,7.85
1,9182,668.97,7.85
1,9183,648.01,7.76
1,9184,617.43,7.64
1,9185,577.08,7.47
1,9186,560.81,7.4
1,9187,506.8,6.86
1,9188,487.76,6.88
1,9189,484.66,6.84
1,9190,482.31,6.8
1,9191,483.4,6.82
1,9192,490.16,6.91
1,9193,495.74,6.99
1,9194,535.1,7.36
1,9195,544.9,7.67
1,9196,545.64,7.68
1,9197,548.75,7.73
1,9198,554.6,7.81
1,9199,576.49,7.92
1,9213,1063,10.61
1,9214,1062.66,10.61
1,9215,1056.09,10.57
1,9216,1052.2,10.55
1,9217,1051.58,10.55
1,9218,1043.01,10.5
1,9219,1034.43,10.45
1,9220,1020.86,10.38
1,9221,1015.62,10.35
1,9222,1009.04,10.31
1,9223,937.84,9.92
1,9224,939.91,9.93
1,9225,946.68,9.96
1,9226,915.94,9.52
1,9227,909.87,9.49
1,9228,836.34,9.08
1,9229,826.09,9.02
1,9230,815.84,8.97
1,9231,769.69,8.71
1,9232,752.94,8.62
1,9233,736.54,8.53
1,9234,682.59,8.23
1,9235,666.18,8.13
1,9236,645.93,8.02
1,9237,604.12,7.75
1,9238,593.22,7.65
1,9239,582.31,7.56
1,9240,573.3,7.5
1,9241,580.01,7.56
1,9242,607.17,7.69
1,9243,628.88,7.78
1,9244,649.41,7.86
1,9245,561.88,7.49
1,9246,545.54,7.4
1,9247,700.86,11.14
1,9248,721.02,11.1
1,9249,624.13,7.14
1,9250,631.42,7.17
1,9251,657.93,7.42
1,9252,676.51,7.5
1,9253,690.5,7.56
1,9254,656.87,7.67
1,9255,671.74,7.75
1,9256,691.13,7.86
1,9257,712.49,7.98
1,9258,727.5,8.06
1,9259,733.48,8.09
1,9260,734.35,8.1
1,9261,734.35,8.1
1,9262,734.35,8.1
1,9263,656.88,6.82
1,9264,656.88,6.82
1,9265,656.88,6.82
1,9266,656.88,6.82
1,9267,656.88,6.82
1,9268,968.63,10.05
1,9269,655.49,6.96
1,9270,655.49,6.96
1,9271,655.49,6.96
1,9272,655.49,6.96
1,9273,655.49,6.96
1,9274,803.25,9.18
1,9275,803.25,9.18
1,9276,803.25,9.18
1,9277,803.25,9.18
1,9278,803.25,9.18
1,9279,672.97,7.87
1,9280,672.97,7.87
1,9281,672.97,7.87
1,9282,672.3,7.86
1,9283,653.65,7.79
1,9284,602.08,7.07
1,9285,585.88,7
1,9286,569.04,6.93
1,9287,506.8,6.86
1,9288,499.17,6.82
1,9289,478.29,6.75
1,9290,478.94,6.76
1,9291,486.19,6.86
1,9292,492.74,6.95
1,9293,511.99,7.14
1,9294,535.1,7.36
1,9295,535.1,7.36
1,9296,543.84,7.66
1,9297,546.38,7.69
1,9298,558.32,7.79
1,9299,579.03,8.03
1,9313,1051.25,10.24
1,9314,1051.25,10.24
1,9315,1051.25,10.24
1,9316,1051.25,10.24
1,9317,1051.25,10.24
1,9318,1051.25,10.24
1,9319,1051.25,10.24
1,9320,1007.45,10.3
1,9321,1000.16,10.26
1,9322,992.88,10.22
1,9323,957.98,10.03
1,9324,956.09,10.02
1,9325,961.41,10.05
1,9326,915.44,9.52
1,9327,905.02,9.46
1,9328,849.33,9.15
1,9329,839.07,9.1
1,9330,873.84,9.29
1,9331,757.32,8.64
1,9332,742.2,8.56
1,9333,725.79,8.47
1,9334,709.1,8.37
1,9335,669.26,8.15
1,9336,659.97,8.1
1,9337,606.06,7.71
1,9338,608.36,7.73
1,9339,575.11,7.5
1,9340,570,7.44
1,9341,571.28,7.48
1,9342,621.58,7.75
1,9343,643.54,7.84
1,9344,549.61,7.19
1,9345,531.63,7.19
1,9346,610.03,7.11
1,9347,593.71,7.04
1,9348,594.8,7.02
1,9349,606.64,7.07
1,9350,624.47,7.28
1,9351,639.2,7.34
1,9352,650.85,7.39
1,9353,636.8,7.55
1,9354,645.33,7.6
1,9355,657.6,7.67
1,9356,691.38,7.86
1,9357,724.7,8.04
1,9358,733.09,8.09
1,9359,731.2,8.08
1,9360,729.3,8.07
1,9361,727.41,8.06
1,9362,615.43,6.32
1,9363,656.88,6.82
1,9364,656.88,6.82
1,9365,656.88,6.82
1,9366,656.88,6.82
1,9367,650.57,6.79
1,9368,634.48,6.7
1,9369,655.49,6.96
1,9370,655.49,6.96
1,9371,655.49,6.96
1,9372,655.49,6.96
1,9373,655.49,6.96
1,9374,655.49,6.96
1,9375,803.25,9.18
1,9376,803.25,9.18
1,9377,803.25,9.18
1,9378,803.25,9.18
1,9379,675.27,7.88
1,9380,675.27,7.88
1,9381,675.27,7.88
1,9382,675.27,7.88
1,9383,620.93,7.15
1,9384,619.95,7.15
1,9385,567.21,6.93
1,9386,549.23,6.85
1,9387,506.8,6.86
1,9388,489.96,6.77
1,9389,471.99,6.66
1,9390,481.56,6.79
1,9391,488.99,6.9
1,9392,495.72,6.99
1,9393,511.99,7.14
1,9394,535.1,7.36
1,9395,535.1,7.36
1,9396,536.91,7.56
1,9397,558.68,7.64
1,9398,579.32,7.73
1,9399,613.57,8.22
1,9413,1051.25,10.24
1,9414,1051.25,10.24
1,9415,1051.25,10.24
1,9416,1051.25,10.24
1,9417,1051.25,10.24
1,9418,1051.25,10.24
1,9419,1051.25,10.24
1,9420,1051.25,10.24
1,9421,985.07,10.18
1,9422,977.28,10.13
1,9423,974.76,9.85
1,9424,962.19,9.78
1,9425,932.75,9.62
1,9426,913.59,9.51
1,9427,896.61,9.42
1,9428,862.29,9.22
1,9429,868.22,9.26
1,9430,877.45,9.31
1,9431,752.27,8.61
1,9432,741.69,8.55
1,9433,726.2,8.47
1,9434,698.6,8.32
1,9435,681.97,8.22
1,9436,630.11,7.89
1,9437,620.96,7.84
1,9438,611.69,7.67
1,9439,581.94,7.52
1,9440,571.36,7.42
1,9441,542.61,7.25
1,9442,543.41,7.21
1,9443,564.49,7.32
1,9444,544.58,7.17
1,9445,528.67,7.12
1,9446,591.06,7.03
1,9447,574.86,6.96
1,9448,585.44,6.98
1,9449,577.12,6.95
1,9450,612.65,7.09
1,9451,589.76,7.14
1,9452,577.97,7.09
1,9453,627.33,7.5
1,9454,625.66,7.49
1,9455,623.99,7.48
1,9456,720.18,8.02
1,9457,718.29,8.01
1,9458,716.4,8
1,9459,714.51,7.99
1,9460,712.61,7.98
1,9461,615.43,6.32
1,9462,615.43,6.32
1,9463,658.93,6.84
1,9464,656.88,6.82
1,9465,656.88,6.82
1,9466,656.08,6.82
1,9467,639.91,6.73
1,9468,623.61,6.64
1,9469,655.49,6.96
1,9470,655.49,6.96
1,9471,655.49,6.96
1,9472,655.49,6.96
1,9473,655.49,6.96
1,9474,655.49,6.96
1,9475,655.49,6.96
1,9476,803.25,9.18
1,9477,803.25,9.18
1,9478,675.27,7.88
1,9479,675.27,7.88
1,9480,675.27,7.88
1,9481,675.27,7.88
1,9482,675.27,7.88
1,9483,620,7.15
1,9484,593.95,7.04
1,9485,575.26,6.96
1,9486,536.05,6.8
1,9487,562.15,6.91
1,9488,464.44,6.56
1,9489,465.55,6.57
1,9490,503.68,6.66
1,9491,508.4,7.03
1,9492,499.17,7.04
1,9493,511.99,7.14
1,9494,526.89,7.32
1,9495,525.3,7.4
1,9496,532.49,7.5
1,9497,552.75,7.62
1,9498,625.11,7.93
1,9499,626.32,8.27
1,9513,1051.25,10.24
1,9514,1051.25,10.24
1,9515,1051.25,10.24
1,9516,1051.25,10.24
1,9517,1051.25,10.24
1,9518,1051.25,10.24
1,9519,1051.25,10.24
1,9520,1050.55,10.24
1,9521,1022.11,10.1
1,9522,996.34,9.97
1,9523,975.1,9.85
1,9524,956.42,9.75
1,9525,936.42,9.64
1,9526,901.2,9.44
1,9527,885.3,9.35
1,9528,848,9.15
1,9529,877.45,9.31
1,9530,877.45,9.31
1,9531,752.27,8.61
1,9532,744.68,8.57
1,9533,722.34,8.45
1,9534,705.3,8.35
1,9535,653.4,8.12
1,9536,630.11,7.89
1,9537,617.91,7.82
1,9538,600.79,7.73
1,9539,575.5,7.53
1,9540,582.73,7.46
1,9541,554.4,7.26
1,9542,532.75,7.1
1,9543,537.73,7.04
1,9544,523.15,6.99
1,9545,714.85,11.47
1,9546,571.58,6.95
1,9547,556.06,6.88
1,9548,543.2,6.81
1,9549,536.54,6.81
1,9550,548.96,6.91
1,9551,573.5,7.07
1,9552,589.83,7.14
1,9553,610.64,7.41
1,9554,608.97,7.4
1,9555,621.77,7.47
1,9556,680.82,7.8
1,9557,693.11,7.87
1,9558,702.86,7.92
1,9559,702.86,7.92
1,9560,702.86,7.92
1,9561,615.43,6.32
1,9562,615.43,6.32
1,9563,661.91,6.85
1,9564,656.88,6.82
1,9565,656.88,6.82
1,9566,647.48,6.77
1,9567,629.04,6.67
1,9568,614.93,6.59
1,9569,629.78,6.85
1,9570,648.13,6.93
1,9571,655.49,6.96
1,9572,655.49,6.96
1,9573,655.49,6.96
1,9574,655.49,6.96
1,9575,655.49,6.96
1,9576,736.41,7.3
1,9577,767.22,7.42
1,9578,767.22,7.42
1,9579,675.27,7.88
1,9580,675.27,7.88
1,9581,675.27,7.88
1,9582,620.09,7.15
1,9583,620.09,7.15
1,9584,565,6.96
1,9585,557.68,6.92
1,9586,518.82,6.74
1,9587,494.35,6.62
1,9588,468.59,6.52
1,9589,471.36,6.53
1,9590,522.63,7.09
1,9591,521.41,7.09
1,9592,503.7,7.1
1,9593,509.84,7.19
1,9594,531.15,7.28
1,9595,571.24,7.45
1,9596,543.38,7.5
1,9597,588.76,7.78
1,9598,601.5,7.83
1,9599,621.23,7.91
1,9613,1051.25,10.24
1,9614,1051.25,10.24
1,9615,1051.25,10.24
1,9616,1051.25,10.24
1,9617,1050.66,10.24
1,9618,1045.13,10.21
1,9619,1039.59,10.18
1,9620,1044.92,10.21
1,9621,1011.12,10.05
1,9622,996.74,9.97
1,9623,977.19,9.86
1,9624,961.22,9.77
1,9625,940.08,9.66
1,9626,889.89,9.38
1,9627,854.09,9.18
1,9628,837.49,9.09
1,9629,820.45,8.99
1,9630,804.14,8.9
1,9631,757.08,8.64
1,9632,744.01,8.57
1,9633,728.64,8.48
1,9634,653.89,8.17
1,9635,651.25,8.1
1,9636,634.57,8.01
1,9637,618.17,7.92
1,9638,584.8,7.66
1,9639,593.84,7.67
1,9640,585.24,7.39
1,9641,571.95,7.33
1,9642,528.88,7.04
1,9643,522.9,6.95
1,9644,720.36,11.6
1,9645,509.43,6.77
1,9646,527.48,6.75
1,9647,525.18,6.7
1,9648,514.15,6.69
1,9649,572.54,6.71
1,9650,566.96,6.65
1,9651,575.17,7.08
1,9652,577.32,7.15
1,9653,634.5,7.51
1,9654,618.51,7.45
1,9655,641.93,7.58
1,9656,661.35,7.69
1,9657,681.58,7.8
1,9658,693.87,7.87
1,9659,701.73,7.92
1,9660,615.43,6.32
1,9661,615.43,6.32
1,9662,615.43,6.32
1,9663,674.09,6.92
1,9664,661.91,6.85
1,9665,650.76,6.79
1,9666,634.48,6.7
1,9667,616.32,6.6
1,9668,614.93,6.59
1,9669,629.78,6.85
1,9670,628.72,6.85
1,9671,641.27,6.9
1,9672,652.76,6.95
1,9673,655.49,6.96
1,9674,655.49,6.96
1,9675,657.85,6.97
1,9676,736.41,7.3
1,9677,767.22,7.42
1,9678,769.19,7.43
1,9679,769.19,7.43
1,9680,620.09,7.15
1,9681,620.09,7.15
1,9682,620.09,7.15
1,9683,620.09,7.15
1,9684,565.99,6.96
1,9685,577.73,7.02
1,9686,526.84,6.79
1,9687,488.53,6.6
1,9688,451.55,6.38
1,9689,452.48,6.39
1,9690,522.63,7.09
1,9691,522.63,7.09
1,9692,505.89,7.13
1,9693,539.28,7.31
1,9694,547.94,7.35
1,9695,542.5,7.54
1,9696,551.09,7.61
1,9697,576.9,7.73
1,9698,577.31,7.83
1,9699,588.88,7.92
1,9713,1051.25,10.24
1,9714,1050.77,10.24
1,9715,1045.24,10.21
1,9716,1039.7,10.18
1,9717,1044.81,10.21
1,9718,1050.34,10.24
1,9719,1054.33,9.04
1,9720,1048.8,9.01
1,9721,1043.44,8.98
1,9722,1030.94,10.16
1,9723,1039.4,10.21
1,9724,961.66,9.78
1,9725,956.09,9.75
1,9726,860.18,9.21
1,9727,843.58,9.12
1,9728,826.99,9.03
1,9729,813.07,8.95
1,9730,793.4,8.84
1,9731,767.51,8.7
1,9732,751.9,8.61
1,9733,741.6,8.55
1,9734,646.34,8.13
1,9735,631.64,8.05
1,9736,623.37,7.95
1,9737,607.18,7.86
1,9738,589.99,7.73
1,9739,616.23,7.76
1,9740,606.52,7.48
1,9741,632.7,7.59
1,9742,530.93,7.87
1,9743,533.41,7.93
1,9744,520.37,6.84
1,9745,504.61,6.71
1,9746,517.69,6.71
1,9747,511.01,6.63
1,9748,524.28,6.58
1,9749,538.82,6.54
1,9750,555.69,6.61
1,9751,556.12,6.61
1,9752,585.73,6.73
1,9753,566.82,6.51
1,9754,584,6.6
1,9755,649.89,7.62
1,9756,661.82,7.69
1,9757,670.19,7.74
1,9758,602.79,6.25
1,9759,587.51,6.17
1,9760,605.8,6.27
1,9761,615.43,6.32
1,9762,626.76,6.39
1,9763,684.5,6.98
1,9764,672.77,6.91
1,9765,639.91,6.73
1,9766,623.61,6.64
1,9767,614.93,6.59
1,9768,614.93,6.59
1,9769,629.78,6.85
1,9770,622.72,6.82
1,9771,621.5,6.82
1,9772,634.89,6.87
1,9773,641.78,6.9
1,9774,654.56,6.95
1,9775,667.91,7.01
1,9776,736.41,7.3
1,9777,767.22,7.42
1,9778,769.19,7.43
1,9779,769.19,7.43
1,9780,774.77,7.46
1,9781,620.09,7.15
1,9782,620.09,7.15
1,9783,577.73,7.02
1,9784,577.73,7.02
1,9785,577.73,7.02
1,9786,464.6,6.28
1,9787,443.63,6.27
1,9788,445.08,6.29
1,9789,446.35,6.3
1,9790,522.63,7.09
1,9791,522.63,7.09
1,9792,539.28,7.31
1,9793,549.36,7.36
1,9794,553.65,7.37
1,9795,549.77,7.6
1,9796,556.73,7.66
1,9797,568.26,7.75
1,9798,580.89,7.86
1,9799,593.18,7.96
1,9813,1039.82,10.18
1,9814,1044.7,10.21
1,9815,1050.23,10.24
1,9816,1054.44,9.04
1,9817,1048.91,9.01
1,9818,1040.48,8.96
1,9819,1036.01,8.94
1,9820,1031.55,8.92
1,9821,1027.12,8.89
1,9822,1047.55,10.25
1,9823,1076.06,10.41
1,9824,1076.06,10.41
1,9825,895.48,8.21
1,9826,887.89,8.17
1,9827,833.07,9.06
1,9828,821.38,9
1,9829,799.06,8.87
1,9830,782.66,8.78
1,9831,773.79,8.73
1,9832,764.85,8.68
1,9833,665.89,8.28
1,9834,649.46,8.19
1,9835,621.11,7.98
1,9836,611.49,7.9
1,9837,599.27,7.86
1,9838,640.05,8.05
1,9839,611.6,7.92
1,9840,627,8
1,9841,641.99,7.62
1,9842,527.9,7.8
1,9843,547.27,7.06
1,9844,539.93,6.92
1,9845,515.44,6.75
1,9846,492.52,6.56
1,9847,499.52,6.56
1,9848,503.58,6.5
1,9849,517.98,6.45
1,9850,534.3,6.52
1,9851,552.33,6.59
1,9852,558.56,6.45
1,9853,559,6.47
1,9854,588.14,6.63
1,9855,649.98,6.52
1,9856,631.98,6.42
1,9857,613.42,6.31
1,9858,595.1,6.21
1,9859,581.35,6.14
1,9860,595.15,6.21
1,9861,608.47,6.29
1,9862,637.83,6.45
1,9863,675,6.66
1,9864,685.15,6.98
1,9865,582.75,6.41
1,9866,607.52,6.55
1,9867,610.03,6.56
1,9868,642.17,6.92
1,9869,632.05,6.86
1,9870,619.14,6.81
1,9871,603.7,6.74
1,9872,623.61,6.83
1,9873,648.01,6.93
1,9874,663.5,6.99
1,9875,715.42,7.21
1,9876,736.41,7.3
1,9912,1050.12,10.24
1,9913,1054.55,9.04
1,9914,1049.02,9.01
1,9915,1037.27,8.95
1,9916,1032.8,8.92
1,9917,1028.39,8.9
1,9918,1017.64,8.84
1,9919,1015.46,8.83
1,9920,1013.28,8.81
1,9921,1011.1,8.8
1,9922,1069.74,10.38
1,9923,1076.06,10.41
1,9924,910.82,8.29
1,9925,894.78,8.2
1,9926,885.44,8.15
1,9927,849.47,7.95
1,9928,829.99,7.84
1,9929,839.29,9.1
1,9930,798.58,8.87
1,9931,788.12,8.81
1,9932,777.66,8.75
1,9933,674.74,8.31
1,9934,638.8,7.95
1,9935,612.63,7.91
1,9936,603.01,7.83
1,9937,606.89,7.89
1,9938,639.06,8.1
1,9939,629.04,8
1,9940,545.09,7.79
1,9941,534.37,7.74
1,9942,530.48,7.17
1,9943,567.16,7.15
1,9944,533.06,6.75
1,9945,524.34,6.72
1,9946,517.95,6.58
1,9947,480.46,6.41
1,9948,541.45,6.55
1,9949,490.27,6.33
1,9950,509.3,6.43
1,9951,548.37,6.57
1,9952,546.78,6.39
1,9953,532.28,6.32
1,9954,549.42,6.15
1,9955,568.54,6.23
1,9956,531.92,5.98
1,9957,605.73,6.27
1,9958,586.95,6.17
1,9959,567.58,6.06
1,9960,584.56,6.15
1,9961,635.28,6.43
1,9962,650.61,6.52
1,9963,661.2,6.58
1,9964,558.76,6.28
1,9965,579.04,6.39
1,9966,604.13,6.53
1,9967,627.44,6.66
1,9968,640.48,6.73
1,9969,645.26,6.94
1,9970,578.22,6.64
1,9971,585.49,6.67
1,9972,629.16,6.85
1,9973,659.09,6.97
1,9974,679.46,7.06
1,9975,716.44,7.21
1,9976,740.01,7.31
1,10012,1014.03,8.82
1,10013,1011.85,8.81
1,10014,1009.67,8.79
1,10015,1004.67,8.77
1,10016,1002.98,8.76
1,10017,1001.29,8.75
1,10018,999.6,8.74
1,10019,997.91,8.73
1,10020,996.22,8.72
1,10021,994.53,8.71
1,10022,948.69,8.5
1,10023,929.22,8.4
1,10024,909.75,8.29
1,10025,891.3,8.18
1,10026,876.29,8.1
1,10027,848.33,7.95
1,10028,828.85,7.84
1,10029,838.59,9.09
1,10030,811.91,8.94
1,10031,800.97,8.88
1,10032,616.54,7.76
1,10033,623.3,7.82
1,10034,631.53,7.8
1,10035,613.49,7.7
1,10036,592.72,7.72
1,10037,608.31,7.87
1,10038,627.9,8.05
1,10039,635.99,8.13
1,10040,652.65,8.21
1,10041,519.41,7.6
1,10042,550.71,7.31
1,10043,585.43,6.49
1,10044,563.72,6.8
1,10045,540.66,6.71
1,10046,515.21,6.57
1,10047,488.51,6.42
1,10048,465.74,6.26
1,10049,459.16,6.17
1,10050,520.32,6.49
1,10051,540.13,6.32
1,10052,517.11,6.22
1,10053,524.58,6.05
1,10054,517.83,6.02
1,10055,524.04,6.05
1,10056,531.92,5.98
1,10057,517.66,5.92
1,10058,529.74,5.97
1,10059,558.78,6.01
1,10060,544.03,5.93
1,10061,527.81,5.84
1,10062,656.55,6.55
1,10063,533.71,6.14
1,10064,544.82,6.2
1,10065,576.37,6.38
1,10066,615.37,6.59
1,10067,633.22,6.69
1,10068,651.83,6.8
1,10069,658.16,7.01
1,10070,554.41,6.54
1,10071,563.76,6.58
1,10072,580.15,6.81
1,10073,675.04,7.04
1,10074,692.18,7.11
1,10075,717.46,7.22
1,10076,743.72,7.33
1,10112,993.06,8.7
1,10113,991.37,8.69
1,10114,989.68,8.68
1,10115,987.99,8.67
1,10116,986.3,8.66
1,10117,984.61,8.65
1,10118,982.95,8.65
1,10119,982.95,8.65
1,10120,982.95,8.65
1,10121,973.42,8.61
1,10122,947.63,8.5
1,10123,928.16,8.39
1,10124,908.69,8.28
1,10125,884.68,8.15
1,10126,867.14,8.05
1,10127,847.19,7.94
1,10128,827.71,7.83
1,10129,837.88,9.09
1,10130,821.33,9
1,10131,812.33,8.95
1,10132,607.84,7.69
1,10133,654.74,7.93
1,10134,597.59,7.61
1,10135,583.41,7.59
1,10136,598.86,7.65
1,10137,613.34,7.58
1,10138,619.31,7.96
1,10139,646.89,8.18
1,10140,513.88,7.47
1,10141,538.97,7.37
1,10142,570.64,6.43
1,10143,563.48,6.4
1,10144,563.72,6.8
1,10145,548.29,6.74
1,10146,506.83,6.57
1,10147,477.97,6.43
1,10148,478.66,6.23
1,10149,454.87,6.11
1,10150,448.31,6.02
1,10151,452.95,5.96
1,10152,480.04,6.07
1,10153,494.45,6.13
1,10154,503.76,5.96
1,10155,524.04,6.05
1,10156,504.83,5.85
1,10157,500.49,5.83
1,10158,498.95,5.82
1,10159,548.22,5.95
1,10160,531.01,5.86
1,10161,541.27,6.16
1,10162,526.67,6.1
1,10163,512.15,6.04
1,10164,505.98,6.01
1,10165,657.21,6.97
1,10166,628.48,6.85
1,10167,601.16,6.73
1,10168,659.85,6.84
1,10169,528.05,6.43
1,10170,534.11,6.45
1,10171,544.92,6.66
1,10172,559.02,6.72
1,10173,575.53,6.83
1,10174,574.04,6.83
1,10175,718.48,7.22
1,10176,745.35,7.33
1,10192,982.95,8.65
1,10193,982.95,8.65
1,10194,982.95,8.65
1,10195,982.95,8.65
1,10196,982.95,8.65
1,10197,982.95,8.65
1,10198,982.95,8.65
1,10199,982.95,8.65
1,10200,982.95,8.65
1,10201,971.69,8.6
1,10202,946.56,8.49
1,10203,927.09,8.38
1,10204,907.62,8.28
1,10205,875.52,8.1
1,10206,861.92,8.02
1,10207,846.05,7.93
1,10208,808.09,7.72
1,10209,814.42,7.76
1,10210,824.76,7.82
1,10211,592.29,7.56
1,10212,599.14,7.62
1,10213,617.11,7.6
1,10214,609.72,7.68
1,10215,583.62,7.56
1,10216,605.51,7.68
1,10217,597.34,7.52
1,10218,611.89,7.58
1,10219,508.35,7.34
1,10220,544.47,7.5
1,10221,541.95,7.44
1,10222,553.97,6.36
1,10223,535.62,6.28
1,10224,580.93,6.93
1,10225,567.51,6.85
1,10226,521.97,6.63
1,10227,483.39,6.5
1,10228,495.68,6.3
1,10229,463.12,6.07
1,10230,452.44,6.01
1,10231,437.46,5.86
1,10232,474.31,6.05
1,10233,480.61,5.87
1,10234,458.47,5.78
1,10235,456.4,5.77
1,10236,484.39,5.74
1,10237,482.67,5.73
1,10238,488.26,5.61
1,10239,489.23,5.62
1,10240,506.83,5.72
1,10241,541.27,6.16
1,10242,514.52,6.05
1,10243,490.03,5.94
1,10244,466.25,5.84
1,10245,455.68,5.8
1,10246,623.76,6.83
1,10247,578.9,6.64
1,10248,564.21,6.58
1,10249,534.07,6.45
1,10250,506.55,6.34
1,10251,528.32,6.59
1,10252,535.8,6.62
1,10253,549.16,6.72
1,10254,559.29,6.77
1,10255,569.42,6.81
1,10272,982.95,8.65
1,10273,982.95,8.65
1,10274,982.95,8.65
1,10275,982.95,8.65
1,10276,982.95,8.65
1,10277,982.95,8.65
1,10278,982.95,8.65
1,10279,982.95,8.65
1,10280,982.95,8.65
1,10281,969.97,8.6
1,10282,945.5,8.49
1,10283,926.03,8.38
1,10284,906.56,8.27
1,10285,866.37,8.05
1,10286,861.64,8.02
1,10287,780.77,7.57
1,10288,791.15,7.63
1,10289,801.49,7.69
1,10290,576.8,7.43
1,10291,583.64,7.49
1,10292,590.48,7.55
1,10293,586.56,7.45
1,10294,569.04,7.39
1,10295,581.12,7.4
1,10296,574.64,7.42
1,10297,595.07,7.5
1,10298,502.9,7.21
1,10299,505.41,7.27
1,10300,529.38,7.4
1,10301,557.85,7.52
1,10302,583.27,7.63
1,10303,515.92,6.2
1,10304,588.4,6.97
1,10305,496,6.21
1,10306,491.37,6.27
1,10307,511.95,6.67
1,10308,506.3,6.35
1,10309,475.45,6.14
1,10310,465.14,6.08
1,10311,446.83,5.87
1,10312,426.6,5.71
1,10313,420.01,5.62
1,10314,438.32,5.69
1,10315,449.34,5.56
1,10316,462.03,5.61
1,10317,471.48,5.67
1,10318,483.83,5.59
1,10319,466.57,5.52
1,10320,470.7,5.54
1,10321,472.21,5.54
1,10322,494.87,5.96
1,10323,486.7,5.93
1,10324,452.75,5.79
1,10325,435.44,5.72
1,10326,414.33,5.69
1,10327,583.09,6.66
1,10328,594.63,6.71
1,10329,477.67,6.19
1,10330,495.48,6.29
1,10331,503.76,6.49
1,10332,533,6.66
1,10333,528.95,6.64
1,10334,565.11,6.79
1,10335,513.77,7.09
1,10352,982.95,8.65
1,10353,982.95,8.65
1,10354,982.95,8.65
1,10355,982.95,8.65
1,10356,982.95,8.65
1,10357,982.95,8.65
1,10358,982.95,8.65
1,10359,982.95,8.65
1,10360,982.95,8.65
1,10361,968.24,8.59
1,10362,755.77,7.43
1,10363,752.67,7.41
1,10364,752.67,7.41
1,10365,751.53,7.41
1,10366,757.48,7.44
1,10367,767.86,7.5
1,10368,778.25,7.56
1,10369,788.63,7.61
1,10370,568.15,7.36
1,10371,574.99,7.42
1,10372,570.66,7.32
1,10373,580.91,7.37
1,10374,565.63,7.31
1,10375,551.79,7.25
1,10376,584.59,7.42
1,10377,595.09,7.48
1,10378,499.91,7.14
1,10379,514.07,7.42
1,10380,535.79,7.43
1,10381,562.64,7.54
1,10382,589.36,6.5
1,10383,495.21,6.11
1,10384,480.8,6.06
1,10385,482.26,6.14
1,10386,488.96,6.23
1,10387,515.41,6.69
1,10388,545.44,6.28
1,10389,510.82,6.13
1,10390,488.61,6.04
1,10391,446.31,5.79
1,10392,451.02,5.74
1,10393,415.75,5.56
1,10394,419.03,5.49
1,10395,431.06,5.48
1,10396,443.91,5.53
1,10397,418.61,5.39
1,10398,430.45,5.37
1,10399,433.97,5.38
1,10400,419.52,5.35
1,10401,409.64,5.31
1,10402,405.43,5.35
1,10403,397.55,5.41
1,10404,415.64,5.57
1,10405,415.07,5.63
1,10406,416.01,5.72
1,10407,435.84,5.88
1,10408,609.23,6.77
1,10409,457.79,6.11
1,10410,467.08,6.17
1,10411,481.78,6.4
1,10412,491.48,6.48
1,10413,538.89,6.68
1,10414,556.67,6.76
1,10415,505.94,7.05
1,10432,629.95,6.79
1,10433,982.95,8.65
1,10434,982.95,8.65
1,10435,982.95,8.65
1,10436,982.95,8.65
1,10437,982.95,8.65
1,10438,982.95,8.65
1,10439,982.95,8.65
1,10440,982.95,8.65
1,10441,732.38,7.3
1,10442,732.38,7.3
1,10443,755.77,7.43
1,10444,752.67,7.41
1,10445,751.26,7.41
1,10446,744.58,7.37
1,10447,754.96,7.43
1,10448,765.34,7.48
1,10449,580.89,7.47
1,10450,573.99,7.41
1,10451,556.73,7.27
1,10452,557.67,7.24
1,10453,549.79,7.18
1,10454,536.22,7.12
1,10455,555.03,7.25
1,10456,571.49,7.34
1,10457,507.28,7.02
1,10458,519.58,7.55
1,10459,517.05,7.49
1,10460,540.13,7.45
1,10461,567.86,7.56
1,10462,592.76,6.52
1,10463,673.88,5.92
1,10464,480,6.01
1,10465,508.66,6.15
1,10466,531.45,6.25
1,10467,554.99,6.35
1,10468,567.61,6.37
1,10469,512.19,6.14
1,10470,494.8,6.07
1,10471,470.39,5.82
1,10472,459.08,5.77
1,10473,435.65,5.62
1,10474,404.88,5.41
1,10475,409.36,5.39
1,10476,410.77,5.35
1,10477,429.79,5.29
1,10478,414.42,5.22
1,10479,405.45,5.24
1,10480,400.24,5.2
1,10481,394.49,5.25
1,10482,392.18,5.29
1,10483,396.83,5.4
1,10484,457.72,5.68
1,10485,459.52,5.69
1,10486,417.68,5.74
1,10487,424.1,5.85
1,10488,430.49,5.96
1,10489,436.88,6.06
1,10490,443.29,6.17
1,10491,457.79,6.3
1,10492,472.41,6.4
1,10493,463.72,6.51
1,10494,470.29,6.62
1,10495,476.72,6.73
1,10512,629.95,6.79
1,10513,629.95,6.79
1,10514,629.95,6.79
1,10515,629.95,6.79
1,10516,629.95,6.79
1,10517,629.95,6.79
1,10518,629.95,6.79
1,10519,732.38,7.3
1,10520,732.38,7.3
1,10521,732.38,7.3
1,10522,732.38,7.3
1,10523,732.38,7.3
1,10524,744.1,7.37
1,10525,721.3,7.24
1,10526,731.68,7.3
1,10527,742.06,7.36
1,10528,596.39,7.6
1,10529,589.51,7.54
1,10530,582.89,7.42
1,10531,572.43,7.33
1,10532,540.89,7.12
1,10533,557.11,7.24
1,10534,527.65,7.05
1,10535,579.99,7.39
1,10536,505.27,6.94
1,10537,491.41,6.94
1,10538,522.56,7.62
1,10539,520.03,7.56
1,10540,542.83,7.46
1,10541,632.94,5.75
1,10542,643.81,5.8
1,10543,461.57,5.85
1,10544,507.2,6.12
1,10545,514.78,6.15
1,10546,543.41,6.3
1,10547,566.28,6.39
1,10548,580.11,6.42
1,10549,528.52,6.21
1,10550,508.6,5.98
1,10551,489.74,5.9
1,10552,481.66,5.87
1,10553,443.55,5.59
1,10554,472.31,5.75
1,10555,401.72,5.29
1,10556,387.48,5.17
1,10557,404.05,5.2
1,10558,400.04,5.16
1,10559,393.62,5.12
1,10560,377.25,5.07
1,10561,392.45,5.23
1,10562,413.44,5.32
1,10563,438.46,5.42
1,10564,435.56,5.59
1,10565,458.06,5.68
1,10566,476.7,5.76
1,10567,490.64,6.27
1,10568,469.89,6.19
1,10569,459.09,6.14
1,10570,444.94,6.2
1,10571,451.35,6.31
1,10572,457.73,6.41
1,10573,463.82,6.51
1,10574,470.21,6.62
1,10575,476.65,6.73
1,10592,629.95,6.79
1,10593,629.95,6.79
1,10594,629.95,6.79
1,10595,629.95,6.79
1,10596,629.95,6.79
1,10597,629.95,6.79
1,10598,629.95,6.79
1,10599,629.95,6.79
1,10600,732.38,7.3
1,10601,732.38,7.3
1,10602,732.38,7.3
1,10603,732.13,7.3
1,10604,715.59,7.21
1,10605,708.39,7.17
1,10606,718.78,7.23
1,10607,729.16,7.28
1,10608,592.58,6.86
1,10609,599.33,7.61
1,10610,588.39,7.26
1,10611,567.61,7.3
1,10612,543.19,7.15
1,10613,518.59,6.97
1,10614,506.59,6.87
1,10615,528.84,6.89
1,10616,485.91,6.81
1,10617,528.06,7.75
1,10618,525.54,7.69
1,10619,523.02,7.64
1,10620,605.03,5.64
1,10621,614.05,5.68
1,10622,624.91,5.72
1,10623,455.78,5.77
1,10624,528.46,6.21
1,10625,564.11,6.36
1,10626,561.79,6.35
1,10627,573,6.42
1,10628,552.9,6.31
1,10629,552.51,6.31
1,10630,520.78,6.03
1,10631,497.48,5.82
1,10632,488.1,5.78
1,10633,460.19,5.68
1,10634,471.41,5.74
1,10635,435.43,4.93
1,10636,383.16,5.11
1,10637,376.58,5.02
1,10638,377.69,4.99
1,10639,378.65,4.99
1,10640,384.3,5.06
1,10641,407.71,5.16
1,10642,427.69,5.38
1,10643,451.09,5.47
1,10644,472.85,5.56
1,10645,472.41,5.74
1,10646,494.22,5.83
1,10647,502.93,6.32
1,10648,520.34,6.4
1,10649,480.74,6.23
1,10650,499.21,6.31
1,10651,499.21,6.31
1,10652,470.41,6.53
1,10653,470.41,6.53
1,10654,526.29,6.15
1,10655,520.69,6.14
1,10671,629.95,6.79
1,10672,629.95,6.79
1,10673,629.95,6.79
1,10674,629.95,6.79
1,10675,629.95,6.79
1,10676,629.95,6.79
1,10677,629.95,6.79
1,10678,629.95,6.79
1,10679,629.95,6.79
1,10680,621.22,6.74
1,10681,732.38,7.3
1,10682,732.38,7.3
1,10683,721.35,7.24
1,10684,704.9,7.15
1,10685,683.65,7.06
1,10686,678.76,7.03
1,10687,577.09,6.73
1,10688,583.93,6.79
1,10689,608.15,6.97
1,10690,583.49,7.24
1,10691,558.67,7.28
1,10692,525.12,6.88
1,10693,515.28,6.8
1,10694,499.34,6.81
1,10695,493.57,6.74
1,10696,533.57,7.88
1,10697,531.04,7.82
1,10698,564.02,6.96
1,10699,559.33,6.94
1,10700,585.74,5.56
1,10701,595.78,5.6
1,10702,605.82,5.64
1,10703,450.12,5.69
1,10704,562.16,6.35
1,10705,563.42,6.35
1,10706,569.11,6.38
1,10707,572.22,6.39
1,10708,552.9,6.31
1,10709,552.9,6.31
1,10710,515.89,5.9
1,10711,524.11,5.93
1,10712,507.4,5.86
1,10713,451.33,5
1,10714,451.33,5
1,10715,432.24,4.92
1,10716,407.67,4.82
1,10717,386.8,5.02
1,10718,365.75,4.87
1,10719,365.48,4.87
1,10720,398.77,5.12
1,10721,421.26,5.21
1,10722,443.74,5.31
1,10723,478.64,5.59
1,10724,486.34,5.62
1,10725,489.95,5.63
1,10726,511.53,5.9
1,10727,524.17,5.96
1,10728,523.54,6.41
1,10729,506.53,6.34
1,10730,512.27,6.36
1,10731,588.74,6.68
1,10732,588.74,6.68
1,10733,526.29,6.15
1,10734,523.45,6.13
1,10735,508.49,5.97
1,10736,504.89,6.01
1,10737,493.77,5.92
1,10738,477.98,5.75
1,10739,463.59,5.66
1,10751,615.61,6.71
1,10752,622.03,6.74
1,10753,628.45,6.78
1,10754,629.95,6.79
1,10755,629.95,6.79
1,10756,629.95,6.79
1,10757,629.95,6.79
1,10758,629.95,6.79
1,10759,629.95,6.79
1,10760,621.22,6.74
1,10761,637.97,6.83
1,10762,660.61,6.93
1,10763,660.61,6.93
1,10764,668.16,6.97
1,10765,669.09,6.98
1,10766,584.55,6.73
1,10767,568.32,6.66
1,10768,586.6,6.77
1,10769,587.9,6.82
1,10770,576.37,6.79
1,10771,562,7.13
1,10772,533.73,6.96
1,10773,513.71,6.79
1,10774,497.23,6.65
1,10775,477.42,6.61
1,10776,499.53,6.69
1,10777,581.56,7.03
1,10778,560.77,6.95
1,10779,555.88,6.93
1,10780,566.45,5.48
1,10781,576.49,5.52
1,10782,441.05,5.57
1,10783,444.75,5.62
1,10784,581.59,6.43
1,10785,597.07,6.5
1,10786,609.52,6.55
1,10787,625.17,6.61
1,10788,632.89,6.64
1,10789,566.01,6.1
1,10790,561.45,6.09
1,10791,536.94,5.98
1,10792,566.66,6.11
1,10793,451.33,5
1,10794,441.39,4.96
1,10795,412.42,4.84
1,10796,381.19,4.71
1,10797,377.68,4.69
1,10798,357.56,4.74
1,10799,385.54,4.91
1,10800,407.03,5
1,10801,440.55,5.14
1,10802,457.65,5.36
1,10803,479.76,5.46
1,10804,501.87,5.55
1,10805,524.92,5.64
1,10806,548.11,6.06
1,10807,537.87,6.01
1,10808,620.94,6.81
1,10809,604.98,6.75
1,10810,547.43,6.51
1,10811,572.39,6.61
1,10812,635.21,6.87
1,10813,654.48,6.95
1,10814,683.82,7.08
1,10815,505.37,5.98
1,10816,490.39,5.82
1,10817,479.44,5.73
1,10818,480.37,5.81
1,10819,452.42,5.6
1,10831,600.66,6.62
1,10832,607.08,6.66
1,10833,613.5,6.69
1,10834,619.92,6.73
1,10835,626.34,6.77
1,10836,629.95,6.79
1,10837,629.95,6.79
1,10838,629.95,6.79
1,10839,629.95,6.79
1,10840,623.31,6.75
1,10841,642.58,6.86
1,10842,636.02,6.79
1,10843,657.88,6.91
1,10844,645.85,6.85
1,10845,606.45,6.85
1,10846,596.21,6.8
1,10847,562.8,6.62
1,10848,577.68,6.76
1,10849,563.59,6.69
1,10850,554.4,6.66
1,10851,551.91,6.63
1,10852,516.23,6.64
1,10853,498.7,6.54
1,10854,491.6,6.54
1,10855,511.43,6.74
1,10856,512.59,6.75
1,10857,537.11,6.85
1,10858,555.88,6.93
1,10859,555.44,5.43
1,10860,549.79,5.41
1,10861,557.2,5.44
1,10862,435.2,5.49
1,10863,486.63,5.49
1,10864,601.07,6.51
1,10865,616.52,6.58
1,10866,617.7,6.58
1,10867,623.52,6.61
1,10868,671.2,5.47
1,10869,675,5.49
1,10870,567.08,6.11
1,10871,548.83,6.03
1,10872,599.7,6.25
1,10873,464.66,5.06
1,10874,425.34,4.89
1,10875,405.09,4.81
1,10876,369.57,4.66
1,10877,349.71,4.61
1,10878,378.26,4.81
1,10879,400.32,4.98
1,10880,421.81,5.07
1,10881,443.42,5.16
1,10882,498.47,5.38
1,10883,493.8,5.51
1,10884,515.91,5.61
1,10885,538.38,5.7
1,10886,550.69,6.07
1,10887,650.89,6.94
1,10888,637.38,6.88
1,10889,591.21,6.69
1,10890,555.1,6.54
1,10891,597.03,6.72
1,10892,622.68,6.82
1,10893,676.12,7.04
1,10894,680.59,7.06
1,10895,498.3,5.92
1,10896,487.29,5.83
1,10897,475.41,5.69
1,10898,461.28,5.58
1,10899,466.26,5.63
1,10911,640.87,6.81
1,10912,640.87,6.81
1,10913,599.49,6.62
1,10914,604.97,6.65
1,10915,611.4,6.68
1,10916,617.82,6.72
1,10917,624.24,6.75
1,10918,629.95,6.79
1,10919,617.93,6.72
1,10920,627.91,6.77
1,10921,647.19,6.88
1,10922,631.41,6.77
1,10923,622.59,6.72
1,10924,632.9,6.78
1,10925,603.65,6.65
1,10926,563.4,6.62
1,10927,545.59,6.47
1,10928,553.12,6.57
1,10929,540.29,6.51
1,10930,533.95,6.52
1,10931,538.42,6.55
1,10932,511.72,6.45
1,10933,492.89,6.55
1,10934,487.72,6.8
1,10935,528.38,6.81
1,10936,521.84,6.79
1,10937,549.82,6.9
1,10938,570.86,6.99
1,10939,546.28,5.39
1,10940,531.14,5.33
1,10941,426.39,5.36
1,10942,486.63,5.49
1,10943,486.63,5.49
1,10944,620.53,6.59
1,10945,620.09,5.26
1,10946,605.52,5.2
1,10947,654.52,5.41
1,10948,679.77,5.51
1,10949,694.71,5.57
1,10950,567.08,6.11
1,10951,603.31,6.26
1,10952,603.31,6.26
1,10953,483.72,5.13
1,10954,426.58,4.9
1,10955,404.33,4.8
1,10956,342.06,4.48
1,10957,368.87,4.66
1,10958,399.97,4.9
1,10959,446.07,5.24
1,10960,439.69,5.19
1,10961,458.23,5.22
1,10962,479.8,5.31
1,10963,500.43,5.39
1,10964,529.28,5.66
1,10965,552.41,5.76
1,10966,574.37,5.85
1,10967,668.73,7.01
1,10968,672.95,7.03
1,10969,597.24,6.72
1,10970,588.72,6.68
1,10971,593.33,6.7
1,10972,617.84,6.8
1,10973,657.85,6.97
1,10974,614.77,5.73
1,10975,594.99,5.65
1,10976,480.22,5.77
1,10977,469.32,5.68
1,10978,458.15,5.59
1,10979,443.24,5.43
1,10991,640.87,6.81
1,10992,640.87,6.81
1,10993,640.87,6.81
1,10994,599.49,6.62
1,10995,599.49,6.62
1,10996,602.87,6.64
1,10997,609.29,6.67
1,10998,615.71,6.71
1,10999,605.85,6.65
1,11000,628.74,6.75
1,11001,646.08,6.85
1,11002,626.8,6.74
1,11003,609.67,6.65
1,11004,580.41,6.53
1,11005,547.85,6.49
1,11006,554.84,6.55
1,11007,534.55,6.38
1,11008,528.84,6.42
1,11009,531.67,6.44
1,11010,524.21,6.38
1,11011,502.64,6.35
1,11012,479.17,6.28
1,11013,463.42,6.28
1,11014,526.73,6.54
1,11015,560.15,5.94
1,11016,561.58,6.95
1,11017,571.36,5.5
1,11018,553.5,5.45
1,11019,534.8,5.34
1,11020,510.4,5.24
1,11021,419.76,5.27
1,11022,479.11,5.46
1,11023,486.63,5.49
1,11024,555.89,4.99
1,11025,573.07,5.07
1,11026,615.32,5.24
1,11027,649.56,5.38
1,11028,678.08,5.5
1,11029,696.68,5.58
1,11030,696.68,5.58
1,11031,603.31,6.26
1,11032,496.1,5.19
1,11033,506.08,5.23
1,11034,434.81,4.93
1,11035,332.61,4.33
1,11036,382.09,4.71
1,11037,382.09,4.71
1,11038,403.16,4.91
1,11039,455.01,5.31
1,11040,448.63,5.26
1,11041,473.51,5.28
1,11042,489.54,5.35
1,11043,500.43,5.39
1,11044,545.93,5.73
1,11045,565.66,5.81
1,11046,699.53,7.14
1,11047,703.23,7.16
1,11048,657.16,6.97
1,11049,624.4,6.83
1,11050,609.15,6.77
1,11051,608.88,6.76
1,11052,629.56,6.85
1,11053,643.42,5.85
1,11054,641.97,5.84
1,11055,578.91,5.58
1,11056,562.27,5.51
1,11057,462.45,5.62
1,11058,451.28,5.53
1,11059,440.11,5.43
1,11071,640.87,6.81
1,11072,640.87,6.81
1,11073,640.87,6.81
1,11074,640.87,6.81
1,11075,640.87,6.81
1,11076,598.07,6.61
1,11077,598.31,6.61
1,11078,593.39,6.58
1,11079,590.55,6.57
1,11080,627.01,6.74
1,11081,575.95,6.46
1,11082,586.37,6.52
1,11083,611.6,6.64
1,11084,567.42,6.45
1,11085,538.86,6.42
1,11086,527.68,6.32
1,11087,523.16,6.28
1,11088,525.63,6.31
1,11089,510.67,6.27
1,11090,501.58,6.19
1,11091,507.63,6.41
1,11092,466.01,6.2
1,11093,495.4,6.41
1,11094,530.51,5.82
1,11095,550.74,5.9
1,11096,569.57,5.98
1,11097,569.57,5.98
1,11098,546.64,5.41
1,11099,551.53,5.42
1,11100,488.75,5.15
1,11101,430.23,5.25
1,11102,456.53,5.36
1,11103,466.99,5.41
1,11104,544.95,4.95
1,11105,559.24,5.01
1,11106,621.9,5.27
1,11107,661.61,5.43
1,11108,666.29,5.45
1,11109,696.68,5.58
1,11110,696.68,5.58
1,11111,496.1,5.19
1,11112,501.39,5.21
1,11113,512.04,5.25
1,11114,324.96,4.2
1,11115,327.79,4.25
1,11116,382.09,4.71
1,11117,382.09,4.71
1,11118,470.53,5.44
1,11119,463.72,5.39
1,11120,457.14,5.33
1,11121,488.71,5.34
1,11122,489.54,5.35
1,11123,492.38,5.36
1,11124,622.37,3.85
1,11125,703.58,7.16
1,11126,716.13,6.14
1,11127,693.2,6.04
1,11128,679.81,5.99
1,11129,629.51,6.85
1,11130,625.96,6.84
1,11131,630.06,6.85
1,11132,615.26,5.73
1,11133,584.97,5.6
1,11134,684.98,6.02
1,11135,701.37,6.09
1,11136,546.3,5.44
1,11137,501.53,5.26
1,11138,508.49,5.29
1,11139,433.24,5.38
1,11151,640.87,6.81
1,11152,640.87,6.81
1,11153,640.87,6.81
1,11154,640.87,6.81
1,11155,640.87,6.81
1,11156,640.87,6.81
1,11157,581.44,6.49
1,11158,582.41,6.52
1,11159,566.18,6.43
1,11160,557.27,6.38
1,11161,562.31,6.38
1,11162,588.23,6.51
1,11163,544.19,6.32
1,11164,531.44,6.26
1,11165,527.31,6.28
1,11166,522.96,6.27
1,11167,512.04,6.19
1,11168,517.02,6.23
1,11169,509.43,6.17
1,11170,492.58,6.11
1,11171,489.01,6.08
1,11172,463.7,6.19
1,11173,500.34,6.43
1,11174,513.09,5.75
1,11175,558.86,5.94
1,11176,569.57,5.98
1,11177,569.57,5.98
1,11178,556.64,5.44
1,11179,556.64,5.44
1,11180,466.98,5.06
1,11181,406.59,5.09
1,11182,450.45,5.34
1,11183,516.77,4.83
1,11184,525.95,4.87
1,11185,575.03,5.03
1,11186,588.28,5.06
1,11187,477.54,4.12
1,11188,477.54,4.12
1,11189,477.54,4.12
1,11190,477.54,4.12
1,11191,311.51,3.98
1,11192,314.45,4.02
1,11193,317.39,4.07
1,11194,328.1,4.14
1,11195,350.22,4.23
1,11196,372.7,4.32
1,11197,475.84,5.49
1,11198,475.84,5.49
1,11199,472.38,5.46
1,11200,465.57,5.4
1,11201,585.54,5.2
1,11202,489.54,5.35
1,11203,611.54,3.8
1,11204,622.37,3.85
1,11205,623.4,3.85
1,11206,734.58,6.22
1,11207,685.23,6.01
1,11208,660.91,5.91
1,11209,643.68,5.84
1,11210,626.14,5.77
1,11211,603.32,5.67
1,11212,606.17,5.69
1,11213,588.2,5.62
1,11214,551.94,5.47
1,11215,526.63,5.36
1,11216,485.82,5.19
1,11217,493.41,5.22
1,11218,501.18,5.26
1,11219,524.62,5.35
1,11231,640.87,6.81
1,11232,640.87,6.81
1,11233,640.87,6.81
1,11234,640.87,6.81
1,11235,640.87,6.81
1,11236,640.87,6.81
1,11237,581.44,6.49
1,11238,566.22,6.4
1,11239,545.59,6.31
1,11240,536.92,6.27
1,11241,550.68,6.32
1,11242,533.05,6.19
1,11243,522.24,6.18
1,11244,522.54,6.28
1,11245,511.56,6.19
1,11246,504.51,6.11
1,11247,506.14,6.11
1,11248,493.92,6.04
1,11249,497.27,6.04
1,11250,473.41,5.95
1,11251,449.43,5.95
1,11252,479.67,5.66
1,11253,481.86,5.62
1,11254,485.39,5.57
1,11255,488.54,5.59
1,11256,439.53,5.16
1,11257,439.53,5.16
1,11258,450.63,4.99
1,11259,442.4,4.96
1,11260,399.31,4.99
1,11261,400.07,5
1,11262,491.05,4.72
1,11263,498.28,4.75
1,11264,506.25,4.79
1,11265,558.47,4.96
1,11266,581.65,5.04
1,11267,477.54,4.12
1,11268,477.54,4.12
1,11269,477.54,4.12
1,11270,351.49,3.82
1,11271,351.49,3.82
1,11272,309.84,3.95
1,11273,312.78,4
1,11274,341.3,4.19
1,11275,363.78,4.29
1,11276,388.38,4.39
1,11277,425.8,4.54
1,11278,484.94,4.78
1,11279,473.47,4.73
1,11280,585.54,5.2
1,11281,584.02,5.19
1,11282,571.74,5.14
1,11283,597.46,3.74
1,11284,608.34,3.79
1,11285,627.23,3.87
1,11286,729.52,6.2
1,11287,699.06,6.07
1,11288,661.46,5.91
1,11289,623.32,5.75
1,11290,598.61,5.65
1,11291,581.66,5.58
1,11292,585.52,5.6
1,11293,540.38,5.41
1,11294,529.54,5.36
1,11295,511.39,5.3
1,11296,482.47,5.18
1,11297,471.61,5.13
1,11298,491.5,5.21
1,11299,452.78,5.05
1,11311,608.43,6.63
1,11312,608.43,6.63
1,11313,608.43,6.63
1,11314,635.2,6.77
1,11315,634.32,6.77
1,11316,633.44,6.76
1,11317,629.55,6.74
1,11318,555.72,6.34
1,11319,539.11,6.25
1,11320,524.96,6.2
1,11321,527.89,6.22
1,11322,530.97,6.18
1,11323,507.33,6.06
1,11324,504.67,6.13
1,11325,505.4,6.11
1,11326,494.76,6.05
1,11327,484.41,5.95
1,11328,476.48,5.9
1,11329,469.92,5.87
1,11330,443.92,5.82
1,11331,466.01,5.6
1,11332,448.99,5.5
1,11333,464.92,5.54
1,11334,465.61,5.49
1,11335,479.38,5.55
1,11336,439.53,5.16
1,11337,439.53,5.16
1,11338,452.38,5
1,11339,428.82,4.9
1,11340,392.83,4.9
1,11341,408.68,4.92
1,11342,472.75,4.65
1,11343,478.28,4.67
1,11344,500.95,4.77
1,11345,533.44,4.9
1,11346,450.01,4
1,11347,458.55,4.04
1,11348,469.49,4.08
1,11349,469.49,4.08
1,11350,349.43,3.81
1,11351,351.49,3.82
1,11352,305.25,3.87
1,11353,319.02,3.98
1,11354,324.77,4
1,11355,378.33,4.35
1,11356,399.83,4.44
1,11357,428.93,4.56
1,11358,466.3,4.7
1,11359,517.75,4.92
1,11360,585.54,5.2
1,11361,573.42,5.15
1,11362,576.05,5.16
1,11363,590.56,3.71
1,11364,595.45,3.73
1,11365,614.64,3.81
1,11366,610.73,3.8
1,11367,584.92,3.69
1,11368,660.56,5.91
1,11369,627.51,5.77
1,11370,592.54,5.63
1,11371,562.56,5.5
1,11372,584.2,5.59
1,11373,519.63,5.32
1,11374,503.4,5.25
1,11375,436.65,4.98
1,11376,418.36,4.9
1,11377,436.8,4.99
1,11378,419.2,4.91
1,11379,381.14,4.76
1,11391,600.02,6.58
1,11392,602.85,6.59
1,11393,605.69,6.61
1,11394,608.44,6.63
1,11395,608.44,6.63
1,11396,613.41,6.65
1,11397,578.59,6.48
1,11398,573.25,6.39
1,11399,554.21,6.31
1,11400,502.22,6.08
1,11401,509.91,6.03
1,11402,499.05,5.96
1,11403,501.94,5.91
1,11404,488.26,5.9
1,11405,486.58,5.98
1,11406,475.61,5.89
1,11407,469.8,5.84
1,11408,467.44,5.82
1,11409,455.73,5.81
1,11410,456.41,5.92
1,11411,465.13,6.01
1,11412,454.8,5.5
1,11413,434.61,5.36
1,11414,420.83,5.22
1,11415,412.07,5.11
1,11416,423.41,5.1
1,11417,431.55,5.13
1,11418,471.51,5.08
1,11419,399.75,4.78
1,11420,399.89,4.88
1,11421,417.84,4.91
1,11422,453.3,4.57
1,11423,457.26,4.58
1,11424,525.12,4.87
1,11425,534.55,4.91
1,11426,438.26,3.95
1,11427,441.65,3.97
1,11428,460.65,4.04
1,11429,463.28,4.06
1,11430,327.33,3.72
1,11431,339.26,3.77
1,11432,300.63,3.79
1,11433,324.75,3.86
1,11434,347.3,3.96
1,11435,386.47,4.38
1,11436,416.47,4.49
1,11437,438.17,4.58
1,11438,461.14,4.68
1,11439,516.59,4.91
1,11440,551.17,5.06
1,11441,575.47,5.16
1,11442,603.83,5.28
1,11443,574.94,3.65
1,11444,568.04,3.62
1,11445,567.09,3.62
1,11446,563.91,3.6
1,11447,565.31,3.61
1,11448,602.49,3.76
1,11449,619.51,5.74
1,11450,619.35,5.74
1,11451,560.25,5.49
1,11452,517.46,5.31
1,11453,492.95,5.21
1,11454,465.86,5.1
1,11455,475.09,4.87
1,11456,403.27,4.84
1,11457,389.67,4.74
1,11458,404.32,4.85
1,11459,393.35,4.65
1,11470,601.45,6.59
1,11471,598.92,6.57
1,11472,596.4,6.56
1,11473,593.87,6.54
1,11474,592.44,6.54
1,11475,595.28,6.55
1,11476,585.67,6.5
1,11477,566.39,6.4
1,11478,556.43,6.32
1,11479,512.39,6.13
1,11480,497.94,6.02
1,11481,484.36,5.87
1,11482,478.68,5.79
1,11483,498.69,5.88
1,11484,492.83,5.79
1,11485,469.02,5.75
1,11486,463.57,5.7
1,11487,453.07,5.7
1,11488,441.9,5.61
1,11489,435.44,5.62
1,11490,478.37,5.69
1,11491,468.28,5.61
1,11492,447.92,5.47
1,11493,437.05,5.21
1,11494,424.55,5.25
1,11495,410.78,5.09
1,11496,411.71,5.05
1,11497,399.51,4.93
1,11498,389.83,4.82
1,11499,380.03,4.71
1,11500,435.77,4.86
1,11501,427,4.95
1,11502,420.47,4.55
1,11503,436.17,4.5
1,11504,478.17,4.67
1,11505,489.83,4.72
1,11506,412.28,3.84
1,11507,420.62,3.88
1,11508,426.73,3.9
1,11509,359.96,3.63
1,11510,309.31,3.64
1,11511,321.01,3.69
1,11512,307.64,3.79
1,11513,334.86,3.9
1,11514,353.31,4
1,11515,366.88,4.07
1,11516,430.38,4.55
1,11517,452.66,4.65
1,11518,474.95,4.74
1,11519,496.96,4.83
1,11520,535.96,4.99
1,11521,591.29,5.22
1,11522,618.74,5.34
1,11523,562.11,3.6
1,11524,545.45,3.53
1,11525,559.32,3.58
1,11526,534.91,3.48
1,11527,541.48,3.51
1,11528,616.74,3.82
1,11529,601.16,5.67
1,11530,583.44,5.59
1,11531,561.53,5.5
1,11532,540.66,5.41
1,11533,523.45,5.13
1,11534,490.33,5
1,11535,468.08,4.9
1,11536,438.93,4.72
1,11537,383.01,4.69
1,11538,371.69,4.59
1,11539,379.16,4.59
1,11550,605.83,5.99
1,11551,608.35,6.01
1,11552,610.88,6.02
1,11553,610.02,6.63
1,11554,607.49,6.62
1,11555,604.97,6.61
1,11556,602.44,6.59
1,11557,569.08,6.43
1,11558,552.61,5.79
1,11559,550.58,5.77
1,11560,502.45,5.95
1,11561,490.5,5.86
1,11562,470.67,5.72
1,11563,469.65,5.67
1,11564,476.39,5.73
1,11565,470.31,5.74
1,11566,450.93,5.6
1,11567,439.95,5.51
1,11568,435.03,5.55
1,11569,452.55,5.58
1,11570,445.67,5.43
1,11571,445.28,5.42
1,11572,456.97,5.47
1,11573,430.73,5.22
1,11574,421.75,5.04
1,11575,400.39,4.94
1,11576,406.5,4.86
1,11577,403.4,4.76
1,11578,388.67,4.81
1,11579,369.8,4.6
1,11580,440.39,4.89
1,11581,457.87,4.98
1,11582,402.52,4.47
1,11583,434.76,4.49
1,11584,459.29,4.59
1,11585,461.25,4.6
1,11586,392.31,3.76
1,11587,357.2,3.61
1,11588,351.81,3.59
1,11589,359.96,3.63
1,11590,293.93,3.58
1,11591,288.48,3.59
1,11592,316.86,3.72
1,11593,360.02,4.01
1,11594,369.72,4.07
1,11595,366.88,4.07
1,11596,495.17,4.41
1,11597,495.17,4.41
1,11598,596.55,4.83
1,11599,611.16,4.89
1,11600,533.46,4.98
1,11601,575.94,5.16
1,11602,585.48,5.2
1,11603,491.57,3.3
1,11604,485.04,3.27
1,11605,504.94,3.36
1,11606,512.41,3.39
1,11607,528.87,3.46
1,11608,677.01,5.42
1,11609,600.87,5.67
1,11610,576.94,5.57
1,11611,555.43,5.48
1,11612,524.91,5.35
1,11613,520.46,5.12
1,11614,489.56,4.99
1,11615,465.66,4.89
1,11616,432.1,4.75
1,11617,402.54,4.56
1,11618,379.94,4.47
1,11619,353.7,4.44
1,11630,603.27,5.97
1,11631,603.65,5.97
1,11632,604.02,5.98
1,11633,604.39,5.98
1,11634,604.52,5.99
1,11635,604.15,5.98
1,11636,584.14,5.9
1,11637,577.37,5.85
1,11638,541.53,5.7
1,11639,539.45,5.68
1,11640,507.46,5.95
1,11641,491.22,5.81
1,11642,477.95,5.7
1,11643,465.39,5.6
1,11644,448,5.48
1,11645,460.15,5.48
1,11646,488.71,5.63
1,11647,432.86,5.45
1,11648,432.19,5.45
1,11649,446.08,5.6
1,11650,432.16,5.45
1,11651,427.64,5.35
1,11652,397.12,5.12
1,11653,390.28,5.01
1,11654,391.89,4.91
1,11655,380.48,4.82
1,11656,387.65,4.74
1,11657,381.35,4.67
1,11658,360.32,4.5
1,11659,369.53,4.57
1,11660,371.47,4.39
1,11661,372.55,4.35
1,11662,388.95,4.3
1,11663,376.08,4.25
1,11664,395.3,4.27
1,11665,362.73,3.64
1,11666,363.42,3.64
1,11667,356.46,3.61
1,11668,346.02,3.57
1,11669,281.31,3.49
1,11670,274.46,3.47
1,11671,299.57,3.59
1,11672,329.21,3.72
1,11673,340.68,3.77
1,11674,410.22,4.06
1,11675,410.22,4.06
1,11676,494.15,4.41
1,11677,495.17,4.41
1,11678,579.3,4.76
1,11679,593.06,4.82
1,11680,547.88,5.04
1,11681,563.17,5.11
1,11682,470.07,3.21
1,11683,481.55,3.26
1,11684,466.11,3.2
1,11685,472.51,3.22
1,11686,511.89,3.39
1,11687,534.87,3.48
1,11688,644.7,5.29
1,11689,602.99,5.64
1,11690,593.59,5.6
1,11691,538.42,5.41
1,11692,506.68,5.27
1,11693,518.31,5.32
1,11694,509.9,5.08
1,11695,533.09,5.17
1,11696,418.2,4.7
1,11697,395.92,4.6
1,11698,365.02,4.49
1,11699,344.39,4.32
1,11710,601.91,5.97
1,11711,601.91,5.97
1,11712,601.91,5.97
1,11713,601.91,5.97
1,11714,601.91,5.97
1,11715,601.91,5.97
1,11716,566.22,5.78
1,11717,560.68,5.76
1,11718,534.12,5.62
1,11719,528.63,5.59
1,11720,515.49,5.94
1,11721,502.05,5.89
1,11722,490.75,5.78
1,11723,485.55,5.74
1,11724,450.79,5.46
1,11725,431.14,5.33
1,11726,439.98,5.35
1,11727,421.57,5.29
1,11728,425.26,5.55
1,11729,418.03,5.44
1,11730,440.55,5.4
1,11731,434.35,5.38
1,11732,418.46,5.17
1,11733,415.62,5.07
1,11734,416.89,5.07
1,11735,383.89,4.81
1,11736,367.86,4.67
1,11737,360.72,4.56
1,11738,353.7,4.45
1,11739,378.85,4.66
1,11740,348.73,4.29
1,11741,349.2,4.25
1,11742,373.06,4.23
1,11743,345.64,4.12
1,11744,376.12,4.13
1,11745,371.75,3.67
1,11746,339.08,3.54
1,11747,327.69,3.49
1,11748,346.98,3.57
1,11749,279.32,3.48
1,11750,268.9,3.39
1,11751,318.55,3.56
1,11752,335.82,3.75
1,11753,357.87,3.84
1,11754,401.99,4.02
1,11755,410.22,4.06
1,11756,477.26,4.33
1,11757,490.99,4.39
1,11758,562.04,4.69
1,11759,575.81,4.75
1,11760,435.28,3.07
1,11761,435.28,3.07
1,11762,437.17,3.07
1,11763,436.43,3.07
1,11764,447.88,3.12
1,11765,467.34,3.2
1,11766,509.78,3.38
1,11767,548.09,3.54
1,11768,570.84,3.63
1,11769,608.45,5.13
1,11770,580.93,5.54
1,11771,543.8,5.39
1,11772,510.91,5.29
1,11773,523.28,5.12
1,11774,515.16,5.05
1,11775,545.76,5.23
1,11776,556.16,5.27
1,11777,389,4.57
1,11778,362.57,4.45
1,11779,346.98,4.34
1,11780,317.11,4.17
1,11781,317.61,4.14
1,11782,309.96,4.06
1,11783,293.86,4.04
1,11784,337.25,4.12
1,11785,362.52,4.23
1,11786,387.3,4.33
1,11787,412.15,4.43
1,11788,450.56,4.59
1,11789,464.4,4.65
1,11800,601.91,5.97
1,11801,601.91,5.97
1,11802,601.91,5.97
1,11803,601.91,5.97
1,11804,601.91,5.97
1,11805,556.81,5.7
1,11806,555.99,5.7
1,11807,563.96,5.75
1,11808,518.66,5.51
1,11809,521.33,5.51
1,11810,532.04,6.04
1,11811,511.34,5.96
1,11812,505.98,5.93
1,11813,493.71,5.7
1,11814,473.91,5.45
1,11815,460.01,5.4
1,11816,416.92,5.17
1,11817,422.25,5.29
1,11818,450.74,5.42
1,11819,439.11,5.13
1,11820,449.63,5.47
1,11821,443.34,5.33
1,11822,430.36,5.22
1,11823,424.6,5.12
1,11824,423.08,5.02
1,11825,405.58,4.9
1,11826,365.6,4.63
1,11827,358.62,4.53
1,11828,377.42,4.5
1,11829,352.06,4.4
1,11830,331.85,4.19
1,11831,329.43,4.13
1,11832,338.22,4.08
1,11833,329.98,4.01
1,11834,358.78,4.01
1,11835,356.98,3.98
1,11836,349.63,3.7
1,11837,300.98,3.62
1,11838,283.93,3.31
1,11839,259.81,3.26
1,11840,281.18,3.4
1,11841,307.92,3.51
1,11842,285.57,3.09
1,11843,311.89,3.17
1,11844,394.11,3.99
1,11845,446.08,4.2
1,11846,459.51,4.26
1,11847,520.76,4.52
1,11848,534.56,4.57
1,11849,559.85,4.68
1,11850,593.65,4.82
1,11851,400.57,2.92
1,11852,403.27,2.93
1,11853,435.71,3.07
1,11854,429.73,3.04
1,11855,463.39,3.18
1,11856,503.33,3.35
1,11857,596.86,5.09
1,11858,585.49,5.04
1,11859,578.08,5.01
1,11860,570.78,4.98
1,11861,539.86,5.39
1,11862,540.15,5.37
1,11863,496.48,5.11
1,11864,487.23,4.97
1,11865,449.03,4.86
1,11866,457.12,4.81
1,11867,457.18,4.59
1,11868,368.17,4.42
1,11869,362.81,4.38
1,11870,328.95,4.19
1,11871,299.08,4.02
1,11872,286.58,3.93
1,11873,309.36,4.01
1,11874,335.44,4.11
1,11875,360.36,4.22
1,11876,388.07,4.33
1,11877,447.9,4.58
1,11878,458.07,4.62
1,11879,483.91,4.73
1,11890,639.14,5.52
1,11891,639.14,5.52
1,11892,639.14,5.52
1,11893,601.91,5.97
1,11894,555.26,5.69
1,11895,555.26,5.69
1,11896,550.14,5.65
1,11897,539.48,5.56
1,11898,547.48,5.58
1,11899,534.31,5.56
1,11900,543.86,5.98
1,11901,525.94,5.87
1,11902,520.31,5.84
1,11903,484.91,5.64
1,11904,473.26,5.45
1,11905,468.63,5.43
1,11906,420.53,5.2
1,11907,407.31,5.02
1,11908,418.84,5.13
1,11909,417.42,5.03
1,11910,423.05,4.93
1,11911,436.02,5.04
1,11912,442.5,5
1,11913,432.7,4.9
1,11914,416.71,4.78
1,11915,417.13,4.75
1,11916,390.88,4.57
1,11917,394.79,4.56
1,11918,369.33,4.41
1,11919,347.46,4.37
1,11920,357.49,4.23
1,11921,330.2,4.04
1,11922,315.82,3.95
1,11923,317.69,3.93
1,11924,326.72,3.86
1,11925,287.65,3.57
1,11926,279.78,3.51
1,11927,265.02,3.35
1,11928,258.01,3.24
1,11929,251.23,3.14
1,11930,271.29,3.34
1,11931,310.08,3.52
1,11932,278.03,3.06
1,11933,292.78,3.09
1,11934,351.4,3.33
1,11935,430.4,4.14
1,11936,452.56,4.23
1,11937,503.53,4.44
1,11938,540,4.6
1,11939,579.9,4.76
1,11940,389.24,2.88
1,11941,382.82,2.85
1,11942,393.02,2.95
1,11943,395.37,2.9
1,11944,414.71,2.98
1,11945,433.89,3.14
1,11946,499.41,3.33
1,11947,495.26,3.39
1,11948,533.39,3.55
1,11949,549.52,4.89
1,11950,541.99,4.86
1,11951,529.64,4.81
1,11952,548.94,4.94
1,11953,529.18,5.15
1,11954,496.27,5.01
1,11955,476.96,4.95
1,11956,430.96,4.71
1,11957,445.22,4.67
1,11958,422.97,4.44
1,11959,355.86,4.32
1,11960,344.75,4.22
1,11961,315.32,4.06
1,11962,280.82,3.84
1,11963,349.38,4.17
1,11964,356.1,4.2
1,11965,369.79,4.26
1,11966,394.39,4.36
1,11967,419.66,4.46
1,11968,439.56,4.55
1,11969,508.43,4.83
1,11980,639.14,5.52
1,11981,639.14,5.52
1,11982,639.14,5.52
1,11983,639.14,5.52
1,11984,639.14,5.52
1,11985,553.28,5.67
1,11986,531.26,5.51
1,11987,534.49,5.52
1,11988,515.33,5.47
1,11989,551.58,5.65
1,11990,485.26,5.24
1,11991,528.68,5.36
1,11992,558.79,6
1,11993,504.06,5.34
1,11994,490.01,5.52
1,11995,465.87,5.27
1,11996,426.14,5.27
1,11997,402.85,4.95
1,11998,396.37,4.86
1,11999,414.71,5.06
1,12000,455.73,5.1
1,12001,460.99,5.12
1,12002,460.53,5.08
1,12003,432.46,4.78
1,12004,413.35,4.68
1,12005,402.8,4.6
1,12006,389.85,4.49
1,12007,375.33,4.44
1,12008,361.4,4.32
1,12009,355.47,4.45
1,12010,364.43,4.3
1,12011,343.93,4.1
1,12012,329.3,3.96
1,12013,306.02,3.8
1,12014,289.75,3.68
1,12015,286.7,3.62
1,12016,305.01,3.72
1,12017,335.56,3.86
1,12018,367.18,4.04
1,12019,382.37,4.13
1,12020,240.38,2.99
1,12021,246.38,2.93
1,12022,262.74,2.96
1,12023,265.79,2.97
1,12024,280.17,2.82
1,12025,277.61,2.81
1,12026,335.72,2.83
1,12027,488.62,4.38
1,12028,522.58,4.52
1,12029,562.45,4.69
1,12030,349.77,2.71
1,12031,355.95,2.74
1,12032,341.15,2.67
1,12033,384.1,2.87
1,12034,411.55,3.04
1,12035,503.12,3.4
1,12036,469.86,3.29
1,12037,497.86,3.4
1,12038,529.3,4.8
1,12039,522.89,4.78
1,12040,512.48,4.73
1,12041,522.03,4.77
1,12042,560.51,4.93
1,12043,550.72,5.27
1,12044,496.6,5.01
1,12045,489.97,4.86
1,12046,494.64,5.1
1,12047,412.89,4.55
1,12048,408.61,4.38
1,12049,386.36,4.29
1,12050,353.98,4.16
1,12051,318.94,4.01
1,12052,275.07,3.75
1,12053,349.38,4.17
1,12054,356.1,4.2
1,12055,381.69,4.31
1,12056,402.34,4.39
1,12057,446.45,4.58
1,12058,437.04,4.54
1,12059,506.82,4.83
1,12070,639.14,5.52
1,12071,639.14,5.52
1,12072,639.14,5.52
1,12073,639.14,5.52
1,12074,639.14,5.52
1,12075,605.85,5.38
1,12076,575.12,5.25
1,12077,556.76,5.61
1,12078,522.22,5.46
1,12079,480.68,5.22
1,12080,476.78,5.17
1,12081,464.01,5.1
1,12082,492.07,5.21
1,12083,538.64,5.48
1,12084,461.98,5.16
1,12085,454.46,5.46
1,12086,488.11,5.65
1,12087,519.63,5.07
1,12088,391.94,4.8
1,12089,385.6,4.72
1,12090,379.02,4.62
1,12091,410.07,4.99
1,12092,401.19,4.65
1,12093,415.68,4.71
1,12094,433.21,4.76
1,12095,443.57,4.83
1,12096,375.18,4.37
1,12097,365.85,4.33
1,12098,368.36,4.62
1,12099,391,4.7
1,12100,398.93,4.74
1,12101,356.54,4.13
1,12102,345.02,3.93
1,12103,326.26,3.86
1,12104,338.6,3.96
1,12105,314.84,3.83
1,12106,311.61,3.52
1,12107,330.78,3.87
1,12108,351.73,3.98
1,12109,377.81,4.1
1,12110,236.07,2.93
1,12111,229.52,2.84
1,12112,246.89,2.9
1,12113,244.17,2.67
1,12114,272.57,2.79
1,12115,259.58,2.74
1,12116,272.63,2.68
1,12117,299.58,2.68
1,12118,525.19,4.53
1,12119,333.26,2.64
1,12120,310.02,2.6
1,12121,313.76,2.56
1,12122,346.25,2.7
1,12123,359.59,2.82
1,12124,407.68,3.03
1,12125,498.22,3.36
1,12126,497.51,3.31
1,12127,506.12,3.44
1,12128,496.19,4.67
1,12129,484.95,4.62
1,12130,483.74,4.62
1,12131,518.93,4.76
1,12132,553.96,4.91
1,12133,458.69,4.37
1,12134,568.56,5.42
1,12135,580.1,5.51
1,12136,470.98,4.72
1,12137,440.37,4.62
1,12138,403.39,4.43
1,12139,383.67,4.31
1,12140,355.31,4.16
1,12141,267.92,3.64
1,12142,269.31,3.67
1,12143,301.98,3.72
1,12144,323.41,3.81
1,12145,459.3,4.37
1,12146,463.51,4.39
1,12147,467.71,4.41
1,12148,463.59,4.65
1,12149,505.32,4.82
1,12160,639.14,5.52
1,12161,639.14,5.52
1,12162,639.14,5.52
1,12163,639.14,5.52
1,12164,639.14,5.52
1,12165,614.22,5.42
1,12166,585.51,5.3
1,12167,583.27,5.29
1,12168,536.79,5.39
1,12169,502.41,5.31
1,12170,456.14,5.06
1,12171,462.08,5.04
1,12172,478.45,5.13
1,12173,449.31,5.03
1,12174,447.98,5.54
1,12175,467.26,5.57
1,12176,488.11,5.65
1,12177,519.63,5.07
1,12178,498.24,4.98
1,12179,381.33,4.66
1,12180,374.74,4.56
1,12181,368.16,4.47
1,12182,369.73,4.43
1,12183,376.28,4.52
1,12184,390.13,4.57
1,12185,404.34,4.66
1,12186,366.13,4.28
1,12187,352.41,4.17
1,12188,375.59,4.71
1,12189,405.26,4.76
1,12190,387.23,4.3
1,12191,373.21,4.24
1,12192,353.56,3.98
1,12193,352.97,3.97
1,12194,348.64,3.97
1,12195,340.75,3.98
1,12196,328.89,3.56
1,12197,302.42,3.39
1,12198,282.07,3.27
1,12199,269.8,3.17
1,12200,257.51,3.06
1,12201,243.65,2.86
1,12202,218.67,2.69
1,12203,242.21,2.66
1,12204,228.85,2.61
1,12205,256.3,2.72
1,12206,241.93,2.51
1,12207,248.63,2.46
1,12208,261.43,2.49
1,12209,263.33,2.46
1,12210,297.24,2.49
1,12211,301.32,2.53
1,12212,323.6,2.67
1,12213,357.97,2.81
1,12214,371.53,2.6
1,12215,519.96,3.4
1,12216,495.05,3.29
1,12217,467.94,3.12
1,12218,475.05,4.58
1,12219,460.18,4.52
1,12220,484.34,4.62
1,12221,508.48,4.38
1,12222,495.02,4.32
1,12223,482.47,4.27
1,12224,441.17,4.22
1,12225,430.08,4.13
1,12226,598.13,5.66
1,12227,438.17,4.58
1,12228,417.41,4.45
1,12229,391.32,4.29
1,12230,285.25,3.64
1,12231,262.16,3.56
1,12232,286.09,3.65
1,12233,310.92,3.75
1,12234,333.99,3.85
1,12235,357.76,3.95
1,12236,439.93,4.29
1,12237,449.36,4.33
1,12238,453.89,4.35
1,12239,454.77,4.35
1,12249,650.34,5.57
1,12250,650.34,5.57
1,12251,639.14,5.52
1,12252,639.14,5.52
1,12253,639.14,5.52
1,12254,629.15,5.48
1,12255,603.53,5.37
1,12256,572.07,5.24
1,12257,545.99,5.13
1,12258,516.7,5.01
1,12259,486.5,5.18
1,12260,470.42,5.06
1,12261,453.71,5
1,12262,435.7,4.88
1,12263,431.14,4.92
1,12264,465.65,5.63
1,12265,478.56,5.72
1,12266,490.6,5.81
1,12267,506.98,5.02
1,12268,484.58,4.93
1,12269,462.27,4.83
1,12270,404.26,4.6
1,12271,395.69,4.57
1,12272,357.31,4.32
1,12273,366.02,4.37
1,12274,379.61,4.5
1,12275,382.52,4.26
1,12276,364.01,4.23
1,12277,344.35,4.08
1,12278,401.59,4.86
1,12279,417.28,4.92
1,12280,389.36,4.31
1,12281,385.91,4.3
1,12282,379.27,4.08
1,12283,383.23,4.09
1,12284,363.29,4.03
1,12285,375.18,3.73
1,12286,339.58,3.59
1,12287,312,3.42
1,12288,297.93,3.31
1,12289,284.7,3.17
1,12290,255.09,3.02
1,12291,267.81,2.96
1,12292,232.23,2.7
1,12293,207.79,2.54
1,12294,201.24,2.45
1,12295,214.39,2.44
1,12296,224.43,2.44
1,12297,231.15,2.39
1,12298,247.13,2.38
1,12299,257.21,2.45
1,12300,264.49,2.36
1,12301,296.8,2.55
1,12302,316.73,2.64
1,12303,335.45,2.51
1,12304,339.86,2.47
1,12305,348.81,2.48
1,12306,481.39,3.16
1,12307,468.91,3.1
1,12308,430.14,2.94
1,12309,439.93,3
1,12310,427.58,4.32
1,12311,428.98,4.28
1,12312,473.16,4.23
1,12313,449.14,4.13
1,12314,436.01,4.07
1,12315,423.36,4.02
1,12316,411.98,3.98
1,12317,410,3.92
1,12318,421.61,3.92
1,12319,310.15,3.75
1,12320,265.2,3.54
1,12321,256.42,3.47
1,12322,295.12,3.69
1,12323,320.07,3.79
1,12324,344.91,3.89
1,12325,366.54,3.98
1,12326,420.34,4.21
1,12327,425.64,4.23
1,12328,430.94,4.25
1,12329,448.68,4.33
1,12339,650.34,5.57
1,12340,650.34,5.57
1,12341,650.34,5.57
1,12342,650.34,5.57
1,12343,656.51,5.59
1,12344,640.3,5.53
1,12345,607.54,5.39
1,12346,571.82,5.24
1,12347,518.75,5.02
1,12348,494.84,4.92
1,12349,483.51,4.87
1,12350,462.3,5
1,12351,429.6,4.84
1,12352,432.15,4.86
1,12353,501.06,5.84
1,12354,494.46,5.77
1,12355,487.47,5.78
1,12356,498.39,5.87
1,12357,501.89,5
1,12358,476.38,4.89
1,12359,448.44,4.77
1,12360,418.99,4.68
1,12361,412.78,4.59
1,12362,402.11,4.53
1,12363,353.04,4.19
1,12364,376.88,4.53
1,12365,380.7,4.12
1,12366,359,4.03
1,12367,331.59,3.94
1,12368,418.56,4.95
1,12369,419.11,4.93
1,12370,389.36,4.31
1,12371,404.1,4.18
1,12372,411.4,4.21
1,12373,395.31,4.17
1,12374,402.66,4.2
1,12375,380.68,3.76
1,12376,347.04,3.57
1,12377,338.4,3.48
1,12378,331.63,3.45
1,12379,299.27,3.21
1,12380,299.17,3.21
1,12381,289.94,3.17
1,12382,292.42,3.18
1,12383,227.77,2.56
1,12384,226,2.55
1,12385,193.29,2.31
1,12386,201.99,2.29
1,12387,222.75,2.28
1,12388,220.28,2.28
1,12389,233.2,2.24
1,12390,260.63,2.37
1,12391,281.79,2.51
1,12392,309.63,2.4
1,12393,313.17,2.36
1,12394,313.11,2.33
1,12395,363.4,2.54
1,12396,385.36,2.64
1,12397,398.18,2.85
1,12398,406.19,2.84
1,12399,444.39,3
1,12400,446.2,3.1
1,12401,443.27,4.4
1,12402,398.02,4.07
1,12403,399.44,4.03
1,12404,414.08,3.98
1,12405,394.08,3.9
1,12406,409.72,3.87
1,12407,393.89,3.83
1,12408,402.13,3.83
1,12409,303.07,3.72
1,12410,249.23,3.36
1,12411,250.67,3.38
1,12412,304.34,3.73
1,12413,331.07,3.84
1,12414,355.57,3.94
1,12415,380.6,4.04
1,12416,400.65,4.13
1,12417,404.59,4.14
1,12418,409.89,4.17
1,12419,415.19,4.19
1,12429,650.34,5.57
1,12430,650.34,5.57
1,12431,650.34,5.57
1,12432,650.34,5.57
1,12433,650.34,5.57
1,12434,631.56,5.49
1,12435,615.1,5.42
1,12436,539.1,5.1
1,12437,516.41,5.01
1,12438,491.8,4.91
1,12439,461.69,4.78
1,12440,457.79,4.79
1,12441,433.61,4.87
1,12442,414.63,4.7
1,12443,401.57,4.62
1,12444,503.11,5.81
1,12445,493.95,5.84
1,12446,504.8,5.93
1,12447,502.97,5
1,12448,477.33,4.9
1,12449,454.01,4.8
1,12450,443.02,4.7
1,12451,418.69,4.6
1,12452,416.4,4.62
1,12453,373.77,4.27
1,12454,345.6,4.05
1,12455,331.73,3.94
1,12456,338.36,3.94
1,12457,324.36,3.85
1,12458,367.4,4.02
1,12459,378.33,4.08
1,12460,434.18,4.3
1,12461,422.36,4.26
1,12462,422.99,4.31
1,12463,427.89,4.3
1,12464,412.62,3.89
1,12465,396.27,3.8
1,12466,376.82,3.67
1,12467,354.68,3.55
1,12468,343.59,3.54
1,12469,303.56,3.23
1,12470,313.29,3.27
1,12471,282.89,2.79
1,12472,260.18,2.7
1,12473,251.19,2.69
1,12474,246.11,2.64
1,12475,206.53,2.37
1,12476,175.88,2.15
1,12477,185.51,2.13
1,12478,209.63,2.13
1,12479,223.6,2.2
1,12480,245.32,2.34
1,12481,275.36,2.31
1,12482,288.18,2.29
1,12483,287.88,2.25
1,12484,309.53,2.32
1,12485,328.05,2.46
1,12486,348.64,2.6
1,12487,372.69,2.7
1,12488,400.97,2.82
1,12489,434.85,2.96
1,12490,439.86,3.1
1,12491,454.46,4.32
1,12492,450.51,4.15
1,12493,380.51,3.92
1,12494,368.44,3.82
1,12495,369.85,3.78
1,12496,382.17,3.75
1,12497,370.92,3.7
1,12498,306.66,3.44
1,12499,290.79,3.37
1,12500,243.49,3.27
1,12501,244.93,3.29
1,12502,246.36,3.32
1,12503,337.36,3.41
1,12504,350.29,3.46
1,12505,397.21,4.11
1,12506,406.31,4.15
1,12507,406.31,4.15
1,12508,406.31,4.15
1,12509,406.31,4.15
1,12519,650.34,5.57
1,12520,650.34,5.57
1,12521,650.34,5.57
1,12522,632.84,5.49
1,12523,632.84,5.49
1,12524,602.79,5.37
1,12525,571.04,5.24
1,12526,547.93,5.14
1,12527,508.55,4.98
1,12528,493.26,4.91
1,12529,460.26,4.78
1,12530,422.9,4.62
1,12531,411.56,4.66
1,12532,394.62,4.54
1,12533,395.12,4.55
1,12534,378.07,4.36
1,12535,499.55,5.88
1,12536,509.19,5.03
1,12537,504.05,5.01
1,12538,478.27,4.9
1,12539,450.81,4.73
1,12540,449.03,4.72
1,12541,456.21,4.75
1,12542,402.29,4.39
1,12543,412.73,3.93
1,12544,345.73,4.05
1,12545,324.77,3.87
1,12546,318.16,3.78
1,12547,405.36,5.08
1,12548,354.83,3.96
1,12549,367.71,4.01
1,12550,404.99,4.17
1,12551,422.09,4.24
1,12552,442.43,4.36
1,12553,448.52,4.04
1,12554,421.04,3.93
1,12555,406.61,3.83
1,12556,390.46,3.71
1,12557,374.51,3.52
1,12558,349.91,3.42
1,12559,338.12,3.37
1,12560,314.61,2.92
1,12561,295.36,2.84
1,12562,289.65,2.82
1,12563,256.13,2.73
1,12564,275.75,2.4
1,12565,209.57,2.27
1,12566,196.05,2.22
1,12567,181.4,2.1
1,12568,185.59,2.03
1,12569,215.95,2.06
1,12570,225.9,2.1
1,12571,250.73,2.21
1,12572,268.43,2.15
1,12573,262.66,2.14
1,12574,294.18,2.32
1,12575,329.36,2.47
1,12576,342.88,2.58
1,12577,377.38,2.78
1,12578,397.97,2.86
1,12579,436.45,2.97
1,12580,470.35,3.11
1,12581,467.45,4.3
1,12582,428.98,4.15
1,12583,414.96,4
1,12584,384.71,3.88
1,12585,350.82,3.68
1,12586,338.95,3.58
1,12587,307.93,3.44
1,12588,285.66,3.35
1,12589,269.75,3.28
1,12590,237.75,3.18
1,12591,239.18,3.21
1,12592,307.45,3.28
1,12593,331.44,3.38
1,12594,350.29,3.46
1,12595,372.56,3.55
1,12596,387.18,3.61
1,12597,406.31,4.15
1,12598,406.31,4.15
1,12599,406.31,4.15
1,12609,620.97,5.45
1,12610,620.97,5.45
1,12611,620.97,5.45
1,12612,620.97,5.45
1,12613,620.97,5.45
1,12614,608.23,5.39
1,12615,591.55,5.32
1,12616,570.64,5.24
1,12617,568.35,5.23
1,12618,478.37,4.85
1,12619,456.96,4.76
1,12620,424.39,4.63
1,12621,395.77,4.47
1,12622,402.51,4.55
1,12623,380.53,4.39
1,12624,373.26,4.3
1,12625,366.17,4.21
1,12626,401.73,4.06
1,12627,401.73,4.06
1,12628,401.73,4.06
1,12629,450.81,4.73
1,12630,459.55,4.77
1,12631,431.58,4.51
1,12632,420.77,4.47
1,12633,398.13,3.87
1,12634,378.25,3.79
1,12635,342.95,3.72
1,12636,310.45,3.67
1,12637,324.97,3.87
1,12638,349.66,3.95
1,12639,375.16,4.06
1,12640,398.83,4.14
1,12641,424.4,4.25
1,12642,454.62,4.37
1,12643,469.42,4.13
1,12644,442.52,4.01
1,12645,421.27,3.87
1,12646,410.55,3.78
1,12647,391.77,3.59
1,12648,403.55,3.64
1,12649,351.17,3.42
1,12650,315.44,2.93
1,12651,346.94,2.81
1,12652,307.74,2.6
1,12653,299.01,2.57
1,12654,264.03,2.35
1,12655,228.21,2.2
1,12656,193.21,2.06
1,12657,167.01,1.95
1,12658,189.45,2.04
1,12659,186.05,1.94
1,12660,208.4,2.03
1,12661,235.35,2.01
1,12662,233.76,2
1,12663,265.21,2.14
1,12664,277.27,2.25
1,12665,307.01,2.43
1,12666,340.84,2.57
1,12667,374.84,2.71
1,12668,401.14,2.82
1,12669,432.55,3.01
1,12670,453.72,3.04
1,12671,455.62,4.25
1,12672,445.28,4.21
1,12673,411.2,4
1,12674,415.11,4.04
1,12675,376.45,3.73
1,12676,327.54,3.28
1,12677,314.16,3.51
1,12678,303.12,3.42
1,12679,230.41,3.07
1,12680,232.12,3.1
1,12681,277.53,3.16
1,12682,301.53,3.26
1,12683,325.53,3.36
1,12684,357.62,3.49
1,12685,382.27,3.59
1,12686,389.04,3.62
1,12687,389.04,3.62
1,12688,389.04,3.62
1,12699,620.97,5.45
1,12700,620.97,5.45
1,12701,620.97,5.45
1,12702,620.97,5.45
1,12703,623.28,5.45
1,12704,622.22,5.45
1,12705,603.36,5.37
1,12706,591.17,5.32
1,12707,500.84,5
1,12708,499.64,4.99
1,12709,442.21,4.7
1,12710,432.07,4.67
1,12711,407.52,4.47
1,12712,383.71,4.32
1,12713,390.88,4.38
1,12714,368.46,4.24
1,12715,361.27,4.15
1,12716,401.73,4.06
1,12717,401.73,4.06
1,12718,390.4,4.01
1,12719,512.27,4.29
1,12720,507.83,4.27
1,12721,431.58,4.51
1,12722,439.84,3.99
1,12723,367.76,3.74
1,12724,360.94,3.71
1,12725,335.56,3.68
1,12726,311.12,3.58
1,12727,331.97,3.97
1,12728,345.88,3.94
1,12729,382.06,4.09
1,12730,415.42,4.23
1,12731,493.41,2.96
1,12732,458.36,2.81
1,12733,479.12,2.9
1,12734,507.94,4.59
1,12735,520.47,4.13
1,12736,439.94,3.9
1,12737,424.81,3.73
1,12738,443.15,3.81
1,12739,365.51,3.02
1,12740,354.48,2.93
1,12741,334.98,2.76
1,12742,281.56,2.53
1,12743,269.2,2.43
1,12744,244.43,2.27
1,12745,247.07,2.3
1,12746,213.1,2.02
1,12747,188.18,1.92
1,12748,148.79,1.77
1,12749,171.03,1.84
1,12750,198.68,1.86
1,12751,206.22,1.89
1,12752,225.85,1.97
1,12753,267.6,2.15
1,12754,301.36,2.29
1,12755,321.02,2.49
1,12756,343.3,2.58
1,12757,370.28,2.69
1,12758,396.14,2.8
1,12759,422.09,2.91
1,12760,448.16,3.02
1,12761,474.15,3.13
1,12762,452.95,4.05
1,12763,426.87,3.94
1,12764,401.19,3.83
1,12765,378.98,3.74
1,12766,306.64,3.19
1,12767,324.4,3.6
1,12768,303.12,3.42
1,12769,224.83,2.99
1,12770,247.63,3.03
1,12771,271.61,3.13
1,12772,295.61,3.23
1,12773,367.82,3.53
1,12774,388.49,3.62
1,12775,403.14,3.68
1,12776,390.86,3.63
1,12777,390.86,3.63
1,12778,389.04,3.62
1,12789,620.97,5.45
1,12790,620.97,5.45
1,12791,620.97,5.45
1,12792,623.28,5.45
1,12793,623.28,5.45
1,12794,623.28,5.45
1,12795,603.36,5.37
1,12796,603.36,5.37
1,12797,504.04,5.01
1,12798,485.65,4.93
1,12799,455.52,4.78
1,12800,460.34,4.78
1,12801,423.93,4.49
1,12802,397.29,4.32
1,12803,374.74,4.18
1,12804,364.39,4.08
1,12805,356.37,4.09
1,12806,349.12,4
1,12807,380.8,3.97
1,12808,367.78,3.92
1,12809,518.41,4.32
1,12810,503.4,4.25
1,12811,464.96,4.09
1,12812,439.4,3.99
1,12813,428.28,3.94
1,12814,342.81,3.64
1,12815,323.51,3.56
1,12816,295.87,3.47
1,12817,338.48,4.06
1,12818,355.3,3.54
1,12819,396.58,3.71
1,12820,429.3,4.28
1,12821,490.89,2.95
1,12822,491.87,2.95
1,12823,422.1,2.66
1,12824,463.09,2.83
1,12825,435.12,2.72
1,12826,409.69,2.61
1,12827,400.09,2.57
1,12828,383.52,3.06
1,12829,358.78,2.96
1,12830,329.37,2.83
1,12831,316.87,2.72
1,12832,303.7,2.63
1,12833,285.89,2.44
1,12834,265.62,2.24
1,12835,247.21,2.16
1,12836,200.32,1.97
1,12837,186.59,1.91
1,12838,169.59,1.84
1,12839,152.71,1.65
1,12840,165.07,1.72
1,12841,188.05,1.81
1,12842,220.45,1.97
1,12843,268.39,2.15
1,12844,290.18,2.24
1,12845,294.05,2.28
1,12846,348.42,2.34
1,12847,378.35,2.47
1,12848,380.78,2.48
1,12849,325.27,2.25
1,12850,359.41,2.39
1,12851,383.68,2.49
1,12852,418.74,2.64
1,12853,425.87,2.67
1,12854,404.67,3.84
1,12855,268.35,3.03
1,12856,297.89,3.15
1,12857,236.74,2.94
1,12858,244.53,3.01
1,12859,219.08,2.9
1,12860,259.16,3.08
1,12861,304.39,3.25
1,12862,312.57,3.3
1,12863,356.62,3.49
1,12864,377.34,3.57
1,12865,398.02,3.66
1,12866,396.16,3.65
1,12867,390.86,3.63
1,12868,390.86,3.63
1,12879,620.97,5.45
1,12880,620.97,5.45
1,12881,623.28,5.45
1,12882,623.28,5.45
1,12883,623.28,5.45
1,12884,603.36,5.37
1,12885,603.36,5.37
1,12886,504.04,5.01
1,12887,504.04,5.01
1,12888,473.96,4.88
1,12889,466.7,4.84
1,12890,436.61,4.59
1,12891,452.87,4.66
1,12892,406.01,4.31
1,12893,417.54,4.36
1,12894,359.56,4.02
1,12895,355.88,3.95
1,12896,344.31,3.94
1,12897,337.04,3.85
1,12898,349.34,3.84
1,12899,359.65,3.81
1,12900,380.7,3.82
1,12901,404.05,3.92
1,12902,391.3,3.79
1,12903,389.6,3.68
1,12904,383.25,3.6
1,12905,312.06,3.51
1,12906,289.38,3.38
1,12907,356.85,3.55
1,12908,355.3,3.54
1,12909,456.56,3.05
1,12910,444.48,3
1,12911,491.54,2.95
1,12912,491.87,2.95
1,12913,401.41,2.58
1,12914,380.73,2.54
1,12915,391.91,2.59
1,12916,387.01,2.52
1,12917,383.55,2.5
1,12918,375.86,3.03
1,12919,361.8,2.97
1,12920,341.03,2.88
1,12921,328.97,2.74
1,12922,329.52,2.74
1,12923,281.93,2.31
1,12924,263.07,2.09
1,12925,244.55,2.15
1,12926,216.25,1.9
1,12927,189.11,1.78
1,12928,149.43,1.68
1,12929,132.73,1.55
1,12930,144.79,1.63
1,12931,198.77,1.86
1,12932,230.87,2.02
1,12933,238.4,2.07
1,12934,304.67,2.3
1,12935,292.16,2.27
1,12936,281.76,2.18
1,12937,294.79,2.12
1,12938,291.99,2.11
1,12939,308.41,2.18
1,12940,314.41,2.2
1,12941,397.83,2.55
1,12942,400.93,2.56
1,12943,407.42,2.59
1,12944,243.46,2.92
1,12945,246.29,2.94
1,12946,233.79,2.84
1,12947,243.63,2.96
1,12948,227.12,2.88
1,12949,213.12,2.81
1,12950,239.49,2.88
1,12951,293.11,3.22
1,12952,328.54,3.37
1,12953,345.14,3.44
1,12954,366.19,3.53
1,12955,386.86,3.61
1,12956,404.77,3.69
1,12957,395.08,3.65
1,12958,390.86,3.63
1,12969,620.97,5.45
1,12970,623.28,5.45
1,12971,623.28,5.45
1,12972,623.28,5.45
1,12973,623.28,5.45
1,12974,603.36,5.37
1,12975,603.36,5.37
1,12976,504.04,5.01
1,12977,479.83,4.91
1,12978,469.22,4.85
1,12979,497.41,4.93
1,12980,504.42,4.96
1,12981,441.21,4.46
1,12982,432.88,4.44
1,12983,408.74,4.22
1,12984,388.96,4.07
1,12985,347.49,3.86
1,12986,346.26,3.8
1,12987,337.04,3.79
1,12988,324.99,3.69
1,12989,345.29,3.75
1,12990,352.28,3.67
1,12991,354.59,3.63
1,12992,360.02,3.58
1,12993,379.29,3.58
1,12994,383.09,3.6
1,12995,282.14,3.28
1,12996,352.28,4.25
1,12997,328.63,3.43
1,12998,356.42,3.54
1,12999,379.91,3.64
1,13000,426.57,2.93
1,13001,399.71,2.82
1,13002,379.57,2.73
1,13003,381.18,2.49
1,13004,365.17,2.47
1,13005,393.1,2.59
1,13006,365.43,2.43
1,13007,359.23,2.4
1,13008,361.8,2.97
1,13009,361.8,2.97
1,13010,361.8,2.97
1,13011,338.45,2.43
1,13012,329.62,2.39
1,13013,324.9,2.36
1,13014,341.96,2.45
1,13015,260.63,2.08
1,13016,208.99,1.87
1,13017,183.26,1.76
1,13018,159.66,1.66
1,13019,126.25,1.46
1,13020,159.65,1.7
1,13021,159.65,1.7
1,13022,238.4,2.07
1,13023,238.4,2.07
1,13024,311.96,2.33
1,13025,284.41,2.2
1,13026,274,2.12
1,13027,263.49,2.03
1,13028,275.35,2.04
1,13029,303.78,2.16
1,13030,329.65,2.27
1,13031,354.71,2.37
1,13032,376.83,2.46
1,13033,393.17,2.53
1,13034,247.03,2.64
1,13035,236.19,2.86
1,13036,225.91,2.78
1,13037,243.61,2.84
1,13038,220.43,2.83
1,13039,207.16,2.72
1,13040,243.32,2.9
1,13041,269.15,3
1,13042,269.54,3
1,13043,333.65,3.39
1,13044,354.05,3.48
1,13045,375.71,3.57
1,13046,396.39,3.65
1,13047,396.16,3.65
1,13048,390.86,3.63
1,13058,620.97,5.45
1,13059,623.28,5.45
1,13060,623.28,5.45
1,13061,623.28,5.45
1,13062,623.28,5.45
1,13063,603.36,5.37
1,13064,603.36,5.37
1,13065,603.36,5.37
1,13066,504.04,5.01
1,13067,471.77,4.87
1,13068,510.75,4.99
1,13069,518.65,5.02
1,13070,524.51,4.68
1,13071,452.98,4.51
1,13072,436.8,4.31
1,13073,415.26,4.18
1,13074,390.5,4.08
1,13075,375.59,3.92
1,13076,335.38,3.71
1,13077,338.32,3.73
1,13078,330.5,3.68
1,13079,312.89,3.54
1,13080,322.93,3.52
1,13081,341.79,3.51
1,13082,346.26,3.5
1,13083,346.96,3.45
1,13084,386.22,3.61
1,13085,275.55,3.19
1,13086,291.8,3.28
1,13087,335.04,3.52
1,13088,353.33,3.59
1,13089,385.98,3.67
1,13090,392.98,2.99
1,13091,396.56,2.8
1,13092,363.69,2.67
1,13093,359.08,2.4
1,13094,347.61,2.35
1,13095,339.25,2.32
1,13096,334.84,2.3
1,13097,339.74,2.32
1,13098,353.32,1.52
1,13099,327.78,1.42
1,13100,319.23,1.38
1,13101,338.45,2.43
1,13102,338.45,2.43
1,13103,328.37,2.38
1,13104,263.45,2.09
1,13105,265.28,2.1
1,13106,239.82,1.78
1,13107,195.75,1.81
1,13108,144.46,1.48
1,13109,126.21,1.4
1,13110,117.36,1.33
1,13111,180.96,1.4
1,13112,180.96,1.4
1,13113,180.96,1.4
1,13114,181.22,1.52
1,13115,266.33,2.04
1,13116,264.87,2.03
1,13117,243.35,1.91
1,13118,261.54,1.98
1,13119,300.69,2.15
1,13120,325.97,2.25
1,13121,350.02,2.35
1,13122,218.4,2.47
1,13123,206.59,2.37
1,13124,247.03,2.64
1,13125,235.69,2.55
1,13126,234.5,2.8
1,13127,207.77,2.63
1,13128,199.05,2.59
1,13129,202.27,2.64
1,13130,247.16,2.91
1,13131,269.54,3
1,13132,269.54,3
1,13133,332.23,3.38
1,13134,342.57,3.43
1,13135,364.56,3.52
1,13136,385.24,3.61
1,13137,405.91,3.69
1,13138,396.16,3.65
1,13148,623.28,5.45
1,13149,623.28,5.45
1,13150,623.28,5.45
1,13151,623.28,5.45
1,13152,623.28,5.45
1,13153,603.36,5.37
1,13154,603.36,5.37
1,13155,504.04,5.01
1,13156,478.4,4.9
1,13157,524.75,5.04
1,13158,518.42,4.65
1,13159,510.51,4.62
1,13160,502.61,4.59
1,13161,475.21,4.47
1,13162,459.31,4.33
1,13163,420.04,4.16
1,13164,397.15,4.03
1,13165,382.07,3.95
1,13166,347.72,3.73
1,13167,327.66,3.59
1,13168,301.76,3.46
1,13169,313.65,3.48
1,13170,300.79,3.39
1,13171,293.49,3.3
1,13172,323.64,3.36
1,13173,328.75,3.4
1,13174,304.1,3.15
1,13175,276.92,3.1
1,13176,301.68,3.38
1,13177,321.06,3.46
1,13178,368.7,3.66
1,13179,359.89,2.85
1,13180,379.1,2.93
1,13181,357.01,2.64
1,13182,341.1,2.57
1,13183,356.61,2.39
1,13184,326.17,2.26
1,13185,318.22,2.23
1,13186,313.68,2.21
1,13187,353.32,1.52
1,13188,339.26,1.46
1,13189,321.51,1.39
1,13190,317.51,1.37
1,13191,338.45,2.43
1,13192,338.45,2.43
1,13193,175.88,0.78
1,13194,284.23,2.18
1,13195,288.14,2.2
1,13196,224.55,1.72
1,13197,170.25,1.49
1,13198,145.22,1.39
1,13199,119.89,1.28
1,13200,110.78,1.24
1,13201,156.7,1.3
1,13202,179.88,1.4
1,13203,177.81,1.39
1,13204,182.51,1.53
1,13205,186.31,1.53
1,13206,260.64,2.01
1,13207,223.72,1.82
1,13208,215.45,1.79
1,13209,174.51,1.88
1,13210,199.1,2.06
1,13211,197.42,2.05
1,13212,218.82,2.47
1,13213,208.45,2.39
1,13214,193.72,2.26
1,13215,193.07,2.33
1,13216,218.09,2.44
1,13217,199.88,2.56
1,13218,194.74,2.53
1,13219,199.05,2.59
1,13220,201.8,2.63
1,13221,269.54,3
1,13222,269.54,3
1,13223,269.54,3
1,13224,332.23,3.38
1,13225,351.49,3.47
1,13226,374.08,3.56
1,13227,394.76,3.65
1,13228,396.87,3.65
1,13246,560.35,4.75
1,13247,560.35,4.75
1,13248,560.35,4.75
1,13249,560.35,4.75
1,13250,512.19,4.63
1,13251,503.95,4.59
1,13252,463.8,4.34
1,13253,439.78,4.17
1,13254,405.63,4.03
1,13255,379.03,3.88
1,13256,353.42,3.7
1,13257,344.32,3.61
1,13258,313.8,3.48
1,13259,290.85,3.31
1,13260,286.47,3.24
1,13261,288.91,3.24
1,13262,308.21,3.29
1,13263,306.11,3.2
1,13264,285.58,3.07
1,13265,267.18,3.02
1,13266,284.01,3.1
1,13267,300.29,3.17
1,13268,329.14,2.72
1,13269,336.81,2.6
1,13270,319.56,2.53
1,13271,312.12,2.45
1,13272,325.67,2.51
1,13273,355.07,2.38
1,13274,306.46,2.18
1,13275,297.02,2.14
1,13276,295.07,2.13
1,13277,334.69,1.44
1,13278,340.25,1.47
1,13279,309.18,1.34
1,13280,256.57,1.12
1,13281,234.32,1.03
1,13282,210.91,0.93
1,13283,175.88,0.78
1,13284,175.88,0.78
1,13285,302.77,2.26
1,13286,202.71,1.62
1,13287,173.54,1.5
1,13288,148.51,1.4
1,13289,117.12,1.21
1,13290,117.82,1.16
1,13291,138.87,1.23
1,13292,139.43,1.29
1,13293,164.57,1.43
1,13294,182.51,1.53
1,13295,183.57,1.52
1,13296,177.11,1.63
1,13297,185.68,1.67
1,13298,194.39,1.7
1,13299,174.51,1.88
1,13300,180.87,1.98
1,13301,174.24,1.95
1,13302,171.63,2.01
1,13303,175.48,2.11
1,13304,178.27,2.2
1,13305,180.63,2.26
1,13306,189.16,2.31
1,13307,186.13,2.39
1,13308,190.27,2.46
1,13309,194.74,2.53
1,13310,199.05,2.59
1,13336,560.35,4.75
1,13337,560.35,4.75
1,13338,560.35,4.75
1,13339,560.35,4.75
1,13340,520.7,4.58
1,13341,499.98,4.5
1,13342,468.19,4.36
1,13343,439.64,4.17
1,13344,417.48,4.02
1,13345,387.79,3.91
1,13346,367.91,3.78
1,13347,344.97,3.61
1,13348,327.27,3.46
1,13349,308.51,3.36
1,13350,277.58,3.16
1,13351,276.1,3.12
1,13352,276.84,3.09
1,13353,287.09,3.14
1,13354,278.73,3.07
1,13355,256.05,2.92
1,13356,294.98,3.19
1,13357,292.81,2.58
1,13358,302.04,2.62
1,13359,295.5,2.58
1,13360,298.72,2.44
1,13361,289.03,2.35
1,13362,287.42,2.35
1,13363,313.38,2.21
1,13364,289.99,2.11
1,13365,266.43,2.01
1,13366,302.55,2.16
1,13367,318.91,1.38
1,13368,293.54,1.27
1,13369,268.11,1.17
1,13370,252.81,1.1
1,13371,226.12,0.99
1,13372,199.52,0.88
1,13373,173.01,0.77
1,13374,157.24,0.7
1,13375,165.63,0.79
1,13376,180.05,0.85
1,13377,171.03,1.43
1,13378,146.24,1.33
1,13379,114.07,1.13
1,13380,105.58,1.09
1,13381,115.86,1.16
1,13382,129.48,1.24
1,13383,166.78,1.31
1,13384,174.07,1.35
1,13385,166.15,1.42
1,13386,156.02,1.54
1,13387,171.08,1.61
1,13388,193.44,1.72
1,13389,158.12,1.79
1,13390,152.93,1.8
1,13391,153.84,1.86
1,13392,169.81,1.99
1,13393,158.9,1.97
1,13394,168.43,2.09
1,13395,170.34,2.17
1,13396,189.94,2.32
1,13397,183.13,2.35
1,13398,186.37,2.4
1,13399,189.77,2.45
1,13426,560.35,4.75
1,13427,560.35,4.75
1,13428,560.35,4.75
1,13429,549.92,4.7
1,13430,532.76,4.63
1,13431,499.45,4.49
1,13432,492.32,4.3
1,13433,459.43,4.26
1,13434,441.92,4.09
1,13435,399.18,3.91
1,13436,387.77,3.81
1,13437,344.6,3.61
1,13438,339.07,3.51
1,13439,301,3.33
1,13440,280.83,3.16
1,13441,265.54,3.01
1,13442,258.34,2.92
1,13443,275.83,2.94
1,13444,275.42,2.89
1,13445,281.15,3.23
1,13446,295.07,2.59
1,13447,272.3,2.5
1,13448,283.03,2.54
1,13449,275.6,2.5
1,13450,267.36,2.5
1,13451,278.01,2.33
1,13452,294.12,2.38
1,13453,281.48,2.08
1,13454,256.03,1.97
1,13455,249.97,1.95
1,13456,275.51,2.05
1,13457,331.13,1.43
1,13458,285.88,1.24
1,13459,244.02,1.07
1,13460,229.47,1.01
1,13461,209.79,0.92
1,13462,183.98,0.82
1,13463,153.74,0.69
1,13464,136.33,0.62
1,13465,146.29,0.7
1,13466,161.7,0.75
1,13467,167.5,1.35
1,13468,136.83,1.21
1,13469,112.27,1.11
1,13470,86.91,0.97
1,13471,121.27,1.1
1,13472,114.55,1.07
1,13473,139.42,1.17
1,13474,164.13,1.27
1,13475,147.69,1.33
1,13476,134.7,1.45
1,13477,129.29,1.46
1,13478,134.2,1.56
1,13479,157.19,1.68
1,13480,136.54,1.66
1,13481,142.86,1.77
1,13482,146.83,1.84
1,13483,156.37,1.95
1,13484,178.82,2.13
1,13485,199.24,2.23
1,13486,192.97,2.33
1,13487,194.69,2.34
1,13488,184.06,2.36
1,13489,186.6,2.4
1,13516,560.35,4.75
1,13517,560.35,4.75
1,13518,548.62,4.7
1,13519,528.75,4.57
1,13520,515.18,4.51
1,13521,498.47,4.44
1,13522,485.46,4.33
1,13523,476.21,4.24
1,13524,449.63,4.12
1,13525,422.08,3.95
1,13526,387.31,3.81
1,13527,359.8,3.64
1,13528,332.19,3.46
1,13529,322.27,3.42
1,13530,297.55,3.17
1,13531,273.06,3.05
1,13532,260.49,2.88
1,13533,246.2,2.77
1,13534,257.58,2.78
1,13535,259.67,2.89
1,13536,245.53,2.5
1,13537,249.47,2.44
1,13538,243.73,2.4
1,13539,256.07,2.51
1,13540,242.78,2.39
1,13541,254.57,2.24
1,13542,238.45,2.14
1,13543,274.12,2.05
1,13544,218.66,1.81
1,13545,245.84,1.93
1,13546,252.07,1.74
1,13547,226.57,1.64
1,13548,226.33,1.63
1,13549,223.94,0.98
1,13550,213.39,0.94
1,13551,189.8,0.84
1,13552,164.55,0.74
1,13553,136.49,0.62
1,13554,113.1,0.52
1,13555,133.49,0.61
1,13556,144.86,0.65
1,13557,101.96,0.55
1,13558,109.19,0.61
1,13559,97.97,1.06
1,13560,79.58,0.88
1,13561,89.38,0.95
1,13562,123.33,1.1
1,13563,118.36,1.02
1,13564,120.95,1.09
1,13565,127.57,1.25
1,13566,127.5,1.45
1,13567,112.92,1.33
1,13568,119.94,1.45
1,13569,123.32,1.52
1,13570,182.34,1.8
1,13571,200.05,1.89
1,13572,183.82,2.01
1,13573,170.78,2.06
1,13574,193.16,2.15
1,13575,190.02,2.19
1,13576,202.19,2.37
1,13577,192.71,2.33
1,13578,191.92,2.37
1,13579,184.06,2.36
1,13606,549.43,4.71
1,13607,549.43,4.71
1,13608,549.43,4.71
1,13609,544.66,4.69
1,13610,530.18,4.62
1,13611,521.15,4.54
1,13612,483.93,4.31
1,13613,490.58,4.3
1,13614,447.3,4.11
1,13615,418.35,3.94
1,13616,401.3,3.81
1,13617,380.07,3.66
1,13618,357.05,3.57
1,13619,344.42,3.51
1,13620,319.64,3.26
1,13621,299.01,3.17
1,13622,273.38,2.91
1,13623,248.64,2.77
1,13624,242.55,2.69
1,13625,246.4,2.7
1,13626,227.59,2.43
1,13627,224.83,2.35
1,13628,228.46,2.34
1,13629,241.34,2.44
1,13630,242.63,2.39
1,13631,218.93,2.06
1,13632,218.25,2.06
1,13633,207.3,2.01
1,13634,197.48,1.73
1,13635,210.28,1.78
1,13636,207.32,1.66
1,13637,191.86,1.49
1,13638,206.19,1.59
1,13639,217.4,0.96
1,13640,183.46,1.23
1,13641,165.64,0.74
1,13642,140.3,0.63
1,13643,114.66,0.53
1,13644,91.01,0.43
1,13645,93.56,0.48
1,13646,108.59,0.64
1,13647,84,0.47
1,13648,78.3,0.47
1,13649,90.63,0.57
1,13650,72.28,0.79
1,13651,77.68,0.81
1,13652,90.07,0.91
1,13653,91.9,0.91
1,13654,116.07,1.01
1,13655,103.74,1.15
1,13656,99.81,1.19
1,13657,107.25,1.29
1,13658,123.45,1.48
1,13659,157.1,1.66
1,13660,178.29,1.77
1,13661,168.47,1.95
1,13662,174.38,1.97
1,13663,173.36,2.07
1,13664,184.35,2.11
1,13665,187.06,2.18
1,13666,202.92,2.25
1,13667,189.28,2.31
1,13668,192.71,2.33
1,13669,191.92,2.37
1,13696,549.43,4.71
1,13697,551.83,4.72
1,13698,553.02,4.72
1,13699,553.02,4.72
1,13700,563,4.54
1,13701,531.6,4.41
1,13702,506.3,4.3
1,13703,480.55,4.2
1,13704,454.6,4.09
1,13705,428.47,3.92
1,13706,402.47,3.81
1,13707,374.94,3.64
1,13708,385.52,3.38
1,13709,361.34,3.1
1,13710,334.92,2.99
1,13711,308.87,2.89
1,13712,282.78,2.78
1,13713,256.8,2.67
1,13714,229.7,2.56
1,13715,217.24,2.45
1,13716,207.06,2.34
1,13717,201.5,2.24
1,13718,211.16,2.27
1,13719,211.3,2.25
1,13720,211.37,2.1
1,13721,198.41,1.99
1,13722,219.33,2.06
1,13723,192.93,1.93
1,13724,176.24,1.64
1,13725,187.61,1.55
1,13726,179.48,1.44
1,13727,170.6,1.4
1,13728,204.98,1.55
1,13729,176.22,1.2
1,13730,162.28,1.14
1,13731,197.4,1.29
1,13732,126.88,0.58
1,13733,106.71,0.49
1,13734,68.41,0.33
1,13735,72.31,0.35
1,13736,95.03,0.58
1,13737,79.43,0.48
1,13738,53.94,0.34
1,13739,60.93,0.44
1,13740,70.46,0.75
1,13741,75.67,0.79
1,13742,78.43,0.78
1,13743,76.31,0.86
1,13744,89.18,1
1,13745,91.19,1.07
1,13746,118.44,1.21
1,13747,122.81,1.39
1,13748,134.38,1.57
1,13749,160.68,1.68
1,13750,188.11,1.83
1,13751,176.88,1.98
1,13752,164.94,1.93
1,13753,182.81,2.11
1,13754,175.49,2.08
1,13755,189.85,2.18
1,13756,193.73,2.21
1,13757,198.48,2.35
1,13758,192.72,2.33
1,13759,192.72,2.33
1,13786,552.95,4.72
1,13787,552.95,4.72
1,13788,552.95,4.72
1,13789,554.66,4.73
1,13790,562.79,4.71
1,13791,522.07,4.37
1,13792,507.22,4.31
1,13793,483.01,4.21
1,13794,455.22,4.09
1,13795,426.44,3.91
1,13796,400.45,3.8
1,13797,371.96,3.63
1,13798,377.25,3.34
1,13799,356.1,3.08
1,13800,332.78,2.99
1,13801,307.1,2.88
1,13802,282.49,2.78
1,13803,259.77,2.68
1,13804,225,2.53
1,13805,215.38,2.43
1,13806,204.71,2.31
1,13807,196.26,2.2
1,13808,187.66,2.09
1,13809,180.01,2
1,13810,171.55,1.89
1,13811,162.67,1.78
1,13812,187.22,2.02
1,13813,176.54,1.84
1,13814,157.41,1.57
1,13815,153.03,1.41
1,13816,172.63,1.41
1,13817,161.77,1.37
1,13818,153.03,1.18
1,13819,149.06,1.09
1,13820,141.15,1.05
1,13821,142.92,0.65
1,13822,117.28,0.54
1,13823,91.39,0.43
1,13824,66.47,0.33
1,13825,34.47,0.22
1,13826,22.52,0.12
1,13827,34.89,0.22
1,13828,31.86,0.25
1,13829,51.39,0.48
1,13830,52.78,0.54
1,13831,60.24,0.64
1,13832,78.57,0.8
1,13833,95.6,0.94
1,13834,115.97,1.13
1,13835,126.19,1.16
1,13836,146.58,1.49
1,13837,129.77,1.47
1,13838,160.8,1.72
1,13839,157.05,1.7
1,13840,179.68,1.8
1,13841,185.26,2.02
1,13842,162.6,1.92
1,13843,177.46,1.99
1,13844,170.29,2.06
1,13845,189.05,2.13
1,13846,184.86,2.17
1,13847,206.63,2.26
1,13848,186.82,2.3
1,13849,192.72,2.33
1,13876,552.95,4.72
1,13877,554.6,4.73
1,13878,554.66,4.73
1,13879,557.1,4.74
1,13880,561.94,4.71
1,13881,518.4,4.35
1,13882,507.37,4.31
1,13883,485.49,4.22
1,13884,455.83,4.09
1,13885,424.4,3.9
1,13886,395.03,3.72
1,13887,380.24,3.66
1,13888,368.97,3.31
1,13889,350.75,3.06
1,13890,330.56,2.98
1,13891,305.24,2.87
1,13892,282.13,2.77
1,13893,262.27,2.69
1,13894,224.8,2.53
1,13895,213.49,2.41
1,13896,202.37,2.28
1,13897,193.75,2.17
1,13898,186.05,2.07
1,13899,177.81,1.97
1,13900,169.29,1.86
1,13901,160.33,1.75
1,13902,151.82,1.65
1,13903,142.94,1.53
1,13904,135.08,1.43
1,13905,127.43,1.32
1,13906,119.77,1.21
1,13907,139.54,1.17
1,13908,126.73,1.06
1,13909,113.99,0.96
1,13910,111.53,0.85
1,13911,118.38,0.83
1,13912,128.69,0.97
1,13913,138.44,1.02
1,13914,42.89,0.23
1,13915,7.81,0.07
1,13916,4.6,0.04
1,13917,29.29,0.21
1,13918,36.73,0.31
1,13919,44.17,0.42
1,13920,58.93,0.55
1,13921,80.9,0.66
1,13922,95.92,0.76
1,13923,116.85,1.03
1,13924,177.5,1.15
1,13925,197.72,1.24
1,13926,165.25,1.65
1,13927,141.13,1.55
1,13928,156.54,1.61
1,13929,148.63,1.67
1,13930,171.26,1.76
1,13931,193.63,2.05
1,13932,170.97,1.96
1,13933,168.02,1.95
1,13934,179.74,2.09
1,13935,180.24,2.1
1,13936,187.34,2.17
1,13937,197.42,2.23
1,13938,194.79,2.34
1,13939,192.72,2.33
1,13965,552.95,4.72
1,13966,554.66,4.73
1,13967,554.66,4.73
1,13968,554.66,4.73
1,13969,557.1,4.74
1,13970,522.38,4.37
1,13971,517.27,4.35
1,13972,507.52,4.31
1,13973,486.58,4.22
1,13974,456.45,4.1
1,13975,422.35,3.9
1,13976,391.54,3.71
1,13977,385.88,3.38
1,13978,365.57,3.12
1,13979,349.63,3.06
1,13980,328.34,2.97
1,13981,303.38,2.86
1,13982,281.76,2.77
1,13983,264.76,2.7
1,13984,224.3,2.52
1,13985,208.98,2.36
1,13986,200.03,2.25
1,13987,191.35,2.14
1,13988,183.61,2.04
1,13989,175.55,1.94
1,13990,166.5,1.83
1,13991,157.99,1.72
1,13992,149.05,1.61
1,13993,140.41,1.5
1,13994,132.96,1.4
1,13995,125.3,1.29
1,13996,117.65,1.19
1,13997,110.08,1.08
1,13998,102.43,0.97
1,13999,94.77,0.87
1,14000,86.97,0.76
1,14001,87.78,0.68
1,14002,110.39,0.86
1,14003,104.57,0.82
1,14004,40.98,0.29
1,14005,25.93,0.17
1,14006,25.2,0.15
1,14007,40.4,0.23
1,14008,64.92,0.33
1,14009,80.98,0.44
1,14010,99.21,0.59
1,14011,99.41,0.77
1,14012,101.92,0.82
1,14013,134.55,0.97
1,14014,159.55,1.08
1,14015,178.97,1.38
1,14016,167.54,1.33
1,14017,147.46,1.57
1,14018,148.61,1.58
1,14019,153.73,1.69
1,14020,162.83,1.73
1,14021,185.46,1.82
1,14022,179.35,1.99
1,14023,160.28,1.91
1,14024,180.54,2
1,14025,171.43,2.06
1,14026,193.81,2.15
1,14027,188.2,2.19
1,14028,204.01,2.37
1,14029,189.04,2.31
1,14055,554.66,4.73
1,14056,554.66,4.73
1,14057,554.66,4.73
1,14058,555.23,4.73
1,14059,557.1,4.74
1,14060,520.72,4.36
1,14061,517.27,4.35
1,14062,507.67,4.31
1,14063,487.09,4.22
1,14064,457.07,4.1
1,14065,420.31,3.89
1,14066,383.18,3.68
1,14067,377.6,3.35
1,14068,363.11,3.11
1,14069,346.92,3.04
1,14070,326.12,2.96
1,14071,301.53,2.86
1,14072,281.39,2.77
1,14073,267.25,2.71
1,14074,224.3,2.52
1,14075,206.2,2.33
1,14076,197.91,2.22
1,14077,188.95,2.11
1,14078,181.17,2.01
1,14079,173.29,1.91
1,14080,164.16,1.8
1,14081,155.65,1.69
1,14082,146.74,1.58
1,14083,138.49,1.47
1,14084,130.84,1.37
1,14085,123.18,1.26
1,14086,115.54,1.16
1,14087,107.96,1.05
1,14088,100.3,0.94
1,14089,92.66,0.84
1,14090,84.9,0.73
1,14091,77.42,0.63
1,14092,68.08,0.52
1,14093,58.42,0.41
1,14094,70.61,0.37
1,14095,47.48,0.27
1,14096,73.56,0.38
1,14097,95.85,0.53
1,14098,122.04,0.64
1,14099,137.71,0.76
1,14100,111.48,0.65
1,14101,112.63,0.86
1,14102,126.95,0.94
1,14103,167.71,1.11
1,14104,154.02,1.06
1,14105,181.33,1.17
1,14106,166.15,1.32
1,14107,153.78,1.6
1,14108,140.68,1.55
1,14109,161.66,1.72
1,14110,154.4,1.69
1,14111,177.03,1.79
1,14112,187.73,2.03
1,14113,165.06,1.93
1,14114,171.09,1.96
1,14115,176.66,2.08
1,14116,185,2.12
1,14117,184.86,2.17
1,14118,201.1,2.24
1,14119,191.1,2.32
1,14185,52.09,0.29
1,14186,77.37,0.4
1,14187,99.34,0.55
1,14188,124.38,0.65
1,14189,135.38,0.75
1,14190,111.41,0.65
1,14191,111,0.86
1,14192,131.67,0.96
1,14275,55.19,0.31
1,14276,77.12,0.46
1,14277,102.83,0.56
1,14278,126.72,0.66
1,14279,134.18,0.75
1,14280,111.33,0.65
1,14281,109.36,0.85
1,14282,127.41,0.92
1,14365,59,0.32
1,14366,80.32,0.47
1,14367,106.32,0.58
1,14368,129.06,0.67
1,14369,133.89,0.75
1,14370,111.25,0.65
1,14371,108.77,0.85
1,14372,122.69,0.91
1,14455,62.81,0.34
1,14456,83.82,0.48
1,14457,109.81,0.59
1,14458,131.4,0.68
1,14459,132.68,0.74
1,14460,111.18,0.65
1,14461,108.77,0.85
1,14462,121.73,0.9
1,14545,66.62,0.35
1,14546,87.31,0.5
1,14547,113.3,0.61
1,14548,133.73,0.69
1,14549,131.46,0.74
1,14550,111.1,0.65
1,14551,108.87,0.85
1,14552,121.73,0.9
1,14635,70.43,0.37
1,14636,90.8,0.51
1,14637,116.79,0.62
1,14638,136.07,0.7
1,14639,130.25,0.73
1,14640,111.03,0.65
1,14641,109.63,0.85
1,14642,121.73,0.9
1,14725,74.24,0.39
1,14726,94.29,0.53
1,14727,120.24,0.63
1,14728,138.41,0.71
1,14729,129.04,0.73
1,14730,110.95,0.65
1,14731,110.39,0.85
1,14732,121.73,0.9
1,14815,78.05,0.4
1,14816,97.78,0.54
1,14817,120.24,0.63
1,14818,140.75,0.72
1,14819,127.83,0.72
1,14820,110.88,0.65
1,14821,111.16,0.86
1,14822,121.73,0.9
1,14905,77.12,0.46
1,14906,101.27,0.56
1,14907,120.24,0.63
1,14908,142.66,0.78
1,14909,126.62,0.72
1,14910,110.8,0.65
1,14911,111.42,0.65
1,14912,121.73,0.9
1,14994,59.69,0.33
1,14995,78.77,0.46
1,14996,104.76,0.57
1,14997,120.24,0.63
1,14998,140.32,0.77
1,14999,125.4,0.71
1,15000,110.72,0.65
1,15001,110.65,0.65
2,0,840.46,11.35
2,1,792.78,11.07
2,2,789.65,10.99
2,3,830.67,11.83
2,4,833.82,11.9
2,5,972.31,12.17
2,6,990.12,12.24
2,7,1008.11,12.32
2,8,1026.1,12.39
2,9,1015.26,11.7
2,10,973.8,11.94
2,11,964.57,11.87
2,12,955.67,11.79
2,13,946.77,11.72
2,14,937.87,11.64
2,15,1071.8,12.7
2,16,1092.31,12.79
2,17,1158.62,13.06
2,18,1177.28,13.14
2,19,1177.28,13.14
2,20,1027.66,11.27
2,21,1027.66,11.27
2,22,1017.46,11.23
2,23,1027.64,11.27
2,24,1033.13,11.3
2,25,986.87,11.2
2,26,989.1,11.21
2,27,994.07,11.23
2,28,958.63,11.23
2,29,968.09,11.31
2,30,985.81,11.41
2,31,1003.34,11.48
2,32,1014.94,11.53
2,33,1019.42,11.55
2,34,1358.42,13.47
2,35,1358.42,13.47
2,40,878.96,11.51
2,41,901.25,11.61
2,42,786.46,10.92
2,43,833.84,11.9
2,44,836.99,11.98
2,45,840.14,12.05
2,46,1008.01,12.32
2,47,1026,12.39
2,48,1014.41,11.69
2,49,996.99,11.62
2,50,964.45,11.87
2,51,955.55,11.79
2,52,946.66,11.72
2,53,937.76,11.64
2,54,928.86,11.57
2,55,919.96,11.5
2,56,909.29,10.82
2,57,1177.28,13.14
2,58,1177.28,13.14
2,59,1027.66,11.27
2,60,1027.66,11.27
2,61,1020.03,11.24
2,62,1001.63,11.16
2,63,1016.02,11.22
2,64,1024.78,11.26
2,65,970.12,11.13
2,66,967.96,11.12
2,67,965.79,11.11
2,68,952.1,11.18
2,69,961.53,11.26
2,70,1008.59,11.5
2,71,1019.42,11.55
2,72,1023.69,11.57
2,73,1147.11,11.85
2,74,1358.42,13.47
2,75,1358.42,13.47
2,80,891.14,11.56
2,81,905.06,11.04
2,82,891,10.98
2,83,780.14,10.77
2,84,840.16,12.05
2,85,843.28,12.13
2,86,846.41,12.2
2,87,1002.5,11.64
2,88,997.47,11.62
2,89,978.42,11.54
2,90,960.48,11.47
2,91,946.54,11.72
2,92,937.64,11.64
2,93,928.75,11.57
2,94,919.85,11.49
2,95,909.91,10.83
2,96,901.79,10.76
2,97,893.24,10.69
2,98,946.22,10.64
2,99,946.22,10.64
2,100,946.22,10.64
2,101,968.26,11.03
2,102,976.25,11.06
2,103,976.75,11.06
2,104,1017,11.23
2,105,944.62,11.02
2,106,945.01,11.02
2,107,936.08,11.04
2,108,945.38,11.12
2,109,1037.85,11.63
2,110,1033.89,11.61
2,111,1029.93,11.59
2,112,1147.11,11.85
2,113,1147.11,11.85
2,114,1147.11,11.85
2,115,1358.42,13.47
2,120,884.47,11.1
2,121,884.28,10.95
2,122,871.26,10.89
2,123,776.95,10.69
2,124,773.82,10.62
2,125,846.47,12.2
2,126,875.42,12.45
2,127,882.14,12.57
2,128,1002.5,11.64
2,129,960.48,11.47
2,130,942.61,11.39
2,131,907.76,11.32
2,132,928.63,11.57
2,133,919.73,11.49
2,134,910.54,10.83
2,135,901.79,10.76
2,136,893.09,10.69
2,137,884.21,10.61
2,138,946.22,10.64
2,139,946.22,10.64
2,140,946.22,10.64
2,141,946.22,10.64
2,142,950.88,10.95
2,143,920.87,10.81
2,144,907.25,10.73
2,145,910.58,10.83
2,146,920.01,10.91
2,147,929.6,10.99
2,148,959.77,11.07
2,149,1066.1,11.74
2,150,1055.77,11.7
2,151,1053.16,11.69
2,152,1147.11,11.85
2,153,1147.11,11.85
2,154,1147.11,11.85
2,155,1147.11,11.85
2,160,879.48,11.08
2,161,880.88,11.09
2,162,849.5,10.8
2,163,832.45,10.73
2,164,770.63,10.54
2,165,767.51,10.47
2,166,870.35,12.43
2,167,882.14,12.57
2,168,785,10.44
2,169,942.26,11.39
2,170,924.66,11.32
2,171,907.76,11.32
2,172,904.44,11.3
2,173,899.19,11.34
2,174,901.84,10.76
2,175,892.94,10.68
2,176,884.06,10.61
2,177,875.19,10.54
2,178,932.87,10.59
2,179,935.74,10.6
2,180,938.6,10.61
2,181,941.47,10.62
2,182,940.36,10.91
2,183,912.3,10.76
2,184,894.95,10.7
2,185,904.02,10.78
2,186,933.03,10.96
2,187,953.22,11.04
2,188,969.67,11.11
2,189,1084.65,11.59
2,190,1079.82,11.8
2,191,1130.49,11.78
2,192,1147.11,11.85
2,193,1147.11,11.85
2,194,1147.11,11.85
2,195,1152.35,9.83
2,200,861.03,11.01
2,201,849.84,10.96
2,202,830.78,10.73
2,203,813.85,10.66
2,204,786.22,10.5
2,205,764.39,10.4
2,206,858.81,12.44
2,207,778.91,10.41
2,208,785,10.44
2,209,924.1,11.32
2,210,906.75,11.24
2,211,888.63,11.17
2,212,883.15,11.21
2,213,892.41,11.28
2,214,892.79,10.68
2,215,883.91,10.61
2,216,875.04,10.54
2,217,866.16,10.46
2,218,910.41,10.49
2,219,913.61,10.5
2,220,916.82,10.52
2,221,911.97,10.5
2,222,922.39,10.54
2,223,898.73,10.69
2,224,887.99,10.64
2,225,908.26,10.73
2,226,938.87,10.86
2,227,965.31,10.97
2,228,989.43,11.19
2,229,1067.64,11.52
2,230,1101.76,11.89
2,231,1115.79,11.72
2,232,1133.02,11.79
2,233,1147.11,11.85
2,234,1152.35,9.83
2,235,1151.09,9.83
2,243,798.4,10.6
2,244,789.15,10.51
2,245,772.32,10.39
2,246,758.02,10.25
2,247,765.27,10.4
2,248,768.42,10.47
2,249,826.98,10.91
2,250,846.52,10.99
2,251,865.19,11.07
2,252,861.73,10.42
2,253,852.8,10.35
2,254,883.77,10.61
2,255,874.89,10.53
2,256,866.01,10.46
2,257,857.13,10.39
2,258,848.26,10.31
2,259,900.38,10.45
2,260,895.34,10.43
2,261,894.95,10.43
2,262,904.95,10.47
2,263,871.96,10.51
2,264,881.34,10.59
2,265,934.51,10.84
2,266,943.06,10.88
2,267,998.07,11.23
2,268,1006.53,11.27
2,269,1043.55,11.42
2,270,1084.16,11.59
2,271,1092.41,11.62
2,272,1125.69,11.76
2,273,1158.03,9.86
2,274,1151.09,9.83
2,275,1151.09,9.83
2,276,1160.67,9.87
2,277,1160.67,9.87
2,278,1386.46,9.52
2,279,1385.49,9.51
2,283,821.78,10.65
2,284,810.76,10.63
2,285,816.17,10.66
2,286,754.85,10.17
2,287,751.69,10.1
2,288,782.04,10.63
2,289,813.97,10.86
2,290,833.01,10.94
2,291,851.81,11.02
2,292,852.73,10.35
2,293,843.81,10.27
2,294,834.88,10.2
2,295,865.86,10.46
2,296,856.98,10.38
2,297,848.11,10.31
2,298,838.83,10.23
2,299,888.63,10.4
2,300,873.2,10.34
2,301,874.76,10.34
2,302,855.94,10.38
2,303,865.32,10.45
2,304,944.65,10.89
2,305,944.65,10.89
2,306,964.05,10.97
2,307,973.46,11.01
2,308,1032.74,11.37
2,309,1043.78,11.42
2,310,1068.63,11.52
2,311,1099.04,11.65
2,312,1144.87,11.84
2,313,1152.32,9.83
2,314,1143.52,9.79
2,315,1142.22,9.79
2,316,1160.67,9.87
2,317,1160.67,9.87
2,318,1390.76,9.53
2,319,1402.94,9.58
2,323,837.84,10.71
2,324,827.42,10.72
2,325,832.69,10.75
2,326,751.68,10.1
2,327,748.53,10.02
2,328,774.78,10.62
2,329,800.97,10.8
2,330,820.01,10.88
2,331,867.4,11.33
2,332,872.41,11.35
2,333,834.81,10.2
2,334,825.89,10.13
2,335,856.83,10.38
2,336,847.96,10.31
2,337,839.03,10.24
2,338,829.95,10.16
2,339,852.16,10.25
2,340,847.99,10.23
2,341,839.91,10.24
2,342,849.3,10.32
2,343,858.68,10.4
2,344,944.65,10.89
2,345,974.68,11.01
2,346,991.49,11.08
2,347,1001.76,11.12
2,348,1072.33,11.54
2,349,1066.87,11.52
2,350,1085.81,9.55
2,351,1083.14,9.54
2,352,1149.09,11.86
2,353,1130.73,9.74
2,354,1121.08,9.7
2,355,1139.61,9.78
2,356,1160.67,9.87
2,357,1160.67,9.87
2,358,1389.95,9.53
2,359,1380.12,9.49
2,363,858.85,10.8
2,364,843.93,10.81
2,365,849.21,10.84
2,366,854.48,10.87
2,367,745.36,9.95
2,368,742.2,9.87
2,369,781.09,10.77
2,370,784.22,10.84
2,371,850.04,11.26
2,372,854.65,11.28
2,373,825.81,10.12
2,374,816.89,10.05
2,375,807.97,9.98
2,376,839.24,10.24
2,377,830.15,10.16
2,378,821.07,10.09
2,379,814.49,10.03
2,380,823.89,10.11
2,381,842.38,10.21
2,382,860.41,10.28
2,383,877.36,10.35
2,384,974.68,11.01
2,385,975.82,11.02
2,386,1015.01,11.18
2,387,1056.31,9.43
2,388,1066.07,9.47
2,389,1046.62,9.39
2,390,1058.17,9.44
2,391,1068.89,9.48
2,392,1062.55,9.46
2,393,1100.07,9.61
2,394,1112.62,9.67
2,395,1128.83,9.73
2,396,1152.65,9.83
2,397,1172.14,9.91
2,398,1172.14,9.91
2,399,1389.95,9.53
2,403,855.18,10.87
2,404,860.45,10.9
2,405,866.41,10.94
2,406,872.91,10.97
2,407,951.29,10.18
2,408,738.99,9.8
2,409,735.86,9.72
2,410,787.41,10.92
2,411,825.61,11.15
2,412,841.69,11.22
2,413,816.82,10.05
2,414,807.9,9.98
2,415,798.97,9.9
2,416,789.91,9.83
2,417,821.27,10.09
2,418,812.18,10.01
2,419,807.87,9.98
2,420,817.27,10.05
2,421,860.25,10.28
2,422,877.95,10.36
2,423,897.01,10.44
2,424,976.33,10.77
2,425,1033.23,11.26
2,426,1033.48,11.26
2,427,1046.08,9.39
2,428,1016.08,9.26
2,429,1024.37,9.3
2,430,1053.59,9.42
2,431,1055.1,9.43
2,432,1073.73,9.5
2,433,1085.38,9.55
2,434,1094.95,9.59
2,435,1111.68,9.66
2,436,1139.32,9.78
2,437,1164.53,9.88
2,438,1172.14,9.91
2,439,1389.95,9.53
2,440,1296.7,9.14
2,441,1275.85,9.05
2,442,1251.36,8.95
2,443,1240.02,8.91
2,444,1234.49,8.88
2,445,1236.54,8.89
2,446,1387.27,9.52
2,447,1399.84,9.57
2,448,1288.3,9.1
2,449,1286,9.09
2,450,1283.72,9.08
2,451,1266.44,9.01
2,452,1251.03,8.95
2,453,2736.13,23.5
2,454,2740.33,23.52
2,455,2742.99,23.53
2,456,2742.99,23.53
2,457,2753.02,23.57
2,458,2756.53,23.59
2,463,869.71,10.95
2,464,873.99,10.98
2,465,873.99,10.98
2,466,949.2,10.17
2,467,953.15,10.19
2,468,982.63,10.31
2,469,732.67,9.65
2,470,790.6,10.99
2,471,810.62,11.09
2,472,831.29,11.25
2,473,822.63,9.76
2,474,808.34,9.95
2,475,789.88,9.83
2,476,780.93,9.75
2,477,782.44,9.76
2,478,791.84,9.84
2,479,807.26,9.97
2,480,816.18,10.04
2,481,878.55,10.36
2,482,896.17,10.43
2,483,913.67,10.5
2,484,976.33,10.77
2,485,983.09,9.13
2,486,1023.02,9.29
2,487,1014.49,9.26
2,488,1000.8,9.2
2,489,1002.85,9.21
2,490,1027.16,9.31
2,491,1034.99,9.34
2,492,1051,9.41
2,493,1087.13,9.56
2,494,1071.08,9.49
2,495,1106.2,9.64
2,496,1125.33,9.72
2,497,1165.3,9.89
2,498,1172.14,9.91
2,499,1296.7,9.14
2,500,1296.7,9.14
2,501,1276.18,9.06
2,502,1251.88,8.95
2,503,1213.75,8.8
2,504,1210.33,8.78
2,505,1218.74,8.82
2,506,1410.55,9.62
2,507,1415.95,9.64
2,508,1265.64,9.01
2,509,1254.41,8.96
2,510,1249.78,8.94
2,511,1242.14,8.91
2,512,1221.88,8.83
2,513,1221.88,8.83
2,514,2756.53,23.59
2,515,2756.53,23.59
2,516,2756.53,23.59
2,517,2756.53,23.59
2,518,2756.53,23.59
2,523,873.99,10.98
2,524,873.99,10.98
2,525,873.99,10.98
2,526,938.14,10.12
2,527,944.51,10.15
2,528,982.63,10.31
2,529,943.58,10.15
2,530,726.37,9.5
2,531,808.4,11.15
2,532,828.46,9.72
2,533,819.15,9.74
2,534,820.46,10.02
2,535,780.9,9.75
2,536,771.95,9.68
2,537,775.82,9.71
2,538,785.22,9.79
2,539,816.25,10.05
2,540,825.18,10.12
2,541,860.64,10.36
2,542,873.59,10.43
2,543,932.34,10.58
2,544,976.33,10.77
2,545,983.09,9.13
2,546,967.75,9.06
2,547,990.05,9.16
2,548,985.7,9.14
2,549,984.35,9.13
2,550,999.59,9.2
2,551,1031.94,9.33
2,552,1049.7,9.4
2,553,1045.53,9.39
2,554,1074.18,9.51
2,555,1099.66,9.61
2,556,1106.03,8.35
2,557,1083.39,8.25
2,558,1072.59,8.21
2,559,1078.92,8.23
2,560,1296.7,9.14
2,561,1276.51,9.06
2,562,1219.37,8.82
2,563,1194.39,8.72
2,564,1189.94,8.7
2,565,1198.91,8.73
2,566,1429.2,9.69
2,567,1438.54,9.73
2,568,1243.14,8.91
2,569,1238.28,8.89
2,570,1233.75,8.88
2,571,1221.88,8.83
2,572,1221.88,8.83
2,573,1221.88,8.83
2,574,2756.53,23.59
2,575,2756.53,23.59
2,576,2756.53,23.59
2,577,2756.53,23.59
2,578,2756.53,23.59
2,583,935.01,10.11
2,584,937.6,10.12
2,585,937.6,10.12
2,586,925.85,10.07
2,587,912.08,10.02
2,588,945.02,10.15
2,589,856.98,9.79
2,590,850.34,9.76
2,591,720.04,9.35
2,592,803.71,9.62
2,593,785.9,9.55
2,594,781.5,9.58
2,595,763.53,9.51
2,596,762.97,9.6
2,597,769.2,9.65
2,598,778.6,9.73
2,599,825.25,10.12
2,600,834.17,10.19
2,601,850.53,10.31
2,602,864.29,10.38
2,603,951.19,10.66
2,604,967.79,10.73
2,605,975.26,9.09
2,606,955.39,9.01
2,607,968.98,9.07
2,608,955.87,9.01
2,609,968.67,9.07
2,610,984.74,9.13
2,611,984.37,9.13
2,612,1006.46,9.22
2,613,1048.98,9.4
2,614,1053.78,8.89
2,615,1060.22,8.91
2,616,1102.93,8.33
2,617,1064.35,8.17
2,618,1054.9,8.13
2,619,1071.72,8.2
2,620,1078.92,8.23
2,621,1276.84,9.06
2,622,1170.86,8.62
2,623,1167.57,8.6
2,624,1161.18,8.58
2,625,1155.22,8.55
2,626,1450.87,9.78
2,627,1457.53,9.81
2,628,1219.99,8.82
2,629,1222.64,8.83
2,630,1221.88,8.83
2,631,1221.88,8.83
2,632,1221.88,8.83
2,633,1221.88,8.83
2,634,2756.53,23.59
2,635,2756.53,23.59
2,636,2756.53,23.59
2,637,2756.53,23.59
2,638,2756.53,23.59
2,643,967.34,10.25
2,644,936.19,10.12
2,645,928.92,10.09
2,646,907.12,10
2,647,888.55,9.92
2,648,962.61,10.23
2,649,829.05,9.67
2,650,842.65,9.73
2,651,716.82,9.27
2,652,806.44,11.37
2,653,767.88,9.47
2,654,763.62,9.51
2,655,743.78,9.44
2,656,753.18,9.52
2,657,775.77,9.71
2,658,784.9,9.78
2,659,834.25,10.2
2,660,843.13,10.27
2,661,852.09,10.34
2,662,852.13,8.98
2,663,953.5,10.67
2,664,953.5,10.67
2,665,963.96,9.05
2,666,938.16,8.94
2,667,921.7,8.87
2,668,941.85,8.95
2,669,941.4,8.95
2,670,951.67,9
2,671,975.02,9.09
2,672,1016.18,9.26
2,673,1060.25,8.91
2,674,1036.3,8.81
2,675,1064.18,8.93
2,676,1031.7,8.8
2,677,1041.51,8.08
2,678,1043.14,8.08
2,679,1056.26,8.14
2,680,1054.25,8.13
2,681,1059.83,8.15
2,682,1136.88,8.48
2,683,1140.75,8.49
2,684,1145.86,8.51
2,685,1148.87,8.53
2,686,1457.53,9.81
2,687,1199.09,8.73
2,688,1197.71,8.72
2,689,1204.15,8.75
2,690,1221.88,8.83
2,691,1221.88,8.83
2,692,1221.88,8.83
2,693,1221.88,8.83
2,694,1221.88,8.83
2,695,2756.53,23.59
2,696,2756.53,23.59
2,697,2756.53,23.59
2,698,2756.53,23.59
2,702,978.32,10.29
2,703,967.34,10.25
2,704,949.95,10.17
2,705,910.51,10.01
2,706,891.99,9.93
2,707,867.83,9.83
2,708,824.55,9.65
2,709,796.33,9.53
2,710,770.26,9.43
2,711,742.26,9.31
2,712,710.53,9.12
2,713,711.05,9.11
2,714,732.05,9.32
2,715,737.16,9.39
2,716,775.48,9.71
2,717,784.61,9.78
2,718,793.66,9.86
2,719,790.06,8.79
2,720,852.09,10.34
2,721,852.13,8.98
2,722,843.16,8.9
2,723,834.2,8.83
2,724,841.82,8.8
2,725,929.32,8.9
2,726,917.43,8.85
2,727,908.38,8.82
2,728,921.72,8.87
2,729,923.05,8.88
2,730,939.93,8.95
2,731,944.22,8.96
2,732,1020.55,9.28
2,733,1017.9,8.74
2,734,1016.91,8.73
2,735,1001.09,8.67
2,736,1025.8,8.77
2,737,1025.1,8.01
2,738,1013.29,7.96
2,739,1034.22,8.05
2,740,1054.04,8.13
2,741,1066.52,8.18
2,742,1108.7,8.36
2,743,1118.46,8.4
2,744,1126.68,8.43
2,745,1131.18,8.45
2,746,1168.83,8.6
2,747,1172.02,8.62
2,748,1178.91,8.65
2,749,1192.77,8.7
2,750,1214.6,8.8
2,751,1221.88,8.83
2,752,1221.88,8.83
2,753,1221.88,8.83
2,754,1221.88,8.83
2,755,2756.53,23.59
2,756,2756.53,23.59
2,757,2756.53,23.59
2,758,2756.53,23.59
2,762,985.95,10.32
2,763,970.53,10.26
2,764,946.73,10.16
2,765,906.11,9.99
2,766,879.65,9.88
2,767,850.01,9.76
2,768,877.42,9.87
2,769,801.41,9.46
2,770,800.21,9.46
2,771,752.14,9.26
2,772,731.95,9.17
2,773,704.2,8.97
2,774,717.39,9.26
2,775,730.54,9.33
2,776,784.33,9.78
2,777,793.69,9.86
2,778,790.02,8.79
2,779,781.08,8.72
2,780,772.13,8.64
2,781,843.16,8.9
2,782,834.2,8.83
2,783,830.68,8.75
2,784,841.82,8.8
2,785,841.82,8.8
2,786,886.73,8.72
2,787,874.93,8.68
2,788,889.02,8.73
2,789,907.08,8.81
2,790,944.22,8.96
2,791,944.22,8.96
2,792,920.94,8.33
2,793,1017.9,8.74
2,794,967.69,8.53
2,795,998.26,7.9
2,796,1009.5,7.94
2,797,976.3,7.81
2,798,987.32,7.85
2,799,1022.65,8
2,800,1047.3,8.1
2,801,1080.76,8.24
2,802,1091.46,8.29
2,803,1095.8,8.3
2,804,1096.51,8.31
2,805,1121.23,8.41
2,806,1146.76,8.51
2,807,1150.52,8.53
2,808,1159.5,8.57
2,809,1176.71,8.64
2,810,1212.49,8.79
2,811,1214.6,8.8
2,812,1221.88,8.83
2,813,1221.88,8.83
2,814,1221.88,8.83
2,815,2756.53,23.59
2,816,2756.53,23.59
2,817,2756.53,23.59
2,818,2756.53,23.59
2,819,1023.58,5.24
2,822,983.98,10.32
2,823,959.05,10.21
2,824,950.57,10.18
2,825,918.07,10.04
2,826,924.18,10.07
2,827,906.83,9.99
2,828,900.45,9.88
2,829,846.83,9.65
2,830,783.66,9.39
2,831,774.43,9.35
2,832,798.3,9.45
2,833,701.07,8.9
2,834,697.88,8.83
2,835,723.72,9.41
2,836,726.9,9.48
2,837,789.99,8.79
2,838,781.04,8.72
2,839,772.1,8.64
2,840,763.15,8.57
2,841,754.21,8.49
2,842,825.23,8.75
2,843,816.23,8.68
2,844,807.48,8.61
2,845,818.24,8.58
2,846,838.86,8.53
2,847,853.79,8.59
2,848,874.33,8.67
2,849,888.83,8.59
2,850,894.17,8.62
2,851,900.94,8.64
2,852,916.69,8.32
2,853,938.73,8.41
2,854,966.69,8.52
2,855,971.56,8.55
2,856,944.62,7.67
2,857,954.41,7.72
2,858,996.22,7.89
2,859,1030.44,8.03
2,860,1053.98,8.13
2,861,1078.62,8.23
2,862,1064.77,8.18
2,863,1081.14,8.24
2,864,1082.81,8.25
2,865,1109.95,8.36
2,866,1125.39,8.42
2,867,1129.07,8.44
2,868,1145.91,8.51
2,869,1161.33,8.57
2,870,1189.12,8.69
2,871,1214.6,8.8
2,872,1214.6,8.8
2,873,1221.88,8.83
2,874,1221.88,8.83
2,875,1221.88,8.83
2,876,2756.53,23.59
2,877,2756.53,23.59
2,878,1005.16,5.16
2,879,1022.13,5.23
2,882,986.93,10.33
2,883,978.15,10.29
2,884,962.69,10.23
2,885,944.67,10.15
2,886,941.52,10.14
2,887,928.55,10.08
2,888,878.13,9.78
2,889,830.56,9.58
2,890,796.51,9.44
2,891,791.19,9.42
2,892,798.3,9.45
2,893,728.4,8.93
2,894,694.71,8.75
2,895,726.87,9.48
2,896,730.21,9.56
2,897,734.6,9.66
2,898,772.07,8.64
2,899,763.12,8.57
2,900,754.17,8.49
2,901,745.23,8.42
2,902,815.86,8.67
2,903,807.11,8.6
2,904,798.31,8.53
2,905,813.99,8.57
2,906,817.96,8.44
2,907,831.87,8.41
2,908,853.28,8.5
2,909,883.21,8.57
2,910,882.32,8.57
2,911,905.5,8.27
2,912,902.29,8.26
2,913,916.08,8.31
2,914,943.13,8.43
2,915,928.31,7.61
2,916,923.63,7.59
2,917,946.05,7.68
2,918,947.53,7.69
2,919,954.17,7.71
2,920,1063.63,8.17
2,921,1059.47,8.15
2,922,1042.82,8.08
2,923,1072.96,8.21
2,924,1080.15,8.24
2,925,1070.7,8.2
2,926,1098.05,8.31
2,927,1108.13,8.35
2,928,1117.09,8.39
2,929,1146.31,8.51
2,930,1175.06,8.63
2,931,1214.6,8.8
2,932,1214.6,8.8
2,933,1221.88,8.83
2,934,1221.88,8.83
2,935,1221.88,8.83
2,936,825.62,5.39
2,937,825.62,5.39
2,938,825.62,5.39
2,939,1005.16,5.16
2,942,1000.75,10.39
2,943,1002.78,10.39
2,944,973.15,10.27
2,945,966.45,10.24
2,946,946.91,10.16
2,947,862.78,9.72
2,948,853.26,9.68
2,949,828.28,9.57
2,950,808.32,9.49
2,951,861.88,9.19
2,952,741.44,8.98
2,953,741.44,8.98
2,954,691.54,8.68
2,955,688.43,8.6
2,956,733.37,9.63
2,957,737.62,9.73
2,958,741.6,9.83
2,959,754.14,8.49
2,960,745.2,8.42
2,961,736.25,8.34
2,962,744.5,8.28
2,963,763.4,8.36
2,964,781.88,8.43
2,965,792.54,8.3
2,966,790.67,8.32
2,967,822.83,8.35
2,968,822.21,8.32
2,969,849.1,8.43
2,970,875.72,8.54
2,971,870.6,8.12
2,972,871.18,8.13
2,973,905.03,8.27
2,974,928.44,8.37
2,975,905.34,8.18
2,976,893.69,7.46
2,977,947.62,7.69
2,978,933.98,7.63
2,979,940.3,7.66
2,980,1083.75,8.25
2,981,1030.25,8.03
2,982,1019.37,7.99
2,983,991.5,7.87
2,984,1036.58,8.05
2,985,1048.68,8.1
2,986,1074.9,8.21
2,987,1093.48,8.29
2,988,1101.95,8.33
2,989,1101.95,8.33
2,990,1148.15,8.52
2,991,1175.06,8.63
2,992,1214.6,8.8
2,993,1214.6,8.8
2,994,962.28,8.76
2,995,825.62,5.39
2,996,825.62,5.39
2,997,825.62,5.39
2,998,825.62,5.39
2,999,933.25,4.86
2,1002,1028.32,10.5
2,1003,1016.61,10.45
2,1004,987.62,10.33
2,1005,990.59,10.34
2,1006,898.89,9.87
2,1007,879.74,9.79
2,1008,869.57,9.75
2,1009,840.62,9.63
2,1010,851.36,9.15
2,1011,859.88,9.19
2,1012,883.15,9.28
2,1013,788.21,8.89
2,1014,737.28,8.68
2,1015,712.74,8.57
2,1016,688.04,8.47
2,1017,740,9.79
2,1018,743.97,9.88
2,1019,764.21,10.06
2,1020,736.22,8.34
2,1021,727.27,8.27
2,1022,730.65,8.22
2,1023,757.8,8.33
2,1024,765.63,8.47
2,1025,779.11,8.23
2,1026,784.46,8.22
2,1027,789.74,8.18
2,1028,812.58,8.05
2,1029,827.07,8.03
2,1030,842.26,8.09
2,1031,834.48,7.97
2,1032,848.59,8.03
2,1033,909.93,8.2
2,1034,885.71,8.1
2,1035,892.19,8.13
2,1036,887.18,7.44
2,1037,917.3,7.56
2,1038,883.18,7.42
2,1039,1116.11,8.39
2,1040,1104.41,8.34
2,1041,1013.45,7.96
2,1042,992.27,7.87
2,1043,978.53,7.82
2,1044,1024.93,8
2,1045,1039.82,8.07
2,1046,1060.36,8.15
2,1047,1079.19,8.23
2,1048,1082.49,8.24
2,1049,1093.48,8.29
2,1050,1101.95,8.33
2,1051,962.28,8.76
2,1052,962.28,8.76
2,1053,962.28,8.76
2,1054,962.28,8.76
2,1055,825.62,5.39
2,1056,825.62,5.39
2,1057,825.62,5.39
2,1058,825.62,5.39
2,1059,922.68,4.82
2,1060,928.3,4.84
2,1061,933.25,4.86
2,1062,950.36,4.93
2,1063,959.05,4.97
2,1064,965.49,5
2,1065,990.46,5.1
2,1066,1012.32,5.19
2,1067,1034.95,5.29
2,1068,975.31,5.04
2,1069,995.64,5.12
2,1070,1011.95,5.19
2,1071,993.69,5.11
2,1072,1004.97,5.16
2,1073,1024.26,5.24
2,1074,1039.92,5.31
2,1075,1055.58,5.37
2,1076,1071.24,5.44
2,1077,751.01,3.27
2,1078,751.01,3.27
2,1079,740.67,3.22
2,1082,1042.15,10.47
2,1083,1024.86,10.39
2,1084,996.05,10.27
2,1085,980.57,10.21
2,1086,911.95,9.92
2,1087,892.64,9.84
2,1088,891.35,9.84
2,1089,863.34,9.2
2,1090,861.84,9.19
2,1091,831.59,9.07
2,1092,792.51,8.91
2,1093,767.26,8.8
2,1094,741.97,8.69
2,1095,726.4,8.56
2,1096,703.36,8.46
2,1097,675.89,8.31
2,1098,746.35,9.94
2,1099,764.21,10.06
2,1100,754.24,10.13
2,1101,698.95,8.09
2,1102,718,8.17
2,1103,733.52,8.33
2,1104,766.9,8.09
2,1105,768.38,8.09
2,1106,759.24,8.06
2,1107,780.59,7.92
2,1108,792.51,7.94
2,1109,799.53,7.91
2,1110,801.54,7.89
2,1111,817.25,7.9
2,1112,845.25,7.93
2,1113,845.54,7.93
2,1114,859.64,7.99
2,1115,851.34,7.29
2,1116,882.72,7.42
2,1117,924.47,7.59
2,1118,873.89,7.38
2,1119,860.5,7.32
2,1120,882.53,7.42
2,1121,907.87,7.52
2,1122,967.31,7.77
2,1123,994.47,7.88
2,1124,1009.9,7.94
2,1125,1019.96,7.98
2,1126,1059.5,8.15
2,1127,1063,8.16
2,1128,1082.49,8.24
2,1129,1082.49,8.24
2,1130,962.28,8.76
2,1131,962.28,8.76
2,1132,962.28,8.76
2,1133,962.28,8.76
2,1134,962.28,8.76
2,1135,825.62,5.39
2,1136,825.62,5.39
2,1137,825.62,5.39
2,1138,825.62,5.39
2,1139,825.62,5.39
2,1140,915.71,4.79
2,1141,922.68,4.82
2,1142,929.25,4.84
2,1143,939.65,4.89
2,1144,958.35,4.97
2,1145,979.96,5.06
2,1146,1003.88,5.16
2,1147,948.65,4.93
2,1148,963.29,4.99
2,1149,983.96,5.07
2,1150,963.15,4.99
2,1151,974.84,5.03
2,1152,986.29,5.08
2,1153,997.57,5.13
2,1154,1008.85,5.18
2,1155,1039.63,5.3
2,1156,1055.29,5.37
2,1157,760.04,3.3
2,1158,760.04,3.3
2,1159,751.01,3.27
2,1162,1169.49,11.09
2,1163,1033.48,10.43
2,1164,995.65,10.27
2,1165,943.96,10.06
2,1166,924.37,9.97
2,1167,913.21,9.93
2,1168,913.87,9.93
2,1169,863.34,9.2
2,1170,863.34,9.2
2,1171,826.09,9.05
2,1172,797.81,8.93
2,1173,798.49,8.86
2,1174,774.28,8.76
2,1175,738.14,8.61
2,1176,713.12,8.5
2,1177,703.49,8.32
2,1178,685.88,8.24
2,1179,665.59,8.06
2,1180,756.66,10.18
2,1181,685.82,8.03
2,1182,701.43,8.2
2,1183,724.58,8
2,1184,733.03,7.99
2,1185,725.76,7.91
2,1186,749.97,8.02
2,1187,760.6,7.81
2,1188,771.34,7.8
2,1189,776.57,7.79
2,1190,781.43,7.75
2,1191,796.96,7.82
2,1192,813.42,7.83
2,1193,824.3,7.84
2,1194,827.7,7.86
2,1195,830.8,7.2
2,1196,874.53,7.38
2,1197,898.05,7.48
2,1198,832.6,7.21
2,1199,859.24,7.32
2,1200,883.71,7.42
2,1201,930.42,7.62
2,1202,943.55,7.67
2,1203,971.66,7.79
2,1204,991.15,7.86
2,1205,1003.94,7.92
2,1206,1014.81,7.96
2,1207,1059.5,8.15
2,1208,1063,8.16
2,1209,962.28,8.76
2,1210,962.28,8.76
2,1211,962.28,8.76
2,1212,962.28,8.76
2,1213,962.28,8.76
2,1214,962.28,8.76
2,1215,825.62,5.39
2,1216,825.62,5.39
2,1217,825.62,5.39
2,1218,825.62,5.39
2,1219,825.62,5.39
2,1220,871.09,4.6
2,1221,906.25,4.75
2,1222,910.23,4.77
2,1223,926.69,4.83
2,1224,947.54,4.92
2,1225,969.46,5.01
2,1226,920.39,4.81
2,1227,931.91,4.86
2,1228,943.04,4.9
2,1229,932.11,4.86
2,1230,944.26,4.91
2,1231,956.37,4.96
2,1232,968.07,5.01
2,1233,979.76,5.06
2,1234,990.17,5.1
2,1235,1001.45,5.15
2,1236,837.56,3.63
2,1237,835.08,3.62
2,1238,760.04,3.3
2,1239,760.04,3.3
2,1242,1031.92,10.42
2,1243,1022.38,10.38
2,1244,975.98,10.19
2,1245,966.39,10.15
2,1246,936.79,10.03
2,1247,934.32,10.02
2,1248,937.59,9.51
2,1249,908.7,9.39
2,1250,868.9,9.22
2,1251,848.64,9.14
2,1252,832.18,9
2,1253,803.16,8.88
2,1254,779.47,8.78
2,1255,778.19,8.63
2,1256,736.61,8.45
2,1257,717.01,8.37
2,1258,703.52,8.32
2,1259,678.21,8.03
2,1260,664.44,7.95
2,1261,665.94,8.04
2,1262,686.76,8.18
2,1263,703.51,8.32
2,1264,693.91,7.79
2,1265,721.83,7.9
2,1266,743.82,8.18
2,1267,742.86,8.17
2,1268,744.58,7.66
2,1269,756.48,7.68
2,1270,775.98,7.73
2,1271,773.1,7.66
2,1272,791.73,7.71
2,1273,814.57,7.8
2,1274,816.99,7.14
2,1275,817.32,7.14
2,1276,822.35,7.16
2,1277,824.38,7.17
2,1278,815.5,7.14
2,1279,880.3,7.41
2,1280,891.18,7.45
2,1281,921.45,7.58
2,1282,958.64,7.73
2,1283,962.1,7.74
2,1284,969.14,7.77
2,1285,944.29,8.35
2,1286,944.29,8.35
2,1287,957.9,8.4
2,1288,957.9,8.4
2,1289,934.23,8.64
2,1290,962.28,8.76
2,1291,962.28,8.76
2,1292,962.28,8.76
2,1293,962.28,8.76
2,1294,962.28,8.76
2,1295,825.62,5.39
2,1296,825.62,5.39
2,1297,825.62,5.39
2,1298,825.62,5.39
2,1299,825.62,5.39
2,1300,861.25,4.56
2,1301,871.09,4.6
2,1302,889.22,4.68
2,1303,907.83,4.76
2,1304,936.59,4.88
2,1305,898.04,4.71
2,1306,898.04,4.71
2,1307,913.97,4.78
2,1308,925.89,4.83
2,1309,914.35,4.78
2,1310,921.03,4.81
2,1311,952.15,4.94
2,1312,952.15,4.94
2,1313,961.29,4.98
2,1314,972.99,5.03
2,1315,863.61,3.73
2,1316,862.77,3.73
2,1317,837.56,3.63
2,1318,835.08,3.62
2,1319,792.88,3.44
2,1322,1024.58,10.39
2,1323,1008.01,10.32
2,1324,992.76,10.26
2,1325,984.03,10.22
2,1326,959.15,10.12
2,1327,958.15,10.12
2,1328,924.31,9.45
2,1329,902.83,9.37
2,1330,891.8,9.32
2,1331,862.67,9.13
2,1332,827.92,8.98
2,1333,812.96,8.92
2,1334,793.97,8.69
2,1335,772.74,8.6
2,1336,748.38,8.5
2,1337,740.44,8.47
2,1338,760.05,8.55
2,1339,688.38,8.08
2,1340,702.04,8.16
2,1341,665.17,7.83
2,1342,672.31,8.19
2,1343,658.51,7.63
2,1344,681.18,7.73
2,1345,725.31,7.91
2,1346,710.76,8.04
2,1347,740.57,8.16
2,1348,730.4,7.57
2,1349,735.59,7.56
2,1350,740.92,7.53
2,1351,755.49,7.56
2,1352,778.12,7.65
2,1353,820.81,7.83
2,1354,784.33,7.01
2,1355,793.09,7.04
2,1356,801.55,7.08
2,1357,786.37,7.01
2,1358,799.36,7.07
2,1359,893.02,7.46
2,1360,877.35,7.39
2,1361,897.26,7.48
2,1362,909.75,7.53
2,1363,935.53,7.63
2,1364,934.44,8.31
2,1365,944.29,8.35
2,1366,957.9,8.4
2,1367,957.9,8.4
2,1368,968.66,8.45
2,1369,934.18,8.64
2,1370,959.68,8.75
2,1371,962.28,8.76
2,1372,962.28,8.76
2,1373,962.28,8.76
2,1374,962.28,8.76
2,1375,791.26,5.25
2,1376,825.62,5.39
2,1377,825.62,5.39
2,1378,825.62,5.39
2,1379,822.88,5.38
2,1380,849.13,4.51
2,1381,857.55,4.55
2,1382,874.92,4.62
2,1383,907.83,4.76
2,1384,907.83,4.76
2,1385,869.98,4.6
2,1386,882.32,4.65
2,1387,892.83,4.69
2,1388,889.38,4.68
2,1389,893.77,4.7
2,1390,899.3,4.72
2,1391,907.09,4.75
2,1392,952.15,4.94
2,1393,952.15,4.94
2,1394,954.52,4.95
2,1395,870.96,3.77
2,1396,864.31,3.74
2,1397,861.39,3.73
2,1398,838.96,3.63
2,1399,833.25,3.61
2,1401,1033.86,10.44
2,1402,1035.33,10.45
2,1403,1047.48,10.52
2,1404,1004.4,10.31
2,1405,999.61,10.29
2,1406,979.48,10.2
2,1407,979.82,10.21
2,1408,938.06,9.44
2,1409,916.21,9.35
2,1410,894.83,9.26
2,1411,884.04,9.21
2,1412,850.26,9.07
2,1413,830.21,8.99
2,1414,810.4,8.76
2,1415,783.56,8.65
2,1416,761.97,8.56
2,1417,798.09,8.71
2,1418,763,8.24
2,1419,718.67,8.25
2,1420,696.07,7.96
2,1421,683.05,7.9
2,1422,646.51,7.61
2,1423,642.55,7.52
2,1424,697,7.98
2,1425,677.21,7.9
2,1426,707.96,8.03
2,1427,724.8,8.29
2,1428,729.34,8.31
2,1429,708.68,7.4
2,1430,719.59,7.41
2,1431,734.41,7.4
2,1432,744.47,7.4
2,1433,735.91,7.36
2,1434,761.16,6.91
2,1435,785.47,7.01
2,1436,762.87,6.92
2,1437,778.32,6.98
2,1438,807.71,7.1
2,1439,830.13,7.2
2,1440,853.46,7.29
2,1441,884.68,7.42
2,1442,905.73,7.51
2,1443,925.41,7.59
2,1444,916.17,8.23
2,1445,937.76,8.32
2,1446,957.9,8.4
2,1447,968.91,8.45
2,1448,936.5,8.65
2,1449,927.7,8.62
2,1450,937.84,8.66
2,1451,962.28,8.76
2,1452,962.28,8.76
2,1453,962.28,8.76
2,1454,771.01,5.17
2,1455,789.41,5.24
2,1456,791.26,5.25
2,1457,808.2,5.32
2,1458,817.17,5.36
2,1459,823.04,4.4
2,1460,825.09,4.41
2,1461,841.31,4.48
2,1462,853.85,4.53
2,1463,907.83,4.76
2,1464,873.81,4.61
2,1465,868.05,4.59
2,1466,864.91,4.58
2,1467,880.58,4.64
2,1468,859.67,4.55
2,1469,872,4.61
2,1470,881.14,4.64
2,1471,882.51,4.65
2,1472,882.51,4.65
2,1473,882.51,4.65
2,1474,849.39,4.63
2,1475,854.23,4.65
2,1476,855.26,4.66
2,1477,869.21,3.76
2,1478,860.02,3.72
2,1479,842.65,3.65
2,1481,1036.48,10.46
2,1482,1045.26,10.51
2,1483,1060.18,10.59
2,1484,1073.94,10.67
2,1485,1081.7,10.71
2,1486,999.56,10.29
2,1487,1001.78,10.3
2,1488,938.06,9.44
2,1489,927.61,9.4
2,1490,918.33,9.36
2,1491,871.7,9.16
2,1492,881.41,9.2
2,1493,840.29,8.89
2,1494,841.14,8.89
2,1495,853.21,8.94
2,1496,840.93,8.89
2,1497,824.5,8.82
2,1498,762.25,8.23
2,1499,738.83,8.14
2,1500,715.67,8.04
2,1501,727.65,8.09
2,1502,644.08,7.56
2,1503,640.13,7.46
2,1504,636.18,7.37
2,1505,659.91,7.89
2,1506,699.96,8.19
2,1507,697.31,8.18
2,1508,723.87,8.33
2,1509,711.19,7.37
2,1510,699.73,7.3
2,1511,713.76,7.27
2,1512,714.82,7.27
2,1513,716.34,7.25
2,1514,739.91,6.82
2,1515,760.91,6.91
2,1516,738.95,6.82
2,1517,797.25,7.06
2,1518,797.99,7.06
2,1519,825.37,7.18
2,1520,822.51,7.17
2,1521,853.37,7.29
2,1522,874.05,7.38
2,1523,885.31,8.1
2,1524,894.36,8.14
2,1525,926.43,8.27
2,1526,966.42,8.78
2,1527,948.18,8.7
2,1528,922.79,8.6
2,1529,915.14,8.56
2,1530,933.52,8.64
2,1531,953.44,8.72
2,1532,962.28,8.76
2,1533,962.28,8.76
2,1534,768.89,5.16
2,1535,768.89,5.16
2,1536,771.07,5.17
2,1537,786.89,5.23
2,1538,799.68,5.29
2,1539,812.47,4.36
2,1540,809.04,4.34
2,1541,805.65,4.33
2,1542,834.39,4.45
2,1543,873.81,4.61
2,1544,873.81,4.61
2,1545,873.81,4.61
2,1546,839.9,4.47
2,1547,826.7,4.42
2,1548,840.97,4.48
2,1549,855.56,4.54
2,1550,866.03,4.58
2,1551,866.03,4.58
2,1552,866.03,4.58
2,1553,866.03,4.58
2,1554,806.94,4.46
2,1555,829.49,4.55
2,1556,849.83,4.63
2,1557,856.97,4.66
2,1558,872.41,3.77
2,1559,858.64,3.71
2,1561,1043.02,10.49
2,1562,1058.77,10.58
2,1563,1073.03,10.66
2,1564,1087.58,10.74
2,1565,1093.04,10.77
2,1566,1023.78,10.39
2,1567,1024.19,10.39
2,1568,1024.6,10.39
2,1569,948,9.33
2,1570,938.74,9.3
2,1571,895.59,9.12
2,1572,876.33,9.04
2,1573,864.95,8.99
2,1574,882.07,9.06
2,1575,869.13,9.01
2,1576,845.04,8.91
2,1577,819.64,8.47
2,1578,803,8.4
2,1579,745.36,8.16
2,1580,738.09,8.13
2,1581,727.65,8.09
2,1582,727.65,8.09
2,1583,638.05,7.41
2,1584,656.92,7.34
2,1585,643.01,7.28
2,1586,625.86,7.13
2,1587,688.85,8.19
2,1588,698.58,8.33
2,1589,721.86,7.37
2,1590,681.63,7.18
2,1591,684.97,7.15
2,1592,694.61,7.16
2,1593,719.51,6.88
2,1594,718.95,6.73
2,1595,745.53,6.84
2,1596,718.43,6.73
2,1597,746.88,6.85
2,1598,771.84,6.95
2,1599,797.28,7.06
2,1600,830.08,7.2
2,1601,834.28,7.21
2,1602,847.74,7.95
2,1603,861.87,8
2,1604,903.88,8.18
2,1605,910.71,8.21
2,1606,953.68,8.73
2,1607,940.08,8.67
2,1608,912.83,8.56
2,1609,901.7,8.51
2,1610,919.74,8.58
2,1611,943.75,8.68
2,1612,959.96,8.75
2,1613,962.28,8.76
2,1614,767.37,5.15
2,1615,767.37,5.15
2,1616,762.42,5.13
2,1617,757.49,5.11
2,1618,773.02,5.17
2,1619,793.37,5.26
2,1620,785.67,4.25
2,1621,786.56,4.25
2,1622,787.45,4.25
2,1623,818.36,4.38
2,1624,818.36,4.38
2,1625,818.36,4.38
2,1626,811.16,4.35
2,1627,814.9,4.37
2,1628,824.67,4.41
2,1629,842.91,4.48
2,1630,851.45,4.52
2,1631,864.83,4.58
2,1632,866.03,4.58
2,1633,691.63,4.11
2,1634,804.16,4.44
2,1635,807.99,4.46
2,1636,829.49,4.55
2,1637,847.97,4.63
2,1638,858.69,4.67
2,1639,868.99,4.71
2,1641,1300.69,11.3
2,1642,1071.62,10.65
2,1643,1087.89,10.74
2,1644,1093.04,10.77
2,1645,1093.04,10.77
2,1646,1045.91,10.48
2,1647,1046.32,10.48
2,1648,1046.73,10.48
2,1649,970.02,9.43
2,1650,925.48,9.24
2,1651,906.91,9.16
2,1652,878.23,9.04
2,1653,914.3,9.19
2,1654,896.39,9.12
2,1655,925.13,8.91
2,1656,884.03,8.74
2,1657,801.81,8.4
2,1658,780.29,8.31
2,1659,764.88,8.24
2,1660,760.85,8.23
2,1661,727.65,8.09
2,1662,727.65,8.09
2,1663,656.92,7.34
2,1664,656.92,7.34
2,1665,656.92,7.34
2,1666,640.78,7.13
2,1667,646.54,7.15
2,1668,676.56,8.28
2,1669,712.54,7.26
2,1670,689.85,7.17
2,1671,663.86,7.03
2,1672,677.73,7.08
2,1673,686.28,6.71
2,1674,687.69,6.6
2,1675,686.63,6.6
2,1676,717.77,6.73
2,1677,744.1,6.84
2,1678,762.03,6.91
2,1679,779.74,6.98
2,1680,800.58,7.07
2,1681,831.11,7.2
2,1682,826.13,7.86
2,1683,820.31,7.83
2,1684,814.48,7.81
2,1685,909.61,8.2
2,1686,952.05,8.72
2,1687,930.46,8.63
2,1688,871.18,8.38
2,1689,883.7,8.43
2,1690,896.22,8.49
2,1691,940.85,8.67
2,1692,947.2,8.7
2,1693,721.23,4.96
2,1694,723.72,4.97
2,1695,726.66,4.98
2,1696,735.68,5.02
2,1697,745.09,5.06
2,1698,768.33,5.16
2,1699,781.26,5.21
2,1700,763.94,4.16
2,1701,766.84,4.17
2,1702,769.75,4.18
2,1703,816.54,4.38
2,1704,805.93,4.33
2,1705,798.33,4.3
2,1706,788.52,4.26
2,1707,792.38,4.27
2,1708,801.86,4.31
2,1709,802.03,4.31
2,1710,844.42,4.49
2,1711,847.34,4.5
2,1712,691.63,4.11
2,1713,691.63,4.11
2,1714,775.73,4.33
2,1715,800.46,4.43
2,1716,808.42,4.46
2,1717,827.03,4.54
2,1718,839.41,4.59
2,1719,860.4,4.68
2,1721,1292.47,11.23
2,1722,1282.56,11.15
2,1723,1093.04,10.77
2,1724,1093.04,10.77
2,1725,1093.04,10.77
2,1726,1063.96,10.56
2,1727,1068.73,10.58
2,1728,1003.35,9.56
2,1729,985.93,9.49
2,1730,981.04,9.47
2,1731,910.42,9.18
2,1732,973.96,9.12
2,1733,931.96,8.94
2,1734,918.52,8.88
2,1735,882.73,8.74
2,1736,830.63,8.52
2,1737,812.93,8.44
2,1738,794.59,8.37
2,1739,787.68,8.34
2,1740,813.49,8.45
2,1741,813.49,8.45
2,1742,813.49,8.45
2,1743,656.92,7.34
2,1744,678.15,7.28
2,1745,670.38,7.25
2,1746,657.07,7.2
2,1747,665.43,7.23
2,1748,660.48,7
2,1749,682.95,8.43
2,1750,624.72,6.85
2,1751,643.35,6.92
2,1752,664.78,6.64
2,1753,662.18,6.58
2,1754,684.25,6.59
2,1755,670.05,6.53
2,1756,720.43,6.74
2,1757,721.03,6.74
2,1758,746.87,6.85
2,1759,776.8,6.97
2,1760,773.63,7.45
2,1761,772.48,7.45
2,1762,803.45,7.76
2,1763,798.35,7.74
2,1764,786.85,7.69
2,1765,814.47,7.81
2,1766,827.66,8.2
2,1767,839.68,8.25
2,1768,853.2,8.31
2,1769,865.9,8.36
2,1770,872.29,8.42
2,1771,872.29,8.42
2,1772,872.29,8.42
2,1773,711.18,4.92
2,1774,711.18,4.92
2,1775,711.18,4.92
2,1776,714.29,4.93
2,1777,727.82,4.99
2,1778,746.9,5.07
2,1779,737.36,4.05
2,1780,745.92,4.08
2,1781,756.64,4.13
2,1782,705.21,3.91
2,1783,776.41,4.21
2,1784,776.41,4.21
2,1785,774.91,4.2
2,1786,767.79,4.17
2,1787,771.33,4.19
2,1788,787.41,4.25
2,1789,801.86,4.31
2,1790,801.86,4.31
2,1791,691.63,4.11
2,1792,691.63,4.11
2,1793,691.63,4.11
2,1794,773.26,4.32
2,1795,776.38,4.33
2,1796,800.43,4.43
2,1797,811.57,4.48
2,1798,818.91,4.51
2,1799,340.39,1.43
2,1801,1284.25,11.17
2,1802,1274.68,11.09
2,1803,1264.91,11
2,1804,1093.04,10.77
2,1805,1073.63,10.6
2,1806,1076.46,10.61
2,1807,1064.4,9.82
2,1808,1017.16,9.62
2,1809,998.33,9.54
2,1810,984.83,9.49
2,1811,969.99,9.1
2,1812,969.39,9.1
2,1813,969.34,9.1
2,1814,897.85,8.8
2,1815,872.64,8.69
2,1816,855.17,8.62
2,1817,825.82,8.5
2,1818,847.24,8.59
2,1819,811.55,8.44
2,1820,813.49,8.45
2,1821,813.49,8.45
2,1822,720.93,7.46
2,1823,710.78,7.42
2,1824,700.64,7.38
2,1825,690.49,7.34
2,1826,682.84,7.3
2,1827,655.36,6.98
2,1828,640.66,6.92
2,1829,611.36,6.76
2,1830,602.82,6.58
2,1831,617.5,6.92
2,1832,639.92,7.14
2,1833,646.57,6.48
2,1834,638.07,6.4
2,1835,655.14,6.46
2,1836,682.87,6.58
2,1837,713.76,6.71
2,1838,744.02,6.83
2,1839,775.24,7.46
2,1840,754.32,7.37
2,1841,754.99,7.37
2,1842,767.25,7.61
2,1843,780.45,7.67
2,1844,809.72,7.79
2,1845,814.47,7.81
2,1846,811.42,8.13
2,1847,822.1,8.18
2,1848,833.23,8.24
2,1849,872.29,8.42
2,1850,867.6,8.4
2,1851,881.02,8.5
2,1852,881.02,8.5
2,1853,696.53,4.86
2,1854,695.97,4.85
2,1855,692.42,4.84
2,1856,688.12,4.82
2,1857,711.98,4.92
2,1858,730.79,5
2,1859,716.06,3.96
2,1860,724.93,3.99
2,1861,705.21,3.91
2,1862,705.21,3.91
2,1863,685.82,3.83
2,1864,765.33,4.16
2,1865,751.28,4.1
2,1866,743.55,4.07
2,1867,752.99,4.11
2,1868,758.33,4.13
2,1869,771.33,4.19
2,1870,691.63,4.11
2,1871,691.63,4.11
2,1872,691.63,4.11
2,1873,691.63,4.11
2,1874,691.63,4.11
2,1875,765.14,4.28
2,1876,777.03,4.33
2,1877,792.37,4.4
2,1878,813.18,4.48
2,1879,325.18,1.36
2,1880,341.78,1.43
2,1881,358.2,1.5
2,1882,314.62,1.45
2,1883,294.57,1.36
2,1884,301.24,1.42
2,1885,315.81,1.32
2,1886,292.65,1.22
2,1887,267.91,1.12
2,1888,256.25,1.07
2,1891,1276.11,11.1
2,1892,1266.34,11.02
2,1893,1256.57,10.93
2,1894,1246.8,10.85
2,1895,1069.55,9.84
2,1896,1050.34,9.76
2,1897,1040.74,9.72
2,1898,1042.72,9.73
2,1899,1014.98,9.61
2,1900,1003.72,9.24
2,1901,1003.72,9.24
2,1902,969.99,9.1
2,1903,934.86,8.95
2,1904,910.7,8.85
2,1905,868.76,8.68
2,1906,848.63,8.59
2,1907,858.97,8.64
2,1908,861.29,8.65
2,1909,832.87,8.53
2,1910,832.87,8.53
2,1911,876.69,7.94
2,1912,847.68,7.82
2,1913,723.23,7.47
2,1914,719.88,7.46
2,1915,709.74,7.42
2,1916,668.32,7.07
2,1917,647.19,6.98
2,1918,630.51,6.89
2,1919,630.29,6.95
2,1920,660.39,7.15
2,1921,596.47,6.43
2,1922,623.86,7.07
2,1923,606.75,6.26
2,1924,618.84,6.31
2,1925,662.51,6.49
2,1926,692.42,6.62
2,1927,682.66,6.91
2,1928,680.91,6.9
2,1929,754.93,7.37
2,1930,731.87,7.28
2,1931,755.84,7.38
2,1932,754.85,7.56
2,1933,772.02,7.63
2,1934,801.08,7.75
2,1935,814.47,7.81
2,1936,791.51,8.05
2,1937,803.97,8.1
2,1938,845.96,8.31
2,1939,864.25,8.41
2,1940,881.02,8.5
2,1941,881.02,8.5
2,1942,881.02,8.5
2,1943,658.45,4.7
2,1944,658.45,4.7
2,1945,662.45,4.71
2,1946,674.29,4.76
2,1947,687.38,4.82
2,1948,704.51,4.89
2,1949,695.07,3.87
2,1950,708.01,3.92
2,1951,705.21,3.91
2,1952,685.82,3.83
2,1953,685.82,3.83
2,1954,701.86,3.9
2,1955,714.58,3.95
2,1956,723.07,3.99
2,1957,727.49,4
2,1958,752.61,4.11
2,1959,752.61,4.11
2,1960,691.63,4.11
2,1961,691.63,4.11
2,1962,691.63,4.11
2,1963,691.63,4.11
2,1964,691.63,4.11
2,1965,745.93,4.2
2,1966,755.46,4.24
2,1967,784.22,4.36
2,1968,295.97,1.24
2,1969,309.97,1.3
2,1970,326.58,1.37
2,1971,343.18,1.44
2,1972,265.1,1.22
2,1973,277.26,1.29
2,1974,289.99,1.36
2,1975,288.42,1.2
2,1976,278.87,1.16
2,1977,254.76,1.06
2,1978,241.1,1
2,1981,1267.77,11.03
2,1982,1258,10.95
2,1983,1248.23,10.86
2,1984,1238.46,10.78
2,1985,1078.63,9.88
2,1986,1072.38,9.85
2,1987,1066.54,9.83
2,1988,1059.39,9.8
2,1989,1053.54,9.77
2,1990,1010.6,9.27
2,1991,997.21,9.21
2,1992,963.72,9.07
2,1993,944.98,8.99
2,1994,927.29,8.92
2,1995,933.48,8.95
2,1996,933.48,8.95
2,1997,891.26,8.77
2,1998,858.88,8.64
2,1999,862.6,8.65
2,2000,878,7.94
2,2001,850.75,7.83
2,2002,844.51,7.8
2,2003,753.69,7.42
2,2004,741.51,7.37
2,2005,712.28,7.25
2,2006,679.46,7.11
2,2007,657.8,7.02
2,2008,638.85,6.97
2,2009,624.64,6.98
2,2010,663.55,7.17
2,2011,612.22,6.42
2,2012,597.34,6.34
2,2013,630.21,7.22
2,2014,591.63,6.27
2,2015,595.59,6.36
2,2016,679.84,6.9
2,2017,660.65,6.82
2,2018,768.17,7.43
2,2019,768.17,7.43
2,2020,710.18,7.19
2,2021,731.06,7.46
2,2022,730.93,7.46
2,2023,776.68,7.65
2,2024,788.51,7.7
2,2025,760.73,7.92
2,2026,773.84,7.98
2,2027,807.13,8.63
2,2028,797.38,8.58
2,2029,873.61,8.46
2,2030,881.02,8.5
2,2031,808.17,8.64
2,2032,808.17,8.64
2,2033,650.47,4.66
2,2034,649.18,4.66
2,2035,646.42,4.65
2,2036,652.93,4.67
2,2037,682.1,4.8
2,2038,699.44,4.87
2,2039,734.1,4.03
2,2040,678.4,3.8
2,2041,679.09,3.8
2,2042,685.82,3.83
2,2043,685.82,3.83
2,2044,675.56,3.79
2,2045,700.81,3.89
2,2046,695.07,3.87
2,2047,711.49,3.94
2,2048,719.94,3.97
2,2049,727.49,4
2,2050,691.63,4.11
2,2051,691.34,4.11
2,2052,688.93,4.09
2,2053,686.43,4.07
2,2054,716.05,4.08
2,2055,727.01,4.12
2,2056,733.3,4.15
2,2057,289.44,1.21
2,2058,278.15,1.17
2,2059,294.76,1.24
2,2060,311.37,1.31
2,2061,240.95,1.08
2,2062,253.44,1.15
2,2063,265.61,1.22
2,2064,277.77,1.29
2,2065,288.42,1.2
2,2066,266.53,1.11
2,2067,209.25,0.87
2,2068,225.94,0.94
2,2071,1259.43,10.96
2,2072,1249.66,10.88
2,2073,1239.89,10.8
2,2074,1229.98,10.71
2,2075,1220.14,10.63
2,2076,1093.15,9.94
2,2077,1086.9,9.91
2,2078,1080.65,9.89
2,2079,1010.6,9.27
2,2080,1010.6,9.27
2,2081,995.36,9.2
2,2082,994,9.2
2,2083,1018.75,9.3
2,2084,1019.41,9.3
2,2085,933.48,8.95
2,2086,932.6,8.94
2,2087,910.6,8.85
2,2088,878.61,8.72
2,2089,893.96,8.78
2,2090,869.49,7.91
2,2091,847.95,7.82
2,2092,808.11,7.65
2,2093,774.7,7.51
2,2094,757.24,7.44
2,2095,707.43,7.23
2,2096,699.14,7.2
2,2097,712.2,7.58
2,2098,695.42,7.51
2,2099,629.69,7.06
2,2100,636.35,6.56
2,2101,621.25,6.47
2,2102,616.65,6.3
2,2103,610.64,6.29
2,2104,579.95,6.04
2,2105,598.19,6.42
2,2106,628.07,6.68
2,2107,639.75,6.73
2,2108,672.83,7.03
2,2109,680.28,7.06
2,2110,700.3,7.15
2,2111,700.38,7.33
2,2112,713.23,7.39
2,2113,761.31,7.92
2,2114,745.47,7.86
2,2115,743.59,7.85
2,2116,756.35,7.9
2,2117,768.52,7.99
2,2118,781.67,8.49
2,2119,794.52,8.56
2,2120,808.34,8.64
2,2121,808.34,8.64
2,2122,808.34,8.64
2,2123,598.87,4.45
2,2124,602.9,4.47
2,2125,609.09,4.49
2,2126,645.98,4.65
2,2127,661.91,4.71
2,2128,652.74,3.69
2,2129,643.47,3.65
2,2130,646.43,3.67
2,2131,674.95,3.79
2,2132,677.38,3.8
2,2133,653.76,3.7
2,2134,656.11,3.71
2,2135,670.66,3.77
2,2136,686.49,3.83
2,2137,688.09,3.84
2,2138,688.72,3.84
2,2139,561.88,3.35
2,2140,676.76,3.98
2,2141,676.24,3.98
2,2142,675.73,3.98
2,2143,675.11,3.97
2,2144,695.5,3.99
2,2145,709.46,4.05
2,2146,724.5,4.11
2,2147,304.93,1.28
2,2148,288.37,1.21
2,2149,268.02,1.12
2,2150,217.24,0.95
2,2151,229.74,1.02
2,2152,242.23,1.09
2,2153,254.72,1.16
2,2154,266.29,1.22
2,2155,160.85,0.67
2,2156,177.45,0.74
2,2157,194.04,0.81
2,2158,210.64,0.88
2,2160,1260.99,10.97
2,2161,1251.22,10.89
2,2162,1241.45,10.81
2,2163,1231.68,10.73
2,2164,1221.84,10.64
2,2165,1211.73,10.56
2,2166,1114.71,10.03
2,2167,1107.69,10
2,2168,1100.67,9.97
2,2169,1019.97,9.31
2,2170,1019.97,9.31
2,2171,1011.38,9.27
2,2172,1011.01,9.27
2,2173,1031.87,9.36
2,2174,1036.49,9.38
2,2175,933.52,8.95
2,2176,938.05,8.97
2,2177,910.49,8.85
2,2178,899.54,8.81
2,2179,915.8,8.87
2,2180,873.66,7.92
2,2181,833.38,7.76
2,2182,809.19,7.66
2,2183,788.84,7.57
2,2184,787.66,7.57
2,2185,729.04,7.32
2,2186,714.15,7.26
2,2187,692.25,7.49
2,2188,677.36,7.43
2,2189,645.2,7.23
2,2190,638.39,7.21
2,2191,648.4,6.44
2,2192,627.29,6.35
2,2193,623.37,6.36
2,2194,592.21,6.01
2,2195,573.59,5.89
2,2196,604.53,6.57
2,2197,616.72,6.67
2,2198,662.07,6.99
2,2199,666.94,7.01
2,2200,692.64,7.11
2,2201,695.27,7.31
2,2202,715.71,7.4
2,2203,753.44,7.89
2,2204,728.04,7.79
2,2205,725.56,7.77
2,2206,755.12,7.92
2,2207,768.52,7.99
2,2208,765.3,8.4
2,2209,756.49,8.35
2,2210,808.34,8.64
2,2211,808.34,8.64
2,2212,736.65,8.41
2,2213,589.8,4.41
2,2214,590.47,4.41
2,2215,595.54,4.44
2,2216,644.35,4.64
2,2217,688.86,4.82
2,2218,709.65,4.91
2,2219,623.03,3.57
2,2220,624.61,3.58
2,2221,635.46,3.62
2,2222,675.07,3.79
2,2223,620.04,3.56
2,2224,636.01,3.62
2,2225,647.99,3.67
2,2226,663.9,3.74
2,2227,686.49,3.83
2,2228,561.88,3.35
2,2229,561.88,3.35
2,2230,636.1,3.74
2,2231,669.95,3.93
2,2232,664.26,3.88
2,2233,663.93,3.88
2,2234,680.96,3.93
2,2235,698.2,4
2,2236,336.24,1.41
2,2237,320.18,1.34
2,2238,240.21,1.01
2,2239,230.61,0.97
2,2240,205.87,0.89
2,2241,218.36,0.96
2,2242,230.85,1.03
2,2243,243.35,1.1
2,2244,129.04,0.54
2,2245,145.64,0.61
2,2246,162.23,0.68
2,2247,178.83,0.75
2,2248,195.42,0.81
2,2250,1252.65,10.9
2,2251,1242.88,10.82
2,2252,1233.23,10.74
2,2253,1223.39,10.66
2,2254,1213.54,10.58
2,2255,1203.94,10.5
2,2256,1135.22,10.11
2,2257,1128.2,10.09
2,2258,1121.18,10.06
2,2259,1019.97,9.31
2,2260,1018.04,9.3
2,2261,1015.08,9.29
2,2262,1036.49,9.38
2,2263,1036.49,9.38
2,2264,1036.49,9.38
2,2265,962.45,9.07
2,2266,945.53,9
2,2267,924.72,8.91
2,2268,949.51,9.01
2,2269,950.44,9.02
2,2270,897.21,8.02
2,2271,845.36,7.81
2,2272,825.7,7.72
2,2273,797.22,7.61
2,2274,769.56,7.49
2,2275,747.94,7.4
2,2276,721.3,7.61
2,2277,682.66,7.45
2,2278,661.28,7.36
2,2279,657.18,7.39
2,2280,646.6,7.3
2,2281,647.1,7.35
2,2282,686.37,7.6
2,2283,700.34,7.66
2,2284,592.21,6.01
2,2285,592.77,5.87
2,2286,580.91,5.83
2,2287,563.26,5.64
2,2288,625.7,6.83
2,2289,655.57,7.15
2,2290,651.8,7.13
2,2291,683.05,7.26
2,2292,694.6,7.31
2,2293,757.27,7.91
2,2294,707.02,7.7
2,2295,707.53,7.7
2,2296,726.04,8.1
2,2297,723.04,8.08
2,2298,743.89,8.28
2,2299,745.91,8.29
2,2300,730.87,8.21
2,2301,736.65,8.41
2,2302,736.65,8.41
2,2303,549.2,4.24
2,2304,562.17,4.3
2,2305,574.4,4.35
2,2306,665.47,4.73
2,2307,692.6,4.84
2,2308,678.97,3.8
2,2309,623.1,3.57
2,2310,587.68,3.42
2,2311,572.27,3.36
2,2312,554.51,3.28
2,2313,613.67,3.53
2,2314,619.56,3.55
2,2315,634.67,3.62
2,2316,645.05,3.66
2,2317,561.88,3.35
2,2318,561.88,3.35
2,2319,561.88,3.35
2,2320,616.22,3.66
2,2321,624.61,3.7
2,2322,636.1,3.74
2,2323,646.39,3.79
2,2324,671.76,3.89
2,2325,333.49,1.48
2,2326,350.42,1.55
2,2327,335.74,1.41
2,2328,220.8,0.93
2,2329,201.01,0.85
2,2330,194.49,0.83
2,2331,206.99,0.89
2,2332,103.62,0.43
2,2333,112.37,0.47
2,2334,113.93,0.47
2,2335,130.42,0.54
2,2336,147.02,0.61
2,2337,163.61,0.68
2,2338,180.21,0.75
2,2348,1141.69,10.14
2,2349,1018.04,9.3
2,2350,1018.04,9.3
2,2351,1036.49,9.38
2,2352,1036.49,9.38
2,2353,1036.49,9.38
2,2354,988.39,9.18
2,2355,975.59,9.12
2,2356,954.46,9.03
2,2357,962.83,9.07
2,2358,954.43,9.03
2,2359,901.13,8.04
2,2360,881.31,7.96
2,2361,874.03,7.93
2,2362,852.62,7.84
2,2363,837.65,8.23
2,2364,807.8,8.11
2,2365,811.93,8.12
2,2366,708.36,7.56
2,2367,701.68,7.53
2,2368,673.07,7.52
2,2369,662.59,7.43
2,2370,648.13,7.37
2,2371,651.97,7.43
2,2372,675.81,7.56
2,2373,681.1,6.64
2,2374,623.96,6
2,2375,611.14,5.95
2,2376,597.31,5.92
2,2377,577.2,5.65
2,2378,557.06,5.5
2,2379,621.33,6.96
2,2380,625.83,7.07
2,2381,630.36,7.18
2,2382,654.46,7.32
2,2383,665,7.37
2,2384,677.01,7.57
2,2385,689.43,7.62
2,2386,711.06,8.02
2,2387,706.57,7.99
2,2388,717.94,8.05
2,2389,721.91,8.16
2,2390,729.18,8.37
2,2391,736.65,8.41
2,2392,736.65,8.41
2,2393,531.46,4.17
2,2394,544.43,4.22
2,2395,689.59,4.83
2,2396,674.96,3.79
2,2397,660.84,3.73
2,2398,652.74,3.69
2,2399,638.03,3.63
2,2400,568.38,3.34
2,2401,552.36,3.27
2,2402,537.6,3.21
2,2403,589.39,3.43
2,2404,601.82,3.48
2,2405,521.02,3.18
2,2406,561.88,3.35
2,2407,561.88,3.35
2,2408,561.88,3.35
2,2409,561.88,3.35
2,2410,602.62,3.6
2,2411,608.03,3.63
2,2412,616.47,3.66
2,2413,627.26,3.71
2,2414,316.99,1.41
2,2415,319.45,1.42
2,2416,335.11,1.49
2,2417,350.92,1.55
2,2418,209.35,0.91
2,2419,197.01,0.84
2,2420,159.07,0.66
2,2421,117.17,0.49
2,2422,101.96,0.42
2,2423,111.13,0.46
2,2424,98.65,0.41
2,2425,115.16,0.48
2,2426,131.8,0.55
2,2427,148.4,0.62
2,2428,164.99,0.69
2,2429,698.54,6.31
2,2438,1201.8,10.48
2,2439,1211.26,10.56
2,2440,1141.75,9.81
2,2441,1141.75,9.81
2,2442,1141.75,9.81
2,2443,1000.01,9.22
2,2444,1000.01,9.22
2,2445,991.97,9.19
2,2446,1031.35,9.35
2,2447,983.11,9.15
2,2448,983.33,9.15
2,2449,902.99,8.05
2,2450,903.91,8.05
2,2451,875.24,7.93
2,2452,831.47,8.2
2,2453,810.97,8.12
2,2454,781.31,8
2,2455,749.23,7.86
2,2456,724.16,7.76
2,2457,698.47,7.65
2,2458,693.99,7.63
2,2459,683.6,7.64
2,2460,679.81,7.62
2,2461,661.48,7.51
2,2462,661.35,7.59
2,2463,679.86,6.64
2,2464,641.82,6.07
2,2465,629.05,6.02
2,2466,685.41,6.36
2,2467,690.37,6.38
2,2468,581.43,5.48
2,2469,568.65,5.42
2,2470,546.9,5.26
2,2471,542.41,5.15
2,2472,535.65,5.05
2,2473,646.09,7.42
2,2474,653.76,7.53
2,2475,661.44,7.63
2,2476,669.2,7.74
2,2477,690.64,7.9
2,2478,700.9,8.05
2,2479,717.33,8.14
2,2480,726.53,8.35
2,2481,736.16,8.41
2,2482,736.65,8.41
2,2483,513.35,4.09
2,2484,537.14,4.19
2,2485,540.96,4.21
2,2486,674.59,3.78
2,2487,636.19,3.62
2,2488,610.57,3.52
2,2489,588.09,3.42
2,2490,591.18,3.44
2,2491,533.23,3.19
2,2492,543.54,3.24
2,2493,571.24,3.35
2,2494,586.15,3.42
2,2495,521.02,3.18
2,2496,548.05,3.3
2,2497,556.43,3.33
2,2498,561.88,3.35
2,2499,561.88,3.35
2,2500,575.14,3.49
2,2501,585.48,3.53
2,2502,596.77,3.58
2,2503,606.08,3.62
2,2504,312.1,1.39
2,2505,308,1.38
2,2506,289.16,1.3
2,2507,233.48,1.04
2,2508,220.84,0.97
2,2509,208.51,0.9
2,2510,140.92,0.59
2,2511,120.68,0.5
2,2512,86.1,0.36
2,2513,103.57,0.43
2,2514,83.36,0.35
2,2515,99.88,0.42
2,2516,116.39,0.48
2,2517,133.18,0.55
2,2518,698.54,6.31
2,2519,698.54,6.31
2,2528,1209.94,10.55
2,2529,1219.66,10.63
2,2530,1141.75,9.81
2,2531,1141.75,9.81
2,2532,1141.75,9.81
2,2533,1082.69,9.57
2,2534,1047.05,9.42
2,2535,1022.59,9.32
2,2536,1017.8,9.3
2,2537,997.95,9.22
2,2538,992.62,9.19
2,2539,930.26,8.16
2,2540,911.57,8.08
2,2541,873.57,8.38
2,2542,842.43,8.25
2,2543,825.18,8.18
2,2544,796.9,8.06
2,2545,758.44,7.9
2,2546,744.04,7.84
2,2547,720.21,7.74
2,2548,724,7.76
2,2549,729.85,7.78
2,2550,678.88,7.61
2,2551,686.6,6.66
2,2552,673.25,6.61
2,2553,654.53,6.44
2,2554,659.61,6.15
2,2555,685.72,6.36
2,2556,677.57,6.33
2,2557,690.37,6.38
2,2558,599.41,5.55
2,2559,586.83,5.5
2,2560,545.63,5.23
2,2561,541.17,5.12
2,2562,541.49,5.04
2,2563,534.62,4.98
2,2564,518.24,4.8
2,2565,515.85,4.7
2,2566,502.9,4.59
2,2567,495.23,4.48
2,2568,688.33,7.98
2,2569,694.19,8.09
2,2570,710.43,8.26
2,2571,703.37,8.3
2,2572,482.39,3.96
2,2573,495.99,4.02
2,2574,540.96,4.21
2,2575,540.96,4.21
2,2576,508.23,4.38
2,2577,620.23,3.56
2,2578,609.56,3.51
2,2579,574.9,3.37
2,2580,550.68,3.27
2,2581,525.65,3.16
2,2582,499.6,3.05
2,2583,570.9,3.35
2,2584,508.22,3.13
2,2585,509.55,3.13
2,2586,526.19,3.2
2,2587,541.5,3.27
2,2588,543.39,3.28
2,2589,549.7,3.38
2,2590,556.36,3.41
2,2591,567.47,3.46
2,2592,579.14,3.51
2,2593,591.11,3.56
2,2594,308,1.38
2,2595,294.8,1.32
2,2596,273.04,1.23
2,2597,244.74,1.1
2,2598,232.1,1.03
2,2599,219.46,0.96
2,2600,132.19,0.55
2,2601,124.2,0.52
2,2602,64.61,0.27
2,2603,51.57,0.21
2,2604,68.12,0.28
2,2605,84.59,0.35
2,2606,101.1,0.42
2,2607,698.54,6.31
2,2608,698.54,6.31
2,2609,698.54,6.31
2,2618,1218.34,10.62
2,2619,1228.67,10.7
2,2620,1141.75,9.81
2,2621,1141.75,9.81
2,2622,1130.07,9.77
2,2623,1082.69,9.57
2,2624,1058.77,9.47
2,2625,1037.5,9.38
2,2626,1010.52,9.27
2,2627,1010.52,9.27
2,2628,930.26,8.16
2,2629,930.26,8.16
2,2630,929.27,8.16
2,2631,876.63,8.39
2,2632,852.7,8.29
2,2633,827.41,8.19
2,2634,794.03,8.05
2,2635,784.7,8.01
2,2636,750.36,7.87
2,2637,735.07,7.8
2,2638,741.95,7.83
2,2639,748.43,7.86
2,2640,764.47,7.93
2,2641,704.02,6.74
2,2642,675.97,6.53
2,2643,662.64,6.43
2,2644,645.53,6.29
2,2645,647,6.2
2,2646,660.13,6.25
2,2647,630.07,5.68
2,2648,619.39,5.64
2,2649,637.78,5.75
2,2650,648.06,5.8
2,2651,556.47,5.16
2,2652,550.09,5.11
2,2653,544.23,5.06
2,2654,536.51,4.82
2,2655,530.46,4.78
2,2656,541.27,4.82
2,2657,512.7,4.49
2,2658,500.89,4.44
2,2659,478.57,4.24
2,2660,474.02,4.14
2,2661,469.51,4.03
2,2662,709.05,8.44
2,2663,470.33,3.97
2,2664,474.89,4.08
2,2665,479.41,4.19
2,2666,501.12,4.34
2,2667,508.23,4.38
2,2668,608.67,3.51
2,2669,610.48,3.52
2,2670,549.14,3.26
2,2671,503.11,3.07
2,2672,479.25,2.97
2,2673,461.37,2.9
2,2674,478.49,3.01
2,2675,497.98,3.09
2,2676,509.61,3.13
2,2677,456.07,2.66
2,2678,456.07,2.66
2,2679,525.38,3.28
2,2680,539.34,3.34
2,2681,548.36,3.38
2,2682,559.79,3.43
2,2683,570.89,3.47
2,2684,273.44,1.16
2,2685,281.38,1.31
2,2686,268.56,1.24
2,2687,256.19,1.17
2,2688,243.36,1.1
2,2689,230.72,1.03
2,2690,13.36,0.06
2,2691,3.19,0.01
2,2692,19.74,0.08
2,2693,36.29,0.15
2,2694,52.86,0.22
2,2695,69.41,0.29
2,2696,85.82,0.36
2,2697,698.54,6.31
2,2698,698.54,6.31
2,2699,698.54,6.31
2,2700,1246.29,10.85
2,2701,1138.67,9.8
2,2702,1118.51,9.72
2,2703,1093.34,9.61
2,2704,1080.27,9.56
2,2705,1061.37,9.48
2,2706,1010.52,9.27
2,2707,1010.52,9.27
2,2708,962.01,8.29
2,2709,958.24,8.28
2,2710,896.74,8.48
2,2711,882.94,8.42
2,2712,854.93,8.3
2,2713,826.02,8.18
2,2714,831.77,8.21
2,2715,859.91,8.32
2,2716,771.01,7.95
2,2717,748.35,7.86
2,2718,748.35,7.86
2,2719,773.25,7.02
2,2720,751,6.93
2,2721,726.19,6.83
2,2722,754.87,6.65
2,2723,675.85,6.51
2,2724,658.85,6.25
2,2725,646.69,6.2
2,2726,630.88,6.05
2,2727,641.21,6.01
2,2728,635.22,5.7
2,2729,637.63,5.88
2,2730,600.48,5.46
2,2731,565.41,5.24
2,2732,559.03,5.19
2,2733,552.66,5.13
2,2734,543.17,4.85
2,2735,561.03,4.9
2,2736,543.03,4.62
2,2737,531.09,4.57
2,2738,543.21,4.65
2,2739,661.01,5.16
2,2740,674.56,5.23
2,2741,479.2,4.02
2,2742,472.25,3.96
2,2743,459.27,3.79
2,2744,454.76,3.68
2,2745,450.25,3.57
2,2746,445.74,3.47
2,2747,489.61,4.43
2,2748,494.12,4.53
2,2749,498.63,4.64
2,2750,515.16,4.81
2,2751,507.63,4.85
2,2752,459.57,2.89
2,2753,449.83,2.85
2,2754,459.99,2.93
2,2755,476.93,3
2,2756,448.08,2.63
2,2757,456.07,2.66
2,2758,451.26,2.78
2,2759,507.49,3.21
2,2760,518.52,3.25
2,2761,530.16,3.3
2,2762,370.61,1.7
2,2763,370.61,1.7
2,2764,262.23,1.1
2,2765,274.93,1.17
2,2766,279.89,1.3
2,2767,267.66,1.23
2,2768,255.29,1.16
2,2769,45.59,0.19
2,2770,28.9,0.12
2,2771,12.06,0.05
2,2772,4.48,0.02
2,2773,682.32,3.64
2,2774,37.58,0.16
2,2775,54.15,0.23
2,2776,698.54,6.31
2,2777,698.54,6.31
2,2778,698.54,6.31
2,2779,697.69,6.31
2,2780,681.96,6.24
2,2781,662.05,6.16
2,2782,629.75,6.13
2,2783,633.18,6.18
2,2784,698.36,6.25
2,2785,731.92,6.39
2,2790,1254.63,10.92
2,2791,1264.4,11
2,2792,1113.87,9.7
2,2793,1110.68,9.69
2,2794,1104.42,9.66
2,2795,1092.98,9.61
2,2796,1028.98,9.34
2,2797,969.96,8.33
2,2798,969.96,8.33
2,2799,969.96,8.33
2,2800,891.36,8.45
2,2801,875.39,8.39
2,2802,886.63,8.43
2,2803,849.27,8.28
2,2804,878.84,8.4
2,2805,794.55,8.05
2,2806,795.93,8.06
2,2807,784.26,8.01
2,2808,804.5,7.15
2,2809,763.9,6.99
2,2810,752.62,6.94
2,2811,773.54,6.73
2,2812,740.99,6.59
2,2813,717.17,6.49
2,2814,677.51,6.33
2,2815,681.66,6.34
2,2816,639.22,6.01
2,2817,621.89,5.9
2,2818,616.25,5.8
2,2819,626.21,5.82
2,2820,591.06,5.4
2,2821,574.35,5.31
2,2822,597.57,5.41
2,2823,621.61,5.51
2,2824,623.17,5.01
2,2825,606.02,4.91
2,2826,559.79,4.69
2,2827,552.59,4.66
2,2828,640.96,5.04
2,2829,651.65,5.1
2,2830,670.29,5.21
2,2831,487.78,4.09
2,2832,507.71,4.17
2,2833,526.82,4.27
2,2834,453.55,3.65
2,2835,449.06,3.55
2,2836,444.46,3.44
2,2837,439.96,3.33
2,2838,435.55,3.23
2,2839,431.02,3.12
2,2840,426.48,3.01
2,2841,508.86,4.88
2,2842,513.36,4.99
2,2843,427.09,2.75
2,2844,440.29,2.85
2,2845,417.62,2.5
2,2846,435.82,2.58
2,2847,451.26,2.78
2,2848,451.26,2.78
2,2849,488.76,3.13
2,2850,499.95,3.18
2,2851,364.36,1.67
2,2852,370.61,1.7
2,2853,275.79,1.17
2,2854,263.32,1.11
2,2855,263.72,1.11
2,2856,276.42,1.18
2,2857,211.02,0.88
2,2858,77.42,0.32
2,2859,60.73,0.25
2,2860,44.04,0.18
2,2861,27.32,0.11
2,2862,682.32,3.64
2,2863,682.32,3.64
2,2864,682.32,3.64
2,2865,682.32,3.64
2,2866,656.29,5.78
2,2867,698.54,6.31
2,2868,698.54,6.31
2,2869,685.34,6.26
2,2870,654.52,6.13
2,2871,641.42,6.07
2,2872,624.17,6.05
2,2873,664.8,6.11
2,2874,692.17,6.23
2,2875,716.28,6.33
2,2880,1262.96,10.99
2,2881,1272.74,11.07
2,2882,1111.23,9.69
2,2883,1111.23,9.69
2,2884,1111.23,9.69
2,2885,1108.74,9.68
2,2886,1092.98,9.61
2,2887,969.96,8.33
2,2888,969.96,8.33
2,2889,969.96,8.33
2,2890,969.96,8.33
2,2891,875.81,8.39
2,2892,898.31,8.48
2,2893,860.38,8.33
2,2894,895.17,8.47
2,2895,911.38,8.54
2,2896,803.7,8.09
2,2897,832.32,7.27
2,2898,810.72,7.18
2,2899,787.89,7.09
2,2900,782.04,7.06
2,2901,806.71,7.16
2,2902,723.81,6.52
2,2903,708.47,6.46
2,2904,700.77,6.42
2,2905,672.75,6.15
2,2906,657.12,6.08
2,2907,666.88,5.96
2,2908,618.2,5.76
2,2909,607.26,5.65
2,2910,589.65,5.44
2,2911,600.55,5.47
2,2912,610.85,5.46
2,2913,623.31,5.51
2,2914,625.23,5.02
2,2915,605.18,4.91
2,2916,580.11,4.77
2,2917,600.74,4.86
2,2918,629.33,4.98
2,2919,652.91,5.08
2,2920,503.31,4.22
2,2921,496.45,4.16
2,2922,523.12,4.25
2,2923,539.64,4.34
2,2924,548.93,4.39
2,2925,770.12,6.02
2,2926,768.1,6.01
2,2927,774.84,6.08
2,2928,510.48,3.26
2,2929,498.47,3.21
2,2930,454.69,3.03
2,2931,439.39,2.89
2,2932,422.16,2.81
2,2933,411.74,2.67
2,2934,407.21,2.56
2,2935,426.4,2.95
2,2936,408.99,2.53
2,2937,429.66,2.69
2,2938,434.71,2.84
2,2939,470.03,3.05
2,2940,481.23,3.1
2,2941,353.82,1.61
2,2942,339.3,1.53
2,2943,287.18,1.24
2,2944,274.7,1.17
2,2945,233.75,0.97
2,2946,214.29,0.89
2,2947,194.53,0.81
2,2948,92.56,0.39
2,2949,75.87,0.32
2,2950,59.17,0.25
2,2951,650.92,3.51
2,2952,670.85,3.6
2,2953,682.32,3.64
2,2954,682.32,3.64
2,2955,682.32,3.64
2,2956,667.98,5.82
2,2957,662.29,5.8
2,2958,677.39,6.14
2,2959,655.12,6.05
2,2960,628.4,5.93
2,2961,615.17,5.93
2,2962,636.69,6
2,2963,662.12,6.1
2,2964,688.93,6.21
2,2965,725.26,6.36
2,2970,1271.3,11.06
2,2971,1281.08,11.14
2,2972,1290.85,11.22
2,2973,1300.63,11.3
2,2974,1111.23,9.69
2,2975,1111.23,9.69
2,2976,1330.33,11.55
2,2977,969.96,8.33
2,2978,969.96,8.33
2,2979,969.96,8.33
2,2980,875.81,8.39
2,2981,895.54,8.47
2,2982,898.31,8.48
2,2983,860.38,8.33
2,2984,920.33,8.58
2,2985,927.28,8.6
2,2986,864.36,7.4
2,2987,840.82,7.31
2,2988,822.81,7.23
2,2989,802.19,7.14
2,2990,827.61,7.25
2,2991,809.47,7.18
2,2992,798.76,6.67
2,2993,725.75,6.53
2,2994,708.42,6.45
2,2995,687.76,6.21
2,2996,674.98,6.15
2,2997,653.49,5.9
2,2998,647.14,5.89
2,2999,603.94,5.6
2,3000,600.61,5.54
2,3001,608.56,5.51
2,3002,618.97,5.46
2,3003,621.9,5.47
2,3004,628.02,5.03
2,3005,604.59,4.87
2,3006,601.51,4.86
2,3007,621.63,5.07
2,3008,636.7,5.13
2,3009,657.4,5.09
2,3010,511.91,4.29
2,3011,528.72,4.32
2,3012,555.67,4.43
2,3013,556.86,4.43
2,3014,784.81,6.06
2,3015,770.12,6.02
2,3016,755.42,5.96
2,3017,769.17,6.04
2,3018,513.39,3.27
2,3019,491.36,3.18
2,3020,467.59,3.08
2,3021,461.76,2.98
2,3022,449.1,2.93
2,3023,439.24,2.64
2,3024,430.83,2.6
2,3025,414.55,2.51
2,3026,407.53,2.33
2,3027,415.19,2.68
2,3028,432.06,2.83
2,3029,452.38,2.98
2,3030,460.52,3.18
2,3031,475.87,3.27
2,3032,326.95,1.46
2,3033,298.58,1.3
2,3034,263.98,1.1
2,3035,217.57,0.91
2,3036,197.8,0.82
2,3037,178.03,0.74
2,3038,106.7,0.44
2,3039,91,0.38
2,3040,620.41,3.39
2,3041,632.71,3.44
2,3042,644.88,3.49
2,3043,682.32,3.64
2,3044,682.32,3.64
2,3045,678.98,5.87
2,3046,672.84,5.84
2,3047,654.5,5.77
2,3048,671.16,5.84
2,3049,661.92,6.07
2,3050,639.29,5.98
2,3051,609.63,5.85
2,3052,632.91,5.98
2,3053,736.41,6.41
2,3054,707.91,6.29
2,3055,731.21,6.39
2,3060,1279.64,11.13
2,3061,1289.41,11.21
2,3062,1299.19,11.29
2,3063,1309.07,11.37
2,3064,1318.91,11.46
2,3065,1328.76,11.54
2,3066,1338.61,11.62
2,3067,969.96,8.33
2,3068,969.96,8.33
2,3069,969.96,8.33
2,3070,893.19,8.46
2,3071,898.04,8.48
2,3072,898.31,8.48
2,3073,927.28,8.6
2,3074,927.28,8.6
2,3075,883.38,7.48
2,3076,874.75,7.45
2,3077,856.31,7.37
2,3078,838.45,7.3
2,3079,834.41,7.28
2,3080,839.4,6.84
2,3081,819.8,6.76
2,3082,794.4,6.65
2,3083,740.86,6.59
2,3084,738.4,6.42
2,3085,705.8,6.28
2,3086,715.86,6.16
2,3087,666.72,5.96
2,3088,671.45,6.02
2,3089,613.93,5.64
2,3090,631.27,5.72
2,3091,605.45,5.46
2,3092,602.8,5.37
2,3093,589.88,5.24
2,3094,582.3,5.11
2,3095,599.43,5.1
2,3096,603.37,5.06
2,3097,602.31,4.98
2,3098,533.91,4.48
2,3099,527.44,4.42
2,3100,520.51,4.36
2,3101,547.72,4.4
2,3102,562.04,4.46
2,3103,585.27,4.58
2,3104,772.71,6.01
2,3105,749.79,5.91
2,3106,740.07,5.88
2,3107,759.31,5.99
2,3108,534.65,3.36
2,3109,541.88,3.39
2,3110,469.35,3.01
2,3111,469.35,3.01
2,3112,477.38,2.85
2,3113,451.16,2.71
2,3114,498.24,2.7
2,3115,441.39,2.47
2,3116,439.84,2.46
2,3117,389.87,2.15
2,3118,385.97,2.06
2,3119,425.17,2.92
2,3120,450.44,3.13
2,3121,466.57,3.22
2,3122,322.39,1.43
2,3123,309.74,1.36
2,3124,261.24,1.09
2,3125,241.34,1.01
2,3126,181.3,0.76
2,3127,161.54,0.67
2,3128,122.86,0.51
2,3129,591.71,3.27
2,3130,602.44,3.31
2,3131,618.39,3.38
2,3132,640.17,3.47
2,3133,664.38,3.57
2,3134,685.77,3.66
2,3135,678.98,5.87
2,3136,676.17,5.86
2,3137,656.14,5.77
2,3138,662.98,5.8
2,3139,670.42,6.11
2,3140,600.63,5.73
2,3141,603.86,5.77
2,3142,735.77,6.29
2,3143,707.47,6.18
2,3144,730.43,6.31
2,3145,750.25,6.39
2,3150,1287.97,11.2
2,3151,1297.75,11.28
2,3152,1307.49,11.36
2,3153,1317.34,11.44
2,3154,1327.19,11.53
2,3155,1337.04,11.61
2,3156,1346.89,11.69
2,3157,1356.73,11.77
2,3158,1366.58,11.85
2,3159,969.96,8.33
2,3160,895.54,8.47
2,3161,898.31,8.48
2,3162,927.28,8.6
2,3163,927.28,8.6
2,3164,927.28,8.6
2,3165,883.38,7.48
2,3166,881.34,7.47
2,3167,849.05,7.34
2,3168,859.36,7.38
2,3169,836.89,7.29
2,3170,847.99,6.88
2,3171,840.13,6.84
2,3172,779.58,6.59
2,3173,770.61,6.55
2,3174,732.22,6.39
2,3175,739.93,6.43
2,3176,700.35,6.1
2,3177,683.37,6.03
2,3178,629.64,5.77
2,3179,634.08,5.78
2,3180,638.07,5.59
2,3181,617.36,5.51
2,3182,598.11,5.34
2,3183,587.51,5.2
2,3184,581.01,5.09
2,3185,583.67,5.04
2,3186,568.03,4.87
2,3187,562.31,4.78
2,3188,543.04,4.55
2,3189,535.99,4.49
2,3190,601.15,5.05
2,3191,571.38,4.5
2,3192,583.04,4.55
2,3193,606.02,4.67
2,3194,697.51,5.7
2,3195,711.12,5.75
2,3196,724.73,5.81
2,3197,704.42,6.03
2,3198,555.48,3.45
2,3199,565.02,3.49
2,3200,496.42,2.96
2,3201,496.42,2.96
2,3202,480.73,2.87
2,3203,462.66,2.77
2,3204,474.74,2.61
2,3205,508.11,2.55
2,3206,467.48,2.58
2,3207,471.59,2.42
2,3208,402.37,2.1
2,3209,379.56,1.91
2,3210,439.89,3.07
2,3211,346.3,1.57
2,3212,333.99,1.5
2,3213,321.78,1.43
2,3214,244.86,1.02
2,3215,224.96,0.94
2,3216,205.07,0.85
2,3217,154.97,0.65
2,3218,139.03,0.58
2,3219,571.81,3.18
2,3220,605.78,3.32
2,3221,628.97,3.42
2,3222,652.95,3.52
2,3223,678.23,3.63
2,3224,698.07,3.71
2,3225,678.98,5.87
2,3226,678.98,5.87
2,3227,667.98,5.82
2,3228,641.21,5.71
2,3229,677.78,5.87
2,3230,598.16,5.67
2,3231,623.64,5.77
2,3232,718.38,6.22
2,3233,700.41,6.15
2,3234,725.85,6.29
2,3235,731.87,6.31
2,3253,927.28,8.6
2,3254,883.38,7.48
2,3255,883.38,7.48
2,3256,881.34,7.47
2,3257,859.36,7.38
2,3258,859.36,7.38
2,3259,839.36,7.3
2,3260,847.99,6.88
2,3261,847.99,6.88
2,3262,773.49,6.57
2,3263,785.73,6.62
2,3264,806.63,6.7
2,3265,744.27,6.44
2,3266,722.93,6.19
2,3267,651.59,5.96
2,3268,638.2,5.85
2,3269,647.31,5.83
2,3270,661.04,5.89
2,3271,613.45,5.47
2,3272,612.49,5.4
2,3273,603.98,5.22
2,3274,579.71,5.07
2,3275,585.66,4.99
2,3276,566.85,4.85
2,3277,559.93,4.74
2,3278,551.56,4.62
2,3279,560.71,4.75
2,3280,595.66,5.02
2,3281,618.34,5.14
2,3282,604.16,4.64
2,3283,618.64,4.76
2,3284,680.3,5.63
2,3285,707.1,5.74
2,3286,691.47,5.95
2,3287,704.42,6.03
2,3288,577.83,3.54
2,3289,586.89,3.58
2,3290,600.71,3.63
2,3291,496.42,2.96
2,3292,482.51,2.88
2,3293,513.82,2.77
2,3294,514.98,2.57
2,3295,492.79,2.48
2,3296,451.72,2.31
2,3297,433.5,2.23
2,3298,448.06,2.04
2,3299,423.74,1.94
2,3300,373.14,1.75
2,3301,357.73,1.63
2,3302,345.3,1.56
2,3303,391.61,1.98
2,3304,228.49,0.95
2,3305,208.59,0.87
2,3306,188.69,0.79
2,3307,519.6,2.74
2,3308,541.51,3.06
2,3309,553.84,3.11
2,3310,616.74,3.37
2,3311,642.88,3.48
2,3312,665,3.57
2,3313,688.02,3.67
2,3314,703.76,3.73
2,3315,678.98,5.87
2,3316,678.98,5.87
2,3317,678.98,5.87
2,3318,615.28,5.6
2,3319,585.86,5.52
2,3320,589.62,5.57
2,3321,635.13,5.82
2,3322,640.2,5.84
2,3323,676.96,6.05
2,3324,703.92,6.2
2,3325,698.5,6.17
2,3326,731.41,6.31
2,3327,747.01,6.38
2,3328,769.82,6.47
2,3329,777.41,6.71
2,3343,883.38,7.48
2,3344,883.38,7.48
2,3345,883.38,7.48
2,3346,881.34,7.47
2,3347,859.36,7.38
2,3348,859.36,7.38
2,3349,847.99,6.88
2,3350,847.99,6.88
2,3351,847.99,6.88
2,3352,799.63,6.88
2,3353,804.97,6.9
2,3354,825.82,6.99
2,3355,825.82,6.99
2,3356,664.66,6.07
2,3357,655.45,5.99
2,3358,651.91,5.93
2,3359,661.04,5.89
2,3360,628.72,5.59
2,3361,628.24,5.56
2,3362,655.51,5.68
2,3363,625.56,5.31
2,3364,653.59,5.17
2,3365,607.39,5.08
2,3366,600.46,4.95
2,3367,567.28,4.75
2,3368,558.7,4.72
2,3369,564.22,4.81
2,3370,579.32,4.93
2,3371,598.6,5.13
2,3372,622.6,5.23
2,3373,642.99,4.8
2,3374,665.01,5.56
2,3375,701.55,5.71
2,3376,681.89,5.9
2,3377,705.49,6.03
2,3378,710.17,6.06
2,3379,608.03,3.67
2,3380,616.68,3.7
2,3381,716.31,4.12
2,3382,522.96,2.81
2,3383,533.54,2.85
2,3384,514.06,2.57
2,3385,488.97,2.47
2,3386,469.3,2.38
2,3387,484.24,2.19
2,3388,453.22,2.08
2,3389,414.61,1.9
2,3390,388.4,1.79
2,3391,373.66,1.8
2,3392,391.61,1.98
2,3393,391.61,1.98
2,3394,438.19,2.4
2,3395,456.08,2.47
2,3396,472.13,2.54
2,3397,500.38,2.66
2,3398,523.3,2.98
2,3399,535.49,3.03
2,3400,631.25,3.43
2,3401,653.57,3.52
2,3402,676.25,3.62
2,3403,700.91,3.72
2,3404,703.76,3.73
2,3405,610.63,5.44
2,3406,619.21,5.48
2,3407,617.88,5.47
2,3408,603.11,5.55
2,3409,580.37,5.45
2,3410,591.77,5.51
2,3411,615.66,5.71
2,3412,650.64,5.94
2,3413,653.93,5.95
2,3414,666.61,6.04
2,3415,689.36,6.14
2,3416,710.61,6.33
2,3417,734.17,6.43
2,3418,744.26,6.57
2,3419,763.56,6.65
2,3433,883.38,7.48
2,3434,883.38,7.48
2,3435,883.38,7.48
2,3436,881.34,7.47
2,3437,859.36,7.38
2,3438,859.36,7.38
2,3439,752.96,6.8
2,3440,752.96,6.8
2,3441,753.41,6.69
2,3442,766.59,6.74
2,3443,782.66,6.81
2,3444,789.68,6.84
2,3445,684.38,6.23
2,3446,672.76,6.13
2,3447,666.19,5.99
2,3448,666.19,5.99
2,3449,643.64,5.72
2,3450,637.68,5.67
2,3451,631.34,5.62
2,3452,653.07,5.61
2,3453,647.32,5.4
2,3454,648.48,5.15
2,3455,627.89,5.07
2,3456,594.83,4.93
2,3457,605.4,4.97
2,3458,596.04,4.97
2,3459,581.66,4.91
2,3460,573.26,4.96
2,3461,591.55,5.1
2,3462,648.7,4.82
2,3463,631.85,5.42
2,3464,645.21,5.48
2,3465,652.6,5.74
2,3466,665.6,5.81
2,3467,695.69,5.98
2,3468,705.59,6.03
2,3469,630.01,3.76
2,3470,707.79,4.08
2,3471,723.03,3.48
2,3472,720.85,3.46
2,3473,713.16,3.4
2,3474,517.66,2.58
2,3475,508.29,2.55
2,3476,503.91,2.53
2,3477,494.59,2.23
2,3478,449.3,2.11
2,3479,433.23,1.98
2,3480,440.37,2.01
2,3481,396.78,2.04
2,3482,380.07,1.95
2,3483,383.58,2.03
2,3484,426.75,2.35
2,3485,444.67,2.42
2,3486,489.31,2.61
2,3487,492.95,2.85
2,3488,505.1,2.9
2,3489,520.96,2.97
2,3490,554.72,3.11
2,3491,560.9,3.14
2,3492,690.85,3.68
2,3493,703.76,3.73
2,3494,703.76,3.73
2,3495,610.63,5.44
2,3496,610.63,5.44
2,3497,603.87,5.41
2,3498,571.38,5.32
2,3499,584.13,5.45
2,3500,597.52,5.56
2,3501,612.95,5.69
2,3502,625.57,5.79
2,3503,639.58,5.91
2,3504,652.99,6.02
2,3505,677.32,6.19
2,3506,689.24,6.25
2,3507,715.45,6.45
2,3508,730.48,6.51
2,3509,718.43,6.57
2,3523,1467.76,12.57
2,3524,883.38,7.48
2,3525,883.38,7.48
2,3526,859.36,7.38
2,3527,752.96,6.8
2,3528,752.96,6.8
2,3529,752.96,6.8
2,3530,752.96,6.8
2,3531,755.38,6.7
2,3532,751.92,6.68
2,3533,780.08,6.8
2,3534,698.81,6.35
2,3535,689.07,6.27
2,3536,677.73,6.17
2,3537,666.19,5.99
2,3538,657.72,5.84
2,3539,653.08,5.8
2,3540,646.81,5.74
2,3541,640.3,5.69
2,3542,669.57,5.49
2,3543,671.08,5.31
2,3544,645.07,5.2
2,3545,619.41,5.09
2,3546,591.3,4.95
2,3547,605.31,4.97
2,3548,612.49,5.04
2,3549,618.78,5.18
2,3550,595.41,5.08
2,3551,582.31,5.11
2,3552,587.85,5.2
2,3553,614.53,5.35
2,3554,631.11,5.62
2,3555,641.3,5.67
2,3556,711.82,6.04
2,3557,711.22,6.03
2,3558,643.29,3.81
2,3559,651.41,3.85
2,3560,686.04,3.99
2,3561,698.81,3.34
2,3562,707.59,3.39
2,3563,704.11,3.36
2,3564,537.35,2.67
2,3565,517.89,2.59
2,3566,532.52,2.39
2,3567,476.3,2.28
2,3568,449.17,2.15
2,3569,437.21,1.99
2,3570,452.25,2.05
2,3571,483.86,3.11
2,3572,392.91,2.2
2,3573,390.13,2.12
2,3574,412.04,2.29
2,3575,439.72,2.49
2,3576,439.26,2.48
2,3577,474.33,2.78
2,3578,506.19,2.91
2,3579,532.54,3.02
2,3580,556.19,3.12
2,3581,673.09,5.43
2,3582,673.09,5.43
2,3583,653.01,5.35
2,3584,600.7,5.17
2,3585,600.7,5.17
2,3586,608.71,5.43
2,3587,590.46,5.36
2,3588,565.66,5.24
2,3589,586.98,5.47
2,3590,602.6,5.6
2,3591,625.09,5.72
2,3592,647.64,5.81
2,3593,700.88,6.03
2,3594,704.76,6.3
2,3595,678.35,6.19
2,3596,686.41,6.29
2,3597,698.12,6.4
2,3598,711.07,6.51
2,3599,725.88,6.63
2,3603,1467.76,12.57
2,3604,1467.76,12.57
2,3605,883.38,7.48
2,3606,752.96,6.8
2,3607,752.96,6.8
2,3608,752.96,6.8
2,3609,752.96,6.8
2,3610,752.96,6.8
2,3611,741.63,6.71
2,3612,741.36,6.64
2,3613,715.31,6.49
2,3614,704.69,6.4
2,3615,696.13,6.33
2,3616,679.24,6.19
2,3617,658.38,5.84
2,3618,658.38,5.84
2,3619,659.82,5.85
2,3620,667.36,5.92
2,3621,672.19,5.96
2,3622,670.87,5.5
2,3623,668.09,5.3
2,3624,642.07,5.19
2,3625,607.1,5.09
2,3626,612.93,5.11
2,3627,632.15,5.15
2,3628,632.15,5.12
2,3629,641.78,5.28
2,3630,615.05,5.16
2,3631,586.04,5.17
2,3632,591.27,5.26
2,3633,596.86,5.35
2,3634,618.21,5.55
2,3635,626.63,5.59
2,3636,651.61,5.91
2,3637,658.88,5.95
2,3638,693.97,6.28
2,3639,693.97,6.28
2,3640,694.26,4.02
2,3641,686.29,3.29
2,3642,677.35,3.25
2,3643,578.56,2.84
2,3644,557.04,2.75
2,3645,532.19,2.59
2,3646,510.16,2.49
2,3647,473.5,2.31
2,3648,481.45,2.18
2,3649,457.36,2.08
2,3650,446.46,2.25
2,3651,474.77,3.07
2,3652,454.53,2.99
2,3653,418.34,2.8
2,3654,392.92,2.25
2,3655,425.18,2.48
2,3656,444.57,2.65
2,3657,482.67,2.81
2,3658,495.76,2.87
2,3659,539.84,3.05
2,3660,570.03,3.18
2,3661,595.68,3.28
2,3662,662.78,5.39
2,3663,640.14,5.29
2,3664,616.46,5.19
2,3665,600.7,5.17
2,3666,553.1,5.07
2,3667,556.73,5.12
2,3668,577.62,5.19
2,3669,593.11,5.26
2,3670,623.92,5.71
2,3671,673.15,5.92
2,3672,667.11,5.89
2,3673,689.88,5.99
2,3674,707.22,6.31
2,3675,686.61,6.22
2,3676,693.14,6.32
2,3677,699.33,6.41
2,3678,709.73,6.49
2,3679,727.88,6.65
2,3683,1467.76,12.57
2,3684,1467.76,12.57
2,3685,1487.32,12.84
2,3686,752.96,6.8
2,3687,752.96,6.8
2,3688,752.96,6.8
2,3689,752.96,6.8
2,3690,752.03,6.79
2,3691,740.98,6.7
2,3692,733.53,6.6
2,3693,737.56,6.58
2,3694,769.65,6.75
2,3695,797.71,6.87
2,3696,813.96,6.94
2,3697,830.09,6.37
2,3698,662.09,5.87
2,3699,670.78,5.94
2,3700,676.6,5.99
2,3701,687.37,5.76
2,3702,674.61,5.65
2,3703,635.92,5.33
2,3704,622.57,5.22
2,3705,615.38,5.16
2,3706,631.09,5.21
2,3707,654.91,5.24
2,3708,668.21,5.3
2,3709,645.23,5.29
2,3710,652.32,5.32
2,3711,651.47,5.32
2,3712,594.62,5.32
2,3713,600.39,5.41
2,3714,605.9,5.5
2,3715,611.41,5.6
2,3716,643.36,5.87
2,3717,656.51,5.94
2,3718,679.15,6.19
2,3719,688.16,6.24
2,3720,698.34,3.34
2,3721,690.28,3.3
2,3722,652.37,3.15
2,3723,598.01,2.92
2,3724,569.19,2.8
2,3725,542.88,2.63
2,3726,514.7,2.51
2,3727,482.29,2.38
2,3728,489.6,2.41
2,3729,500.82,2.26
2,3730,465.76,2.33
2,3731,481.92,3.1
2,3732,465.01,3.03
2,3733,441.92,2.81
2,3734,411.99,2.65
2,3735,399.29,2.4
2,3736,425.74,2.57
2,3737,466.22,2.74
2,3738,474.1,2.78
2,3739,542.3,3.06
2,3740,582.38,3.23
2,3741,602.75,3.31
2,3742,649.73,5.33
2,3743,626.81,5.24
2,3744,603.83,5.14
2,3745,583.82,5.1
2,3746,547.79,4.99
2,3747,551.14,5.04
2,3748,588.34,5.24
2,3749,604.35,5.31
2,3750,604.35,5.31
2,3751,689.57,5.98
2,3752,705.45,6.05
2,3753,727.57,6.14
2,3754,727.55,6.39
2,3755,719.61,6.36
2,3756,693.14,6.32
2,3757,700.67,6.42
2,3758,841.08,7.54
2,3759,858.37,7.64
2,3763,1476.13,12.74
2,3764,1485.89,12.83
2,3765,1495.66,12.91
2,3766,752.96,6.8
2,3767,752.96,6.8
2,3768,752.96,6.8
2,3769,752.96,6.8
2,3770,748.65,6.77
2,3771,740.85,6.7
2,3772,743.19,6.64
2,3773,771.87,6.76
2,3774,790.43,6.84
2,3775,813.17,6.93
2,3776,839.37,6.4
2,3777,828.05,6.36
2,3778,763.91,6.09
2,3779,680.16,6.02
2,3780,686.98,6.08
2,3781,684.86,5.73
2,3782,671.94,5.63
2,3783,640.57,5.37
2,3784,631.11,5.29
2,3785,657.02,5.4
2,3786,685.98,5.37
2,3787,672.1,5.31
2,3788,671.09,5.4
2,3789,673.34,5.41
2,3790,659.79,5.35
2,3791,659.79,5.35
2,3792,598.41,5.38
2,3793,603.92,5.47
2,3794,609.43,5.56
2,3795,614.94,5.65
2,3796,625.14,5.76
2,3797,650.28,5.99
2,3798,665.72,6.12
2,3799,661.91,6.1
2,3800,677.63,3.25
2,3801,659.43,3.18
2,3802,640.02,3.09
2,3803,607.2,2.96
2,3804,571.84,2.75
2,3805,583.21,2.8
2,3806,551.01,2.67
2,3807,518.9,2.53
2,3808,538.91,2.64
2,3809,494.95,2.45
2,3810,506.59,2.5
2,3811,496.03,3.16
2,3812,509.73,3.22
2,3813,526.6,3.29
2,3814,617,3.66
2,3815,405.55,2.5
2,3816,405.64,2.55
2,3817,468.81,2.75
2,3818,452.11,2.95
2,3819,452.11,2.95
2,3820,584.57,3.24
2,3821,602.75,3.31
2,3822,634.67,5.27
2,3823,614.31,5.18
2,3824,591.88,5.09
2,3825,565.35,4.98
2,3826,542.16,4.92
2,3827,568.03,5
2,3828,604.35,5.31
2,3829,604.35,5.31
2,3830,694.52,6.01
2,3831,703.53,6.04
2,3832,712.87,6.08
2,3833,757.59,6.52
2,3834,747.07,6.47
2,3835,745.5,6.47
2,3836,782.46,5.82
2,3837,802.93,5.91
2,3838,836.71,7.5
2,3839,840.53,7.54
2,3843,1484.47,12.81
2,3844,1494.24,12.9
2,3845,1504.01,12.98
2,3846,1513.77,13.06
2,3847,752.96,6.8
2,3848,752.96,6.8
2,3849,752.96,6.8
2,3850,748.3,6.76
2,3851,740.85,6.7
2,3852,748.72,6.67
2,3853,779.03,6.79
2,3854,805.94,6.9
2,3855,828.19,7
2,3856,831.61,6.37
2,3857,787.49,6.19
2,3858,765.47,6.1
2,3859,739.41,5.99
2,3860,714.06,5.88
2,3861,691.41,5.66
2,3862,663,5.55
2,3863,647.14,5.42
2,3864,651.56,5.38
2,3865,667.59,5.45
2,3866,701.48,5.44
2,3867,689.29,5.38
2,3868,664.45,5.37
2,3869,678.83,5.43
2,3870,678.83,5.43
2,3871,659.79,5.35
2,3872,738.4,6.33
2,3873,642.99,5.83
2,3874,642.99,5.83
2,3875,629.71,5.75
2,3876,623.98,5.81
2,3877,634.34,5.9
2,3878,651.19,6.04
2,3879,661.5,6.19
2,3880,691.3,3.31
2,3881,681.12,3.27
2,3882,661.78,3.19
2,3883,647.07,3.07
2,3884,626.18,2.98
2,3885,596.97,2.86
2,3886,569.77,2.74
2,3887,535.35,2.6
2,3888,529.36,2.6
2,3889,519.84,2.56
2,3890,527.04,3.29
2,3891,524.92,3.28
2,3892,537.27,3.33
2,3893,593.05,3.56
2,3894,542.6,5.02
2,3895,524.49,4.95
2,3896,499.34,4.76
2,3897,442.7,2.91
2,3898,452.11,2.95
2,3899,450.83,3.06
2,3900,481.86,3.25
2,3901,493.12,3.32
2,3902,493.12,3.32
2,3903,603.53,5.14
2,3904,573.59,5.01
2,3905,533.05,4.79
2,3906,536.63,4.84
2,3907,568.03,5
2,3908,568.03,5
2,3909,604.35,5.31
2,3910,716.84,6.1
2,3911,716.84,6.1
2,3912,739.43,6.19
2,3913,750.73,5.54
2,3914,750.92,5.54
2,3915,755.56,5.71
2,3916,777.39,5.8
2,3917,796.87,5.88
2,3918,825.75,7.41
2,3919,829.98,7.45
2,3922,1483.05,12.8
2,3923,1492.82,12.88
2,3924,1502.58,12.96
2,3925,1512.35,13.05
2,3926,1522.54,13.13
2,3927,752.96,6.8
2,3928,752.96,6.8
2,3929,749.47,6.77
2,3930,745.8,6.74
2,3931,745.5,6.65
2,3932,779.03,6.79
2,3933,779.03,6.79
2,3934,825.7,6.99
2,3935,840.07,7.05
2,3936,815.7,6.31
2,3937,793.02,6.21
2,3938,767.04,6.1
2,3939,737.3,5.85
2,3940,721.72,5.79
2,3941,687.49,5.65
2,3942,678.2,5.6
2,3943,652.7,5.47
2,3944,682.66,5.51
2,3945,679.17,5.5
2,3946,701.48,5.44
2,3947,889.53,6.96
2,3948,889.53,6.96
2,3949,889.53,6.96
2,3950,791.48,6.55
2,3951,767.61,6.45
2,3952,743.06,6.35
2,3953,718.77,6.25
2,3954,694.07,6.14
2,3955,669.5,6.04
2,3956,651.07,5.96
2,3957,633.03,5.96
2,3958,638.51,6.05
2,3959,661.87,6.2
2,3960,691.3,3.31
2,3961,698.16,6.95
2,3962,674.57,3.24
2,3963,651.18,3.08
2,3964,625.43,2.98
2,3965,601.99,2.88
2,3966,568.22,2.74
2,3967,592.65,2.84
2,3968,580.72,2.81
2,3969,543.13,2.65
2,3970,544.16,3.36
2,3971,558.99,3.42
2,3972,562.39,3.44
2,3973,577.76,3.5
2,3974,556.36,5.08
2,3975,581.83,5.15
2,3976,512.56,4.73
2,3977,414.99,2.77
2,3978,434.96,2.88
2,3979,444.88,3.02
2,3980,471.19,3.19
2,3981,492.64,3.31
2,3982,493.12,3.32
2,3983,545.85,4.67
2,3984,524.21,4.67
2,3985,527.55,4.71
2,3986,531.13,4.76
2,3987,622.84,4.88
2,3988,622.84,4.88
2,3989,622.84,4.88
2,3990,686.64,5.28
2,3991,697.99,5.32
2,3992,715.69,5.4
2,3993,709.12,5.52
2,3994,709.12,5.52
2,3995,735.42,5.63
2,3996,763.68,5.74
2,3997,790.8,5.86
2,3998,814.86,5.96
2,3999,820.1,7.37
2,4002,1491.4,12.87
2,4003,1501.16,12.95
2,4004,1510.93,13.03
2,4005,1520.97,13.12
2,4006,1530.82,13.2
2,4007,1540.66,13.28
2,4008,752.96,6.8
2,4009,748.65,6.77
2,4010,744.57,6.73
2,4011,745.5,6.65
2,4012,779.03,6.79
2,4013,825.7,6.99
2,4014,825.7,6.99
2,4015,812.12,6.29
2,4016,807.17,6.27
2,4017,796.66,6.23
2,4018,768.6,6.11
2,4019,731.34,5.83
2,4020,740.6,5.87
2,4021,709.71,5.74
2,4022,699.3,5.69
2,4023,706.1,5.72
2,4024,682.66,5.51
2,4025,951.78,7.22
2,4026,939.38,7.17
2,4027,885.47,6.94
2,4028,889.53,6.96
2,4029,825.72,6.69
2,4030,796.52,6.57
2,4031,772.27,6.47
2,4032,747.72,6.37
2,4033,733.37,6.31
2,4034,702.09,6.18
2,4035,713.67,6.37
2,4036,693.11,6.28
2,4037,665.63,6.17
2,4038,641.98,6.11
2,4039,647.56,6.2
2,4040,715.56,7.02
2,4041,676.31,6.86
2,4042,688.23,6.91
2,4043,693.8,3.32
2,4044,693.8,3.32
2,4045,606.28,2.9
2,4046,610.02,2.93
2,4047,615.08,2.95
2,4048,595.77,2.87
2,4049,563,2.74
2,4050,585.41,2.83
2,4051,577.61,3.5
2,4052,581.62,3.52
2,4053,554.64,5.04
2,4054,552.91,5.03
2,4055,544.2,4.86
2,4056,498.44,4.64
2,4057,490.86,4.53
2,4058,430.18,2.94
2,4059,451.41,3.08
2,4060,472.22,3.2
2,4061,490.59,3.3
2,4062,552.82,4.69
2,4063,545.85,4.67
2,4064,528.28,4.59
2,4065,521.94,4.63
2,4066,607.18,4.81
2,4067,615.96,4.85
2,4068,622.84,4.88
2,4069,650.58,5.13
2,4070,662.55,5.18
2,4071,683.38,5.26
2,4072,674.77,5.37
2,4073,696.45,5.46
2,4074,710.13,5.52
2,4075,734.96,5.62
2,4076,760.89,5.73
2,4077,785.84,5.84
2,4078,805.65,7.25
2,4079,810.47,7.29
2,4090,744.57,6.73
2,4091,779.03,6.79
2,4092,825.7,6.99
2,4093,825.7,6.99
2,4094,825.7,6.99
2,4095,807.53,6.27
2,4096,807.17,6.27
2,4097,796.74,6.23
2,4098,770.17,6.12
2,4099,718.94,5.77
2,4100,718.94,5.77
2,4101,727.84,5.81
2,4102,717.66,5.77
2,4103,710.26,5.74
2,4104,968.82,7.29
2,4105,950.1,7.21
2,4106,929.15,7.12
2,4107,869.58,6.87
2,4108,852.54,6.8
2,4109,826.58,6.7
2,4110,801.56,6.59
2,4111,787,6.53
2,4112,758.26,6.41
2,4113,755.14,6.4
2,4114,766.16,6.44
2,4115,713.67,6.37
2,4116,698.22,6.31
2,4117,720.83,7.04
2,4118,690.69,6.92
2,4119,665.52,6.81
2,4120,641.13,6.71
2,4121,641.86,6.68
2,4122,652.36,6.76
2,4123,693.2,3.32
2,4124,668.1,6.23
2,4125,650.59,6.16
2,4126,635.68,3.04
2,4127,635.68,3.04
2,4128,658.32,6.01
2,4129,607.19,5.58
2,4130,583.21,5.36
2,4131,566.36,5.27
2,4132,547.83,5.12
2,4133,545.39,5.11
2,4134,519.9,4.89
2,4135,506.93,4.76
2,4136,510.38,4.69
2,4137,485.69,4.44
2,4138,424.46,3
2,4139,451.54,3.15
2,4140,477.3,3.37
2,4141,545.4,4.49
2,4142,535.38,4.52
2,4143,546.72,4.56
2,4144,512.97,4.51
2,4145,539.54,4.65
2,4146,574.61,4.67
2,4147,598.32,4.77
2,4148,621.38,4.87
2,4149,640.13,5.08
2,4150,651.1,5.13
2,4151,671.14,5.21
2,4152,660.2,5.31
2,4153,678.37,5.39
2,4154,704.41,5.5
2,4155,728.53,5.6
2,4156,749.06,5.68
2,4157,792.18,7.13
2,4158,794.66,7.15
2,4159,809.27,7.18
2,4170,1547.56,14.95
2,4171,779.03,6.79
2,4172,825.7,6.99
2,4173,825.7,6.99
2,4174,809.86,6.28
2,4175,807.17,6.27
2,4176,803.97,6.26
2,4177,796.74,6.23
2,4178,771.73,6.12
2,4179,718.94,5.77
2,4180,718.94,5.77
2,4181,727.84,5.81
2,4182,718.76,5.77
2,4183,972.7,7.3
2,4184,972.7,7.3
2,4185,936.6,7.15
2,4186,915.15,7.06
2,4187,886.16,6.94
2,4188,852.3,6.8
2,4189,827.45,6.7
2,4190,803.54,6.6
2,4191,806.2,6.61
2,4192,794.94,6.56
2,4193,779.85,6.5
2,4194,782.65,6.51
2,4195,779.71,7.29
2,4196,755.85,7.19
2,4197,724.7,7.06
2,4198,698.56,6.95
2,4199,677.81,6.86
2,4200,663.65,6.8
2,4201,631.44,6.56
2,4202,643.14,6.51
2,4203,658.25,6.57
2,4204,660.96,6.2
2,4205,644.99,6.14
2,4206,616,5.83
2,4207,622.39,5.86
2,4208,591.03,5.64
2,4209,578.84,5.46
2,4210,565.78,5.29
2,4211,546.84,5.21
2,4212,530.42,5.08
2,4213,523.07,4.98
2,4214,515.71,4.88
2,4215,556.85,4.88
2,4216,532.48,4.78
2,4217,532.39,4.74
2,4218,428.16,3.08
2,4219,479.82,3.38
2,4220,477.04,3.37
2,4221,550.39,4.51
2,4222,543.33,4.55
2,4223,515.19,4.43
2,4224,522.84,4.46
2,4225,549.38,4.57
2,4226,571.11,4.66
2,4227,587.25,4.73
2,4228,609.64,4.86
2,4229,622.22,5.01
2,4230,631.91,5.05
2,4231,634.3,5.2
2,4232,640.35,5.23
2,4233,669.2,5.35
2,4234,695.41,5.46
2,4235,718.06,5.55
2,4236,779.59,7.03
2,4237,780.25,7.03
2,4238,798.97,7.13
2,4239,817.84,7.21
2,4250,1539.44,14.89
2,4251,1529.66,14.8
2,4252,825.53,6.99
2,4253,809.68,6.28
2,4254,806.98,6.27
2,4255,806.98,6.27
2,4256,803.79,6.26
2,4257,796.56,6.23
2,4258,718.72,5.77
2,4259,718.72,5.77
2,4260,718.72,5.77
2,4261,727.55,5.81
2,4262,718.47,5.77
2,4263,972.54,7.3
2,4264,972.54,7.3
2,4265,923.31,7.1
2,4266,921.24,7.09
2,4267,913.61,7.06
2,4268,914.22,7.06
2,4269,914.22,7.06
2,4270,808.47,6.62
2,4271,801.99,6.59
2,4272,799.63,6.58
2,4273,799.79,6.58
2,4274,810.79,7.42
2,4275,792.15,7.34
2,4276,755.82,7.19
2,4277,728.43,7.07
2,4278,720.12,7.04
2,4279,687.95,6.91
2,4280,684.94,6.89
2,4281,640.1,6.51
2,4282,621.84,6.4
2,4283,665.22,6.6
2,4284,648.59,6.15
2,4285,645.17,5.95
2,4286,618.52,5.84
2,4287,604.83,5.78
2,4288,575.48,5.57
2,4289,559.91,5.42
2,4290,546.39,5.31
2,4291,539.05,5.2
2,4292,551.83,5.18
2,4293,571.58,5.26
2,4294,591.96,5.03
2,4295,562.52,4.91
2,4296,526.49,4.41
2,4297,505.74,4.32
2,4298,476,4.21
2,4299,450.85,3.26
2,4300,581.09,4.64
2,4301,558.9,4.54
2,4302,524.91,4.4
2,4303,498.2,4.31
2,4304,532.35,4.5
2,4305,553.23,4.52
2,4306,614.3,4.88
2,4307,609.97,4.86
2,4308,608.6,4.86
2,4309,601.21,4.92
2,4310,607.13,5.02
2,4311,619.63,5.12
2,4312,641.9,5.24
2,4313,654.23,5.29
2,4314,683.33,5.41
2,4315,767.26,6.93
2,4316,767.26,6.93
2,4317,770.13,6.95
2,4318,775.94,7
2,4319,817.84,7.21
2,4330,1531.11,14.82
2,4331,1521.33,14.73
2,4332,1511.54,14.65
2,4333,806.98,6.27
2,4334,806.98,6.27
2,4335,806.98,6.27
2,4336,803.79,6.26
2,4337,796.56,6.23
2,4338,718.72,5.77
2,4339,718.72,5.77
2,4340,727.55,5.81
2,4341,727.55,5.81
2,4342,972.54,7.3
2,4343,972.54,7.3
2,4344,972.54,7.3
2,4345,921.24,7.09
2,4346,921.24,7.09
2,4347,921.24,7.09
2,4348,914.22,7.06
2,4349,914.22,7.06
2,4350,803.08,6.6
2,4351,801.99,6.59
2,4352,807.18,6.61
2,4353,814.62,6.65
2,4354,818.9,7.45
2,4355,787.62,7.32
2,4356,769.91,7.25
2,4357,747.48,7.15
2,4358,742.73,7.17
2,4359,709.45,7
2,4360,716.83,7.03
2,4361,652.88,6.58
2,4362,616.42,6.31
2,4363,614.14,6.27
2,4364,615.04,6.01
2,4365,613.84,6.01
2,4366,577.21,5.73
2,4367,569.86,5.63
2,4368,568.65,5.55
2,4369,555.21,5.43
2,4370,573.33,5.44
2,4371,581.3,5.47
2,4372,574.66,5.27
2,4373,601.06,5.38
2,4374,597.96,5.06
2,4375,580.98,4.98
2,4376,517.4,4.37
2,4377,518.89,4.38
2,4378,472.14,4.12
2,4379,556.84,4.42
2,4380,544.44,4.37
2,4381,564.49,4.45
2,4382,498.35,4.2
2,4383,504.93,4.29
2,4384,535.14,4.42
2,4385,560.48,4.52
2,4386,613.92,4.88
2,4387,585.99,4.76
2,4388,579.41,4.79
2,4389,593.79,4.91
2,4390,603.76,4.99
2,4391,616.14,5.09
2,4392,639.26,5.22
2,4393,649.49,5.27
2,4394,781.08,6.6
2,4395,762.14,6.81
2,4396,760.34,6.87
2,4397,758.55,6.85
2,4398,780.29,6.93
2,4399,793.21,7.03
2,4410,1522.78,14.75
2,4411,1512.99,14.66
2,4412,1503.21,14.58
2,4413,1493.43,14.5
2,4414,806.98,6.27
2,4415,806.98,6.27
2,4416,803.79,6.26
2,4417,796.56,6.23
2,4418,718.72,5.77
2,4419,718.72,5.77
2,4420,727.55,5.81
2,4421,727.55,5.81
2,4422,972.54,7.3
2,4423,972.54,7.3
2,4424,972.54,7.3
2,4425,921.24,7.09
2,4426,921.24,7.09
2,4427,921.24,7.09
2,4428,914.22,7.06
2,4429,914.22,7.06
2,4430,861.95,7.72
2,4431,861.95,7.72
2,4432,842.81,7.61
2,4433,830.93,7.54
2,4434,815.78,7.46
2,4435,824.28,7.51
2,4436,785.45,7.31
2,4437,807.24,7.4
2,4438,740.76,7.16
2,4439,731.22,7.09
2,4440,671.83,6.69
2,4441,665.91,6.66
2,4442,623.21,6.3
2,4443,608.73,6.18
2,4444,593.35,5.96
2,4445,587.08,5.87
2,4446,578.66,5.75
2,4447,587.6,5.69
2,4448,590.61,5.64
2,4449,593.27,5.65
2,4450,595.22,5.53
2,4451,614.65,5.52
2,4452,602.45,5.42
2,4453,604.09,5.4
2,4454,606.82,5.09
2,4455,598.8,5.06
2,4456,566.57,4.42
2,4457,512.93,4.2
2,4458,479.55,4.06
2,4459,441.08,3.39
2,4460,480.03,3.6
2,4461,519.33,4.26
2,4462,483.64,4.1
2,4463,517.79,4.22
2,4464,543.45,4.33
2,4465,578.23,4.54
2,4466,602.3,4.64
2,4467,562.65,4.65
2,4468,658.52,4.94
2,4469,675.38,5.01
2,4470,678.83,5.03
2,4471,678.83,5.03
2,4472,781.08,6.6
2,4473,781.08,6.6
2,4474,781.08,6.6
2,4475,762.14,6.81
2,4476,757.47,6.79
2,4477,747.12,6.76
2,4478,776.62,6.89
2,4479,800.93,7.05
2,4490,1514.44,14.68
2,4491,1504.66,14.6
2,4492,1494.88,14.51
2,4493,1485.09,14.43
2,4494,1474.58,14.34
2,4495,1464.7,14.26
2,4496,803.79,6.26
2,4497,718.72,5.77
2,4498,718.72,5.77
2,4499,718.72,5.77
2,4500,727.55,5.81
2,4501,972.54,7.3
2,4502,972.54,7.3
2,4503,972.54,7.3
2,4504,921.24,7.09
2,4505,921.24,7.09
2,4506,921.24,7.09
2,4507,921.24,7.09
2,4508,921.24,7.09
2,4509,861.95,7.72
2,4510,861.95,7.72
2,4511,861.95,7.72
2,4512,860.16,7.71
2,4513,840.47,7.6
2,4514,823.71,7.5
2,4515,824.28,7.51
2,4516,837.79,7.53
2,4517,823.71,7.47
2,4518,794.14,7.35
2,4519,752.74,7.18
2,4520,788.79,7.33
2,4521,671.83,6.69
2,4522,605.57,6.13
2,4523,602.14,6.08
2,4524,614.26,6.09
2,4525,593.58,5.96
2,4526,608.64,6.11
2,4527,622.14,5.86
2,4528,618.13,5.81
2,4529,609.13,5.59
2,4530,617.16,5.62
2,4531,622.99,5.59
2,4532,664.36,5.65
2,4533,625.97,5.49
2,4534,630.73,5.19
2,4535,627.11,5.18
2,4536,540.34,4.31
2,4537,521.03,4.22
2,4538,489.55,4.09
2,4539,444.88,3.48
2,4540,479.45,3.6
2,4541,484.5,4
2,4542,491.77,4.07
2,4543,532.05,4.28
2,4544,548.12,4.42
2,4545,571.61,4.52
2,4546,546.53,4.51
2,4547,577.24,4.62
2,4548,637.44,4.86
2,4549,665.18,4.97
2,4550,678.83,5.03
2,4551,678.83,5.03
2,4552,781.08,6.6
2,4553,781.08,6.6
2,4554,781.08,6.6
2,4555,727.23,6.59
2,4556,733.78,6.65
2,4557,751.22,6.79
2,4558,764.14,6.9
2,4559,790.85,7.08
2,4570,1506.11,14.61
2,4571,1496.32,14.53
2,4572,1486.54,14.44
2,4573,1476.21,14.36
2,4574,1466.33,14.28
2,4575,1456.46,14.19
2,4576,1446.58,14.11
2,4577,1436.7,14.03
2,4578,718.72,5.77
2,4579,727.55,5.81
2,4580,727.55,5.81
2,4581,972.54,7.3
2,4582,972.54,7.3
2,4583,972.54,7.3
2,4584,921.24,7.09
2,4585,921.24,7.09
2,4586,921.24,7.09
2,4587,921.24,7.09
2,4588,921.24,7.09
2,4589,861.95,7.72
2,4590,861.95,7.72
2,4591,861.95,7.72
2,4592,861.95,7.72
2,4593,890.47,7.81
2,4594,884.31,7.77
2,4595,865,7.67
2,4596,838.06,7.53
2,4597,812.27,7.42
2,4598,790.3,7.33
2,4599,784.63,7.32
2,4600,796.43,7.36
2,4601,796.43,7.36
2,4602,609.82,6.2
2,4603,611.97,6.24
2,4604,614.8,6.17
2,4605,602.58,6.06
2,4606,619.32,6.17
2,4607,630.43,6.3
2,4608,639.87,5.9
2,4609,718.35,5.66
2,4610,637.03,5.71
2,4611,633.83,5.68
2,4612,659.46,5.63
2,4613,634.2,4.54
2,4614,644.23,4.58
2,4615,567.25,4.42
2,4616,577.92,4.3
2,4617,515.13,4.04
2,4618,481.81,3.9
2,4619,448.74,3.57
2,4620,467.8,3.78
2,4621,469.03,3.9
2,4622,506.22,4
2,4623,521.56,4.22
2,4624,519.54,4.29
2,4625,531.16,4.39
2,4626,581.03,4.62
2,4627,604.56,4.72
2,4628,636.48,4.85
2,4629,646.04,4.89
2,4630,678.83,5.03
2,4631,759.7,6.48
2,4632,765.35,6.51
2,4633,765.26,6.51
2,4634,708.82,6.44
2,4635,718.23,6.52
2,4636,725.72,6.58
2,4637,826.79,6.74
2,4638,808.49,7.15
2,4639,783.03,7.06
2,4649,1507.56,14.62
2,4650,1497.77,14.54
2,4651,1487.99,14.46
2,4652,1477.84,14.37
2,4653,1467.96,14.29
2,4654,1458.09,14.21
2,4655,1448.21,14.12
2,4656,1438.33,14.04
2,4657,1428.45,13.96
2,4658,1418.83,13.88
2,4659,727.55,5.81
2,4660,972.54,7.3
2,4661,972.54,7.3
2,4662,972.54,7.3
2,4663,921.24,7.09
2,4664,921.24,7.09
2,4665,921.24,7.09
2,4666,921.24,7.09
2,4667,921.24,7.09
2,4668,861.95,7.72
2,4669,861.95,7.72
2,4670,861.95,7.72
2,4671,861.95,7.72
2,4672,861.95,7.72
2,4673,890.47,7.81
2,4674,892.59,7.82
2,4675,872.3,7.71
2,4676,846.34,7.57
2,4677,821.18,7.46
2,4678,798.46,7.37
2,4679,800.59,7.4
2,4680,810.15,7.45
2,4681,895.98,7.77
2,4682,615.22,6.29
2,4683,617.42,6.33
2,4684,636.35,6.25
2,4685,618.75,6.18
2,4686,617.58,6.23
2,4687,630.43,6.3
2,4688,661.61,5.99
2,4689,714.51,5.65
2,4690,682.92,5.51
2,4691,661.48,5.42
2,4692,627.94,4.57
2,4693,615.71,4.47
2,4694,589.16,4.35
2,4695,563.33,4.24
2,4696,545.42,4.17
2,4697,515.12,4.04
2,4698,478.41,3.83
2,4699,455.27,3.72
2,4700,459.68,3.77
2,4701,479.11,3.95
2,4702,491.31,4.05
2,4703,518.65,4.24
2,4704,577.66,4.61
2,4705,568.16,4.57
2,4706,576.64,4.6
2,4707,594.16,4.68
2,4708,638.48,4.86
2,4709,643.65,4.88
2,4710,714.43,6.23
2,4711,724.65,6.29
2,4712,746.78,6.41
2,4713,753.73,6.45
2,4714,701.16,6.38
2,4715,710.46,6.45
2,4716,781,6.55
2,4717,814.19,6.69
2,4718,816.86,7.19
2,4719,858.1,7.55
2,4729,1499.22,14.55
2,4730,1489.44,14.47
2,4731,1479.66,14.39
2,4732,1469.59,14.3
2,4733,1459.72,14.22
2,4734,1449.84,14.14
2,4735,1439.96,14.06
2,4736,1430.08,13.97
2,4737,1420.2,13.89
2,4738,1410.75,13.81
2,4739,1400.92,13.73
2,4740,972.54,7.3
2,4741,972.54,7.3
2,4742,921.24,7.09
2,4743,921.24,7.09
2,4744,921.24,7.09
2,4745,921.24,7.09
2,4746,921.24,7.09
2,4747,921.24,7.09
2,4748,861.95,7.72
2,4749,861.95,7.72
2,4750,861.95,7.72
2,4751,861.95,7.72
2,4752,899.31,7.86
2,4753,899.31,7.86
2,4754,895.54,7.84
2,4755,878.6,7.74
2,4756,853.81,7.6
2,4757,840.45,7.54
2,4758,820.1,7.46
2,4759,866.47,7.65
2,4760,887.48,7.74
2,4761,895.98,7.77
2,4762,713.04,7.1
2,4763,622.86,6.42
2,4764,625.06,6.46
2,4765,665.49,6.52
2,4766,622.35,6.3
2,4767,634.92,6.35
2,4768,679.78,6.78
2,4769,676.27,6.77
2,4770,664.67,5.44
2,4771,650.18,5.38
2,4772,637.22,5.26
2,4773,616.71,5
2,4774,595.51,4.38
2,4775,587.9,4.34
2,4776,545.18,4.17
2,4777,530.04,4.1
2,4778,514.03,4.3
2,4779,485.16,4.18
2,4780,464.45,3.83
2,4781,512.02,4.13
2,4782,528.77,4.2
2,4783,524.86,4.26
2,4784,601.14,4.7
2,4785,589.51,4.66
2,4786,572.62,4.59
2,4787,699.91,5.76
2,4788,699.91,5.76
2,4789,704.21,6.17
2,4790,707.94,6.19
2,4791,722.37,6.27
2,4792,735.16,6.34
2,4793,686.95,6.26
2,4794,693.79,6.31
2,4795,753.94,6.44
2,4796,778.11,6.54
2,4797,798.89,6.63
2,4798,840.83,8.72
2,4799,848.93,7.51
2,4809,1490.89,14.48
2,4810,1481.11,14.4
2,4811,1471.22,14.32
2,4812,1461.35,14.23
2,4813,1451.47,14.15
2,4814,1441.59,14.07
2,4815,1431.71,13.99
2,4816,1421.83,13.91
2,4817,1412.29,13.83
2,4818,1402.46,13.74
2,4819,1392.62,13.66
2,4820,1382.79,13.58
2,4821,1372.96,13.5
2,4822,921.24,7.09
2,4823,921.24,7.09
2,4824,921.24,7.09
2,4825,921.24,7.09
2,4826,921.24,7.09
2,4827,975.12,8.1
2,4828,975.12,8.1
2,4829,975.12,8.1
2,4830,975.12,8.1
2,4831,975.12,8.1
2,4832,975.12,8.1
2,4833,935.71,7.94
2,4834,911.44,7.84
2,4835,887.18,7.74
2,4836,864.03,7.64
2,4837,1049.81,7.49
2,4838,840.3,7.54
2,4839,855.22,7.6
2,4840,763.54,7.38
2,4841,727.57,7.18
2,4842,710.08,7.08
2,4843,628.29,6.51
2,4844,657.26,6.48
2,4845,642.98,6.42
2,4846,622.32,6.36
2,4847,649.15,6.49
2,4848,652.75,6.64
2,4849,685.02,6.8
2,4850,681.89,5.51
2,4851,643.15,5.24
2,4852,616.3,5.12
2,4853,594.65,4.94
2,4854,586.13,4.87
2,4855,553.9,4.6
2,4856,542.78,4.48
2,4857,549.5,4.5
2,4858,505.72,4.23
2,4859,475.19,4.1
2,4860,461.76,3.88
2,4861,498.96,4.08
2,4862,516.58,4.15
2,4863,609.24,4.86
2,4864,614.46,4.88
2,4865,603.62,4.71
2,4866,699.91,5.76
2,4867,699.91,5.76
2,4868,699.91,5.76
2,4869,694.68,6.12
2,4870,697.2,6.13
2,4871,713.38,6.22
2,4872,669.61,6.11
2,4873,678.06,6.18
2,4874,731.7,6.35
2,4875,745.63,6.4
2,4876,766.3,6.49
2,4877,818.19,6.71
2,4878,843.89,8.66
2,4879,825.03,8.66
2,4905,921.24,7.09
2,4906,975.12,8.1
2,4907,975.12,8.1
2,4908,975.12,8.1
2,4909,975.12,8.1
2,4910,975.12,8.1
2,4911,975.12,8.1
2,4912,975.12,8.1
2,4913,942.08,7.97
2,4914,919.06,7.87
2,4915,894.77,7.77
2,4916,1078.09,7.66
2,4917,1050.59,7.51
2,4918,789.64,7.53
2,4919,782.83,7.49
2,4920,745.36,7.28
2,4921,726.81,7.18
2,4922,693.34,6.99
2,4923,633.72,6.6
2,4924,644.47,6.65
2,4925,656.26,6.55
2,4926,628.85,6.45
2,4927,650.44,6.57
2,4928,671.48,6.71
2,4929,667.06,5.49
2,4930,655.19,5.31
2,4931,624.1,5.17
2,4932,609.25,5.06
2,4933,577.06,4.87
2,4934,568.74,4.66
2,4935,543.99,4.56
2,4936,522.42,4.47
2,4937,553.47,4.51
2,4938,495.98,4.19
2,4939,471.47,4.04
2,4940,465.62,3.97
2,4941,483.58,4.1
2,4942,525.91,4.32
2,4943,586.85,4.76
2,4944,609.63,4.86
2,4945,621.72,4.91
2,4946,699.91,5.76
2,4947,699.91,5.76
2,4948,698.08,5.76
2,4949,689.33,5.89
2,4950,696.1,6.12
2,4951,674.93,6.03
2,4952,661.6,6.05
2,4953,685.32,6.15
2,4954,711.8,6.26
2,4955,724.66,6.32
2,4956,790.56,8.44
2,4957,808.94,8.51
2,4958,826.47,8.58
2,4959,806.31,8.58
2,4985,975.12,8.1
2,4986,975.12,8.1
2,4987,975.12,8.1
2,4988,975.12,8.1
2,4989,975.12,8.1
2,4990,975.12,8.1
2,4991,975.12,8.1
2,4992,971.61,8.09
2,4993,956.57,8.03
2,4994,919.06,7.87
2,4995,1078.09,7.66
2,4996,1078.09,7.66
2,4997,1062.39,7.57
2,4998,1016.08,7.35
2,4999,766.51,7.4
2,5000,734.21,7.22
2,5001,717.2,7.12
2,5002,676.15,6.9
2,5003,653.73,6.77
2,5004,646.77,6.75
2,5005,671,6.85
2,5006,657.58,5.82
2,5007,651.24,5.8
2,5008,677.78,5.91
2,5009,643.31,5.39
2,5010,627.68,5.25
2,5011,602.66,5.14
2,5012,591.85,5
2,5013,563.6,4.78
2,5014,542.66,4.69
2,5015,538.08,4.53
2,5016,508.45,4.41
2,5017,489.38,4.26
2,5018,483.85,4.17
2,5019,472.99,4.06
2,5020,469.47,4.06
2,5021,496.42,4.2
2,5022,515.21,4.28
2,5023,564.01,4.67
2,5024,618.35,4.89
2,5025,638.43,4.98
2,5026,668.09,5.63
2,5027,682.62,5.69
2,5028,694.32,5.74
2,5029,668.94,5.8
2,5030,675.97,5.83
2,5031,645.26,5.91
2,5032,656.73,6.01
2,5033,717.29,6.16
2,5034,744.81,6.27
2,5035,764.65,8.33
2,5036,772.96,8.36
2,5037,794.62,8.45
2,5038,808.46,8.59
2,5039,781.33,8.47
2,5065,975.12,8.1
2,5066,975.12,8.1
2,5067,975.12,8.1
2,5068,975.12,8.1
2,5069,975.12,8.1
2,5070,975.12,8.1
2,5071,973.83,8.1
2,5072,971.19,8.09
2,5073,957.25,8.03
2,5074,1086.9,7.65
2,5075,1074.79,7.6
2,5076,1074.64,7.64
2,5077,1011.22,7.33
2,5078,994.32,7.26
2,5079,757.24,7.35
2,5080,740.69,7.25
2,5081,744.19,7.27
2,5082,687.39,6.95
2,5083,682.45,6.93
2,5084,646.78,6.82
2,5085,671.8,5.88
2,5086,658.58,5.76
2,5087,637.79,5.66
2,5088,662.4,5.77
2,5089,626.63,5.32
2,5090,609.76,5.13
2,5091,590.6,5.03
2,5092,582.38,4.99
2,5093,567.49,4.8
2,5094,520.93,4.6
2,5095,507.33,4.49
2,5096,499.17,4.39
2,5097,499.12,4.29
2,5098,493.27,4.24
2,5099,555.96,5.75
2,5100,543.1,5.7
2,5101,499.52,4.38
2,5102,537.53,4.56
2,5103,561.5,4.66
2,5104,637.63,4.98
2,5105,641.85,4.99
2,5106,651.45,5.56
2,5107,666.15,5.62
2,5108,633.08,5.65
2,5109,648.02,5.71
2,5110,628.96,5.77
2,5111,656.68,5.91
2,5112,685.48,6.03
2,5113,714.85,6.15
2,5114,747.62,6.18
2,5115,772.06,6.28
2,5116,744.19,8.24
2,5117,779.59,8.39
2,5118,795.7,8.53
2,5119,738.48,8.3
2,5145,1233.17,8.26
2,5146,1233.17,8.26
2,5147,1233.17,8.26
2,5148,975.12,8.1
2,5149,1154.27,7.93
2,5150,1154.27,7.93
2,5151,1153.18,7.92
2,5152,1146.81,7.9
2,5153,1122.48,7.8
2,5154,1098.04,7.69
2,5155,1073.15,7.59
2,5156,1022.21,7.38
2,5157,1018.25,7.36
2,5158,972.6,7.17
2,5159,764.4,7.39
2,5160,733.14,7.21
2,5161,714.78,7.11
2,5162,845.83,6.64
2,5163,827.63,6.57
2,5164,652.23,6.91
2,5165,660.49,5.81
2,5166,632,5.64
2,5167,626.28,5.59
2,5168,636.89,5.37
2,5169,609.83,5.23
2,5170,612.81,5.24
2,5171,555.22,4.92
2,5172,542.98,4.81
2,5173,530.74,4.71
2,5174,546.44,4.78
2,5175,530.49,4.74
2,5176,537.05,4.8
2,5177,508.39,4.37
2,5178,517.91,4.37
2,5179,542.45,4.47
2,5180,538.24,5.6
2,5181,493.55,4.36
2,5182,518.92,4.48
2,5183,580.51,4.74
2,5184,611.64,4.87
2,5185,620.12,5.43
2,5186,634.82,5.49
2,5187,659.61,5.76
2,5188,636.88,5.67
2,5189,623.54,5.69
2,5190,620.04,5.7
2,5191,667.62,5.85
2,5192,693.28,5.95
2,5193,717.18,6.05
2,5194,740.67,6.15
2,5195,735.79,8.21
2,5196,724.12,8.16
2,5197,709.52,8.1
2,5198,708.23,8.17
2,5199,720.92,8.22
2,5215,1233.17,8.26
2,5216,1233.17,8.26
2,5217,1233.17,8.26
2,5218,1233.17,8.26
2,5219,1233.17,8.26
2,5220,1154.27,7.93
2,5221,1154.27,7.93
2,5222,1152.02,7.92
2,5223,1127.69,7.82
2,5224,1103.48,7.72
2,5225,1050.08,7.49
2,5226,1010.68,7.33
2,5227,985.4,7.23
2,5228,960.33,7.12
2,5229,924.12,6.97
2,5230,899.66,6.87
2,5231,875.1,6.77
2,5232,815.95,6.52
2,5233,805.22,6.47
2,5234,651.43,5.82
2,5235,646.69,5.76
2,5236,638.01,5.56
2,5237,614.86,5.45
2,5238,639.15,5.35
2,5239,582.13,5.14
2,5240,569.87,5.04
2,5241,557.63,4.94
2,5242,564.8,4.92
2,5243,571.59,4.94
2,5244,561.58,4.92
2,5245,529.49,4.76
2,5246,523.19,4.49
2,5247,531.37,4.52
2,5248,571.41,4.59
2,5249,560.61,4.55
2,5250,534.35,5.51
2,5251,488.81,4.38
2,5252,526.05,4.65
2,5253,556.08,4.78
2,5254,582.68,4.89
2,5255,603.19,5.36
2,5256,627.23,5.46
2,5257,653.39,5.57
2,5258,598.86,5.51
2,5259,604.89,5.58
2,5260,637.67,5.72
2,5261,661.03,5.82
2,5262,691.41,5.94
2,5263,714.24,6.04
2,5264,733.73,6.12
2,5265,719.72,8.14
2,5266,704.07,8.07
2,5267,689.36,8.01
2,5268,691.09,8.1
2,5269,683.61,8.16
2,5270,689.95,8.26
2,5271,696.29,8.37
2,5272,702.63,8.47
2,5273,709.69,8.58
2,5274,717.33,8.68
2,5275,724.96,8.79
2,5276,731.93,8.89
2,5277,738.45,8.99
2,5278,743.69,9.07
2,5295,1233.17,8.26
2,5296,1233.17,8.26
2,5297,1233.17,8.26
2,5298,1233.17,8.26
2,5299,1233.17,8.26
2,5300,1233.17,8.26
2,5301,1158.24,7.95
2,5302,1168.87,7.99
2,5303,1207.59,8.15
2,5304,1230.94,8.25
2,5305,1031.77,7.42
2,5306,1015.67,7.35
2,5307,988.93,7.24
2,5308,940.48,7.04
2,5309,928.98,6.99
2,5310,853.26,6.67
2,5311,841.58,6.63
2,5312,820.85,6.54
2,5313,782.74,6.38
2,5314,659.32,5.78
2,5315,655.44,5.76
2,5316,621.28,5.47
2,5317,609.03,5.36
2,5318,602.13,5.31
2,5319,584.54,5.16
2,5320,599.88,5.19
2,5321,585.54,5.05
2,5322,586.53,5.01
2,5323,574.93,4.98
2,5324,550.51,4.88
2,5325,536.73,4.85
2,5326,532.65,4.57
2,5327,561.74,4.65
2,5328,557.57,4.63
2,5329,572.88,5.57
2,5330,554.41,5.49
2,5331,498.19,4.54
2,5332,530.43,4.67
2,5333,561.2,4.8
2,5334,572.82,5.2
2,5335,567.93,5.21
2,5336,623.07,5.44
2,5337,575.92,5.36
2,5338,592.99,5.47
2,5339,597.73,5.53
2,5340,637.08,5.72
2,5341,732.28,6.09
2,5342,753.1,6.18
2,5343,753.1,6.18
2,5344,654.21,7.67
2,5345,659.51,7.75
2,5346,664.82,7.84
2,5347,670.4,7.94
2,5348,676.76,8.04
2,5349,696.84,8.17
2,5350,719.02,8.26
2,5351,695.75,8.36
2,5352,702.09,8.46
2,5353,709.15,8.57
2,5354,716.78,8.68
2,5355,724.42,8.78
2,5356,731.39,8.89
2,5357,737.65,8.98
2,5358,742.05,9.05
2,5375,1233.17,8.26
2,5376,1233.17,8.26
2,5377,1233.17,8.26
2,5378,1233.17,8.26
2,5379,1233.17,8.26
2,5380,1233.17,8.26
2,5381,1224.18,8.22
2,5382,1199.39,8.12
2,5383,1208.59,8.16
2,5384,1230.94,8.25
2,5385,1030.26,7.41
2,5386,1026.82,7.4
2,5387,922.67,6.96
2,5388,898.81,6.86
2,5389,879.46,6.78
2,5390,854.23,6.68
2,5391,827.91,6.57
2,5392,795.65,6.43
2,5393,769.31,6.32
2,5394,685.97,5.89
2,5395,635.93,5.59
2,5396,623.69,5.49
2,5397,613.06,5.43
2,5398,613.14,5.4
2,5399,627.11,5.35
2,5400,621.62,5.28
2,5401,628.91,5.2
2,5402,604.46,5.1
2,5403,607.95,5.44
2,5404,541.03,4.91
2,5405,543.98,4.95
2,5406,542.11,4.65
2,5407,602.48,5.25
2,5408,604.87,5.7
2,5409,577.7,5.54
2,5410,547.39,5.41
2,5411,490.2,4.55
2,5412,525.37,4.65
2,5413,539.79,4.99
2,5414,533.87,5.01
2,5415,546.05,5.11
2,5416,562.03,5.24
2,5417,587.24,5.39
2,5418,613.97,5.55
2,5419,630.26,5.62
2,5420,700.59,5.96
2,5421,721.86,6.05
2,5422,743.14,6.14
2,5423,672,7.5
2,5424,651.59,7.62
2,5425,656.9,7.71
2,5426,662.21,7.8
2,5427,669.57,7.92
2,5428,676.27,8.03
2,5429,713.95,8.24
2,5430,734.52,8.32
2,5431,754.91,8.41
2,5432,762,8.44
2,5433,708.61,8.56
2,5434,716.24,8.67
2,5435,723.88,8.78
2,5436,730.84,8.88
2,5437,737.05,8.97
2,5438,741.68,9.04
2,5454,1277.43,12.7
2,5455,1267.64,12.62
2,5456,1233.17,8.26
2,5457,1233.17,8.26
2,5458,1233.17,8.26
2,5459,1233.17,8.26
2,5460,1233.17,8.26
2,5461,1228.36,8.24
2,5462,1202.32,8.13
2,5463,1209.58,8.16
2,5464,1230.94,8.25
2,5465,957.33,7.11
2,5466,937.41,7.03
2,5467,925.26,6.97
2,5468,909.98,6.91
2,5469,882.56,6.8
2,5470,848.46,6.65
2,5471,820.2,6.54
2,5472,769.53,6.33
2,5473,747.02,6.23
2,5474,694.52,5.92
2,5475,644.35,5.71
2,5476,634.31,5.62
2,5477,626.01,5.57
2,5478,635.21,5.62
2,5479,656.17,5.42
2,5480,633.3,5.72
2,5481,617.06,5.59
2,5482,587.92,5.45
2,5483,586.37,5.35
2,5484,559.47,5.14
2,5485,551.32,5.04
2,5486,586.16,5.18
2,5487,605.04,5.29
2,5488,616.76,5.7
2,5489,586.38,5.57
2,5490,581.35,5.41
2,5491,521.31,5.2
2,5492,506.95,4.79
2,5493,519.14,4.89
2,5494,531.34,4.99
2,5495,559.21,5.22
2,5496,566.21,5.27
2,5497,592.79,5.4
2,5498,619.82,5.53
2,5499,647.99,5.69
2,5500,690.18,5.91
2,5501,711.45,6
2,5502,664.65,7.47
2,5503,672,7.5
2,5504,648.98,7.58
2,5505,654.29,7.67
2,5506,659.6,7.76
2,5507,664.91,7.84
2,5508,697.55,8.17
2,5509,737.06,8.33
2,5510,747.7,8.38
2,5511,766.57,8.46
2,5512,793.31,8.57
2,5513,800.91,8.6
2,5514,800.91,8.6
2,5515,723.34,8.77
2,5516,730.3,8.87
2,5517,737.05,8.97
2,5518,740.36,9.02
2,5534,1269.1,12.63
2,5535,1259.31,12.55
2,5536,1233.17,8.26
2,5537,1233.17,8.26
2,5538,1233.17,8.26
2,5539,1233.17,8.26
2,5540,1233.17,8.26
2,5541,1232.54,8.26
2,5542,1205.25,8.14
2,5543,993.21,7.26
2,5544,988.84,7.24
2,5545,966.28,7.15
2,5546,943.97,7.05
2,5547,912.95,6.92
2,5548,886.05,6.81
2,5549,859.2,6.7
2,5550,832.54,6.59
2,5551,806.24,6.48
2,5552,782.83,6.38
2,5553,714.03,6.09
2,5554,709.72,6.08
2,5555,649.83,5.8
2,5556,666.07,5.75
2,5557,641.19,5.65
2,5558,623.71,5.96
2,5559,641.94,6.02
2,5560,611.56,5.62
2,5561,595.24,5.5
2,5562,577.4,5.36
2,5563,573.61,5.32
2,5564,561.11,5.16
2,5565,562.61,5.13
2,5566,583.85,5.24
2,5567,618.35,5.42
2,5568,615.55,5.55
2,5569,588.05,5.43
2,5570,549.56,5.27
2,5571,517.45,5.11
2,5572,499.43,4.77
2,5573,516.59,4.87
2,5574,528.81,4.97
2,5575,569.28,5.3
2,5576,576.23,5.36
2,5577,601.28,5.49
2,5578,635.43,5.69
2,5579,664.3,5.81
2,5580,662.27,7.27
2,5581,652.75,7.42
2,5582,646.4,7.4
2,5583,641.06,7.45
2,5584,646.37,7.53
2,5585,651.68,7.62
2,5586,656.99,7.71
2,5587,662.3,7.8
2,5588,721.48,8.27
2,5589,778.61,8.51
2,5590,778.61,8.51
2,5591,792.49,8.56
2,5592,801.37,8.6
2,5593,807,8.63
2,5594,807.42,8.63
2,5595,811.99,8.65
2,5596,729.75,8.86
2,5597,736.68,8.97
2,5598,739.04,9
2,5614,1260.77,12.56
2,5615,1251.39,12.48
2,5616,1251.39,12.48
2,5617,1233.17,8.26
2,5618,1233.17,8.26
2,5619,1233.17,8.26
2,5620,1233.17,8.26
2,5621,1233.17,8.26
2,5622,993.21,7.26
2,5623,993.21,7.26
2,5624,993.21,7.26
2,5625,974.87,7.18
2,5626,952.93,7.09
2,5627,897.61,6.86
2,5628,881.98,6.79
2,5629,856.8,6.69
2,5630,859.79,6.7
2,5631,830.74,6.58
2,5632,820.71,6.54
2,5633,697.08,6.02
2,5634,685,5.97
2,5635,654.49,6.24
2,5636,664.52,6.11
2,5637,642.15,6
2,5638,617.19,5.87
2,5639,603.48,5.69
2,5640,595.34,5.59
2,5641,587.19,5.49
2,5642,579.05,5.38
2,5643,580.84,5.41
2,5644,596.28,5.41
2,5645,584.06,5.31
2,5646,588.92,5.3
2,5647,621.05,5.46
2,5648,603.34,5.5
2,5649,574.23,5.4
2,5650,552.81,5.21
2,5651,520.13,5.04
2,5652,503.3,4.86
2,5653,504.9,4.9
2,5654,573.81,5.34
2,5655,598.21,5.44
2,5656,586.4,5.44
2,5657,605.11,5.56
2,5658,625.21,5.64
2,5659,657.34,7.25
2,5660,642.51,7.19
2,5661,627.81,7.23
2,5662,633.04,7.31
2,5663,638.45,7.4
2,5664,643.76,7.49
2,5665,649.07,7.58
2,5666,654.38,7.67
2,5667,811.43,8.07
2,5668,778.61,8.51
2,5669,778.61,8.51
2,5670,791.68,8.56
2,5671,815.96,8.66
2,5672,820.53,8.68
2,5673,834.01,8.74
2,5674,839.88,8.76
2,5675,839.88,8.76
2,5676,839.88,8.76
2,5677,736.14,8.96
2,5678,738.95,9
2,5694,1252.43,12.49
2,5695,1251.39,12.48
2,5696,1251.39,12.48
2,5697,1233.17,8.26
2,5698,1233.17,8.26
2,5699,1233.17,8.26
2,5700,1233.17,8.26
2,5701,1233.17,8.26
2,5702,993.21,7.26
2,5703,993.21,7.26
2,5704,993.21,7.26
2,5705,982.02,7.21
2,5706,961.89,7.13
2,5707,890.25,6.83
2,5708,877.91,6.78
2,5709,857.93,6.69
2,5710,852.18,6.67
2,5711,809.28,6.49
2,5712,788.37,6.4
2,5713,739.55,6.2
2,5714,714.84,6.1
2,5715,666.29,6.25
2,5716,646.6,6.03
2,5717,625.93,5.91
2,5718,614.09,5.82
2,5719,618.93,5.77
2,5720,608.49,5.7
2,5721,624.16,5.68
2,5722,603.66,5.63
2,5723,588.07,5.5
2,5724,598.75,5.43
2,5725,599.81,5.44
2,5726,588.76,5.34
2,5727,627.29,5.49
2,5728,639.22,5.65
2,5729,609.03,5.59
2,5730,539.51,5.15
2,5731,643.78,6.01
2,5732,507.1,4.95
2,5733,543.61,5.22
2,5734,568.78,5.32
2,5735,593.18,5.42
2,5736,617.35,5.52
2,5737,603.39,5.58
2,5738,611.02,5.65
2,5739,614.45,7
2,5740,622.76,7.1
2,5741,625.09,7.18
2,5742,630.32,7.27
2,5743,635.84,7.36
2,5744,741.14,7.78
2,5745,741.14,7.78
2,5746,811.43,8.07
2,5747,811.43,8.07
2,5748,811.43,8.07
2,5749,829.07,8.72
2,5750,829.32,8.72
2,5751,836.82,8.75
2,5752,841.85,8.77
2,5753,844.31,8.78
2,5754,846.77,8.79
2,5755,848.42,8.8
2,5756,848.42,8.8
2,5757,848.42,8.8
2,5758,848.42,8.8
2,5782,993.21,7.26
2,5783,993.21,7.26
2,5784,993.21,7.26
2,5785,993.21,7.26
2,5786,967.83,7.15
2,5787,890.25,6.83
2,5788,836.93,6.61
2,5789,836.93,6.61
2,5790,832.64,6.59
2,5791,809.03,6.49
2,5792,768.74,6.32
2,5793,743.99,6.22
2,5794,736.92,6.19
2,5795,745.41,6.23
2,5796,653.45,6.15
2,5797,676.77,6.24
2,5798,620.62,5.91
2,5799,620.26,5.82
2,5800,619.42,5.79
2,5801,618.44,5.76
2,5802,611.55,5.72
2,5803,599.3,5.62
2,5804,606.09,5.69
2,5805,602.29,5.46
2,5806,601.38,5.43
2,5807,628.95,5.55
2,5808,655.05,5.83
2,5809,619.92,5.68
2,5810,600.33,5.62
2,5811,632.93,5.92
2,5812,510.94,5.04
2,5813,539.24,5.2
2,5814,564.09,5.3
2,5815,588.15,5.4
2,5816,612.55,5.5
2,5817,613.15,5.67
2,5818,610.62,6.89
2,5819,611.93,6.96
2,5820,633.38,7.18
2,5821,644.48,7.24
2,5822,653.43,7.29
2,5823,728.26,7.7
2,5824,741.14,7.78
2,5825,741.14,7.78
2,5826,808.17,8.06
2,5827,811.43,8.07
2,5828,811.43,8.07
2,5829,884.86,8.95
2,5830,867.91,8.88
2,5831,863.62,8.86
2,5832,856.34,8.83
2,5833,856.34,8.83
2,5834,856.34,8.83
2,5835,854.13,8.82
2,5836,851.92,8.81
2,5837,849.71,8.8
2,5862,993.21,7.26
2,5863,993.21,7.26
2,5864,993.21,7.26
2,5865,993.21,7.26
2,5866,972.92,7.17
2,5867,836.93,6.61
2,5868,836.93,6.61
2,5869,836.93,6.61
2,5870,815.96,6.52
2,5871,805.72,6.48
2,5872,795.56,6.43
2,5873,804.83,6.47
2,5874,758.46,6.28
2,5875,767.48,6.32
2,5876,651.57,6.19
2,5877,696.27,6.36
2,5878,702.28,6.49
2,5879,634.94,6.08
2,5880,628.78,5.87
2,5881,631.7,5.86
2,5882,618.99,5.8
2,5883,610.93,5.75
2,5884,617.67,5.78
2,5885,634.24,5.59
2,5886,612.46,5.53
2,5887,627.14,5.65
2,5888,650.52,5.81
2,5889,630.05,5.76
2,5890,611.22,5.71
2,5891,622.92,5.84
2,5892,686.59,8.28
2,5893,557.93,5.29
2,5894,571.56,5.36
2,5895,575.53,5.61
2,5896,593.36,6.65
2,5897,598.68,6.74
2,5898,604,6.83
2,5899,609.4,6.92
2,5900,648.2,7.26
2,5901,659.65,7.32
2,5902,679.4,7.43
2,5903,720.69,7.66
2,5904,736.82,7.75
2,5905,756.7,7.84
2,5906,800.18,8.02
2,5907,811.43,8.07
2,5908,811.43,8.07
2,5909,889.9,8.97
2,5910,888.33,8.96
2,5911,883.51,8.94
2,5912,876.17,8.91
2,5913,876.17,8.91
2,5914,872.08,8.9
2,5915,856.34,8.83
2,5916,856.34,8.83
2,5917,856.34,8.83
2,5942,993.21,7.26
2,5943,993.21,7.26
2,5944,993.21,7.26
2,5945,993.21,7.26
2,5946,980.06,7.2
2,5947,836.93,6.61
2,5948,836.93,6.61
2,5949,836.93,6.61
2,5950,815.96,6.52
2,5951,852.92,6.67
2,5952,827.38,6.57
2,5953,826.29,6.56
2,5954,781.26,6.37
2,5955,788.27,6.4
2,5956,656.99,6.28
2,5957,670.08,6.22
2,5958,651.58,6.14
2,5959,636.29,6.13
2,5960,685.38,6.42
2,5961,663.51,6.04
2,5962,639.6,5.94
2,5963,626.51,5.82
2,5964,612.77,5.81
2,5965,646.34,5.98
2,5966,628.31,5.62
2,5967,632.87,5.7
2,5968,632.9,5.97
2,5969,626.88,5.88
2,5970,622.36,5.8
2,5971,626.63,5.84
2,5972,682.66,8.19
2,5973,540.65,5.41
2,5974,557.76,5.51
2,5975,584.13,5.66
2,5976,590.76,6.61
2,5977,596.08,6.7
2,5978,630.48,6.79
2,5979,737.46,7.68
2,5980,724.61,7.63
2,5981,705.67,7.55
2,5982,689.97,7.49
2,5983,713.12,7.62
2,5984,729.25,7.71
2,5985,772.14,7.91
2,5986,792.18,7.99
2,5987,811.43,8.07
2,5988,811.43,8.07
2,5989,918.74,9.09
2,5990,918.74,9.09
2,5991,907.34,9.04
2,5992,903.29,9.03
2,5993,903.29,9.03
2,5994,902.56,9.02
2,5995,900.68,9.02
2,5996,876.17,8.91
2,5997,876.17,8.91
2,6012,993.21,7.26
2,6013,993.21,7.26
2,6014,993.21,7.26
2,6015,993.21,7.26
2,6016,836.93,6.61
2,6017,836.93,6.61
2,6018,836.93,6.61
2,6019,856.66,6.69
2,6020,856.66,6.69
2,6021,856.66,6.69
2,6022,837.71,6.61
2,6023,847.75,6.65
2,6024,788.27,6.4
2,6025,788.27,6.4
2,6026,662.41,6.37
2,6027,659.9,6.33
2,6028,647.66,6.23
2,6029,642.82,6.22
2,6030,675.28,6.38
2,6031,677.04,6.12
2,6032,651.33,5.99
2,6033,640.89,5.96
2,6034,620,5.9
2,6035,653.85,6.12
2,6036,637.41,5.75
2,6037,637.43,5.75
2,6038,654.01,6.09
2,6039,653.44,5.99
2,6040,650.72,5.97
2,6041,656.38,6.03
2,6042,680.74,6.13
2,6043,535.18,5.38
2,6044,607.87,6.54
2,6045,582.97,6.48
2,6046,597.92,6.61
2,6047,617.65,6.72
2,6048,632.55,6.8
2,6049,737.46,7.68
2,6050,737.46,7.68
2,6051,717.89,7.6
2,6052,697.62,7.53
2,6053,705.55,7.58
2,6054,766.52,7.88
2,6055,773.94,7.91
2,6056,784.18,7.96
2,6057,807.09,8.05
2,6058,953.45,9.24
2,6059,953.45,9.24
2,6060,938.63,9.17
2,6061,927.77,9.13
2,6062,925.35,9.12
2,6063,913.65,9.07
2,6064,913.65,9.07
2,6065,909.75,9.05
2,6066,905.05,9.03
2,6067,1359.01,9.33
2,6082,993.21,7.26
2,6083,993.21,7.26
2,6084,993.21,7.26
2,6085,1197.83,11.06
2,6086,1207.94,11.1
2,6087,1207.94,11.1
2,6088,856.66,6.69
2,6089,856.66,6.69
2,6090,856.66,6.69
2,6091,856.66,6.69
2,6092,853.01,6.67
2,6093,853.01,6.67
2,6094,853.01,6.67
2,6095,665.89,6.43
2,6096,667.95,6.47
2,6097,680.78,6.46
2,6098,671.28,6.36
2,6099,649.34,6.31
2,6100,664.14,6.46
2,6101,675.15,6.55
2,6102,656.95,6.28
2,6103,634.16,6.08
2,6104,627.26,5.99
2,6105,643.91,6.08
2,6106,656.33,5.89
2,6107,649.47,5.83
2,6108,688.09,6.24
2,6109,664.67,6.14
2,6110,657.4,6.03
2,6111,654.67,6.02
2,6112,674.71,8
2,6113,592.87,6.38
2,6114,575.07,6.35
2,6115,590.16,6.46
2,6116,604.67,6.55
2,6117,637.09,6.83
2,6118,646.97,6.88
2,6119,661.22,6.96
2,6120,737.46,7.68
2,6121,736.68,7.3
2,6122,763.97,7.41
2,6123,767.84,7.43
2,6124,797.87,7.55
2,6125,773.94,7.91
2,6126,776.19,7.92
2,6127,799.09,8.02
2,6128,953.45,9.24
2,6129,953.45,9.24
2,6130,950.89,9.22
2,6131,944.4,9.2
2,6132,930.46,9.14
2,6133,930.46,9.14
2,6134,928.04,9.13
2,6135,925.35,9.12
2,6136,913.65,9.07
2,6137,1359.01,9.33
2,6152,993.21,7.26
2,6153,1170.79,10.94
2,6154,1197.83,11.06
2,6155,1197.83,11.06
2,6156,1199.68,11.06
2,6157,1207.94,11.1
2,6158,1207.94,11.1
2,6159,1207.94,11.1
2,6160,856.66,6.69
2,6161,856.66,6.69
2,6162,853.01,6.67
2,6163,853.01,6.67
2,6164,853.01,6.67
2,6165,670.94,6.51
2,6166,673.23,6.55
2,6167,675.53,6.59
2,6168,668.66,6.49
2,6169,660.51,6.45
2,6170,657.62,6.41
2,6171,650.3,6.31
2,6172,653.38,6.26
2,6173,651.44,6.22
2,6174,639.2,6.12
2,6175,644.58,6.16
2,6176,670.64,6.28
2,6177,662.68,5.94
2,6178,696.68,6.27
2,6179,692.77,6.25
2,6180,682.83,6.14
2,6181,676.23,6.11
2,6182,670.79,7.91
2,6183,580.29,6.31
2,6184,576.74,6.3
2,6185,601.94,6.44
2,6186,614.84,6.49
2,6187,683.38,6.75
2,6188,691.88,7.11
2,6189,681.83,7.07
2,6190,707.7,7.18
2,6191,734.61,7.29
2,6192,758.66,7.39
2,6193,797.52,7.55
2,6194,797.87,7.55
2,6195,797.87,7.55
2,6196,868.81,7.85
2,6197,953.45,9.24
2,6198,953.45,9.24
2,6199,953.45,9.24
2,6200,953.45,9.24
2,6201,944.4,9.2
2,6202,944.4,9.2
2,6203,930.46,9.14
2,6204,930.46,9.14
2,6205,930.46,9.14
2,6206,1312.48,9.13
2,6207,1359.01,9.33
2,6221,1065.84,10.64
2,6222,1065.84,10.64
2,6223,1169.27,10.94
2,6224,1170.79,10.94
2,6225,1196.78,11.05
2,6226,1197.83,11.06
2,6227,1207.55,11.1
2,6228,1207.94,11.1
2,6229,1207.94,11.1
2,6230,825.04,7.45
2,6231,811.99,7.4
2,6232,807.5,7.38
2,6233,783.69,7.28
2,6234,733.76,7.04
2,6235,715.46,6.94
2,6236,698.23,6.84
2,6237,681.75,6.69
2,6238,672.11,6.63
2,6239,664.76,6.53
2,6240,659.13,6.43
2,6241,678.34,6.44
2,6242,669.36,6.35
2,6243,653.85,6.24
2,6244,650.5,6.25
2,6245,649.14,6.24
2,6246,679.53,6.44
2,6247,671.21,6.01
2,6248,702.15,6.29
2,6249,704.72,6.3
2,6250,698.19,8.08
2,6251,679.94,7.91
2,6252,534.62,5.6
2,6253,563.15,6.15
2,6254,698.78,6.58
2,6255,613.07,6.46
2,6256,634.27,6.54
2,6257,674.07,6.71
2,6258,703.72,7.16
2,6259,703.61,7.16
2,6260,720.37,7.23
2,6261,742.93,7.32
2,6262,768.18,7.43
2,6263,792.59,7.53
2,6264,797.87,7.55
2,6265,868.81,7.85
2,6266,868.81,7.85
2,6267,871.12,7.86
2,6268,953.45,9.24
2,6269,953.45,9.24
2,6270,953.45,9.24
2,6271,950.73,9.22
2,6272,944.4,9.2
2,6273,944.4,9.2
2,6274,930.46,9.14
2,6275,1308.7,9.12
2,6276,1312.48,9.13
2,6277,1359.01,9.33
2,6291,1065.84,10.64
2,6292,1065.84,10.64
2,6293,1151.95,10.86
2,6294,1165.61,10.92
2,6295,1170.79,10.94
2,6296,1193.19,11.04
2,6297,1197.83,11.06
2,6298,1207.94,11.1
2,6299,1207.94,11.1
2,6300,827.66,7.46
2,6301,811.99,7.4
2,6302,799.57,7.35
2,6303,775.12,7.24
2,6304,737.52,7.06
2,6305,719.22,6.96
2,6306,700.77,6.85
2,6307,681.89,6.77
2,6308,707.98,6.94
2,6309,686.06,6.64
2,6310,674.15,6.62
2,6311,689.71,6.58
2,6312,677.42,6.47
2,6313,665.17,6.37
2,6314,657.89,6.33
2,6315,651.9,6.29
2,6316,669.7,6.45
2,6317,682.08,6.11
2,6318,688.99,6.79
2,6319,687.83,8.1
2,6320,701.03,8.12
2,6321,720.49,8.2
2,6322,555.31,6.02
2,6323,574.54,6.17
2,6324,689.38,6.54
2,6325,672.8,6.47
2,6326,650.22,6.61
2,6327,666.89,6.68
2,6328,725.18,7.25
2,6329,747.11,7.34
2,6330,745.22,7.33
2,6331,754.73,7.37
2,6332,808.02,7.59
2,6333,800.94,7.56
2,6334,850.37,7.77
2,6335,868.81,7.85
2,6336,871.12,7.86
2,6337,871.12,7.86
2,6338,953.45,9.24
2,6339,953.45,9.24
2,6340,953.45,9.24
2,6341,953.45,9.24
2,6342,944.4,9.2
2,6343,944.4,9.2
2,6344,1244.33,8.85
2,6345,1298.91,9.08
2,6346,1312.48,9.13
2,6347,1312.92,9.14
2,6361,1065.84,10.64
2,6362,1065.84,10.64
2,6363,1065.84,10.64
2,6364,1148.3,10.85
2,6365,1161.96,10.91
2,6366,1170.79,10.94
2,6367,1189.61,11.02
2,6368,1203.38,11.08
2,6369,1207.94,11.1
2,6370,827.66,7.46
2,6371,820.13,7.43
2,6372,791.64,7.31
2,6373,766.54,7.21
2,6374,741.28,7.08
2,6375,722.97,6.98
2,6376,705.55,6.88
2,6377,687.38,6.86
2,6378,702.48,6.92
2,6379,689.88,6.79
2,6380,680.63,6.71
2,6381,696.99,6.66
2,6382,684.81,6.56
2,6383,678.02,6.52
2,6384,665.79,6.42
2,6385,659.16,6.39
2,6386,672.86,6.57
2,6387,680.2,6.67
2,6388,687.55,6.77
2,6389,700.51,8.23
2,6390,716.51,8.18
2,6391,658.55,7.62
2,6392,559.58,6
2,6393,580.97,6.09
2,6394,612.73,6.22
2,6395,652.76,6.38
2,6396,683.81,6.51
2,6397,666.89,6.68
2,6398,733.49,7.28
2,6399,777.47,7.47
2,6400,775.9,7.46
2,6401,817.53,7.63
2,6402,822.68,7.65
2,6403,825.4,7.67
2,6404,849.91,7.77
2,6405,873.47,7.87
2,6406,873.47,7.87
2,6407,873.47,7.87
2,6408,873.47,7.87
2,6409,953.45,9.24
2,6410,953.45,9.24
2,6411,953.45,9.24
2,6412,1154.67,8.48
2,6413,1238.92,8.83
2,6414,1244.33,8.85
2,6415,1289.12,9.04
2,6416,1310.85,9.13
2,6417,1312.48,9.13
2,6431,1065.84,10.64
2,6432,1065.84,10.64
2,6433,1065.84,10.64
2,6434,1130.98,10.78
2,6435,1144.64,10.83
2,6436,1158.3,10.89
2,6437,1170.79,10.94
2,6438,1186.02,11.01
2,6439,1207.94,11.1
2,6440,827.66,7.46
2,6441,827.66,7.46
2,6442,783.05,7.28
2,6443,769.39,7.24
2,6444,765.82,7.22
2,6445,726.73,7
2,6446,690.73,6.92
2,6447,692.84,6.95
2,6448,699.21,7.01
2,6449,696.54,6.83
2,6450,687.18,6.8
2,6451,696.39,7.88
2,6452,698.01,6.71
2,6453,685.77,6.61
2,6454,673.26,6.57
2,6455,669.3,6.48
2,6456,682.96,6.58
2,6457,694.85,6.81
2,6458,699.28,6.85
2,6459,701.83,7.75
2,6460,675.19,7.61
2,6461,546.57,5.88
2,6462,574.47,6.06
2,6463,596.3,6.15
2,6464,620.76,6.25
2,6465,640.4,6.33
2,6466,699.39,6.58
2,6467,722.19,6.67
2,6468,753.75,6.81
2,6469,781.16,6.92
2,6470,790.88,7.52
2,6471,809.02,7.6
2,6472,883.63,7.35
2,6473,844.29,7.74
2,6474,858.42,7.8
2,6475,877.78,7.88
2,6476,877.56,7.88
2,6477,877.56,7.88
2,6478,1079.86,8.16
2,6479,1079.86,8.16
2,6480,1112.14,8.3
2,6481,1112.14,8.3
2,6482,1156.46,8.48
2,6483,1236.49,8.82
2,6484,1244.33,8.85
2,6485,1279.33,9
2,6486,1301.06,9.09
2,6501,1063.63,10.63
2,6502,1065.84,10.64
2,6503,1065.84,10.64
2,6504,1116.43,10.72
2,6505,1129.01,10.77
2,6506,1140.98,10.82
2,6507,1154.64,10.88
2,6508,1175.78,10.96
2,6509,934.95,8.01
2,6510,918.72,7.94
2,6511,827.66,7.46
2,6512,788.85,7.34
2,6513,785.29,7.32
2,6514,781.72,7.3
2,6515,730.49,7.02
2,6516,696.28,7.01
2,6517,698.32,7.05
2,6518,702.33,8.01
2,6519,700.45,7.91
2,6520,682.89,7.74
2,6521,688.69,7.79
2,6522,687.24,7.83
2,6523,692.04,6.75
2,6524,701.44,7.46
2,6525,700.95,6.62
2,6526,704.59,6.67
2,6527,703.32,7.35
2,6528,700.24,7.45
2,6529,701.43,7.72
2,6530,649.83,7.42
2,6531,587.09,6.13
2,6532,618.76,6.27
2,6533,630.07,6.29
2,6534,639.16,6.33
2,6535,657,6.4
2,6536,714.97,6.64
2,6537,730.99,6.71
2,6538,760.14,6.83
2,6539,784.35,6.93
2,6540,817.75,7.07
2,6541,841.17,7.17
2,6542,877.68,7.32
2,6543,883.63,7.35
2,6544,858.42,7.8
2,6545,878.11,7.89
2,6546,877.56,7.88
2,6547,1079.86,8.16
2,6548,1079.86,8.16
2,6549,1079.86,8.16
2,6550,1112.14,8.3
2,6551,1112.14,8.3
2,6552,1157.21,8.49
2,6553,1214.12,8.72
2,6554,1243.56,8.85
2,6555,1262.48,8.93
2,6556,1291.28,9.05
2,6571,1063.63,10.63
2,6572,1065.84,10.64
2,6573,1065.84,10.64
2,6574,1105.13,10.67
2,6575,1111.04,10.69
2,6576,1123.62,10.75
2,6577,1137.32,10.8
2,6578,934.95,8.01
2,6579,927.59,7.97
2,6580,905.13,7.88
2,6581,818.61,7.51
2,6582,804.75,7.43
2,6583,801.19,7.41
2,6584,797.63,7.39
2,6585,794.06,7.37
2,6586,700.73,8
2,6587,705.06,8.03
2,6588,709.71,8.07
2,6589,685.22,7.8
2,6590,677.83,7.7
2,6591,678.46,7.7
2,6592,682.54,7.67
2,6593,688.9,7.34
2,6594,699.01,7.43
2,6595,696.98,7.5
2,6596,688.79,7.5
2,6597,694.09,7.29
2,6598,672.67,7.32
2,6599,644.32,7.29
2,6600,554.96,6.08
2,6601,588.88,6.14
2,6602,635.29,6.34
2,6603,656.33,6.42
2,6604,677.3,6.49
2,6605,677.93,6.49
2,6606,709.78,6.62
2,6607,734.53,6.73
2,6608,742.94,6.76
2,6609,815.27,7.06
2,6610,826.85,7.11
2,6611,853.05,7.22
2,6612,876.47,7.32
2,6613,902.34,7.42
2,6614,925.49,7.52
2,6615,941.71,7.59
2,6616,979.59,7.75
2,6617,1079.86,8.16
2,6618,1079.86,8.16
2,6619,1112.14,8.3
2,6620,1112.14,8.3
2,6621,1146.66,8.44
2,6622,1157.21,8.49
2,6623,1214.12,8.72
2,6624,1237.21,8.82
2,6625,1247.08,8.86
2,6626,1281.49,9
2,6641,1044,10.55
2,6642,1063.63,10.63
2,6643,1065.84,10.64
2,6644,1067.69,10.65
2,6645,1101.28,10.65
2,6646,1088.69,10.6
2,6647,1102.91,10.66
2,6648,934.95,8.01
2,6649,914,7.92
2,6650,891.6,7.82
2,6651,869.33,7.73
2,6652,821.04,7.52
2,6653,810.6,7.46
2,6654,806.03,7.44
2,6655,738.42,8.06
2,6656,738.42,8.06
2,6657,738.42,8.06
2,6658,720.66,8.16
2,6659,682.87,7.68
2,6660,690.46,7.67
2,6661,667.88,7.55
2,6662,680.12,7.65
2,6663,667.12,7.25
2,6664,661.82,7.27
2,6665,675.84,7.39
2,6666,715.43,7.38
2,6667,673.04,7.21
2,6668,654.33,7.24
2,6669,560.47,6.21
2,6670,617.28,6.26
2,6671,599.73,6.19
2,6672,631.45,6.32
2,6673,664.22,6.46
2,6674,687.93,6.55
2,6675,691.32,6.55
2,6676,704.17,6.6
2,6677,736.13,6.73
2,6678,839.81,7.16
2,6679,836.29,7.15
2,6680,841.03,7.17
2,6681,862.54,7.26
2,6682,887.36,7.36
2,6683,913.76,7.47
2,6684,936.54,7.57
2,6685,961.74,7.67
2,6686,984.32,7.77
2,6687,1079.86,8.16
2,6688,1079.86,8.16
2,6689,1112.14,8.3
2,6690,1112.14,8.3
2,6691,1146.66,8.44
2,6692,1157.21,8.49
2,6693,1200.65,8.67
2,6694,1220.85,8.75
2,6695,1246.62,8.86
2,6696,1272.11,8.97
2,6701,1041.77,10.54
2,6702,1047.16,10.56
2,6703,1067.69,10.65
2,6704,1067.69,10.65
2,6705,1058.68,10.48
2,6706,1071.99,10.53
2,6707,1116.65,10.72
2,6708,1126.2,10.76
2,6709,922.61,7.95
2,6710,877.78,7.77
2,6711,855.51,7.67
2,6712,866.55,7.72
2,6713,866.55,7.72
2,6714,813.02,7.48
2,6715,738.42,8.06
2,6716,738.42,8.06
2,6717,738.42,8.06
2,6718,722.3,7.99
2,6719,682.41,7.66
2,6720,661.57,7.51
2,6721,654.45,7.4
2,6722,647.36,7.29
2,6723,640.25,7.18
2,6724,634.1,7.09
2,6725,657.47,7.1
2,6726,660.07,7.08
2,6727,665.8,7.18
2,6728,635.82,7.09
2,6729,579.43,6.32
2,6730,606.83,6.43
2,6731,658.12,6.43
2,6732,640.3,6.36
2,6733,684.59,6.54
2,6734,674.9,6.5
2,6735,697.39,6.57
2,6736,878.71,8.36
2,6737,878.71,8.36
2,6738,898.99,7.41
2,6739,863.18,7.26
2,6740,876.2,7.32
2,6741,875.63,7.31
2,6742,900.05,7.42
2,6743,937.45,7.57
2,6744,955.73,7.65
2,6745,975.67,7.73
2,6746,996.02,7.81
2,6747,1025.55,7.94
2,6748,1068.86,8.12
2,6749,1105.12,8.27
2,6750,1118.25,8.32
2,6751,1137.89,8.41
2,6752,1164.03,8.51
2,6753,1191.59,8.63
2,6754,1217.15,8.74
2,6755,1242.88,8.84
2,6756,1265.19,8.94
2,6761,1017.84,10.44
2,6762,1032.55,10.5
2,6763,1050.31,10.57
2,6764,1027.01,10.34
2,6765,1041.14,10.4
2,6766,1054.45,10.46
2,6767,1126.2,10.76
2,6768,1126.2,10.76
2,6769,922.61,7.95
2,6770,882.17,7.79
2,6771,868.98,7.73
2,6772,866.55,7.72
2,6773,866.55,7.72
2,6774,1021.75,9.94
2,6775,738.42,8.06
2,6776,738.42,8.06
2,6777,728.95,8
2,6778,711.08,7.9
2,6779,689.86,7.74
2,6780,680.38,7.53
2,6781,674.5,7.51
2,6782,646.95,7.28
2,6783,636.31,7.12
2,6784,630.27,7.03
2,6785,624.68,6.94
2,6786,642.76,6.97
2,6787,627.41,6.95
2,6788,568.95,6.41
2,6789,617.41,6.47
2,6790,615.78,6.47
2,6791,646.05,6.59
2,6792,656.51,6.42
2,6793,676.11,6.51
2,6794,684.04,6.54
2,6795,826.62,8.14
2,6796,863.41,8.29
2,6797,866.6,8.31
2,6798,886.56,8.39
2,6799,894.29,7.39
2,6800,891.64,7.38
2,6801,895.9,7.4
2,6802,917.43,7.49
2,6803,933.34,7.55
2,6804,972.28,7.72
2,6805,986.97,7.78
2,6806,1014.3,7.89
2,6807,1031.95,7.96
2,6808,1057.41,8.07
2,6809,1084.65,8.18
2,6810,1111.13,8.29
2,6811,1138.4,8.41
2,6812,1187.73,8.61
2,6813,1199.46,8.66
2,6814,1224.45,8.77
2,6815,1240.08,8.83
2,6816,1241.96,8.84
2,6820,1010.7,10.48
2,6821,998.62,10.38
2,6822,1015.58,10.43
2,6823,997.05,10.22
2,6824,1010.01,10.27
2,6825,1024.17,10.33
2,6826,1036.91,10.39
2,6827,1005.72,10.07
2,6828,1012.37,10.1
2,6829,1012.37,10.1
2,6830,883.86,7.79
2,6831,883.86,7.79
2,6832,1021.75,9.94
2,6833,1021.75,9.94
2,6834,1021.75,9.94
2,6835,760.17,8.25
2,6836,734.64,8.03
2,6837,704.32,7.9
2,6838,700.57,7.86
2,6839,729,7.99
2,6840,693.74,7.59
2,6841,761.26,7.45
2,6842,743.12,7.38
2,6843,632.48,7.06
2,6844,625.32,6.95
2,6845,622.39,6.87
2,6846,616.73,6.82
2,6847,579,6.54
2,6848,649.43,6.61
2,6849,685.02,6.76
2,6850,633.58,6.54
2,6851,651.84,6.62
2,6852,670.1,6.69
2,6853,688.6,6.77
2,6854,796.88,8.02
2,6855,811.26,8.08
2,6856,834.12,8.17
2,6857,856.38,8.26
2,6858,882.89,8.37
2,6859,909.71,7.46
2,6860,919.19,7.49
2,6861,926.64,9.34
2,6862,928.58,7.53
2,6863,963.5,7.68
2,6864,976.18,7.73
2,6865,986.28,9.58
2,6866,1046.24,8.02
2,6867,1054.87,8.06
2,6868,1072.81,8.13
2,6869,1097.72,8.24
2,6870,1132.93,8.39
2,6871,1211.75,8.71
2,6872,1193.39,8.64
2,6873,1218.51,8.74
2,6874,1226.61,8.78
2,6875,1236.51,8.82
2,6876,1237.86,8.82
2,6880,1004.62,10.43
2,6881,991.9,10.32
2,6882,980.89,10.23
2,6883,979.46,10.15
2,6884,992.7,10.2
2,6885,1007.17,10.26
2,6886,976.91,9.95
2,6887,990.85,10.01
2,6888,1004.65,10.06
2,6889,1012.37,10.1
2,6890,883.86,7.79
2,6891,1000.8,9.86
2,6892,1014.73,9.91
2,6893,1021.75,9.94
2,6894,1021.75,9.94
2,6895,760.17,8.25
2,6896,760.17,8.25
2,6897,714.16,7.98
2,6898,710.27,7.95
2,6899,737.56,8.02
2,6900,761.78,8.13
2,6901,756.5,7.43
2,6902,731.91,7.33
2,6903,690.78,7.16
2,6904,665.9,7.05
2,6905,642.05,6.95
2,6906,601.79,6.72
2,6907,673.5,6.71
2,6908,669.44,7.16
2,6909,677.34,7.19
2,6910,697.94,7.28
2,6911,716.72,7.35
2,6912,687.85,6.77
2,6913,708.46,6.85
2,6914,782.83,7.96
2,6915,800.78,8.03
2,6916,830.67,8.16
2,6917,851.46,8.24
2,6918,947.49,9.42
2,6919,930.98,9.35
2,6920,922.89,9.32
2,6921,926.64,9.34
2,6922,926.64,9.34
2,6923,968.92,7.7
2,6924,979.25,9.56
2,6925,975.65,9.54
2,6926,978.94,9.55
2,6927,1060.43,8.08
2,6928,1090.14,8.21
2,6929,1100.67,8.25
2,6930,1226.13,8.77
2,6931,982.73,10.38
2,6932,985.2,10.39
2,6933,1223.9,8.76
2,6934,1223.9,8.76
2,6935,1236.51,8.82
2,6936,1076.6,11.12
2,6940,994.09,10.34
2,6941,984.84,10.26
2,6942,973.99,10.17
2,6943,962.81,10.08
2,6944,951.78,9.99
2,6945,940.79,9.9
2,6946,959.73,9.88
2,6947,973.61,9.93
2,6948,998.55,10.04
2,6949,985.22,9.79
2,6950,969.72,9.73
2,6951,983.65,9.79
2,6952,997.59,9.84
2,6953,1011.52,9.9
2,6954,760.17,8.25
2,6955,760.17,8.25
2,6956,760.17,8.25
2,6957,724.34,8.06
2,6958,720.08,8.03
2,6959,743.18,8.05
2,6960,767.3,8.15
2,6961,739.78,7.36
2,6962,715.79,7.26
2,6963,695.2,7.18
2,6964,670.94,7.07
2,6965,685.51,9.02
2,6966,607.2,6.75
2,6967,598.98,6.76
2,6968,651.49,7.08
2,6969,648.72,7.07
2,6970,684.41,7.22
2,6971,709.1,6.86
2,6972,708.37,6.85
2,6973,723.69,6.92
2,6974,768.6,7.9
2,6975,798.21,8.02
2,6976,860.54,8.28
2,6977,892.24,8.41
2,6978,883.88,9.16
2,6979,888.51,9.18
2,6980,899.64,9.22
2,6981,895.38,9.21
2,6982,883.38,9.16
2,6983,900.98,9.23
2,6984,928.19,9.34
2,6985,958.46,10.03
2,6986,940.33,9.96
2,6987,907.14,9.89
2,6988,915.7,9.96
2,6989,928.06,10.06
2,6990,940.22,10.16
2,6991,953.74,10.28
2,6992,966.28,10.38
2,6993,978.27,10.48
2,6994,990.94,10.59
2,6995,1004.28,10.7
2,6996,1058.49,11.05
2,7000,988.78,10.3
2,7001,977.99,10.21
2,7002,967.13,10.12
2,7003,955.69,10.02
2,7004,944.7,9.93
2,7005,933.7,9.84
2,7006,942.63,9.81
2,7007,956.43,9.86
2,7008,993.41,9.83
2,7009,971.25,9.73
2,7010,952.57,9.66
2,7011,966.51,9.71
2,7012,912.87,9.49
2,7013,912.87,9.49
2,7014,760.17,8.25
2,7015,760.17,8.25
2,7016,748.85,8.2
2,7017,734.31,8.15
2,7018,730.05,8.11
2,7019,749.84,8.08
2,7020,771.7,7.49
2,7021,716.97,7.27
2,7022,708.99,7.23
2,7023,698.85,7.19
2,7024,676.21,8.89
2,7025,617.97,6.88
2,7026,631.12,6.92
2,7027,603.74,6.83
2,7028,616.69,6.94
2,7029,652.61,7.09
2,7030,689.98,7.41
2,7031,686.05,7.39
2,7032,711.28,7.54
2,7033,741.52,6.99
2,7034,766.54,7.89
2,7035,784.19,7.96
2,7036,841.91,8.2
2,7037,852.07,9.03
2,7038,863.35,9.07
2,7039,859.42,9.06
2,7040,882.68,9.15
2,7041,845.66,9
2,7042,875.02,9.12
2,7043,896.3,9.21
2,7044,918.34,9.3
2,7045,940.51,9.96
2,7046,922.52,9.88
2,7047,902.34,9.85
2,7048,912.16,9.93
2,7049,923.75,10.03
2,7050,985.61,10.38
2,7051,977.55,10.4
2,7052,971.06,10.42
2,7053,983.31,10.52
2,7054,995.69,10.63
2,7055,1008.48,10.73
2,7060,981.71,10.24
2,7061,971.45,10.15
2,7062,957.34,10.03
2,7063,948.6,9.96
2,7064,937.61,9.87
2,7065,926.61,9.78
2,7066,925.26,9.73
2,7067,904.68,9.6
2,7068,979.44,9.77
2,7069,957.28,9.68
2,7070,935.43,9.58
2,7071,949.36,9.64
2,7072,912.87,9.49
2,7073,912.87,9.49
2,7074,912.87,9.49
2,7075,752.83,8.3
2,7076,748.55,8.27
2,7077,744.27,8.23
2,7078,739.99,8.19
2,7079,735.72,8.16
2,7080,718.15,7.27
2,7081,713.61,7.25
2,7082,668.06,8.7
2,7083,670.67,8.76
2,7084,593.99,7
2,7085,679.72,7.2
2,7086,655.13,7.1
2,7087,677.12,7.22
2,7088,613.63,6.98
2,7089,618.72,7.06
2,7090,653.95,7.26
2,7091,695.88,7.43
2,7092,719.92,7.61
2,7093,722.76,7.71
2,7094,764.23,7.88
2,7095,808.69,8.06
2,7096,826.39,8.14
2,7097,831.72,8.47
2,7098,834.75,8.95
2,7099,823.6,8.91
2,7100,839.56,8.97
2,7101,834.51,8.95
2,7102,862.01,9.07
2,7103,885.52,9.56
2,7104,856.4,9.44
2,7105,861.2,9.5
2,7106,904.32,9.81
2,7107,894.65,9.78
2,7108,1194.27,11.25
2,7109,1181.54,11.2
2,7110,1009.17,10.48
2,7111,992.8,10.47
2,7112,976.1,10.46
2,7113,988.06,10.56
2,7114,1000.11,10.66
2,7115,1017.81,10.79
2,7120,975.77,10.19
2,7121,1008.06,10.07
2,7122,991.3,10
2,7123,970.6,9.91
2,7124,957.47,9.86
2,7125,939.61,9.78
2,7126,908.5,9.63
2,7127,897.54,9.54
2,7128,886.59,9.44
2,7129,904.34,9.45
2,7130,918.27,9.51
2,7131,895.69,9.39
2,7132,905.48,9.45
2,7133,912.87,9.49
2,7134,767.44,8.42
2,7135,762.99,8.39
2,7136,758.55,8.35
2,7137,754.24,8.31
2,7138,749.96,8.28
2,7139,745.68,8.24
2,7140,659.9,8.51
2,7141,662.52,8.57
2,7142,665.14,8.63
2,7143,667.76,8.69
2,7144,596.89,7.07
2,7145,682.06,7.25
2,7146,681.08,7.3
2,7147,656.48,7.19
2,7148,651.76,7.26
2,7149,626.63,7.15
2,7150,671.47,7.33
2,7151,678.39,7.52
2,7152,693.91,7.59
2,7153,712.63,7.66
2,7154,781.64,7.95
2,7155,788.43,8.28
2,7156,799.09,8.33
2,7157,817.97,8.41
2,7158,817.15,8.88
2,7159,798.96,8.8
2,7160,803.38,8.82
2,7161,821.82,8.9
2,7162,866.05,9.08
2,7163,868.28,9.48
2,7164,850.8,9.42
2,7165,865.9,9.54
2,7166,878.55,9.65
2,7167,1210.45,11.32
2,7168,1197.92,11.27
2,7169,1169.6,11.15
2,7170,1025.92,10.55
2,7171,1043.98,10.62
2,7172,1059.73,10.69
2,7173,992.8,10.6
2,7174,1033.2,10.86
2,7175,1039.44,10.88
2,7176,1046.7,10.91
2,7177,1049.65,11.02
2,7178,1112.72,11.37
2,7179,1093.82,11.29
2,7180,1029.53,10.16
2,7181,1019.11,10.11
2,7182,1006.37,10.06
2,7183,989.61,9.99
2,7184,972.93,9.92
2,7185,948.81,9.82
2,7186,901.37,9.57
2,7187,890.41,9.48
2,7188,879.45,9.39
2,7189,887.19,9.38
2,7190,871.07,9.25
2,7191,881.59,9.31
2,7192,838.75,8.87
2,7193,824.46,8.79
2,7194,809.84,8.71
2,7195,772.89,8.47
2,7196,768.44,8.43
2,7197,764,8.39
2,7198,759.55,8.36
2,7199,654.37,8.37
2,7200,656.98,8.44
2,7201,659.6,8.5
2,7202,662.22,8.56
2,7203,602.47,7.2
2,7204,644.86,7.48
2,7205,696.18,7.36
2,7206,700.91,7.46
2,7207,680.5,7.38
2,7208,654.76,7.27
2,7209,655.87,7.38
2,7210,633.3,7.28
2,7211,658.61,7.44
2,7212,711.27,7.66
2,7213,729.99,7.74
2,7214,755.56,8.15
2,7215,773.39,8.22
2,7216,785.22,8.27
2,7217,794.39,8.34
2,7218,809.64,8.42
2,7219,771.43,8.69
2,7220,789.56,8.76
2,7221,809.72,8.85
2,7222,826.97,9.22
2,7223,834.58,9.28
2,7224,842.25,9.35
2,7225,869.8,9.58
2,7226,878.13,9.65
2,7227,1219.16,11.35
2,7228,1207.82,11.31
2,7229,1149.82,11.07
2,7230,1131.1,10.99
2,7231,1064.64,10.71
2,7232,1075.63,10.76
2,7233,1077.03,10.76
2,7234,1054.19,10.94
2,7235,1060.6,10.97
2,7236,1065.99,10.99
2,7237,1114.15,11.38
2,7238,1114.15,11.38
2,7239,1114.65,11.38
2,7240,1037.3,10.19
2,7241,1030.97,10.16
2,7242,1019.97,10.12
2,7243,1004.69,10.05
2,7244,987.92,9.98
2,7245,975.25,9.93
2,7246,894.23,9.51
2,7247,883.27,9.42
2,7248,872.32,9.33
2,7249,861.35,9.23
2,7250,858.26,9.18
2,7251,868.77,9.24
2,7252,832.01,8.84
2,7253,815.98,8.75
2,7254,799.36,8.66
2,7255,782.86,8.55
2,7256,778.34,8.51
2,7257,773.89,8.48
2,7258,667.92,8.18
2,7259,651.45,8.31
2,7260,654.07,8.37
2,7261,656.68,8.43
2,7262,607.98,7.33
2,7263,623.28,7.38
2,7264,644.86,7.48
2,7265,696.18,7.36
2,7266,732.72,7.7
2,7267,709.65,7.6
2,7268,685.24,7.5
2,7269,677.48,7.47
2,7270,650.87,7.43
2,7271,643.13,7.43
2,7272,702.36,7.62
2,7273,733.8,7.75
2,7274,744.23,8.1
2,7275,745.93,8.11
2,7276,772.06,8.59
2,7277,753.72,8.51
2,7278,747.31,8.56
2,7279,762.57,8.68
2,7280,803.63,8.82
2,7281,824.95,8.91
2,7282,818.76,9.15
2,7283,826.26,9.21
2,7284,884.16,9.41
2,7285,884.16,9.41
2,7286,1213.07,11.33
2,7287,1202.41,11.29
2,7288,1171.44,11.16
2,7289,1145.82,11.05
2,7290,1122.27,10.95
2,7291,1094.8,10.84
2,7292,1079.43,10.77
2,7293,1077.03,10.76
2,7294,1065.99,10.99
2,7295,1065.99,10.99
2,7296,1065.99,10.99
2,7297,1114.15,11.38
2,7298,1114.15,11.38
2,7299,1139.21,11.48
2,7304,1197.52,13.96
2,7305,1187.4,13.9
2,7306,1183.35,13.89
2,7307,1178.5,13.87
2,7308,1114.69,13.58
2,7309,1114.57,13.58
2,7310,1114.44,13.58
2,7311,1114.32,13.58
2,7312,1114.2,13.58
2,7313,1114.08,13.57
2,7314,1186.45,13.53
2,7315,1186.45,13.53
2,7316,1186.45,13.53
2,7317,1186.45,13.53
2,7318,1037.3,10.19
2,7319,1037.3,10.19
2,7320,1037.3,10.19
2,7321,1037.3,10.19
2,7322,1035.41,10.18
2,7323,1020.84,10.12
2,7324,1003,10.05
2,7325,986.24,9.98
2,7326,887.09,9.45
2,7327,876.14,9.36
2,7328,865.26,9.27
2,7329,863.09,9.21
2,7330,843.25,9.08
2,7331,832.34,8.99
2,7332,821.42,8.9
2,7333,805.51,8.69
2,7334,788.89,8.6
2,7335,786.72,8.6
2,7336,785.92,8.58
2,7337,718.65,8.27
2,7338,667.92,8.18
2,7339,667.92,8.18
2,7340,651.15,8.3
2,7341,653.77,8.36
2,7342,627.84,7.46
2,7343,637.57,7.46
2,7344,648.44,7.52
2,7345,738.59,7.72
2,7346,741.05,7.73
2,7347,777.07,7.88
2,7348,781.59,7.9
2,7349,699,7.56
2,7350,663.89,7.49
2,7351,647.91,7.5
2,7352,652.91,7.58
2,7353,724.73,7.71
2,7354,714.05,7.98
2,7355,736.68,8.07
2,7356,735.61,8.38
2,7357,736.07,8.44
2,7358,740.49,8.5
2,7359,771.48,8.76
2,7360,781.26,8.84
2,7361,814.11,9.06
2,7362,810.87,9.08
2,7363,838.42,9.22
2,7364,883.6,9.4
2,7365,884.16,9.41
2,7366,1213.07,11.33
2,7367,1182.89,11.2
2,7368,1173.43,11.16
2,7369,1146.23,11.05
2,7370,1124.51,10.96
2,7371,1096.19,10.84
2,7372,1079.43,10.77
2,7373,1079.43,10.77
2,7374,1065.99,10.99
2,7375,1065.99,10.99
2,7376,1065.99,10.99
2,7377,1114.15,11.38
2,7378,1146.5,11.51
2,7379,1161.73,11.58
2,7383,1190.86,13.93
2,7384,1177.23,13.87
2,7385,1172.4,13.84
2,7386,1167.75,13.82
2,7387,1166.81,13.82
2,7388,1103.63,13.49
2,7389,1103.51,13.49
2,7390,1103.39,13.49
2,7391,1103.27,13.48
2,7392,1103.15,13.48
2,7393,1103.03,13.48
2,7394,1186.45,13.53
2,7395,1186.45,13.53
2,7396,1186.45,13.53
2,7397,1186.45,13.53
2,7398,1040.74,10.2
2,7399,1040.74,10.2
2,7400,1040.74,10.2
2,7401,1043.2,10.21
2,7402,1050.72,10.25
2,7403,1058.48,10.28
2,7404,1059.85,10.28
2,7405,1059.85,10.28
2,7406,907.82,9.46
2,7407,896.76,9.4
2,7408,886.47,9.34
2,7409,876.17,9.28
2,7410,836.06,9.02
2,7411,825.15,8.93
2,7412,814.23,8.84
2,7413,783.56,8.58
2,7414,776.82,8.52
2,7415,749.05,8.39
2,7416,726.96,8.3
2,7417,704.82,8.21
2,7418,667.92,8.18
2,7419,667.92,8.18
2,7420,648.23,8.23
2,7421,626.38,7.56
2,7422,648.07,7.65
2,7423,652.5,7.54
2,7424,663.38,7.6
2,7425,672.97,7.65
2,7426,777.67,7.88
2,7427,795.41,7.96
2,7428,811.51,8.03
2,7429,711.74,7.79
2,7430,688.1,7.69
2,7431,666.37,7.6
2,7432,657.73,7.66
2,7433,681.95,7.84
2,7434,712.8,7.97
2,7435,732.71,8.05
2,7436,722.1,8.32
2,7437,724.45,8.36
2,7438,733.66,8.44
2,7439,779.11,8.82
2,7440,785.5,8.87
2,7441,797.52,8.97
2,7442,842.95,9.24
2,7443,853.42,9.28
2,7444,870.07,9.35
2,7445,873.97,9.36
2,7446,1204.66,11.29
2,7447,1182.89,11.2
2,7448,1173.43,11.16
2,7449,1146.23,11.05
2,7450,1124.51,10.96
2,7451,1096.19,10.84
2,7452,1079.43,10.77
2,7453,1079.43,10.77
2,7454,1065.99,10.99
2,7455,1065.99,10.99
2,7456,1065.99,10.99
2,7457,1173.83,11.63
2,7458,1174.21,11.63
2,7459,1179.2,11.65
2,7463,1146.37,13.87
2,7464,1156.98,13.79
2,7465,1144.44,13.72
2,7466,1148.13,13.74
2,7467,1149.23,13.74
2,7468,1092.58,13.4
2,7469,1092.46,13.39
2,7470,1092.34,13.39
2,7471,1092.22,13.39
2,7472,1092.1,13.39
2,7473,1186.45,13.53
2,7474,1186.45,13.53
2,7475,1186.45,13.53
2,7476,1186.45,13.53
2,7477,1186.45,13.53
2,7478,1075.2,10.35
2,7479,1075.2,10.35
2,7480,1075.2,10.35
2,7481,1075.2,10.35
2,7482,1075.2,10.35
2,7483,1074.54,10.35
2,7484,1071.42,10.33
2,7485,931.16,9.59
2,7486,920.6,9.53
2,7487,910.05,9.47
2,7488,899.42,9.41
2,7489,889.13,9.35
2,7490,828.88,8.96
2,7491,830.96,8.88
2,7492,816.66,8.82
2,7493,796.11,8.69
2,7494,778.86,8.55
2,7495,752.51,8.41
2,7496,713.02,8.24
2,7497,690.86,8.15
2,7498,667.92,8.18
2,7499,655.3,8.13
2,7500,621.97,7.66
2,7501,630.23,7.66
2,7502,662.82,7.71
2,7503,684.34,7.8
2,7504,676.63,7.67
2,7505,676.63,7.67
2,7506,783.53,7.91
2,7507,792.27,7.95
2,7508,823.9,8.13
2,7509,744.88,7.93
2,7510,712.87,7.87
2,7511,695.44,7.8
2,7512,681.92,7.84
2,7513,667.57,7.81
2,7514,672.65,7.88
2,7515,699.38,8.16
2,7516,720.33,8.28
2,7517,738.03,8.35
2,7518,754.69,8.42
2,7519,783.3,8.86
2,7520,794.28,8.95
2,7521,797.52,8.97
2,7522,849.57,9.26
2,7523,852.92,9.28
2,7524,869.23,9.34
2,7525,870.13,9.35
2,7526,1204.66,11.29
2,7527,1182.89,11.2
2,7528,1173.43,11.16
2,7529,1146.23,11.05
2,7530,1124.51,10.96
2,7531,1103.9,10.87
2,7532,1083.03,10.79
2,7533,1079.43,10.77
2,7534,1065.99,10.99
2,7535,1065.99,10.99
2,7536,1065.99,10.99
2,7537,1179.2,11.65
2,7538,1181.24,11.66
2,7539,1189.14,11.69
2,7543,1141.92,13.84
2,7544,1128.48,13.72
2,7545,1123.02,13.65
2,7546,1123.77,13.64
2,7547,1123.86,13.64
2,7548,1081.53,13.3
2,7549,1081.41,13.3
2,7550,1081.29,13.3
2,7551,1081.16,13.3
2,7552,1186.45,13.53
2,7553,1186.45,13.53
2,7554,1186.45,13.53
2,7555,1186.45,13.53
2,7556,1186.45,13.53
2,7557,1186.45,13.53
2,7558,1075.2,10.35
2,7559,1075.2,10.35
2,7560,1075.2,10.35
2,7561,1075.2,10.35
2,7562,1075.2,10.35
2,7563,1075.2,10.35
2,7564,1075.2,10.35
2,7565,943.47,9.66
2,7566,933.39,9.6
2,7567,922.83,9.54
2,7568,912.28,9.48
2,7569,902.09,9.43
2,7570,836.74,8.97
2,7571,836.74,8.97
2,7572,839.4,8.96
2,7573,800.36,8.73
2,7574,785.07,8.54
2,7575,744.09,8.37
2,7576,699.05,8.18
2,7577,676.89,8.09
2,7578,654.99,8
2,7579,639.78,8.03
2,7580,644.76,7.81
2,7581,666.96,7.91
2,7582,712.25,8.1
2,7583,710.41,7.91
2,7584,720.61,7.95
2,7585,726.4,7.97
2,7586,804.11,7.99
2,7587,813.24,8.04
2,7588,766.57,8.09
2,7589,741.86,7.99
2,7590,743.92,8
2,7591,716.72,7.88
2,7592,697.04,7.9
2,7593,672.33,7.88
2,7594,677.4,7.96
2,7595,692.28,8.1
2,7596,738.63,8.36
2,7597,754.69,8.42
2,7598,754.69,8.42
2,7599,754.69,8.42
2,7600,794.9,8.95
2,7601,797.52,8.97
2,7602,849.57,9.26
2,7603,852.41,9.27
2,7604,869.23,9.34
2,7605,869.23,9.34
2,7606,1182.89,11.2
2,7607,1182.89,11.2
2,7608,1173.43,11.16
2,7609,1146.23,11.05
2,7610,1124.51,10.96
2,7611,1106.83,10.89
2,7612,1087.1,10.8
2,7613,1079.43,10.77
2,7614,1065.99,10.99
2,7615,1065.99,10.99
2,7616,1179.2,11.65
2,7617,1181.24,11.66
2,7618,1187.83,11.68
2,7619,1202.12,11.74
2,7623,1136.45,13.79
2,7624,1140.61,13.72
2,7625,1107.5,13.55
2,7626,1103.44,13.51
2,7627,1096.41,13.46
2,7628,1066.91,13.21
2,7629,1066.85,13.21
2,7630,1066.8,13.21
2,7631,1066.74,13.21
2,7632,1186.45,13.53
2,7633,1186.45,13.53
2,7634,1186.45,13.53
2,7635,1186.45,13.53
2,7636,1186.45,13.53
2,7637,1181.96,13.51
2,7638,1075.2,10.35
2,7639,1075.2,10.35
2,7640,1075.2,10.35
2,7641,1075.2,10.35
2,7642,1075.2,10.35
2,7643,1075.2,10.35
2,7644,966.75,9.79
2,7645,956.39,9.73
2,7646,946.03,9.67
2,7647,935.62,9.61
2,7648,925.06,9.55
2,7649,914.5,9.5
2,7650,836.74,8.97
2,7651,829.46,8.93
2,7652,815.89,8.86
2,7653,836.1,8.93
2,7654,879.08,9.11
2,7655,762.47,8.47
2,7656,771.7,8.54
2,7657,662.58,8.03
2,7658,640.95,7.94
2,7659,645.96,7.96
2,7660,658.7,7.87
2,7661,680.76,7.96
2,7662,721.61,8.14
2,7663,727,7.97
2,7664,726.4,7.97
2,7665,844.82,8.42
2,7666,820.36,8.32
2,7667,806.88,8.26
2,7668,771.71,8.11
2,7669,757.06,8.05
2,7670,766.08,8.09
2,7671,722.79,8.01
2,7672,737.56,8.27
2,7673,706.34,8.1
2,7674,682.16,8.03
2,7675,687.23,8.11
2,7676,754.69,8.42
2,7677,754.69,8.42
2,7678,754.69,8.42
2,7679,754.69,8.42
2,7680,796.15,8.96
2,7681,797.52,8.97
2,7682,850.35,9.27
2,7683,851.91,9.27
2,7684,869.23,9.34
2,7685,869.23,9.34
2,7686,869.23,9.34
2,7687,1182.89,11.2
2,7688,1173.43,11.16
2,7689,1146.23,11.05
2,7690,1124.51,10.96
2,7691,1109.77,10.9
2,7692,1091.17,10.82
2,7693,1079.43,10.77
2,7694,1065.99,10.99
2,7695,1065.99,10.99
2,7696,1181.24,11.66
2,7697,1186.52,11.68
2,7698,1201.44,11.74
2,7699,1221.71,11.83
2,7703,1172.66,13.85
2,7704,1151.49,13.77
2,7705,1097.16,13.46
2,7706,1091.51,13.42
2,7707,1088.07,13.39
2,7708,1055.86,13.12
2,7709,1055.8,13.12
2,7710,1055.75,13.12
2,7711,1079.59,13.08
2,7712,1186.45,13.53
2,7713,1185.28,13.52
2,7714,1181.1,13.5
2,7715,1178.59,13.49
2,7716,1167.43,13.45
2,7717,1167.43,13.45
2,7718,1167.43,13.45
2,7719,1075.2,10.35
2,7720,1075.2,10.35
2,7721,1075.2,10.35
2,7722,1075.2,10.35
2,7723,990.02,9.92
2,7724,979.66,9.86
2,7725,969.3,9.8
2,7726,958.95,9.74
2,7727,948.59,9.68
2,7728,937.85,9.63
2,7729,845.27,9.1
2,7730,838.34,9.04
2,7731,831.41,8.98
2,7732,824.48,8.93
2,7733,850.21,8.99
2,7734,872.77,9.08
2,7735,874.27,12.58
2,7736,771.7,8.54
2,7737,827.18,12.5
2,7738,635.97,7.99
2,7739,659.98,8.02
2,7740,682.1,8.11
2,7741,704.22,8.21
2,7742,717.45,8.12
2,7743,739.59,8.21
2,7744,856.08,8.47
2,7745,850.25,8.44
2,7746,824.66,8.33
2,7747,827.69,8.35
2,7748,826.12,8.44
2,7749,792.09,8.3
2,7750,768.47,8.2
2,7751,743.34,8.1
2,7752,731.89,8.22
2,7753,736.25,8.26
2,7754,701.08,8.15
2,7755,691.99,8.18
2,7756,697.06,8.26
2,7757,702.02,8.33
2,7758,707.12,8.41
2,7759,712.16,8.49
2,7760,717.22,8.56
2,7761,797.52,8.97
2,7762,850.35,9.27
2,7763,851.4,9.27
2,7764,857.92,9.3
2,7765,869.23,9.34
2,7766,869.23,9.34
2,7767,1182.89,11.2
2,7768,1173.43,11.16
2,7769,1146.23,11.05
2,7770,1124.51,10.96
2,7771,1124.51,10.96
2,7772,1094.04,10.83
2,7773,1079.43,10.77
2,7774,1065.99,10.99
2,7775,1181.24,11.66
2,7776,1185.21,11.67
2,7777,1201.44,11.74
2,7778,1221.71,11.83
2,7779,1228.54,11.85
2,7783,1183.05,13.9
2,7784,1161.76,13.81
2,7785,1085.67,13.37
2,7786,1081.42,13.33
2,7787,1077.17,13.3
2,7788,1044.81,13.03
2,7789,1044.75,13.03
2,7790,1068.81,13.04
2,7791,1089.9,13.12
2,7792,1119.15,13.24
2,7793,1156.18,13.4
2,7794,1166.16,13.44
2,7795,1167.43,13.45
2,7796,1167.43,13.45
2,7797,1167.43,13.45
2,7798,1167.43,13.45
2,7799,1075.2,10.35
2,7800,1075.2,10.35
2,7801,1075.2,10.35
2,7802,1013.3,10.04
2,7803,1002.94,9.99
2,7804,992.58,9.93
2,7805,982.22,9.87
2,7806,971.86,9.81
2,7807,961.5,9.76
2,7808,951.14,9.7
2,7809,854,9.17
2,7810,846.93,9.11
2,7811,840.01,9.06
2,7812,833.08,9
2,7813,871.36,9.07
2,7814,884.63,9.13
2,7815,862.46,12.53
2,7816,838.72,12.43
2,7817,641.51,8.12
2,7818,644.18,8.05
2,7819,673.99,8.08
2,7820,696.12,8.17
2,7821,718.24,8.26
2,7822,740.36,8.36
2,7823,749.13,8.25
2,7824,749.13,8.25
2,7825,849.72,8.81
2,7826,869.5,8.62
2,7827,845.89,8.52
2,7828,821.02,8.42
2,7829,796.72,8.32
2,7830,790.21,8.29
2,7831,792.82,8.3
2,7832,763.6,8.38
2,7833,753.5,8.34
2,7834,731,8.46
2,7835,714.23,8.34
2,7836,701.82,8.33
2,7837,706.87,8.41
2,7838,711.91,8.48
2,7839,716.96,8.56
2,7840,722.35,8.64
2,7841,727.01,8.71
2,7842,930.55,10.37
2,7843,930.55,10.37
2,7844,930.55,10.37
2,7845,873.13,10.03
2,7846,873.13,10.03
2,7847,873.13,10.03
2,7848,873.13,10.03
2,7849,873.13,10.03
2,7850,899.1,10.19
2,7851,899.1,10.19
2,7852,1094.04,10.83
2,7853,1065.99,10.99
2,7854,1065.99,10.99
2,7855,1183.9,11.67
2,7856,1201.44,11.74
2,7857,1221.45,11.82
2,7858,1221.98,11.83
2,7859,1234.11,11.88
2,7860,1257.6,14.21
2,7861,1235.55,14.12
2,7862,1213.57,14.03
2,7863,1193.44,13.94
2,7864,1079.01,13.31
2,7865,1074.24,13.27
2,7866,1070.64,13.24
2,7867,1067.04,13.21
2,7868,1033.76,12.93
2,7869,1033.7,12.93
2,7870,1065.2,13.02
2,7871,1092.55,13.13
2,7872,1114.81,13.23
2,7873,1135.79,13.31
2,7874,1155.94,13.4
2,7875,1158.67,13.41
2,7876,1161.95,13.42
2,7877,1167.43,13.45
2,7878,1167.43,13.45
2,7879,1075.2,10.35
2,7880,1046.94,10.23
2,7881,1036.58,10.17
2,7882,1026.22,10.12
2,7883,1015.86,10.06
2,7884,1005.5,10
2,7885,995.14,9.94
2,7886,984.78,9.89
2,7887,977.54,10.03
2,7888,869.55,9.3
2,7889,862.54,9.24
2,7890,855.53,9.19
2,7891,848.6,9.13
2,7892,841.67,9.07
2,7893,871.36,9.07
2,7894,888.56,12.64
2,7895,888.56,12.64
2,7896,818.71,12.3
2,7897,644.48,8.19
2,7898,690.21,8.46
2,7899,688.01,8.14
2,7900,710.14,8.23
2,7901,732.26,8.32
2,7902,754.38,8.41
2,7903,776.5,8.51
2,7904,819.38,8.69
2,7905,842.98,8.78
2,7906,866.58,8.88
2,7907,851.92,8.55
2,7908,824.84,8.44
2,7909,792.82,8.3
2,7910,792.82,8.3
2,7911,792.82,8.3
2,7912,767.86,8.4
2,7913,752.01,8.57
2,7914,743.57,8.46
2,7915,733.37,8.49
2,7916,716.08,8.42
2,7917,711.65,8.48
2,7918,716.7,8.56
2,7919,721.94,8.64
2,7920,726.76,8.71
2,7921,731.8,8.79
2,7922,930.55,10.37
2,7923,930.55,10.37
2,7924,930.55,10.37
2,7925,873.13,10.03
2,7926,873.13,10.03
2,7927,873.13,10.03
2,7928,873.13,10.03
2,7929,890.15,10.14
2,7930,899.1,10.19
2,7931,899.1,10.19
2,7932,899.1,10.19
2,7933,899.1,10.19
2,7934,899.1,10.19
2,7940,1266.34,14.24
2,7941,1243.9,14.15
2,7942,1223,14.06
2,7943,1201.02,13.97
2,7944,1066.84,13.21
2,7945,1062.45,13.17
2,7946,1059.71,13.15
2,7947,1040.3,12.99
2,7948,1027.04,12.88
2,7949,1022.62,12.84
2,7950,1036.64,12.92
2,7951,1100.13,13.17
2,7952,1114.33,13.22
2,7953,1135.79,13.31
2,7954,1135.79,13.31
2,7955,1155.71,13.4
2,7956,1158.67,13.41
2,7957,1154.73,13.57
2,7958,1175,13.68
2,7959,1070.21,10.36
2,7960,1059.85,10.3
2,7961,1049.49,10.25
2,7962,1039.13,10.19
2,7963,1028.77,10.13
2,7964,1018.41,10.07
2,7965,1008.05,10.02
2,7966,977.54,10.03
2,7967,977.54,10.03
2,7968,878.1,9.37
2,7969,871.09,9.32
2,7970,864.07,9.26
2,7971,857.06,9.2
2,7972,850.27,9.14
2,7973,888.56,12.64
2,7974,810.54,12.11
2,7975,813.16,12.17
2,7976,649.98,8.32
2,7977,678.53,8.41
2,7978,701.45,8.51
2,7979,733.06,8.64
2,7980,752.2,8.72
2,7981,746.28,8.38
2,7982,768.4,8.47
2,7983,790.15,8.56
2,7984,811.66,8.65
2,7985,836.24,8.76
2,7986,859.83,8.85
2,7987,857.96,8.57
2,7988,828.67,8.45
2,7989,792.82,8.3
2,7990,792.82,8.3
2,7991,767.86,8.4
2,7992,767.86,8.4
2,7993,747.38,8.47
2,7994,748.95,8.48
2,7995,745.76,8.54
2,7996,734.96,8.59
2,7997,716.44,8.55
2,7998,721.53,8.63
2,7999,726.51,8.71
2,8000,731.55,8.78
2,8001,930.55,10.37
2,8002,930.55,10.37
2,8003,930.55,10.37
2,8004,901.1,10.2
2,8005,873.13,10.03
2,8006,873.13,10.03
2,8007,873.13,10.03
2,8008,873.13,10.03
2,8009,896.08,10.18
2,8010,899.1,10.19
2,8011,899.1,10.19
2,8012,899.1,10.19
2,8013,899.1,10.19
2,8014,899.1,10.19
2,8020,1275.09,14.28
2,8021,1079.98,13.32
2,8022,1064.91,13.19
2,8023,1049.02,13.06
2,8024,1037.03,12.96
2,8025,1054.53,13.11
2,8026,1049.56,13.07
2,8027,1038.91,12.98
2,8028,1025.96,12.87
2,8029,1011.56,12.75
2,8030,1050.39,12.99
2,8031,1067.52,13.09
2,8032,1084.87,13.18
2,8033,1102.21,13.28
2,8034,1117.51,13.37
2,8035,1126.25,13.41
2,8036,1149.12,13.54
2,8037,1168.4,13.65
2,8038,1185.22,13.74
2,8039,1083.13,10.43
2,8040,1072.77,10.37
2,8041,1062.41,10.32
2,8042,1052.05,10.26
2,8043,1041.69,10.2
2,8044,1031.33,10.14
2,8045,960.62,9.94
2,8046,947.41,9.86
2,8047,934.54,9.77
2,8048,886.64,9.45
2,8049,879.63,9.39
2,8050,872.61,9.33
2,8051,865.6,9.27
2,8052,802.11,11.91
2,8053,805.01,11.98
2,8054,807.62,12.04
2,8055,655.5,8.45
2,8056,652.93,8.39
2,8057,690.61,8.46
2,8058,714.36,8.56
2,8059,739.5,8.67
2,8060,754.81,8.73
2,8061,759.05,8.75
2,8062,782.42,8.53
2,8063,797.81,8.6
2,8064,803.08,8.62
2,8065,829.49,8.73
2,8066,853.09,8.83
2,8067,864,8.6
2,8068,832.49,8.47
2,8069,980.27,10.09
2,8070,980.27,10.09
2,8071,974.18,10.06
2,8072,964.87,10.02
2,8073,758.74,8.94
2,8074,758.74,8.94
2,8075,755.62,8.91
2,8076,742.68,8.81
2,8077,743.72,8.76
2,8078,726.26,8.7
2,8079,731.3,8.78
2,8080,736.34,8.86
2,8081,930.55,10.37
2,8082,930.55,10.37
2,8083,930.55,10.37
2,8084,895.07,10.17
2,8085,873.13,10.03
2,8086,873.13,10.03
2,8087,873.13,10.03
2,8088,883.04,10.1
2,8089,899.1,10.19
2,8090,899.1,10.19
2,8091,899.1,10.19
2,8092,899.1,10.19
2,8093,899.1,10.19
2,8094,899.1,10.19
2,8114,1300.91,14.39
2,8115,1300.91,14.39
2,8116,1300.91,14.39
2,8117,1300.91,14.39
2,8118,1300.91,14.39
2,8119,1300.91,14.39
2,8120,1079.98,13.32
2,8121,1079.98,13.32
2,8122,1063.96,13.19
2,8123,1049.31,13.06
2,8124,1036.91,12.96
2,8125,1023.99,12.85
2,8126,1013.16,12.76
2,8127,1024.57,12.79
2,8128,1000.63,12.66
2,8129,1000.51,12.66
2,8130,1059.64,13.04
2,8131,1076.99,13.14
2,8132,1094.33,13.24
2,8133,1111.08,13.33
2,8134,1123.94,13.4
2,8135,1143.51,13.51
2,8136,1161.8,13.61
2,8137,1178.61,13.7
2,8138,1195.43,13.8
2,8139,1096.61,10.51
2,8140,1085.69,10.45
2,8141,1075.32,10.39
2,8142,1064.97,10.33
2,8143,1054.61,10.27
2,8144,1044.25,10.22
2,8145,952.24,9.89
2,8146,937.35,9.8
2,8147,923.88,9.71
2,8148,895.18,9.52
2,8149,888.17,9.46
2,8150,881.16,9.4
2,8151,874.15,9.34
2,8152,799.45,11.85
2,8153,801.98,11.91
2,8154,804.71,11.97
2,8155,673.15,8.55
2,8156,694.11,8.64
2,8157,715.21,8.73
2,8158,736.75,8.67
2,8159,747.51,8.73
2,8160,768.26,8.81
2,8161,772.32,8.83
2,8162,792.42,8.57
2,8163,798.52,8.6
2,8164,803.08,8.62
2,8165,822.75,8.7
2,8166,846.35,8.8
2,8167,869.95,8.9
2,8168,1003.21,10.18
2,8169,989.85,10.13
2,8170,980.27,10.09
2,8171,974.18,10.06
2,8172,957.65,9.99
2,8173,935.93,9.9
2,8174,758.74,8.94
2,8175,755.35,8.91
2,8176,742.41,8.8
2,8177,743.72,8.76
2,8178,731.05,8.78
2,8179,736.09,8.85
2,8180,741.11,8.93
2,8181,934.91,10.36
2,8182,930.55,10.37
2,8183,908.03,10.24
2,8184,889.04,10.14
2,8185,873.13,10.03
2,8186,873.13,10.03
2,8187,859.06,9.96
2,8188,888.97,10.14
2,8189,899.1,10.19
2,8190,899.1,10.19
2,8191,899.1,10.19
2,8192,899.1,10.19
2,8193,899.1,10.19
2,8194,899.1,10.19
2,8214,1300.91,14.39
2,8215,1300.91,14.39
2,8216,1300.91,14.39
2,8217,1204.84,13.61
2,8218,1204.84,13.61
2,8219,1193.02,13.58
2,8220,1079.98,13.32
2,8221,1078.55,13.31
2,8222,1063.02,13.18
2,8223,1049.59,13.07
2,8224,1036.79,12.96
2,8225,1023.87,12.85
2,8226,1010.78,12.74
2,8227,1007.95,12.7
2,8228,989.57,12.57
2,8229,1005.62,12.57
2,8230,1006.55,12.57
2,8231,1086.45,13.19
2,8232,1103.79,13.29
2,8233,1121.63,13.39
2,8234,1137.9,13.48
2,8235,1154.28,13.57
2,8236,1172.01,13.67
2,8237,1188.83,13.76
2,8238,1204.75,13.85
2,8239,1145.64,10.76
2,8240,1098.99,10.52
2,8241,1088.52,10.46
2,8242,1077.88,10.4
2,8243,1067.52,10.35
2,8244,942.24,12
2,8245,938.43,9.81
2,8246,931.49,9.75
2,8247,921.45,9.69
2,8248,903.72,9.59
2,8249,896.71,9.53
2,8250,889.7,9.47
2,8251,793.91,11.72
2,8252,796.54,11.78
2,8253,799.16,11.84
2,8254,663.94,8.65
2,8255,688.68,8.62
2,8256,709.31,8.7
2,8257,730.41,8.79
2,8258,745.92,8.73
2,8259,755.1,8.78
2,8260,778.32,8.86
2,8261,778.32,8.86
2,8262,778.32,8.86
2,8263,798.52,8.6
2,8264,800.81,8.61
2,8265,803.08,8.62
2,8266,1068.6,10.46
2,8267,1052.61,10.39
2,8268,1033.56,10.31
2,8269,1007.36,10.2
2,8270,994,10.14
2,8271,968.85,10.04
2,8272,944.5,9.94
2,8273,922.17,9.84
2,8274,885.86,9.69
2,8275,875.54,9.63
2,8276,857.66,9.4
2,8277,800.16,9.16
2,8278,785.23,9.1
2,8279,751.45,8.96
2,8280,745.91,9
2,8281,934.91,10.36
2,8282,921,10.31
2,8283,902.12,10.21
2,8284,883.01,10.1
2,8285,873.13,10.03
2,8286,859.06,9.96
2,8287,874.79,10.06
2,8288,894.9,10.17
2,8289,899.1,10.19
2,8290,899.1,10.19
2,8291,899.1,10.19
2,8292,899.1,10.19
2,8293,899.1,10.19
2,8294,899.1,10.19
2,8314,1300.91,14.39
2,8315,1204.84,13.61
2,8316,1204.84,13.61
2,8317,1204.84,13.61
2,8318,1204.84,13.61
2,8319,1204.84,13.61
2,8320,1182.58,13.52
2,8321,1163.57,13.42
2,8322,1062.07,13.17
2,8323,1049.88,13.07
2,8324,1036.67,12.96
2,8325,1065.87,12.88
2,8326,1043.47,12.75
2,8327,992.51,12.59
2,8328,981.57,12.5
2,8329,982.49,12.47
2,8330,983.9,12.47
2,8331,955.27,12.23
2,8332,1114.78,13.35
2,8333,1134.07,13.46
2,8334,1148.67,13.54
2,8335,1165.41,13.63
2,8336,1182.22,13.73
2,8337,1199.04,13.82
2,8338,1213.35,11.16
2,8339,1145.64,10.76
2,8340,1145.64,10.76
2,8341,1101.37,10.53
2,8342,1090.9,10.48
2,8343,938.65,11.98
2,8344,941.25,11.99
2,8345,942.24,12
2,8346,942.31,9.81
2,8347,913.49,11.94
2,8348,912.5,9.66
2,8349,905.25,9.6
2,8350,788.37,11.59
2,8351,791,11.65
2,8352,793.63,11.71
2,8353,669.49,8.78
2,8354,687.1,8.85
2,8355,702.98,8.94
2,8356,724.51,8.77
2,8357,745.85,8.86
2,8358,766.9,8.94
2,8359,788.44,9.03
2,8360,778.32,8.86
2,8361,778.32,8.86
2,8362,852.48,9.3
2,8363,873.82,9.39
2,8364,948.73,9.7
2,8365,978.09,9.82
2,8366,1068.6,10.46
2,8367,1066.24,10.45
2,8368,1046.41,10.36
2,8369,1029.22,10.29
2,8370,1011.5,10.22
2,8371,1030.09,10.29
2,8372,930.74,9.88
2,8373,908.42,9.79
2,8374,880.15,9.67
2,8375,868.7,9.58
2,8376,857.66,9.4
2,8377,798.46,9.15
2,8378,783.86,9.09
2,8379,766.76,9.02
2,8380,750.71,9.08
2,8381,902.05,10.16
2,8382,942.11,10.38
2,8383,922.77,10.29
2,8384,874.46,10.01
2,8385,857.91,9.96
2,8386,862.73,9.99
2,8387,881.87,10.1
2,8388,899.1,10.19
2,8389,899.1,10.19
2,8390,899.1,10.19
2,8391,899.1,10.19
2,8392,899.1,10.19
2,8393,899.1,10.19
2,8394,899.1,10.19
2,8414,1204.84,13.61
2,8415,1207.9,13.63
2,8416,1207.9,13.63
2,8417,1207.9,13.63
2,8418,1209.82,13.64
2,8419,1211.28,13.64
2,8420,1220.1,13.69
2,8421,1168.81,13.41
2,8422,1149.81,13.3
2,8423,1119.51,13.17
2,8424,1100.44,13.07
2,8425,1079.63,12.95
2,8426,1074.3,12.88
2,8427,1014.79,12.59
2,8428,998.33,12.5
2,8429,963.55,12.35
2,8430,952.68,12.26
2,8431,955.27,12.23
2,8432,960.08,12.18
2,8433,960.08,12.18
2,8434,1158.8,13.59
2,8435,1175.62,13.69
2,8436,1192.44,13.78
2,8437,1209.01,13.87
2,8438,1202.91,11.1
2,8439,1145.64,10.76
2,8440,1145.64,10.76
2,8441,1114.21,10.61
2,8442,1103.75,10.55
2,8443,922.51,11.89
2,8444,925.11,11.9
2,8445,891.17,11.76
2,8446,898,11.81
2,8447,904.83,11.87
2,8448,911.66,11.93
2,8449,914.33,9.68
2,8450,785.46,11.52
2,8451,788.09,11.58
2,8452,790.72,11.64
2,8453,678.4,8.86
2,8454,698.43,8.92
2,8455,714.32,9.01
2,8456,748.93,9.18
2,8457,761.42,8.92
2,8458,781.62,9.01
2,8459,803.16,9.1
2,8460,825.82,9.19
2,8461,848.22,9.28
2,8462,867.43,9.36
2,8463,888.77,9.45
2,8464,951.84,9.71
2,8465,980.35,9.83
2,8466,1076.79,10.49
2,8467,1069.84,10.46
2,8468,1061.47,10.43
2,8469,1043.08,10.35
2,8470,1034.71,10.31
2,8471,1049.75,10.38
2,8472,916.99,9.82
2,8473,906.12,9.78
2,8474,917.89,9.65
2,8475,861.85,9.52
2,8476,847.72,9.36
2,8477,825.17,9.26
2,8478,819.93,9.24
2,8479,856.53,9.39
2,8480,754.42,9.13
2,8481,760.27,9.22
2,8482,884.93,10.04
2,8483,861.67,9.94
2,8484,858.86,9.92
2,8485,832.95,9.83
2,8486,861.82,9.95
2,8487,905.26,10.17
2,8488,901.9,10.21
2,8489,899.1,10.19
2,8490,899.1,10.19
2,8491,899.1,10.19
2,8492,899.1,10.19
2,8493,899.1,10.19
2,8494,899.1,10.19
2,8514,1209.82,13.64
2,8515,1209.82,13.64
2,8516,1209.82,13.64
2,8517,1209.82,13.64
2,8518,1237.69,13.79
2,8519,1235.8,13.78
2,8520,1232.6,13.76
2,8521,1162.97,13.38
2,8522,1143.98,13.27
2,8523,1124.98,13.17
2,8524,1105.98,13.06
2,8525,1087.01,12.95
2,8526,1068.83,12.85
2,8527,1052.45,12.76
2,8528,996.51,12.49
2,8529,997.71,12.5
2,8530,945.44,12.2
2,8531,953.8,12.19
2,8532,946.08,12.08
2,8533,946.08,12.08
2,8534,1169.02,13.65
2,8535,1185.83,13.75
2,8536,1202.81,13.84
2,8537,1209.1,11.13
2,8538,1191.29,11.03
2,8539,1164.86,10.89
2,8540,1143.76,10.76
2,8541,1127.06,10.68
2,8542,1116.59,10.62
2,8543,913.23,11.84
2,8544,901.48,11.77
2,8545,882.51,11.68
2,8546,889.34,11.74
2,8547,896.17,11.8
2,8548,903,11.85
2,8549,779.92,11.39
2,8550,782.55,11.45
2,8551,785.18,11.51
2,8552,689.45,9.01
2,8553,710.66,9.1
2,8554,731.86,9.19
2,8555,741.18,9.16
2,8556,741.55,9.16
2,8557,750.39,9.21
2,8558,796.34,9.07
2,8559,817.88,9.16
2,8560,839.47,9.25
2,8561,861.03,9.34
2,8562,882.37,9.43
2,8563,927.55,9.61
2,8564,954.96,9.73
2,8565,982.62,9.84
2,8566,1008.62,9.95
2,8567,1080.29,10.5
2,8568,1074.72,10.48
2,8569,1056.7,10.41
2,8570,1055.08,10.38
2,8571,1053.2,10.39
2,8572,1053.2,10.39
2,8573,926.88,9.69
2,8574,904.37,9.59
2,8575,881.86,9.5
2,8576,859.36,9.41
2,8577,851.91,9.38
2,8578,846.26,9.35
2,8579,876.97,9.48
2,8580,881.12,9.5
2,8581,764.18,9.28
2,8582,770.11,9.37
2,8583,776.04,9.46
2,8584,830.66,9.79
2,8585,950.46,10.42
2,8586,908.07,10.21
2,8587,920.57,10.31
2,8588,914.48,10.28
2,8589,912.37,10.27
2,8590,909.55,10.25
2,8591,903.85,10.22
2,8592,899.38,10.19
2,8593,899.1,10.19
2,8614,1242.19,13.82
2,8615,1242.19,13.82
2,8616,1242.19,13.82
2,8617,1242.19,13.82
2,8618,1242.19,13.82
2,8619,1243.13,13.82
2,8620,1256.89,13.9
2,8621,1269.91,13.97
2,8622,1279.59,14.02
2,8623,1119.15,13.13
2,8624,1100.38,13.03
2,8625,1081.34,12.92
2,8626,1058.05,12.79
2,8627,1029.35,12.63
2,8628,1013.51,12.58
2,8629,1011.97,12.28
2,8630,995.53,12.19
2,8631,927.35,12.05
2,8632,928.54,12.01
2,8633,934.44,12.02
2,8634,894.3,11.77
2,8635,902.68,11.75
2,8636,1213.26,13.9
2,8637,1198.85,11.08
2,8638,1182.54,10.98
2,8639,1163.89,10.88
2,8640,1147.35,10.79
2,8641,1135.87,10.73
2,8642,934.24,11.95
2,8643,923.71,11.9
2,8644,913.4,11.84
2,8645,873.87,11.61
2,8646,880.68,11.67
2,8647,891.93,11.69
2,8648,774.5,11.26
2,8649,777.08,11.32
2,8650,779.64,11.38
2,8651,683.51,9.12
2,8652,704.54,9.07
2,8653,725.75,9.16
2,8654,746.96,9.25
2,8655,753.36,9.22
2,8656,766.76,9.3
2,8657,777.83,9.36
2,8658,811.06,9.13
2,8659,830.72,9.21
2,8660,854.63,9.31
2,8661,875.97,9.4
2,8662,897.31,9.49
2,8663,931.4,9.63
2,8664,958.07,9.74
2,8665,984.88,9.85
2,8666,1010.89,9.96
2,8667,1064.43,10.18
2,8668,1071.32,10.21
2,8669,1077.45,10.24
2,8670,1053.2,10.39
2,8671,1053.2,10.39
2,8672,1053.2,10.39
2,8673,913.6,9.63
2,8674,898.97,9.57
2,8675,885.88,9.52
2,8676,863.16,9.42
2,8677,874.48,9.47
2,8678,873.17,9.46
2,8679,881.12,9.5
2,8680,881.12,9.5
2,8681,802.04,9.59
2,8682,802.04,9.59
2,8683,791,9.54
2,8684,789.51,9.61
2,8685,977.07,10.53
2,8686,804.51,9.8
2,8687,918.39,10.3
2,8688,915.47,10.28
2,8689,914.48,10.28
2,8690,914.48,10.28
2,8691,914.48,10.28
2,8692,835.03,10.22
2,8693,837.53,10.26
2,8714,1242.19,13.82
2,8715,1242.19,13.82
2,8716,1242.19,13.82
2,8717,1242.19,13.82
2,8718,1243.1,13.82
2,8719,1251.59,13.87
2,8720,1270.7,13.98
2,8721,1281.91,14.04
2,8722,1287.32,14.07
2,8723,1303.04,14.15
2,8724,1320.33,14.24
2,8725,1080.32,12.89
2,8726,1072.41,12.86
2,8727,1039.1,12.68
2,8728,1032.64,12.69
2,8729,1033.54,12.38
2,8730,1016.87,12.29
2,8731,968.51,12.04
2,8732,909.25,11.9
2,8733,898.24,11.8
2,8734,887.23,11.71
2,8735,902.68,11.75
2,8736,899.59,11.73
2,8737,909.89,11.63
2,8738,901.69,11.56
2,8739,1162.93,10.88
2,8740,1151.27,10.81
2,8741,902.92,11.63
2,8742,947.05,12.03
2,8743,936.52,11.97
2,8744,858.3,11.48
2,8745,878.45,11.62
2,8746,891.93,11.69
2,8747,891.93,11.69
2,8748,771.56,11.19
2,8749,774.14,11.25
2,8750,689.02,9.25
2,8751,702.02,9.27
2,8752,716.61,9.34
2,8753,782.8,9.4
2,8754,767.45,9.34
2,8755,783.32,9.4
2,8756,777.83,9.36
2,8757,777.83,9.36
2,8758,777.83,9.36
2,8759,844.37,9.27
2,8760,869.58,9.37
2,8761,890.92,9.46
2,8762,911.3,9.55
2,8763,935.17,9.65
2,8764,961.15,9.75
2,8765,987.15,9.86
2,8766,1013.15,9.97
2,8767,1039.56,10.08
2,8768,1053.16,10.14
2,8769,1058.25,10.16
2,8770,1053.2,10.39
2,8771,1053.2,10.39
2,8772,913.6,9.63
2,8773,913.6,9.63
2,8774,913.6,9.63
2,8775,894.41,9.55
2,8776,885.03,9.51
2,8777,894.37,9.55
2,8778,895.66,9.56
2,8779,886.02,9.52
2,8780,881.12,9.5
2,8781,802.04,9.59
2,8782,802.04,9.59
2,8783,797.02,9.63
2,8784,809.92,9.73
2,8785,802.18,9.76
2,8786,808.59,9.85
2,8787,814.93,9.94
2,8788,821.79,10.04
2,8789,835.57,10.13
2,8790,833.07,10.19
2,8791,835.03,10.22
2,8792,837.53,10.26
2,8793,839.49,10.28
2,8814,1242.19,13.82
2,8815,1242.19,13.82
2,8816,1242.19,13.82
2,8817,1243.06,13.82
2,8818,1246.31,13.84
2,8819,1271.49,13.98
2,8820,1296.74,14.12
2,8821,1297.13,14.12
2,8822,1297.37,14.12
2,8823,1297.64,14.12
2,8824,1312.41,14.2
2,8825,1329.28,14.29
2,8826,1067.33,12.84
2,8827,1071.6,12.86
2,8828,1076.14,12.62
2,8829,1023.13,12.32
2,8830,1006.52,12.23
2,8831,990.22,12.14
2,8832,941.24,11.88
2,8833,924.78,11.79
2,8834,880.16,11.65
2,8835,890.26,11.68
2,8836,912.61,11.77
2,8837,902.88,11.59
2,8838,901.69,11.56
2,8839,878.53,11.5
2,8840,902.84,11.63
2,8841,902.92,11.63
2,8842,959.12,12.09
2,8843,842.72,11.35
2,8844,849.8,11.41
2,8845,843.77,11.26
2,8846,891.93,11.69
2,8847,786.65,11.09
2,8848,768.61,11.12
2,8849,771.2,11.18
2,8850,691.93,9.31
2,8851,734.19,9.42
2,8852,721.56,9.36
2,8853,798.97,9.47
2,8854,783.62,9.4
2,8855,798.26,9.46
2,8856,819.61,9.55
2,8857,840.95,9.64
2,8858,845.34,9.66
2,8859,845.34,9.66
2,8860,884.52,9.43
2,8861,900.68,9.5
2,8862,916.45,9.57
2,8863,938.29,9.66
2,8864,963.41,9.76
2,8865,989.41,9.87
2,8866,1015.42,9.98
2,8867,1043.29,10.1
2,8868,1048.45,10.12
2,8869,1053.16,10.14
2,8870,1053.16,10.14
2,8871,1053.2,10.39
2,8872,913.6,9.63
2,8873,913.6,9.63
2,8874,913.6,9.63
2,8875,915.44,9.64
2,8876,909.34,9.61
2,8877,916.54,9.64
2,8878,920.73,9.66
2,8879,895.66,9.56
2,8880,887.12,9.52
2,8881,802.04,9.59
2,8882,802.04,9.59
2,8883,833.49,9.83
2,8884,831.77,9.82
2,8885,820.77,9.89
2,8886,815.03,9.93
2,8887,819.46,10
2,8888,835.57,10.13
2,8889,832.03,10.18
2,8890,835.05,10.22
2,8891,837.53,10.26
2,8892,839.49,10.28
2,8893,839.49,10.28
2,8894,929.96,11.54
2,8895,930.86,11.55
2,8896,933.94,11.59
2,8897,962.17,11.78
2,8898,970.75,11.81
2,8899,1006.5,11.96
2,8914,1242.19,13.82
2,8915,1242.19,13.82
2,8916,1243.02,13.82
2,8917,1245.25,13.83
2,8918,1284.57,14.05
2,8919,1284.57,14.05
2,8920,1284.57,14.05
2,8921,1280.68,14.02
2,8922,1273.83,13.99
2,8923,1289.63,14.07
2,8924,1305.83,14.16
2,8925,1092.9,12.98
2,8926,1076.87,12.89
2,8927,1082.21,12.65
2,8928,1065.62,12.56
2,8929,1049.04,12.47
2,8930,1041.48,12.42
2,8931,979.35,12.08
2,8932,963.05,11.99
2,8933,914.1,11.73
2,8934,897.26,11.64
2,8935,862.15,11.5
2,8936,876.53,11.54
2,8937,872.41,11.44
2,8938,882.19,11.48
2,8939,873.67,11.47
2,8940,890.78,11.57
2,8941,842.42,11.26
2,8942,827.34,11.22
2,8943,836.45,11.3
2,8944,830.09,11.18
2,8945,852.53,11.3
2,8946,866.41,11.38
2,8947,786.65,11.09
2,8948,765.67,11.05
2,8949,697.47,9.45
2,8950,971.09,11.73
2,8951,735.2,9.42
2,8952,830.49,9.6
2,8953,815.14,9.53
2,8954,799.79,9.47
2,8955,813.21,9.53
2,8956,834.53,9.62
2,8957,845.32,9.66
2,8958,845.32,9.66
2,8959,845.32,9.66
2,8960,899.24,9.5
2,8961,910.26,9.54
2,8962,920.22,9.58
2,8963,941.17,9.67
2,8964,965.39,9.77
2,8965,991.39,9.88
2,8966,1026.88,10.03
2,8967,1043.29,10.1
2,8968,1048.17,10.12
2,8969,1050.09,10.12
2,8970,1052.87,10.14
2,8971,913.57,9.63
2,8972,913.57,9.63
2,8973,913.57,9.63
2,8974,911.93,9.63
2,8975,919.54,9.66
2,8976,940.83,9.75
2,8977,938.68,9.74
2,8978,938.68,9.74
2,8979,920.73,9.66
2,8980,892.33,10.07
2,8981,892.33,10.07
2,8982,892.33,10.07
2,8983,880.51,10.02
2,8984,853.63,9.91
2,8985,825.78,10.02
2,8986,839.17,10.09
2,8987,824.02,10.07
2,8988,830.42,10.16
2,8989,835.16,10.22
2,8990,838.58,10.27
2,8991,839.49,10.28
2,8992,842.05,10.32
2,8993,874.55,10.77
2,8994,930,11.54
2,8995,930.23,11.54
2,8996,932.05,11.57
2,8997,936.16,11.63
2,8998,964.95,11.79
2,8999,974.14,11.83
2,9013,1242.01,13.82
2,9014,1242.01,13.82
2,9015,1242.81,13.82
2,9016,1284.88,14.05
2,9017,1280.79,14.02
2,9018,1277.54,14.01
2,9019,1276.97,14
2,9020,1270.4,13.97
2,9021,1263.43,13.93
2,9022,1266.67,13.95
2,9023,1281.7,14.03
2,9024,1116.28,13.11
2,9025,1105.63,13.05
2,9026,1077.17,12.89
2,9027,1071.69,12.59
2,9028,1055.1,12.5
2,9029,1038.52,12.41
2,9030,1026.64,12.34
2,9031,1053.88,12.49
2,9032,952.2,11.93
2,9033,935.85,11.84
2,9034,886.72,11.58
2,9035,876.41,11.52
2,9036,843.97,11.35
2,9037,849.53,11.34
2,9038,850.48,11.34
2,9039,867.61,11.44
2,9040,844.66,11.28
2,9041,832.04,11.21
2,9042,818.71,11.15
2,9043,825.58,11.21
2,9044,814.43,11.09
2,9045,805,11.04
2,9046,866.41,11.38
2,9047,760.12,10.92
2,9048,703.01,9.58
2,9049,960.82,11.69
2,9050,963.14,11.7
2,9051,830.5,9.6
2,9052,830.5,9.6
2,9053,830.5,9.6
2,9054,981.77,11.91
2,9055,962.52,12.1
2,9056,845.32,9.66
2,9057,845.32,9.66
2,9058,845.32,9.66
2,9059,1009.37,12.36
2,9060,1024.38,12.44
2,9061,911.92,9.55
2,9062,920.62,9.58
2,9063,944.29,9.68
2,9064,967.65,9.78
2,9065,993.66,9.89
2,9066,1033.39,10.05
2,9067,1043.29,10.1
2,9068,1048.17,10.12
2,9069,1048.17,10.12
2,9070,1052.87,10.14
2,9071,913.57,9.63
2,9072,913.57,9.63
2,9073,910.38,9.62
2,9074,916.31,9.64
2,9075,951.13,9.79
2,9076,952.46,9.79
2,9077,952.46,9.79
2,9078,952.46,9.79
2,9079,938.68,9.74
2,9080,941.66,10.28
2,9081,941.66,10.28
2,9082,892.33,10.07
2,9083,886.56,10.05
2,9084,875.12,10
2,9085,885.42,10.29
2,9086,856.68,10.17
2,9087,828.38,10.13
2,9088,835.28,10.22
2,9089,839.49,10.28
2,9090,842.28,10.32
2,9091,845.37,10.36
2,9092,872.4,10.74
2,9093,877.81,10.82
2,9094,919.46,11.21
2,9095,930,11.54
2,9096,930.89,11.55
2,9097,934.69,11.61
2,9098,954.98,11.75
2,9099,970.75,11.81
2,9113,1242.01,13.82
2,9114,1277.54,14.01
2,9115,1277.54,14.01
2,9116,1277.54,14.01
2,9117,1273.8,13.99
2,9118,1267.23,13.95
2,9119,1264.78,13.94
2,9120,1256.2,13.89
2,9121,1247.62,13.84
2,9122,1254.11,13.88
2,9123,1139.69,13.24
2,9124,1137.68,13.23
2,9125,1143.4,13.26
2,9126,1107.71,13.06
2,9127,1061.17,12.53
2,9128,1044.58,12.44
2,9129,1027.64,12.35
2,9130,1017.39,12.29
2,9131,994.91,12.16
2,9132,942.74,11.88
2,9133,924.27,11.77
2,9134,907.87,11.68
2,9135,889.02,11.58
2,9136,902.23,11.65
2,9137,825.87,11.2
2,9138,814.97,11.11
2,9139,804.07,11.02
2,9140,838.34,11.24
2,9141,803.04,11.02
2,9142,810.16,11.08
2,9143,816.94,11.14
2,9144,803.72,11.03
2,9145,787.24,10.94
2,9146,770.91,10.85
2,9147,757.2,10.85
2,9148,722.08,9.7
2,9149,940.36,11.6
2,9150,937.89,11.59
2,9151,958.48,11.82
2,9152,973.98,11.88
2,9153,981.77,11.91
2,9154,959.69,12.08
2,9155,962.76,12.1
2,9156,982.15,12.21
2,9157,993.3,12.27
2,9158,1006.57,12.35
2,9159,1021.58,12.43
2,9160,1024.75,12.45
2,9161,1025.62,12.45
2,9162,924.47,9.6
2,9163,947.4,9.7
2,9164,969.92,9.79
2,9165,995.92,9.9
2,9166,1034.75,10.06
2,9167,1043.29,10.1
2,9168,1048.17,10.12
2,9169,1048.17,10.12
2,9170,1048.17,10.12
2,9171,1182.19,14.48
2,9172,910.38,9.62
2,9173,915.27,9.64
2,9174,952.46,9.79
2,9175,952.46,9.79
2,9176,952.46,9.79
2,9177,952.46,9.79
2,9178,952.46,9.79
2,9179,952.46,9.79
2,9180,941.66,10.28
2,9181,941.66,10.28
2,9182,941.66,10.28
2,9183,920.7,10.19
2,9184,901.78,10.11
2,9185,887.31,10.29
2,9186,871.04,10.23
2,9187,891.16,10.72
2,9188,842.5,10.32
2,9189,845.59,10.37
2,9190,847.94,10.4
2,9191,867.76,10.68
2,9192,874.53,10.77
2,9193,880.1,10.85
2,9194,919.46,11.21
2,9195,929.26,11.53
2,9196,930,11.54
2,9197,933.11,11.58
2,9198,938.97,11.66
2,9199,960.85,11.77
2,9213,1277.54,14.01
2,9214,1277.2,14
2,9215,1270.63,13.97
2,9216,1266.74,13.95
2,9217,1266.12,13.94
2,9218,1257.54,13.9
2,9219,1248.97,13.85
2,9220,1235.4,13.77
2,9221,1230.15,13.74
2,9222,1223.57,13.71
2,9223,1152.38,13.31
2,9224,1154.44,13.32
2,9225,1161.22,13.36
2,9226,1130.48,12.92
2,9227,1124.41,12.88
2,9228,1050.88,12.48
2,9229,1040.63,12.42
2,9230,1030.38,12.36
2,9231,984.23,12.11
2,9232,967.48,12.01
2,9233,951.08,11.92
2,9234,897.12,11.62
2,9235,880.72,11.53
2,9236,860.47,11.42
2,9237,818.66,11.14
2,9238,807.76,11.05
2,9239,796.85,10.96
2,9240,787.84,10.9
2,9241,794.55,10.95
2,9242,821.71,11.08
2,9243,843.42,11.17
2,9244,863.95,11.26
2,9245,776.42,10.88
2,9246,760.08,10.79
2,9247,711.5,9.78
2,9248,731.66,9.74
2,9249,915.4,11.5
2,9250,922.69,11.53
2,9251,949.21,11.78
2,9252,967.78,11.85
2,9253,981.77,11.91
2,9254,948.14,12.02
2,9255,963.01,12.1
2,9256,982.4,12.21
2,9257,1003.76,12.33
2,9258,1018.77,12.41
2,9259,1024.75,12.45
2,9260,1025.62,12.45
2,9261,1025.62,12.45
2,9262,1025.62,12.45
2,9263,1183.57,14.34
2,9264,1183.57,14.34
2,9265,1183.57,14.34
2,9266,1183.57,14.34
2,9267,1183.57,14.34
2,9268,1048.17,10.12
2,9269,1182.19,14.48
2,9270,1182.19,14.48
2,9271,1182.19,14.48
2,9272,1182.19,14.48
2,9273,1182.19,14.48
2,9274,952.46,9.79
2,9275,952.46,9.79
2,9276,952.46,9.79
2,9277,952.46,9.79
2,9278,952.46,9.79
2,9279,945.66,10.29
2,9280,945.66,10.29
2,9281,945.66,10.29
2,9282,944.99,10.29
2,9283,926.34,10.21
2,9284,917.66,10.42
2,9285,926.1,10.46
2,9286,942.93,10.53
2,9287,891.16,10.72
2,9288,883.53,10.68
2,9289,851.96,10.46
2,9290,863.3,10.61
2,9291,870.56,10.71
2,9292,877.1,10.81
2,9293,896.35,11
2,9294,919.46,11.21
2,9295,919.46,11.21
2,9296,928.21,11.52
2,9297,930.74,11.55
2,9298,942.68,11.65
2,9299,963.39,11.88
2,9313,1265.79,13.64
2,9314,1265.79,13.64
2,9315,1265.79,13.64
2,9316,1265.79,13.64
2,9317,1265.79,13.64
2,9318,1265.79,13.64
2,9319,1265.79,13.64
2,9320,1221.99,13.7
2,9321,1214.7,13.66
2,9322,1207.42,13.62
2,9323,1172.52,13.42
2,9324,1170.63,13.41
2,9325,1175.95,13.44
2,9326,1129.97,12.92
2,9327,1119.56,12.86
2,9328,1063.86,12.55
2,9329,1053.61,12.49
2,9330,1088.38,12.68
2,9331,971.86,12.04
2,9332,956.73,11.95
2,9333,940.33,11.86
2,9334,923.64,11.77
2,9335,883.8,11.55
2,9336,874.51,11.5
2,9337,820.6,11.11
2,9338,822.9,11.12
2,9339,789.65,10.9
2,9340,784.53,10.84
2,9341,785.82,10.88
2,9342,836.12,11.14
2,9343,858.08,11.23
2,9344,764.15,10.59
2,9345,746.17,10.59
2,9346,901.3,11.46
2,9347,884.98,11.39
2,9348,886.07,11.38
2,9349,897.91,11.42
2,9350,915.74,11.64
2,9351,930.47,11.7
2,9352,942.12,11.75
2,9353,928.07,11.91
2,9354,936.6,11.96
2,9355,948.87,12.02
2,9356,982.65,12.21
2,9357,1015.97,12.4
2,9358,1024.36,12.44
2,9359,1022.47,12.43
2,9360,1020.58,12.42
2,9361,1018.68,12.41
2,9362,1090.36,12.81
2,9363,1183.57,14.34
2,9364,1183.57,14.34
2,9365,1183.57,14.34
2,9366,1183.57,14.34
2,9367,1177.26,14.31
2,9368,1161.17,14.22
2,9369,1182.19,14.48
2,9370,1182.19,14.48
2,9371,1182.19,14.48
2,9372,1182.19,14.48
2,9373,1182.19,14.48
2,9374,1182.19,14.48
2,9375,952.46,9.79
2,9376,952.46,9.79
2,9377,952.46,9.79
2,9378,952.46,9.79
2,9379,947.96,10.3
2,9380,947.96,10.3
2,9381,947.96,10.3
2,9382,947.96,10.3
2,9383,947.24,10.3
2,9384,948.22,10.3
2,9385,944.76,10.53
2,9386,962.34,11.11
2,9387,891.16,10.72
2,9388,874.32,10.62
2,9389,858.28,10.54
2,9390,865.92,10.65
2,9391,873.35,10.75
2,9392,880.09,10.85
2,9393,896.35,11
2,9394,919.46,11.21
2,9395,919.46,11.21
2,9396,921.27,11.42
2,9397,943.04,11.5
2,9398,963.68,11.58
2,9399,997.93,12.07
2,9413,1265.79,13.64
2,9414,1265.79,13.64
2,9415,1265.79,13.64
2,9416,1265.79,13.64
2,9417,1265.79,13.64
2,9418,1265.79,13.64
2,9419,1265.79,13.64
2,9420,1265.79,13.64
2,9421,1199.6,13.57
2,9422,1191.82,13.53
2,9423,1189.29,13.24
2,9424,1176.73,13.17
2,9425,1147.29,13.01
2,9426,1128.13,12.9
2,9427,1111.15,12.81
2,9428,1076.83,12.62
2,9429,1082.76,12.65
2,9430,1091.99,12.7
2,9431,966.81,12.01
2,9432,956.23,11.95
2,9433,940.74,11.86
2,9434,913.14,11.71
2,9435,896.51,11.62
2,9436,844.65,11.28
2,9437,835.5,11.23
2,9438,826.23,11.06
2,9439,796.48,10.91
2,9440,785.9,10.81
2,9441,757.15,10.65
2,9442,757.95,10.61
2,9443,779.03,10.72
2,9444,759.12,10.56
2,9445,743.21,10.52
2,9446,882.33,11.38
2,9447,866.13,11.31
2,9448,876.71,11.34
2,9449,868.39,11.3
2,9450,903.92,11.45
2,9451,881.03,11.49
2,9452,869.23,11.44
2,9453,918.6,11.86
2,9454,916.93,11.85
2,9455,915.26,11.84
2,9456,1011.46,12.37
2,9457,1009.56,12.36
2,9458,1007.67,12.35
2,9459,1005.78,12.34
2,9460,1003.88,12.33
2,9461,1090.36,12.81
2,9462,1090.36,12.81
2,9463,1185.62,14.36
2,9464,1183.57,14.34
2,9465,1183.57,14.34
2,9466,1182.77,14.34
2,9467,1166.6,14.25
2,9468,1150.3,14.16
2,9469,1182.19,14.48
2,9470,1182.19,14.48
2,9471,1182.19,14.48
2,9472,1182.19,14.48
2,9473,1182.19,14.48
2,9474,1182.19,14.48
2,9475,1182.19,14.48
2,9476,952.46,9.79
2,9477,952.46,9.79
2,9478,947.96,10.3
2,9479,947.96,10.3
2,9480,947.96,10.3
2,9481,947.96,10.3
2,9482,947.96,10.3
2,9483,980.5,10.44
2,9484,974.22,10.41
2,9485,967.37,10.63
2,9486,949.17,11.05
2,9487,975.27,11.16
2,9488,865.84,10.65
2,9489,864.72,10.63
2,9490,901.8,10.88
2,9491,892.76,10.89
2,9492,883.53,10.89
2,9493,896.35,11
2,9494,911.26,11.18
2,9495,909.66,11.26
2,9496,916.85,11.36
2,9497,937.11,11.47
2,9498,1009.47,11.79
2,9499,1010.68,12.13
2,9513,1265.79,13.64
2,9514,1265.79,13.64
2,9515,1265.79,13.64
2,9516,1265.79,13.64
2,9517,1265.79,13.64
2,9518,1265.79,13.64
2,9519,1265.79,13.64
2,9520,1265.08,13.63
2,9521,1236.65,13.5
2,9522,1210.87,13.36
2,9523,1189.64,13.25
2,9524,1170.96,13.14
2,9525,1150.95,13.03
2,9526,1115.74,12.84
2,9527,1099.84,12.75
2,9528,1062.54,12.54
2,9529,1091.99,12.7
2,9530,1091.99,12.7
2,9531,966.81,12.01
2,9532,959.22,11.97
2,9533,936.88,11.84
2,9534,919.84,11.75
2,9535,867.94,11.51
2,9536,844.65,11.28
2,9537,832.45,11.22
2,9538,815.33,11.12
2,9539,790.03,10.93
2,9540,797.27,10.86
2,9541,768.94,10.66
2,9542,747.29,10.5
2,9543,752.27,10.43
2,9544,737.69,10.39
2,9545,725.5,10.11
2,9546,862.85,11.3
2,9547,847.33,11.24
2,9548,834.47,11.16
2,9549,827.81,11.16
2,9550,840.23,11.27
2,9551,864.77,11.43
2,9552,881.09,11.49
2,9553,901.91,11.76
2,9554,900.24,11.75
2,9555,913.04,11.83
2,9556,972.09,12.15
2,9557,984.38,12.22
2,9558,994.13,12.28
2,9559,994.13,12.28
2,9560,994.13,12.28
2,9561,1090.36,12.81
2,9562,1090.36,12.81
2,9563,1184.62,13.33
2,9564,1183.57,14.34
2,9565,1183.57,14.34
2,9566,1174.18,14.29
2,9567,1155.73,14.19
2,9568,1141.62,14.11
2,9569,1156.47,14.37
2,9570,1174.82,14.45
2,9571,1182.19,14.48
2,9572,1182.19,14.48
2,9573,1182.19,14.48
2,9574,1182.19,14.48
2,9575,1182.19,14.48
2,9576,1263.1,14.82
2,9577,1293.91,14.94
2,9578,1293.91,14.94
2,9579,947.96,10.3
2,9580,947.96,10.3
2,9581,947.96,10.3
2,9582,980.59,10.44
2,9583,980.59,10.44
2,9584,978.12,11.21
2,9585,970.8,11.17
2,9586,931.93,11
2,9587,907.46,10.88
2,9588,881.7,10.77
2,9589,884.47,10.78
2,9590,906.99,10.95
2,9591,905.77,10.94
2,9592,888.06,10.96
2,9593,894.2,11.04
2,9594,915.51,11.14
2,9595,955.6,11.3
2,9596,927.74,11.36
2,9597,973.12,11.64
2,9598,985.86,11.69
2,9599,1005.6,11.77
2,9613,1265.79,13.64
2,9614,1265.79,13.64
2,9615,1265.79,13.64
2,9616,1265.79,13.64
2,9617,1265.19,13.63
2,9618,1259.66,13.6
2,9619,1254.13,13.57
2,9620,1259.46,13.6
2,9621,1225.66,13.45
2,9622,1211.28,13.37
2,9623,1191.73,13.26
2,9624,1175.76,13.17
2,9625,1154.62,13.05
2,9626,1104.43,12.77
2,9627,1068.63,12.57
2,9628,1052.03,12.48
2,9629,1034.99,12.39
2,9630,1018.68,12.3
2,9631,971.61,12.04
2,9632,958.54,11.96
2,9633,943.18,11.88
2,9634,881.93,11.81
2,9635,865.79,11.5
2,9636,849.11,11.41
2,9637,832.71,11.31
2,9638,799.33,11.06
2,9639,808.38,11.07
2,9640,799.78,10.78
2,9641,786.49,10.73
2,9642,743.42,10.44
2,9643,737.44,10.35
2,9644,731.01,10.24
2,9645,741.11,10.38
2,9646,782.07,10.65
2,9647,801.22,10.87
2,9648,805.42,11.04
2,9649,897.14,11.42
2,9650,891.56,11.37
2,9651,866.44,11.43
2,9652,868.59,11.5
2,9653,925.77,11.86
2,9654,909.78,11.81
2,9655,933.2,11.94
2,9656,952.62,12.05
2,9657,972.85,12.16
2,9658,985.14,12.23
2,9659,993,12.27
2,9660,1090.36,12.81
2,9661,1090.36,12.81
2,9662,1090.36,12.81
2,9663,1172.44,13.26
2,9664,1184.62,13.33
2,9665,1177.45,14.31
2,9666,1161.17,14.22
2,9667,1143.01,14.12
2,9668,1141.62,14.11
2,9669,1156.47,14.37
2,9670,1155.41,14.37
2,9671,1167.96,14.42
2,9672,1179.45,14.47
2,9673,1182.19,14.48
2,9674,1182.19,14.48
2,9675,1184.55,14.49
2,9676,1263.1,14.82
2,9677,1293.91,14.94
2,9678,1295.88,14.95
2,9679,1295.88,14.95
2,9680,980.59,10.44
2,9681,980.59,10.44
2,9682,980.59,10.44
2,9683,980.59,10.44
2,9684,979.11,11.22
2,9685,990.84,11.27
2,9686,939.95,11.04
2,9687,901.65,10.85
2,9688,878.73,10.83
2,9689,877.8,10.81
2,9690,906.99,10.95
2,9691,906.99,10.95
2,9692,890.26,10.99
2,9693,923.64,11.17
2,9694,932.3,11.21
2,9695,926.87,11.39
2,9696,935.46,11.47
2,9697,961.27,11.59
2,9698,961.67,11.68
2,9699,973.24,11.78
2,9713,1265.79,13.64
2,9714,1265.31,13.63
2,9715,1259.78,13.6
2,9716,1254.24,13.57
2,9717,1259.35,13.6
2,9718,1264.88,13.63
2,9719,1270.41,13.66
2,9720,1275.95,13.69
2,9721,1281.31,13.72
2,9722,1245.48,13.56
2,9723,1253.94,13.6
2,9724,1176.19,13.17
2,9725,1170.63,13.14
2,9726,1074.71,12.61
2,9727,1058.12,12.52
2,9728,1041.52,12.42
2,9729,1027.6,12.35
2,9730,1007.94,12.24
2,9731,982.05,12.09
2,9732,966.44,12.01
2,9733,956.14,11.95
2,9734,874.38,11.76
2,9735,859.67,11.68
2,9736,837.91,11.34
2,9737,821.72,11.25
2,9738,804.53,11.13
2,9739,830.77,11.16
2,9740,821.06,10.87
2,9741,847.23,10.98
2,9742,789.61,11.57
2,9743,792.08,11.63
2,9744,747.29,10.39
2,9745,745.93,10.44
2,9746,772.27,10.61
2,9747,787.04,10.79
2,9748,826.35,10.98
2,9749,863.42,11.25
2,9750,880.29,11.32
2,9751,880.72,11.32
2,9752,910.33,11.44
2,9753,936.66,11.85
2,9754,953.84,11.95
2,9755,941.16,11.98
2,9756,953.09,12.05
2,9757,961.46,12.09
2,9758,1000.92,12.31
2,9759,1016.2,12.39
2,9760,1080.73,12.75
2,9761,1090.36,12.81
2,9762,1101.69,12.87
2,9763,1162.03,13.2
2,9764,1173.77,13.27
2,9765,1166.6,14.25
2,9766,1150.3,14.16
2,9767,1141.62,14.11
2,9768,1141.62,14.11
2,9769,1156.47,14.37
2,9770,1149.41,14.34
2,9771,1148.19,14.34
2,9772,1161.58,14.39
2,9773,1168.48,14.42
2,9774,1181.25,14.47
2,9775,1194.61,14.53
2,9776,1263.1,14.82
2,9777,1293.91,14.94
2,9778,1295.88,14.95
2,9779,1295.88,14.95
2,9780,1301.46,14.98
2,9781,980.59,10.44
2,9782,980.59,10.44
2,9783,990.84,11.27
2,9784,990.84,11.27
2,9785,990.84,11.27
2,9786,933.55,11.31
2,9787,886.65,10.94
2,9788,885.2,10.92
2,9789,883.93,10.9
2,9790,906.99,10.95
2,9791,906.99,10.95
2,9792,923.64,11.17
2,9793,933.72,11.21
2,9794,938.01,11.23
2,9795,934.13,11.45
2,9796,941.09,11.51
2,9797,952.63,11.61
2,9798,965.25,11.71
2,9799,977.54,11.82
2,9813,1254.35,13.57
2,9814,1259.24,13.6
2,9815,1264.77,13.63
2,9816,1270.3,13.66
2,9817,1275.83,13.69
2,9818,1284.27,13.74
2,9819,1280.14,13.72
2,9820,1275.68,13.69
2,9821,1271.26,13.65
2,9822,1262.09,13.65
2,9823,1290.6,13.81
2,9824,1290.6,13.81
2,9825,1139.61,12.97
2,9826,1132.03,12.93
2,9827,1047.61,12.46
2,9828,1035.92,12.39
2,9829,1013.6,12.27
2,9830,997.2,12.18
2,9831,988.33,12.13
2,9832,979.39,12.08
2,9833,893.93,11.91
2,9834,877.49,11.82
2,9835,849.15,11.61
2,9836,839.53,11.53
2,9837,813.81,11.26
2,9838,854.59,11.45
2,9839,826.14,11.32
2,9840,841.54,11.39
2,9841,856.53,11.02
2,9842,786.58,11.5
2,9843,761.8,10.45
2,9844,766.85,10.47
2,9845,758.95,10.5
2,9846,758.02,10.59
2,9847,775.55,10.73
2,9848,805.65,10.9
2,9849,842.58,11.16
2,9850,858.9,11.23
2,9851,876.93,11.3
2,9852,903.45,11.41
2,9853,928.84,11.81
2,9854,957.97,11.97
2,9855,953.73,12.05
2,9856,971.73,12.15
2,9857,990.29,12.25
2,9858,1008.61,12.35
2,9859,1022.37,12.43
2,9860,1070.08,12.69
2,9861,1083.41,12.77
2,9862,1112.76,12.93
2,9863,1149.93,13.14
2,9864,1161.39,13.2
2,9865,1109.44,13.93
2,9866,1134.22,14.07
2,9867,1136.73,14.08
2,9868,1168.86,14.44
2,9869,1158.74,14.38
2,9870,1145.83,14.33
2,9871,1130.39,14.26
2,9872,1150.3,14.35
2,9873,1174.71,14.45
2,9874,1190.19,14.51
2,9875,1242.11,14.73
2,9876,1263.1,14.82
2,9912,1264.66,13.63
2,9913,1270.19,13.66
2,9914,1275.72,13.69
2,9915,1281.4,13.72
2,9916,1276.93,13.7
2,9917,1272.53,13.66
2,9918,1261.78,13.6
2,9919,1259.6,13.59
2,9920,1257.42,13.57
2,9921,1255.24,13.56
2,9922,1284.28,13.77
2,9923,1290.6,13.81
2,9924,1154.95,13.05
2,9925,1138.92,12.96
2,9926,1129.58,12.91
2,9927,1093.6,12.71
2,9928,1074.13,12.6
2,9929,1053.83,12.49
2,9930,1013.12,12.27
2,9931,1002.66,12.21
2,9932,992.2,12.15
2,9933,902.78,11.94
2,9934,870.02,11.79
2,9935,840.67,11.54
2,9936,831.05,11.46
2,9937,823.71,11.37
2,9938,855.89,11.58
2,9939,843.58,11.4
2,9940,803.77,11.49
2,9941,793.05,11.43
2,9942,745.02,10.57
2,9943,781.69,10.54
2,9944,792.15,10.71
2,9945,783.43,10.67
2,9946,796.53,10.73
2,9947,770.08,10.74
2,9948,866.05,11.26
2,9949,814.87,11.05
2,9950,833.9,11.14
2,9951,872.97,11.29
2,9952,916.62,11.74
2,9953,902.11,11.67
2,9954,957.15,11.86
2,9955,976.27,11.94
2,9956,981.29,12.43
2,9957,997.99,12.29
2,9958,1016.76,12.4
2,9959,1042.52,12.54
2,9960,1059.49,12.63
2,9961,1110.21,12.92
2,9962,1125.55,13
2,9963,1136.13,13.06
2,9964,1085.45,13.8
2,9965,1105.73,13.91
2,9966,1130.82,14.05
2,9967,1154.14,14.18
2,9968,1167.18,14.25
2,9969,1171.95,14.46
2,9970,1104.91,14.16
2,9971,1112.18,14.19
2,9972,1155.86,14.37
2,9973,1185.78,14.49
2,9974,1206.15,14.58
2,9975,1243.13,14.73
2,9976,1266.7,14.83
2,10012,1258.17,13.58
2,10013,1255.99,13.57
2,10014,1253.81,13.55
2,10015,1248.81,13.53
2,10016,1247.12,13.52
2,10017,1245.43,13.51
2,10018,1243.74,13.5
2,10019,1242.05,13.49
2,10020,1240.36,13.48
2,10021,1238.67,13.47
2,10022,1192.83,13.26
2,10023,1173.36,13.16
2,10024,1153.89,13.05
2,10025,1135.44,12.95
2,10026,1120.43,12.86
2,10027,1092.46,12.71
2,10028,1072.99,12.6
2,10029,1053.12,12.49
2,10030,1026.44,12.34
2,10031,1015.51,12.28
2,10032,892.29,11.97
2,10033,885.52,11.91
2,10034,890.57,11.92
2,10035,875.76,11.81
2,10036,828.29,11.46
2,10037,836.35,11.5
2,10038,844.73,11.53
2,10039,852.82,11.61
2,10040,869.48,11.69
2,10041,778.09,11.3
2,10042,765.25,10.7
2,10043,803.53,10.63
2,10044,856,11.09
2,10045,808.38,10.77
2,10046,801.72,10.86
2,10047,795.87,10.86
2,10048,784.8,10.89
2,10049,791.38,10.98
2,10050,844.92,11.2
2,10051,884.94,11.34
2,10052,886.95,11.57
2,10053,932.31,11.75
2,10054,925.56,11.73
2,10055,931.77,11.75
2,10056,981.29,12.43
2,10057,967.03,12.37
2,10058,979.11,12.42
2,10059,1044.81,12.55
2,10060,1048.16,13.13
2,10061,1031.94,13.04
2,10062,1131.48,13.03
2,10063,1060.4,13.66
2,10064,1071.52,13.72
2,10065,1103.06,13.9
2,10066,1142.06,14.11
2,10067,1159.91,14.21
2,10068,1178.52,14.32
2,10069,1184.85,14.53
2,10070,1081.1,14.06
2,10071,1090.45,14.1
2,10072,1106.85,14.33
2,10073,1201.74,14.56
2,10074,1218.87,14.63
2,10075,1244.15,14.74
2,10076,1270.42,14.85
2,10112,1237.19,13.46
2,10113,1235.5,13.45
2,10114,1233.81,13.44
2,10115,1232.12,13.43
2,10116,1230.43,13.42
2,10117,1228.74,13.42
2,10118,1227.08,13.41
2,10119,1227.08,13.41
2,10120,1227.08,13.41
2,10121,1217.56,13.37
2,10122,1191.76,13.26
2,10123,1172.29,13.15
2,10124,1152.82,13.04
2,10125,1128.81,12.91
2,10126,1111.27,12.81
2,10127,1091.32,12.7
2,10128,1071.85,12.59
2,10129,1052.42,12.48
2,10130,1035.86,12.39
2,10131,1026.87,12.34
2,10132,900.99,12.04
2,10133,913.78,12.05
2,10134,859.86,11.72
2,10135,837.59,11.59
2,10136,854.12,11.66
2,10137,862.33,11.65
2,10138,847.35,11.59
2,10139,863.71,11.66
2,10140,772.55,11.17
2,10141,753.51,10.77
2,10142,786.13,10.79
2,10143,825.48,10.73
2,10144,856,11.09
2,10145,840.57,11.02
2,10146,822.25,11.15
2,10147,793.4,11.01
2,10148,813.66,11.09
2,10149,795.67,11.04
2,10150,802.23,11.14
2,10151,822.78,11.3
2,10152,849.87,11.41
2,10153,864.28,11.47
2,10154,911.48,11.67
2,10155,931.77,11.75
2,10156,954.2,12.3
2,10157,949.86,12.27
2,10158,948.32,12.26
2,10159,1052.35,13.16
2,10160,1035.14,13.06
2,10161,1067.96,13.68
2,10162,1053.36,13.62
2,10163,1038.84,13.56
2,10164,1032.68,13.53
2,10165,1183.9,14.49
2,10166,1155.18,14.37
2,10167,1127.86,14.25
2,10168,1186.54,14.36
2,10169,1054.74,13.95
2,10170,1060.8,13.97
2,10171,1071.62,14.18
2,10172,1085.71,14.24
2,10173,1102.22,14.35
2,10174,1100.73,14.35
2,10175,1245.17,14.74
2,10176,1272.04,14.85
2,10192,1227.08,13.41
2,10193,1227.08,13.41
2,10194,1227.08,13.41
2,10195,1227.08,13.41
2,10196,1227.08,13.41
2,10197,1227.08,13.41
2,10198,1227.08,13.41
2,10199,1227.08,13.41
2,10200,1227.08,13.41
2,10201,1215.83,13.36
2,10202,1190.7,13.25
2,10203,1171.23,13.14
2,10204,1151.76,13.04
2,10205,1119.66,12.86
2,10206,1106.05,12.78
2,10207,1090.18,12.69
2,10208,1086.17,12.67
2,10209,1064.28,12.55
2,10210,1053.94,12.49
2,10211,910.89,12.17
2,10212,906.66,12.13
2,10213,908.73,12.12
2,10214,871.99,11.79
2,10215,847.02,11.69
2,10216,860.77,11.69
2,10217,878.34,11.72
2,10218,863.79,11.66
2,10219,767.03,11.04
2,10220,759.01,10.9
2,10221,756.49,10.84
2,10222,817.54,10.92
2,10223,821.15,10.93
2,10224,873.21,11.21
2,10225,859.79,11.14
2,10226,837.39,11.21
2,10227,798.81,11.09
2,10228,830.68,11.16
2,10229,823.4,11.28
2,10230,812.72,11.22
2,10231,813.1,11.29
2,10232,844.14,11.39
2,10233,879.43,11.53
2,10234,878.28,11.81
2,10235,876.21,11.8
2,10236,933.76,12.18
2,10237,932.04,12.17
2,10238,992.39,12.82
2,10239,993.36,12.83
2,10240,1010.96,12.93
2,10241,1067.96,13.68
2,10242,1041.21,13.57
2,10243,1016.73,13.46
2,10244,992.94,13.36
2,10245,982.37,13.32
2,10246,1150.45,14.35
2,10247,1105.6,14.16
2,10248,1090.9,14.1
2,10249,1060.77,13.97
2,10250,1033.24,13.86
2,10251,1055.01,14.11
2,10252,1062.5,14.14
2,10253,1075.85,14.24
2,10254,1085.99,14.29
2,10255,1096.11,14.33
2,10272,1227.08,13.41
2,10273,1227.08,13.41
2,10274,1227.08,13.41
2,10275,1227.08,13.41
2,10276,1227.08,13.41
2,10277,1227.08,13.41
2,10278,1227.08,13.41
2,10279,1227.08,13.41
2,10280,1227.08,13.41
2,10281,1214.1,13.36
2,10282,1189.63,13.25
2,10283,1170.17,13.14
2,10284,1150.7,13.03
2,10285,1110.51,12.81
2,10286,1105.78,12.78
2,10287,1097.93,12.74
2,10288,1087.55,12.68
2,10289,1077.21,12.62
2,10290,895.48,12.55
2,10291,902.33,12.6
2,10292,909.17,12.66
2,10293,878.18,11.97
2,10294,851.94,11.79
2,10295,869.13,11.82
2,10296,871.66,11.84
2,10297,892.09,11.93
2,10298,821.58,12.32
2,10299,824.09,12.38
2,10300,782.81,11.08
2,10301,811.28,11.19
2,10302,836.7,11.3
2,10303,840.85,11.02
2,10304,880.68,11.25
2,10305,828.38,11.38
2,10306,807.8,11.21
2,10307,827.37,11.26
2,10308,841.3,11.21
2,10309,835.73,11.35
2,10310,825.42,11.29
2,10311,829.94,11.39
2,10312,823.96,11.44
2,10313,830.53,11.53
2,10314,858.13,11.72
2,10315,884.26,11.84
2,10316,911.4,12.06
2,10317,920.85,12.11
2,10318,987.96,12.8
2,10319,970.7,12.73
2,10320,974.83,12.74
2,10321,976.34,12.75
2,10322,1021.56,13.48
2,10323,1013.39,13.45
2,10324,979.44,13.31
2,10325,962.13,13.24
2,10326,941.03,13.21
2,10327,1109.79,14.18
2,10328,1121.33,14.23
2,10329,1004.37,13.71
2,10330,1022.18,13.81
2,10331,1030.45,14.01
2,10332,1059.7,14.18
2,10333,1055.64,14.16
2,10334,1091.8,14.31
2,10335,1043.81,14.45
2,10352,1227.08,13.41
2,10353,1227.08,13.41
2,10354,1227.08,13.41
2,10355,1227.08,13.41
2,10356,1227.08,13.41
2,10357,1227.08,13.41
2,10358,1227.08,13.41
2,10359,1227.08,13.41
2,10360,1227.08,13.41
2,10361,1212.37,13.35
2,10362,1195.78,15.46
2,10363,1192.69,15.44
2,10364,1192.69,15.44
2,10365,1191.54,15.44
2,10366,1121.21,12.87
2,10367,1110.83,12.81
2,10368,1100.45,12.75
2,10369,1090.07,12.69
2,10370,886.83,12.47
2,10371,893.67,12.53
2,10372,889.34,12.43
2,10373,889.04,12.03
2,10374,861.48,11.88
2,10375,870.47,12.36
2,10376,903.27,12.53
2,10377,913.77,12.59
2,10378,818.59,12.25
2,10379,767.5,11.1
2,10380,789.23,11.1
2,10381,816.08,11.21
2,10382,850.55,11.36
2,10383,846.9,11.55
2,10384,830.31,11.47
2,10385,816.9,11.34
2,10386,810.21,11.25
2,10387,830.84,11.27
2,10388,928.54,11.8
2,10389,893.93,11.66
2,10390,871.72,11.57
2,10391,844.66,11.53
2,10392,854.52,11.57
2,10393,834.8,11.59
2,10394,855.49,11.76
2,10395,880.43,11.93
2,10396,893.28,11.98
2,10397,882.77,12.04
2,10398,934.58,12.57
2,10399,938.1,12.59
2,10400,946.21,12.87
2,10401,936.34,12.83
2,10402,932.12,12.87
2,10403,924.24,12.93
2,10404,942.33,13.09
2,10405,941.77,13.15
2,10406,942.7,13.24
2,10407,962.53,13.4
2,10408,1135.93,14.29
2,10409,984.48,13.63
2,10410,993.77,13.69
2,10411,1008.47,13.92
2,10412,1018.17,14
2,10413,1065.58,14.2
2,10414,1083.37,14.27
2,10415,1035.99,14.42
2,10432,1069.97,14.82
2,10433,1227.08,13.41
2,10434,1227.08,13.41
2,10435,1227.08,13.41
2,10436,1227.08,13.41
2,10437,1227.08,13.41
2,10438,1227.08,13.41
2,10439,1227.08,13.41
2,10440,1227.08,13.41
2,10441,1172.39,15.33
2,10442,1172.39,15.33
2,10443,1195.78,15.46
2,10444,1192.69,15.44
2,10445,1191.27,15.44
2,10446,1134.11,12.94
2,10447,1123.73,12.88
2,10448,1113.35,12.82
2,10449,899.57,12.58
2,10450,892.68,12.52
2,10451,875.41,12.38
2,10452,876.36,12.36
2,10453,868.47,12.3
2,10454,854.9,12.23
2,10455,873.72,12.37
2,10456,890.17,12.46
2,10457,825.96,12.13
2,10458,773.01,11.23
2,10459,770.48,11.17
2,10460,793.56,11.12
2,10461,821.3,11.24
2,10462,853.96,11.37
2,10463,1136.52,13.13
2,10464,840.01,11.56
2,10465,862.99,11.63
2,10466,885.78,11.72
2,10467,909.32,11.82
2,10468,950.72,11.9
2,10469,895.29,11.67
2,10470,877.91,11.59
2,10471,883.75,11.76
2,10472,872.45,11.72
2,10473,860.27,11.72
2,10474,845.68,11.74
2,10475,858.73,11.83
2,10476,874.93,12
2,10477,926.3,12.28
2,10478,918.55,12.43
2,10479,909.58,12.45
2,10480,920.77,12.54
2,10481,921.18,12.77
2,10482,918.87,12.81
2,10483,923.52,12.92
2,10484,984.41,13.2
2,10485,986.22,13.21
2,10486,944.37,13.26
2,10487,950.8,13.37
2,10488,957.18,13.48
2,10489,963.57,13.58
2,10490,969.98,13.69
2,10491,984.48,13.82
2,10492,999.1,13.92
2,10493,990.41,14.03
2,10494,996.98,14.14
2,10495,1003.42,14.25
2,10512,1069.97,14.82
2,10513,1069.97,14.82
2,10514,1069.97,14.82
2,10515,1069.97,14.82
2,10516,1069.97,14.82
2,10517,1069.97,14.82
2,10518,1069.97,14.82
2,10519,1172.39,15.33
2,10520,1172.39,15.33
2,10521,1172.39,15.33
2,10522,1172.39,15.33
2,10523,1172.39,15.33
2,10524,1184.11,15.4
2,10525,1157.4,13.07
2,10526,1147.02,13.01
2,10527,1136.64,12.95
2,10528,915.07,12.71
2,10529,908.19,12.65
2,10530,901.57,12.53
2,10531,891.11,12.44
2,10532,859.57,12.23
2,10533,875.8,12.35
2,10534,846.33,12.16
2,10535,898.67,12.5
2,10536,823.95,12.05
2,10537,810.1,12.05
2,10538,775.99,11.3
2,10539,773.47,11.24
2,10540,796.26,11.13
2,10541,1095.57,12.96
2,10542,1106.44,13.01
2,10543,837.6,11.63
2,10544,867.21,11.67
2,10545,874.78,11.7
2,10546,897.74,11.77
2,10547,920.61,11.87
2,10548,949.67,11.99
2,10549,911.63,11.73
2,10550,921.96,11.92
2,10551,903.1,11.84
2,10552,895.02,11.81
2,10553,880.01,11.86
2,10554,908.77,12.01
2,10555,865.88,11.94
2,10556,863.1,11.98
2,10557,887.97,12.12
2,10558,904.17,12.37
2,10559,904.83,12.43
2,10560,903.94,12.59
2,10561,919.14,12.75
2,10562,940.13,12.84
2,10563,965.15,12.94
2,10564,962.25,13.11
2,10565,984.75,13.2
2,10566,1003.39,13.28
2,10567,1017.34,13.79
2,10568,996.59,13.71
2,10569,985.78,13.66
2,10570,971.63,13.72
2,10571,978.04,13.83
2,10572,984.43,13.93
2,10573,990.51,14.03
2,10574,996.9,14.14
2,10575,1003.34,14.25
2,10592,1069.97,14.82
2,10593,1069.97,14.82
2,10594,1069.97,14.82
2,10595,1069.97,14.82
2,10596,1069.97,14.82
2,10597,1069.97,14.82
2,10598,1069.97,14.82
2,10599,1069.97,14.82
2,10600,1172.39,15.33
2,10601,1172.39,15.33
2,10602,1172.39,15.33
2,10603,1172.15,15.33
2,10604,1155.6,15.24
2,10605,1148.41,15.2
2,10606,1158.79,15.26
2,10607,1149.54,13.02
2,10608,923.73,12.78
2,10609,918.01,12.72
2,10610,912.35,12.6
2,10611,886.29,12.41
2,10612,861.87,12.26
2,10613,837.27,12.08
2,10614,825.27,11.98
2,10615,847.53,12
2,10616,804.59,11.92
2,10617,781.49,11.43
2,10618,778.97,11.37
2,10619,776.45,11.31
2,10620,1067.67,12.84
2,10621,1076.68,12.88
2,10622,1087.55,12.93
2,10623,843.39,11.71
2,10624,888.46,11.76
2,10625,924.12,11.91
2,10626,921.8,11.9
2,10627,927.33,11.9
2,10628,936,11.83
2,10629,935.61,11.83
2,10630,934.15,11.97
2,10631,933.94,12.09
2,10632,924.56,12.05
2,10633,896.65,11.95
2,10634,907.87,12.01
2,10635,981.19,12.62
2,10636,867.42,12.04
2,10637,874,12.13
2,10638,888.9,12.29
2,10639,905.34,12.51
2,10640,911,12.58
2,10641,934.4,12.68
2,10642,954.39,12.9
2,10643,977.78,12.99
2,10644,999.54,13.08
2,10645,999.1,13.26
2,10646,1020.92,13.35
2,10647,1029.62,13.84
2,10648,1047.03,13.92
2,10649,1007.43,13.75
2,10650,1025.9,13.83
2,10651,1025.9,13.83
2,10652,997.1,14.05
2,10653,997.1,14.05
2,10654,1183.68,13.97
2,10655,1178.08,13.96
2,10671,1069.97,14.82
2,10672,1069.97,14.82
2,10673,1069.97,14.82
2,10674,1069.97,14.82
2,10675,1069.97,14.82
2,10676,1069.97,14.82
2,10677,1069.97,14.82
2,10678,1069.97,14.82
2,10679,1069.97,14.82
2,10680,1061.24,14.77
2,10681,1172.39,15.33
2,10682,1172.39,15.33
2,10683,1161.36,15.27
2,10684,1144.91,15.18
2,10685,1123.66,15.09
2,10686,1118.77,15.06
2,10687,939.22,12.91
2,10688,932.39,12.85
2,10689,937.49,12.74
2,10690,907.46,12.57
2,10691,877.35,12.39
2,10692,851.22,12.2
2,10693,841.38,12.12
2,10694,818.02,11.92
2,10695,812.25,11.86
2,10696,787,11.56
2,10697,784.48,11.5
2,10698,877.29,12.05
2,10699,872.6,12.03
2,10700,1048.38,12.76
2,10701,1058.42,12.81
2,10702,1068.46,12.85
2,10703,849.04,11.79
2,10704,922.17,11.9
2,10705,923.43,11.91
2,10706,929.12,11.93
2,10707,932.23,11.94
2,10708,936,11.83
2,10709,936,11.83
2,10710,939.37,12
2,10711,960.57,12.2
2,10712,943.86,12.13
2,10713,1008.12,13.02
2,10714,1008.12,13.02
2,10715,977.99,12.6
2,10716,953.43,12.5
2,10717,891.94,12.24
2,10718,884.81,12.28
2,10719,892.18,12.39
2,10720,925.46,12.64
2,10721,947.95,12.73
2,10722,970.44,12.83
2,10723,1005.33,13.11
2,10724,1013.03,13.14
2,10725,1016.64,13.15
2,10726,1038.23,13.42
2,10727,1050.86,13.48
2,10728,1050.23,13.93
2,10729,1033.22,13.86
2,10730,1038.96,13.88
2,10731,1115.43,14.2
2,10732,1115.43,14.2
2,10733,1183.68,13.97
2,10734,1180.84,13.95
2,10735,1165.88,13.79
2,10736,1162.28,13.83
2,10737,1151.16,13.74
2,10738,1135.37,13.57
2,10739,1094.64,13.12
2,10751,1055.62,14.74
2,10752,1062.04,14.77
2,10753,1068.46,14.81
2,10754,1069.97,14.82
2,10755,1069.97,14.82
2,10756,1069.97,14.82
2,10757,1069.97,14.82
2,10758,1069.97,14.82
2,10759,1069.97,14.82
2,10760,1061.24,14.77
2,10761,1077.99,14.86
2,10762,1100.62,14.96
2,10763,1100.62,14.96
2,10764,1108.17,15
2,10765,1109.11,15.01
2,10766,969.05,13.33
2,10767,947.92,12.98
2,10768,951.6,12.89
2,10769,929.65,12.74
2,10770,906.75,12.58
2,10771,885.96,12.47
2,10772,859.83,12.27
2,10773,839.81,12.11
2,10774,823.33,11.97
2,10775,796.11,11.72
2,10776,812.81,11.78
2,10777,894.84,12.12
2,10778,874.05,12.04
2,10779,869.16,12.02
2,10780,1029.08,12.68
2,10781,1039.13,12.73
2,10782,858.11,11.91
2,10783,854.42,11.86
2,10784,941.6,11.98
2,10785,957.07,12.05
2,10786,969.53,12.1
2,10787,985.18,12.16
2,10788,992.9,12.2
2,10789,1002.47,12.37
2,10790,997.91,12.35
2,10791,973.4,12.25
2,10792,1003.12,12.37
2,10793,1008.12,13.02
2,10794,998.17,12.98
2,10795,969.2,12.86
2,10796,926.95,12.39
2,10797,931,12.41
2,10798,892.97,12.41
2,10799,912.23,12.43
2,10800,933.72,12.52
2,10801,967.25,12.66
2,10802,984.34,12.88
2,10803,1006.45,12.98
2,10804,1028.56,13.07
2,10805,1051.62,13.16
2,10806,1074.8,13.58
2,10807,1064.56,13.53
2,10808,1147.64,14.33
2,10809,1131.67,14.27
2,10810,1074.12,14.03
2,10811,1099.08,14.13
2,10812,1161.9,14.39
2,10813,1181.17,14.47
2,10814,1210.51,14.6
2,10815,1162.76,13.8
2,10816,1147.78,13.64
2,10817,1136.82,13.55
2,10818,1137.76,13.63
2,10819,1109.81,13.42
2,10831,1040.67,14.65
2,10832,1047.09,14.69
2,10833,1053.52,14.72
2,10834,1059.94,14.76
2,10835,1066.36,14.8
2,10836,1069.97,14.82
2,10837,1069.97,14.82
2,10838,1069.97,14.82
2,10839,1069.97,14.82
2,10840,1063.33,14.78
2,10841,1082.59,14.89
2,10842,1076.03,14.82
2,10843,1097.89,14.94
2,10844,1085.86,14.88
2,10845,990.96,13.45
2,10846,980.72,13.39
2,10847,947.31,13.21
2,10848,937.77,12.81
2,10849,923.69,12.74
2,10850,901.48,12.6
2,10851,891.69,12.45
2,10852,855.33,12.23
2,10853,850.35,12.13
2,10854,828.94,12.02
2,10855,824.7,11.83
2,10856,825.86,11.84
2,10857,850.39,11.94
2,10858,869.16,12.02
2,10859,900.61,12.15
2,10860,1012.43,12.61
2,10861,1019.83,12.65
2,10862,863.97,11.99
2,10863,959.03,12.6
2,10864,961.08,12.06
2,10865,976.53,12.13
2,10866,977.71,12.13
2,10867,983.53,12.16
2,10868,1031.68,12.36
2,10869,1035.48,12.37
2,10870,1003.54,12.38
2,10871,985.29,12.3
2,10872,1036.16,12.51
2,10873,1021.45,13.08
2,10874,982.12,12.91
2,10875,961.88,12.83
2,10876,926.35,12.68
2,10877,900.83,12.54
2,10878,917.4,12.53
2,10879,927.01,12.5
2,10880,948.5,12.58
2,10881,970.11,12.67
2,10882,1025.17,12.9
2,10883,1020.49,13.03
2,10884,1042.6,13.13
2,10885,1065.07,13.22
2,10886,1077.39,13.59
2,10887,1177.58,14.46
2,10888,1164.07,14.4
2,10889,1117.9,14.21
2,10890,1081.79,14.06
2,10891,1123.72,14.24
2,10892,1149.38,14.34
2,10893,1202.81,14.56
2,10894,1207.28,14.58
2,10895,1155.69,13.74
2,10896,1144.67,13.65
2,10897,1132.8,13.52
2,10898,1118.67,13.4
2,10899,1123.65,13.45
2,10911,1080.89,14.84
2,10912,1080.89,14.84
2,10913,1039.5,14.65
2,10914,1044.99,14.68
2,10915,1051.41,14.71
2,10916,1057.83,14.75
2,10917,1064.25,14.78
2,10918,1069.97,14.82
2,10919,1057.94,14.75
2,10920,1067.92,14.8
2,10921,1087.2,14.91
2,10922,1071.42,14.8
2,10923,1062.6,14.75
2,10924,1072.91,14.81
2,10925,1003.95,13.52
2,10926,962.86,13.34
2,10927,930.1,13.07
2,10928,928.68,13.02
2,10929,912.27,12.69
2,10930,894.05,12.57
2,10931,883.95,12.47
2,10932,863.96,12.31
2,10933,844.53,12.14
2,10934,801,11.89
2,10935,841.66,11.9
2,10936,835.12,11.88
2,10937,863.09,11.99
2,10938,884.14,12.08
2,10939,909.77,12.19
2,10940,993.78,12.54
2,10941,872.78,12.12
2,10942,959.03,12.6
2,10943,959.03,12.6
2,10944,980.53,12.14
2,10945,995.98,12.21
2,10946,1011.11,12.27
2,10947,1020.72,12.31
2,10948,1040.24,12.39
2,10949,1055.19,12.46
2,10950,1003.54,12.38
2,10951,1039.77,12.53
2,10952,1039.77,12.53
2,10953,1040.5,13.16
2,10954,983.37,12.92
2,10955,961.11,12.83
2,10956,908.48,12.67
2,10957,925.65,12.68
2,10958,939.11,12.62
2,10959,972.76,12.76
2,10960,966.38,12.71
2,10961,984.93,12.74
2,10962,1006.49,12.83
2,10963,1027.13,12.91
2,10964,1055.97,13.18
2,10965,1079.1,13.28
2,10966,1101.06,13.37
2,10967,1195.42,14.53
2,10968,1199.64,14.55
2,10969,1123.94,14.24
2,10970,1115.41,14.2
2,10971,1120.02,14.22
2,10972,1144.53,14.32
2,10973,1184.54,14.49
2,10974,1215.52,14.62
2,10975,1233.65,14.69
2,10976,1137.61,13.59
2,10977,1126.7,13.5
2,10978,1115.53,13.41
2,10979,1100.63,13.25
2,10991,1080.89,14.84
2,10992,1080.89,14.84
2,10993,1080.89,14.84
2,10994,1039.5,14.65
2,10995,1039.5,14.65
2,10996,1042.88,14.67
2,10997,1049.3,14.7
2,10998,1055.72,14.74
2,10999,1045.86,14.68
2,11000,1068.76,14.78
2,11001,1086.1,14.88
2,11002,1066.82,14.77
2,11003,1049.68,14.68
2,11004,994.55,13.93
2,11005,956.5,13.38
2,11006,963.49,13.44
2,11007,919.06,12.98
2,11008,904.39,12.87
2,11009,907.22,12.89
2,11010,894.48,12.55
2,11011,862.73,12.4
2,11012,839.26,12.33
2,11013,815.39,12.13
2,11014,869.61,12.37
2,11015,934.23,12.64
2,11016,874.86,12.04
2,11017,884.68,12.08
2,11018,903.52,12.17
2,11019,921.26,12.23
2,11020,973.04,12.45
2,11021,879.41,12.21
2,11022,951.51,12.57
2,11023,959.03,12.6
2,11024,1060.1,12.48
2,11025,1042.92,12.4
2,11026,1030.62,12.35
2,11027,1032.75,12.36
2,11028,1045.05,12.41
2,11029,1057.17,12.46
2,11030,1057.17,12.46
2,11031,1039.77,12.53
2,11032,1052.88,13.21
2,11033,1062.86,13.25
2,11034,991.59,12.95
2,11035,917.93,12.82
2,11036,938.87,12.73
2,11037,938.87,12.73
2,11038,942.3,12.64
2,11039,981.7,12.83
2,11040,975.32,12.78
2,11041,1000.2,12.8
2,11042,1016.23,12.87
2,11043,1027.13,12.91
2,11044,1072.62,13.25
2,11045,1092.35,13.33
2,11046,1226.22,14.66
2,11047,1229.92,14.68
2,11048,1183.85,14.49
2,11049,1151.1,14.35
2,11050,1135.84,14.29
2,11051,1135.57,14.28
2,11052,1156.26,14.37
2,11053,1185.19,14.49
2,11054,1209.99,14.59
2,11055,1249.74,14.76
2,11056,1266.38,14.83
2,11057,1119.84,13.44
2,11058,1108.67,13.35
2,11059,1097.49,13.26
2,11071,1080.89,14.84
2,11072,1080.89,14.84
2,11073,1080.89,14.84
2,11074,1080.89,14.84
2,11075,1080.89,14.84
2,11076,1038.09,14.64
2,11077,1038.32,14.64
2,11078,1033.4,14.61
2,11079,1030.57,14.6
2,11080,1067.03,14.77
2,11081,1015.96,14.49
2,11082,1026.38,14.55
2,11083,1051.61,14.67
2,11084,981.56,13.86
2,11085,947.5,13.31
2,11086,936.33,13.22
2,11087,925.71,13.03
2,11088,902.23,12.85
2,11089,886.22,12.72
2,11090,874.63,12.52
2,11091,867.72,12.46
2,11092,826.11,12.25
2,11093,838.28,12.24
2,11094,904.6,12.52
2,11095,924.83,12.6
2,11096,943.66,12.68
2,11097,943.66,12.68
2,11098,910.38,12.21
2,11099,935.69,12.33
2,11100,1041.73,14.09
2,11101,902.63,12.37
2,11102,928.93,12.48
2,11103,939.39,12.52
2,11104,1071.04,12.52
2,11105,1056.76,12.46
2,11106,1037.19,12.38
2,11107,1044.8,12.41
2,11108,1049.48,12.43
2,11109,1057.17,12.46
2,11110,1057.17,12.46
2,11111,1052.88,13.21
2,11112,1058.18,13.23
2,11113,1068.83,13.27
2,11114,925.59,12.95
2,11115,922.75,12.9
2,11116,938.87,12.73
2,11117,938.87,12.73
2,11118,997.22,12.96
2,11119,990.41,12.91
2,11120,983.84,12.85
2,11121,1015.4,12.86
2,11122,1016.23,12.87
2,11123,1019.08,12.88
2,11124,1503.87,15.73
2,11125,1230.28,14.68
2,11126,1258.19,14.8
2,11127,1256.21,14.79
2,11128,1265.84,14.83
2,11129,1156.2,14.37
2,11130,1152.66,14.36
2,11131,1156.75,14.37
2,11132,1181.8,14.48
2,11133,1212.08,14.6
2,11134,1214.45,14.61
2,11135,1230.83,14.68
2,11136,1266.38,14.22
2,11137,1221.61,14.04
2,11138,1228.57,14.07
2,11139,1090.63,13.2
2,11151,1080.89,14.84
2,11152,1080.89,14.84
2,11153,1080.89,14.84
2,11154,1080.89,14.84
2,11155,1080.89,14.84
2,11156,1080.89,14.84
2,11157,1021.45,14.52
2,11158,1022.42,14.55
2,11159,1006.2,14.46
2,11160,997.28,14.41
2,11161,1002.32,14.41
2,11162,1028.24,14.54
2,11163,958.32,13.73
2,11164,945.46,13.67
2,11165,940.92,13.59
2,11166,931.6,13.17
2,11167,920.69,13.09
2,11168,910.84,12.92
2,11169,889.47,12.75
2,11170,868.14,12.57
2,11171,850.88,12.42
2,11172,815,12.22
2,11173,843.22,12.26
2,11174,887.18,12.45
2,11175,932.95,12.64
2,11176,943.66,12.68
2,11177,943.66,12.68
2,11178,940.8,12.35
2,11179,940.8,12.35
2,11180,1019.97,14
2,11181,892.57,12.39
2,11182,922.85,12.45
2,11183,1099.22,12.64
2,11184,1090.04,12.6
2,11185,1111.44,12.64
2,11186,1124.68,12.68
2,11187,1184.06,15.77
2,11188,1184.06,15.77
2,11189,1184.06,15.77
2,11190,1184.06,15.77
2,11191,939.04,13.18
2,11192,936.09,13.13
2,11193,933.15,13.08
2,11194,940.87,13.09
2,11195,962.99,13.18
2,11196,985.47,13.28
2,11197,1002.54,13.01
2,11198,1002.54,13.01
2,11199,999.08,12.98
2,11200,992.26,12.92
2,11201,1198.31,14.15
2,11202,1016.23,12.87
2,11203,1510.53,15.76
2,11204,1503.87,15.73
2,11205,1502.84,15.72
2,11206,1276.65,14.87
2,11207,1298.61,14.96
2,11208,1295.28,14.95
2,11209,1277.9,14.88
2,11210,1208.82,14.59
2,11211,1177.78,14.46
2,11212,1190.89,14.51
2,11213,1208.86,14.59
2,11214,1245.12,14.74
2,11215,1246.72,14.14
2,11216,1205.9,13.97
2,11217,1213.5,14
2,11218,1221.26,14.03
2,11219,1244.71,14.13
2,11231,1080.89,14.84
2,11232,1080.89,14.84
2,11233,1080.89,14.84
2,11234,1080.89,14.84
2,11235,1080.89,14.84
2,11236,1080.89,14.84
2,11237,1021.45,14.52
2,11238,1006.23,14.43
2,11239,985.6,14.34
2,11240,976.93,14.3
2,11241,990.7,14.35
2,11242,952.84,13.7
2,11243,936.38,13.59
2,11244,936.15,13.59
2,11245,925.18,13.5
2,11246,918.12,13.41
2,11247,918.96,13.07
2,11248,902.56,12.94
2,11249,887.81,12.71
2,11250,866.48,12.55
2,11251,839.14,12.6
2,11252,866.24,12.36
2,11253,876.48,12.4
2,11254,926.84,13.15
2,11255,929.99,13.17
2,11256,934.1,13.43
2,11257,934.1,13.43
2,11258,1003.61,13.93
2,11259,995.39,13.9
2,11260,899.84,12.49
2,11261,899.08,12.48
2,11262,1123.96,15.31
2,11263,1117.72,12.72
2,11264,1109.74,12.68
2,11265,1124.97,12.7
2,11266,1118.06,12.66
2,11267,1184.06,15.77
2,11268,1184.06,15.77
2,11269,1184.06,15.77
2,11270,1046.56,13.95
2,11271,1046.56,13.95
2,11272,940.7,13.2
2,11273,937.76,13.15
2,11274,954.08,13.15
2,11275,976.55,13.24
2,11276,1001.15,13.34
2,11277,1038.57,13.5
2,11278,1097.71,13.73
2,11279,1086.24,13.69
2,11280,1198.31,14.15
2,11281,1196.79,14.15
2,11282,1184.51,14.1
2,11283,1523.47,17
2,11284,1513.72,15.77
2,11285,1499.01,15.71
2,11286,1307.83,15
2,11287,1312.52,15.02
2,11288,1329.42,15.09
2,11289,1317.31,15.04
2,11290,1292.61,14.94
2,11291,1199.44,14.55
2,11292,1232.49,14.69
2,11293,1291.99,14.67
2,11294,1255.64,14.18
2,11295,1231.48,14.08
2,11296,1202.56,13.96
2,11297,1191.7,13.91
2,11298,1211.59,13.99
2,11299,1159.03,13.38
2,11311,1048.45,14.65
2,11312,1048.45,14.65
2,11313,1048.45,14.65
2,11314,1075.21,14.8
2,11315,1074.33,14.8
2,11316,1073.45,14.79
2,11317,1069.56,14.77
2,11318,995.73,14.37
2,11319,979.13,14.28
2,11320,964.97,14.23
2,11321,967.91,14.25
2,11322,958.56,13.81
2,11323,934.93,13.69
2,11324,918.28,13.44
2,11325,919.01,13.42
2,11326,908.37,13.36
2,11327,898.03,13.26
2,11328,888.41,12.89
2,11329,864.77,12.77
2,11330,838.77,12.71
2,11331,859.36,12.7
2,11332,876.37,12.81
2,11333,893.41,12.47
2,11334,907.07,13.07
2,11335,920.83,13.13
2,11336,934.1,13.43
2,11337,934.1,13.43
2,11338,1005.37,13.94
2,11339,981.8,13.84
2,11340,906.32,12.58
2,11341,931.5,12.73
2,11342,1105.67,15.23
2,11343,1111.2,15.26
2,11344,1133.87,15.35
2,11345,1166.36,15.49
2,11346,1156.52,15.66
2,11347,1165.06,15.69
2,11348,1176.01,15.74
2,11349,1176.01,15.74
2,11350,1044.5,13.94
2,11351,1046.56,13.95
2,11352,945.29,13.28
2,11353,951.47,13.26
2,11354,957.22,13.28
2,11355,991.1,13.3
2,11356,1012.6,13.39
2,11357,1041.7,13.51
2,11358,1079.07,13.66
2,11359,1130.53,13.87
2,11360,1198.31,14.15
2,11361,1186.2,14.1
2,11362,1188.83,14.11
2,11363,1516.57,16.98
2,11364,1521.46,17
2,11365,1490.63,15.67
2,11366,1468.05,15.58
2,11367,1440.94,15.47
2,11368,1356.62,15.21
2,11369,1321.5,15.06
2,11370,1286.53,14.91
2,11371,1256.56,14.79
2,11372,1231.16,14.68
2,11373,1271.25,14.58
2,11374,1255.02,14.52
2,11375,1188.27,14.24
2,11376,1169.98,14.16
2,11377,1156.89,13.77
2,11378,1139.29,13.69
2,11379,1101.23,13.53
2,11391,1040.03,14.61
2,11392,1042.87,14.62
2,11393,1045.7,14.64
2,11394,1048.45,14.65
2,11395,1048.45,14.65
2,11396,1053.42,14.68
2,11397,1018.61,14.51
2,11398,1013.26,14.42
2,11399,994.23,14.34
2,11400,942.23,14.11
2,11401,949.92,14.06
2,11402,939.06,13.99
2,11403,932.87,13.65
2,11404,914.41,13.51
2,11405,900.19,13.29
2,11406,889.22,13.2
2,11407,883.41,13.15
2,11408,881.05,13.13
2,11409,850.58,12.71
2,11410,829.03,12.55
2,11411,837.75,12.63
2,11412,866.52,12.8
2,11413,876.07,12.94
2,11414,882.5,13.05
2,11415,891.26,13.16
2,11416,917.99,13.36
2,11417,926.13,13.4
2,11418,1024.49,14.02
2,11419,952.73,13.72
2,11420,922.7,12.69
2,11421,950.66,12.86
2,11422,1086.22,15.15
2,11423,1090.18,15.17
2,11424,1158.04,15.45
2,11425,1167.46,15.49
2,11426,1144.76,15.61
2,11427,1148.15,15.62
2,11428,1167.16,15.7
2,11429,1169.78,15.71
2,11430,1022.39,13.85
2,11431,1034.32,13.9
2,11432,949.91,13.36
2,11433,979.4,13.51
2,11434,1001.96,13.62
2,11435,999.23,13.33
2,11436,1029.24,13.45
2,11437,1050.93,13.54
2,11438,1073.9,13.63
2,11439,1129.35,13.87
2,11440,1163.94,14.01
2,11441,1188.24,14.11
2,11442,1216.59,14.23
2,11443,1500.95,16.91
2,11444,1494.05,16.88
2,11445,1493.1,16.88
2,11446,1462.05,15.55
2,11447,1441.47,15.47
2,11448,1404.3,15.31
2,11449,1325.57,15.08
2,11450,1325.41,15.08
2,11451,1254.24,14.78
2,11452,1263.64,14.82
2,11453,1244.57,14.47
2,11454,1217.48,14.36
2,11455,1231.38,14.42
2,11456,1154.89,14.1
2,11457,1141.29,14
2,11458,1124.4,13.63
2,11459,1120.76,13.62
2,11470,1041.46,14.62
2,11471,1038.94,14.6
2,11472,1036.41,14.59
2,11473,1033.88,14.57
2,11474,1032.45,14.57
2,11475,1035.29,14.58
2,11476,1025.69,14.53
2,11477,1006.4,14.43
2,11478,996.45,14.35
2,11479,952.41,14.16
2,11480,937.95,14.05
2,11481,924.38,13.9
2,11482,918.69,13.82
2,11483,938.7,13.91
2,11484,922.09,13.55
2,11485,895.18,13.36
2,11486,884.58,13.16
2,11487,866.69,13.01
2,11488,855.52,12.92
2,11489,846.57,12.87
2,11490,857.19,12.69
2,11491,852.3,12.74
2,11492,855.41,12.8
2,11493,918.73,13.09
2,11494,885.66,13.08
2,11495,892.55,13.18
2,11496,906.29,13.31
2,11497,909.83,13.39
2,11498,919.51,13.5
2,11499,929.31,13.61
2,11500,1000.12,13.25
2,11501,959.82,12.9
2,11502,982.86,12.99
2,11503,1069.09,15.08
2,11504,1111.09,15.26
2,11505,1122.75,15.3
2,11506,1118.78,15.5
2,11507,1127.12,15.53
2,11508,1133.24,15.56
2,11509,1104.37,14.44
2,11510,1004.38,13.77
2,11511,1016.08,13.82
2,11512,962.29,13.44
2,11513,989.51,13.56
2,11514,1007.97,13.65
2,11515,1021.54,13.73
2,11516,1043.15,13.51
2,11517,1065.43,13.6
2,11518,1087.71,13.69
2,11519,1109.73,13.78
2,11520,1148.73,13.95
2,11521,1204.06,14.18
2,11522,1231.51,14.29
2,11523,1488.13,16.86
2,11524,1471.46,16.79
2,11525,1485.33,16.85
2,11526,1460.92,16.74
2,11527,1467.49,16.77
2,11528,1390.05,15.25
2,11529,1368.09,15.16
2,11530,1289.49,14.93
2,11531,1289.53,14.93
2,11532,1273.71,14.86
2,11533,1280.19,14.62
2,11534,1250.84,14.39
2,11535,1228.59,14.3
2,11536,1199.44,14.11
2,11537,1134.63,13.95
2,11538,1123.3,13.85
2,11539,1106.57,13.56
2,11550,1051.5,14.69
2,11551,1054.02,14.71
2,11552,1052.56,14.68
2,11553,1050.04,14.66
2,11554,1047.51,14.65
2,11555,1044.98,14.64
2,11556,1042.45,14.62
2,11557,1009.09,14.46
2,11558,993.02,14.32
2,11559,995.05,14.33
2,11560,942.46,13.98
2,11561,930.52,13.89
2,11562,910.68,13.75
2,11563,909.67,13.7
2,11564,916.4,13.76
2,11565,896.47,13.35
2,11566,877.09,13.21
2,11567,866.11,13.11
2,11568,848.65,12.86
2,11569,875.42,12.97
2,11570,883.32,12.87
2,11571,881.99,12.9
2,11572,870.3,12.85
2,11573,894.59,12.97
2,11574,908.5,13.23
2,11575,926.67,13.44
2,11576,928.25,13.41
2,11577,958.41,14.23
2,11578,920.67,13.52
2,11579,939.53,13.73
2,11580,1004.74,13.28
2,11581,1022.22,13.37
2,11582,1000.82,13.07
2,11583,1067.68,15.07
2,11584,1092.2,15.18
2,11585,1094.17,15.19
2,11586,1098.82,15.42
2,11587,1101.62,14.43
2,11588,1096.22,14.41
2,11589,1104.37,14.44
2,11590,989,13.71
2,11591,962.06,13.56
2,11592,988.88,13.66
2,11593,1014.68,13.67
2,11594,1024.38,13.73
2,11595,1021.54,13.73
2,11596,1175.66,14.49
2,11597,1175.66,14.49
2,11598,1277.05,14.92
2,11599,1291.65,14.98
2,11600,1146.23,13.94
2,11601,1188.71,14.11
2,11602,1198.25,14.15
2,11603,1417.58,16.56
2,11604,1411.05,16.54
2,11605,1430.95,16.62
2,11606,1438.43,16.65
2,11607,1454.88,16.72
2,11608,1444.42,15.44
2,11609,1367.8,15.16
2,11610,1343.87,15.06
2,11611,1313.72,15.03
2,11612,1291.85,14.84
2,11613,1280.97,14.52
2,11614,1250.07,14.39
2,11615,1226.17,14.29
2,11616,1192.6,14.15
2,11617,1163.05,13.96
2,11618,1140.45,13.87
2,11619,1105.31,13.7
2,11630,1051.68,14.69
2,11631,1051.31,14.69
2,11632,1050.93,14.69
2,11633,1050.56,14.68
2,11634,1050.19,14.68
2,11635,1049.81,14.68
2,11636,1029.8,14.6
2,11637,1026.7,14.54
2,11638,1004.1,14.41
2,11639,1006.18,14.43
2,11640,947.47,13.98
2,11641,931.23,13.84
2,11642,917.96,13.73
2,11643,905.4,13.62
2,11644,888.02,13.51
2,11645,899.78,13.39
2,11646,916.85,13.46
2,11647,859.01,13.05
2,11648,842.98,12.88
2,11649,858.5,12.9
2,11650,884.67,13.36
2,11651,894.06,13.47
2,11652,882.83,13.53
2,11653,889.67,13.64
2,11654,910.63,13.83
2,11655,911.71,13.93
2,11656,926.73,14.01
2,11657,936.36,14.14
2,11658,941.09,14.37
2,11659,933.88,12.96
2,11660,957.56,13.04
2,11661,1000.48,14.79
2,11662,1031.94,14.95
2,11663,1019.07,14.9
2,11664,1067.37,15.41
2,11665,1067.84,15.29
2,11666,1085.69,15.36
2,11667,1100.87,14.42
2,11668,1090.43,14.38
2,11669,993.38,13.86
2,11670,976.08,13.69
2,11671,980.06,13.68
2,11672,1009.71,13.8
2,11673,1021.17,13.85
2,11674,1090.71,14.14
2,11675,1090.71,14.14
2,11676,1174.64,14.49
2,11677,1175.66,14.49
2,11678,1259.79,14.84
2,11679,1273.55,14.9
2,11680,1160.65,14
2,11681,1175.94,14.06
2,11682,1396.08,16.47
2,11683,1407.56,16.52
2,11684,1392.12,16.46
2,11685,1398.52,16.48
2,11686,1437.91,16.65
2,11687,1460.88,16.74
2,11688,1412.11,15.31
2,11689,1369.93,15.13
2,11690,1360.52,15.09
2,11691,1305.36,14.9
2,11692,1273.62,14.77
2,11693,1285.24,14.82
2,11694,1270.41,14.48
2,11695,1293.6,14.57
2,11696,1178.71,14.09
2,11697,1156.43,14
2,11698,1125.53,13.89
2,11699,1104.9,13.72
2,11710,1051.67,14.7
2,11711,1051.67,14.7
2,11712,1051.67,14.7
2,11713,1051.67,14.7
2,11714,1051.67,14.7
2,11715,1051.67,14.7
2,11716,1033.15,14.66
2,11717,1039.87,14.67
2,11718,1020.2,14.53
2,11719,1017.01,14.52
2,11720,955.51,13.97
2,11721,942.07,13.92
2,11722,930.76,13.81
2,11723,925.57,13.77
2,11724,890.8,13.49
2,11725,871.16,13.36
2,11726,879.99,13.38
2,11727,849.09,13.02
2,11728,854.69,13.1
2,11729,861.91,13.21
2,11730,906.98,13.53
2,11731,900.77,13.5
2,11732,910.78,13.69
2,11733,921.74,13.73
2,11734,924.97,13.83
2,11735,915.12,13.92
2,11736,912.07,13.98
2,11737,919.24,14.09
2,11738,926.26,14.2
2,11739,943.2,13.05
2,11740,957.87,14.47
2,11741,977.13,14.7
2,11742,1016.04,14.88
2,11743,994.62,14.89
2,11744,1048.18,15.27
2,11745,1047.39,15.2
2,11746,1080.08,15.34
2,11747,1072.1,14.31
2,11748,1091.4,14.39
2,11749,991.38,13.84
2,11750,981.64,13.76
2,11751,1039.19,14.04
2,11752,1016.32,13.83
2,11753,1038.36,13.92
2,11754,1082.48,14.1
2,11755,1090.71,14.14
2,11756,1157.75,14.42
2,11757,1171.48,14.48
2,11758,1242.54,14.77
2,11759,1256.3,14.83
2,11760,1361.29,16.33
2,11761,1361.29,16.33
2,11762,1363.18,16.34
2,11763,1362.44,16.33
2,11764,1373.89,16.38
2,11765,1393.35,16.46
2,11766,1435.79,16.64
2,11767,1450.26,15.47
2,11768,1427.51,15.37
2,11769,1377.77,15.16
2,11770,1347.87,15.04
2,11771,1310.74,14.88
2,11772,1277.85,14.79
2,11773,1290.21,14.62
2,11774,1282.1,14.55
2,11775,1306.27,14.62
2,11776,1316.67,14.67
2,11777,1149.51,13.97
2,11778,1123.08,13.85
2,11779,1107.49,13.74
2,11780,1077.62,13.57
2,11781,1069.22,13.4
2,11782,1061.58,13.32
2,11783,1036.36,13.16
2,11784,1097.76,13.52
2,11785,1123.03,13.62
2,11786,1147.81,13.73
2,11787,1172.66,13.83
2,11788,1210.6,13.68
2,11789,1223.97,13.73
2,11800,1051.67,14.7
2,11801,1051.67,14.7
2,11802,1051.67,14.7
2,11803,1051.67,14.7
2,11804,1051.67,14.7
2,11805,1042.78,14.74
2,11806,1043.6,14.74
2,11807,1048.71,14.72
2,11808,1039.14,14.71
2,11809,1038.69,14.67
2,11810,972.05,14.07
2,11811,951.35,13.99
2,11812,945.99,13.96
2,11813,933.72,13.73
2,11814,913.92,13.48
2,11815,900.02,13.43
2,11816,856.93,13.2
2,11817,854.79,13.14
2,11818,883.28,13.27
2,11819,887.3,13.38
2,11820,900.17,13.49
2,11821,913.15,13.6
2,11822,922.68,13.74
2,11823,932.69,13.88
2,11824,940.92,13.94
2,11825,936.81,14.01
2,11826,914.36,14.02
2,11827,921.34,14.12
2,11828,973.77,14.72
2,11829,943.32,14.41
2,11830,948.17,14.46
2,11831,957.36,14.58
2,11832,979.68,14.73
2,11833,987.26,14.9
2,11834,1030.85,15.15
2,11835,1029.04,15.13
2,11836,1068.7,15.27
2,11837,1028,15.32
2,11838,1028.34,14.12
2,11839,990.73,13.89
2,11840,1001.83,13.89
2,11841,1028.56,14
2,11842,1073.72,14.51
2,11843,1107.1,14.69
2,11844,1074.6,14.07
2,11845,1126.58,14.29
2,11846,1140,14.34
2,11847,1201.26,14.6
2,11848,1215.05,14.66
2,11849,1240.34,14.76
2,11850,1274.14,14.9
2,11851,1326.58,16.18
2,11852,1329.28,16.2
2,11853,1361.72,16.33
2,11854,1355.74,16.31
2,11855,1389.4,16.45
2,11856,1429.34,16.61
2,11857,1442.61,15.43
2,11858,1431.24,15.39
2,11859,1391.4,15.22
2,11860,1352.38,15.06
2,11861,1306.8,14.89
2,11862,1307.09,14.87
2,11863,1263.41,14.61
2,11864,1254.16,14.47
2,11865,1215.96,14.35
2,11866,1224.06,14.31
2,11867,1224.12,14.08
2,11868,1128.68,13.82
2,11869,1123.32,13.77
2,11870,1089.46,13.59
2,11871,1059.59,13.42
2,11872,1043.64,13.27
2,11873,1069.87,13.4
2,11874,1095.95,13.51
2,11875,1120.87,13.62
2,11876,1148.58,13.73
2,11877,1208.41,13.98
2,11878,1218.57,14.02
2,11879,1243.48,13.82
2,11890,1170.76,15.06
2,11891,1170.76,15.06
2,11892,1170.76,15.06
2,11893,1051.67,14.7
2,11894,1044.33,14.75
2,11895,1044.33,14.75
2,11896,1049.45,14.79
2,11897,1059.95,14.75
2,11898,1065.96,14.82
2,11899,1051.67,14.73
2,11900,983.87,14.01
2,11901,965.96,13.9
2,11902,960.32,13.86
2,11903,924.92,13.67
2,11904,913.27,13.48
2,11905,908.64,13.46
2,11906,860.54,13.23
2,11907,878.54,13.41
2,11908,865.55,13.29
2,11909,879.1,13.41
2,11910,892.93,13.52
2,11911,905.91,13.63
2,11912,918.8,13.73
2,11913,936.04,13.86
2,11914,944.58,13.95
2,11915,958.49,14.1
2,11916,970.42,14.16
2,11917,986.82,14.26
2,11918,965.68,14.63
2,11919,956.78,14.53
2,11920,970.02,14.55
2,11921,971.66,14.7
2,11922,964.11,14.7
2,11923,974.97,14.83
2,11924,1000.43,15.01
2,11925,1006.72,15.15
2,11926,1006.8,15.2
2,11927,1007.09,15.28
2,11928,1002.43,14.06
2,11929,999.31,14.01
2,11930,1007.61,14.04
2,11931,1030.72,14.01
2,11932,1066.18,14.48
2,11933,1087.99,14.61
2,11934,1146.62,14.85
2,11935,1110.9,14.22
2,11936,1133.06,14.32
2,11937,1184.03,14.53
2,11938,1220.49,14.68
2,11939,1260.39,14.85
2,11940,1315.26,16.14
2,11941,1308.83,16.11
2,11942,1319.04,16.21
2,11943,1321.38,16.16
2,11944,1340.72,16.24
2,11945,1359.9,16.4
2,11946,1425.42,16.6
2,11947,1418.86,15.85
2,11948,1414.13,15.84
2,11949,1395.28,15.24
2,11950,1355.3,15.07
2,11951,1324.9,14.94
2,11952,1320.75,14.79
2,11953,1296.12,14.64
2,11954,1263.2,14.51
2,11955,1243.9,14.45
2,11956,1197.89,14.2
2,11957,1212.15,14.16
2,11958,1189.9,13.94
2,11959,1116.37,13.71
2,11960,1105.26,13.62
2,11961,1075.83,13.46
2,11962,1049.4,13.36
2,11963,1109.89,13.57
2,11964,1116.61,13.6
2,11965,1130.3,13.65
2,11966,1154.9,13.76
2,11967,1180.17,13.86
2,11968,1200.07,13.95
2,11969,1268,13.92
2,11980,1170.76,15.06
2,11981,1170.76,15.06
2,11982,1170.76,15.06
2,11983,1170.76,15.06
2,11984,1170.76,15.06
2,11985,1046.32,14.77
2,11986,1051.72,14.7
2,11987,1054.96,14.71
2,11988,1035.8,14.66
2,11989,1018.68,14.19
2,11990,1005.73,14.43
2,11991,976.47,14
2,11992,998.81,14.03
2,11993,951.86,13.97
2,11994,930.02,13.55
2,11995,913.66,13.9
2,11996,866.15,13.3
2,11997,874.08,13.35
2,11998,891.58,13.59
2,11999,876.41,13.44
2,12000,925.62,13.68
2,12001,930.88,13.7
2,12002,933.64,13.79
2,12003,947.39,13.91
2,12004,968.89,14.09
2,12005,973.04,14.13
2,12006,985.99,14.24
2,12007,971.68,14.66
2,12008,998.29,15.07
2,12009,963.76,14.64
2,12010,979.18,14.77
2,12011,985.39,14.76
2,12012,985.53,14.84
2,12013,973.91,14.85
2,12014,988.86,14.96
2,12015,997.85,15.08
2,12016,1016.16,15.18
2,12017,1046.71,15.32
2,12018,1078.32,15.49
2,12019,1093.51,15.58
2,12020,1010.16,14.16
2,12021,1034.53,14.35
2,12022,1057.95,14.48
2,12023,1061,14.49
2,12024,1119.17,14.95
2,12025,1116.62,14.94
2,12026,1204.94,15.09
2,12027,1169.12,14.47
2,12028,1203.07,14.61
2,12029,1242.94,14.77
2,12030,1275.78,15.97
2,12031,1281.96,16
2,12032,1267.16,15.94
2,12033,1310.11,16.13
2,12034,1337.56,16.31
2,12035,1415.81,16
2,12036,1395.87,16.55
2,12037,1393.19,15.75
2,12038,1390.17,15.74
2,12039,1383.76,15.71
2,12040,1358.24,15.08
2,12041,1354.51,15.07
2,12042,1368.43,15.12
2,12043,1317.66,14.76
2,12044,1263.53,14.51
2,12045,1256.9,14.36
2,12046,1261.57,14.59
2,12047,1179.83,14.05
2,12048,1175.55,13.88
2,12049,1153.29,13.79
2,12050,1120.91,13.65
2,12051,1085.88,13.5
2,12052,1055.16,13.45
2,12053,1109.89,13.57
2,12054,1116.61,13.6
2,12055,1142.2,13.7
2,12056,1162.85,13.79
2,12057,1206.96,13.97
2,12058,1197.55,13.93
2,12059,1266.39,13.91
2,12070,1170.76,15.06
2,12071,1170.76,15.06
2,12072,1170.76,15.06
2,12073,1170.76,15.06
2,12074,1170.76,15.06
2,12075,1137.47,14.92
2,12076,1106.74,14.79
2,12077,1077.23,14.81
2,12078,1042.69,14.66
2,12079,1001.15,14.41
2,12080,997.25,14.37
2,12081,984.48,14.29
2,12082,939.86,13.85
2,12083,986.44,14.12
2,12084,909.77,13.8
2,12085,894.47,13.49
2,12086,928.12,13.68
2,12087,1038.92,14.38
2,12088,887.16,13.52
2,12089,918.37,13.96
2,12090,911.79,13.86
2,12091,893.84,13.68
2,12092,922.71,13.86
2,12093,937.19,13.92
2,12094,988.75,14.17
2,12095,999.1,14.24
2,12096,1012.07,15.13
2,12097,1002.74,15.08
2,12098,962.16,14.64
2,12099,986.03,14.7
2,12100,1007.22,14.92
2,12101,993.19,14.88
2,12102,1003.29,14.91
2,12103,1024.91,15.01
2,12104,1037.26,15.11
2,12105,1013.95,15.12
2,12106,1022.99,15.22
2,12107,1041.92,15.32
2,12108,1062.88,15.43
2,12109,1088.95,15.55
2,12110,1014.47,14.22
2,12111,1021.02,14.31
2,12112,1042.1,14.42
2,12113,1083.18,14.8
2,12114,1111.57,14.92
2,12115,1098.58,14.86
2,12116,1134.56,15.12
2,12117,1185.32,15.45
2,12118,1205.68,14.62
2,12119,1259.27,15.9
2,12120,1236.03,15.86
2,12121,1239.77,15.82
2,12122,1272.26,15.96
2,12123,1285.6,16.08
2,12124,1333.69,16.29
2,12125,1410.91,15.96
2,12126,1391.66,15.82
2,12127,1371.68,15.66
2,12128,1357.06,15.6
2,12129,1345.82,15.55
2,12130,1344.61,15.55
2,12131,1379.8,15.69
2,12132,1399.94,15.26
2,12133,1292.49,14.64
2,12134,1335.5,14.91
2,12135,1347.04,15.01
2,12136,1237.91,14.22
2,12137,1207.3,14.11
2,12138,1170.32,13.92
2,12139,1150.6,13.81
2,12140,1122.24,13.66
2,12141,1062.31,13.56
2,12142,1060.91,13.54
2,12143,1109.03,13.82
2,12144,1130.46,13.91
2,12145,1236.71,14.1
2,12146,1232.51,14.08
2,12147,1228.31,14.06
2,12148,1224.1,14.05
2,12149,1264.89,13.91
2,12160,1170.76,15.06
2,12161,1170.76,15.06
2,12162,1170.76,15.06
2,12163,1170.76,15.06
2,12164,1170.76,15.06
2,12165,1145.84,14.95
2,12166,1117.13,14.83
2,12167,1114.89,14.82
2,12168,1057.26,14.58
2,12169,1022.88,14.5
2,12170,976.6,14.25
2,12171,982.55,14.23
2,12172,998.92,14.32
2,12173,897.11,13.67
2,12174,887.99,13.57
2,12175,907.27,13.6
2,12176,928.12,13.68
2,12177,1038.92,14.38
2,12178,1017.53,14.29
2,12179,914.1,13.9
2,12180,907.52,13.8
2,12181,915.19,13.91
2,12182,904.7,13.83
2,12183,911.25,13.92
2,12184,939.65,14.18
2,12185,953.86,14.27
2,12186,1003.02,15.04
2,12187,989.29,14.93
2,12188,969.39,14.73
2,12189,1013.55,14.95
2,12190,1017.58,14.96
2,12191,1015.33,15.04
2,12192,1011.1,15.03
2,12193,1043.29,15.18
2,12194,1047.75,15.26
2,12195,1039.86,15.26
2,12196,1052.13,15.37
2,12197,1054.1,15.43
2,12198,1052.52,15.46
2,12199,1064.8,15.57
2,12200,1052.72,14.58
2,12201,1044.15,14.45
2,12202,1031.87,14.46
2,12203,1081.21,14.79
2,12204,1067.85,14.74
2,12205,1095.3,14.85
2,12206,1111.84,15.07
2,12207,1134.37,15.24
2,12208,1172.79,15.52
2,12209,1174.68,15.49
2,12210,1223.25,15.75
2,12211,1227.33,15.79
2,12212,1249.61,15.93
2,12213,1283.98,16.07
2,12214,1314.47,16.27
2,12215,1432.65,15.99
2,12216,1407.74,15.89
2,12217,1380.64,15.71
2,12218,1335.92,15.51
2,12219,1321.05,15.45
2,12220,1345.21,15.55
2,12221,1369.35,15.31
2,12222,1355.89,15.25
2,12223,1343.34,15.2
2,12224,1274.96,14.5
2,12225,1263.88,14.41
2,12226,1365.06,15.16
2,12227,1205.1,14.08
2,12228,1184.35,13.94
2,12229,1158.26,13.79
2,12230,1103.26,13.92
2,12231,1068.06,13.65
2,12232,1093.13,13.76
2,12233,1117.97,13.86
2,12234,1141.04,13.96
2,12235,1164.81,14.06
2,12236,1246.98,14.4
2,12237,1246.65,14.14
2,12238,1242.13,14.12
2,12239,1241.24,14.12
2,12249,1185.45,15.12
2,12250,1185.45,15.12
2,12251,1170.76,15.06
2,12252,1170.76,15.06
2,12253,1170.76,15.06
2,12254,1160.77,15.02
2,12255,1135.15,14.91
2,12256,1103.69,14.78
2,12257,1077.61,14.67
2,12258,1047.33,14.54
2,12259,1006.97,14.37
2,12260,990.89,14.25
2,12261,974.18,14.19
2,12262,956.17,14.07
2,12263,951.61,14.11
2,12264,905.67,13.66
2,12265,918.58,13.75
2,12266,930.62,13.84
2,12267,1026.27,14.32
2,12268,1003.87,14.23
2,12269,1009.3,14.27
2,12270,951.29,14.04
2,12271,942.72,14
2,12272,918.56,13.96
2,12273,915.54,13.98
2,12274,929.14,14.11
2,12275,960.8,14.31
2,12276,1000.89,14.98
2,12277,981.23,14.84
2,12278,995.39,14.88
2,12279,1011.08,14.94
2,12280,1031.47,15.1
2,12281,1028.03,15.09
2,12282,1043.91,15.18
2,12283,1049.34,15.21
2,12284,1060.57,15.31
2,12285,1083.49,15.41
2,12286,1071.65,15.47
2,12287,1070.94,15.52
2,12288,1079.09,15.6
2,12289,1079.91,14.69
2,12290,1050.3,14.54
2,12291,1068.32,14.55
2,12292,1055.43,14.61
2,12293,1042.75,14.61
2,12294,1049.3,14.7
2,12295,1076.31,14.88
2,12296,1094.33,15
2,12297,1116.89,15.17
2,12298,1158.49,15.41
2,12299,1168.56,15.49
2,12300,1190.5,15.62
2,12301,1222.91,15.82
2,12302,1242.83,15.9
2,12303,1264.06,16.06
2,12304,1296.47,16.25
2,12305,1317.22,16.36
2,12306,1400.3,15.78
2,12307,1387.82,15.73
2,12308,1349.04,15.56
2,12309,1312.18,15.4
2,12310,1288.45,15.25
2,12311,1289.85,15.21
2,12312,1334.03,15.16
2,12313,1310.01,15.06
2,12314,1296.88,15
2,12315,1284.23,14.95
2,12316,1245.78,14.26
2,12317,1225.92,14.13
2,12318,1199.26,13.96
2,12319,1128.16,14.02
2,12320,1083.2,13.82
2,12321,1073.8,13.73
2,12322,1102.17,13.8
2,12323,1127.12,13.9
2,12324,1151.95,14
2,12325,1173.58,14.09
2,12326,1227.39,14.32
2,12327,1232.69,14.34
2,12328,1237.99,14.36
2,12329,1247.34,14.14
2,12339,1185.45,15.12
2,12340,1185.45,15.12
2,12341,1185.45,15.12
2,12342,1185.45,15.12
2,12343,1189.79,15.14
2,12344,1171.92,15.06
2,12345,1139.16,14.93
2,12346,1103.44,14.78
2,12347,1088.45,14.64
2,12348,1053.16,14.5
2,12349,1032.47,14.41
2,12350,982.77,14.19
2,12351,950.07,14.03
2,12352,952.62,14.05
2,12353,941.07,13.87
2,12354,934.47,13.8
2,12355,927.48,13.81
2,12356,938.41,13.9
2,12357,958.43,14.04
2,12358,983.96,14.15
2,12359,995.47,14.21
2,12360,966.03,14.12
2,12361,974.03,14.22
2,12362,963.36,14.16
2,12363,948.55,14.26
2,12364,926.4,14.13
2,12365,1017.59,14.88
2,12366,995.88,14.79
2,12367,968.47,14.7
2,12368,1012.36,14.98
2,12369,1012.91,14.95
2,12370,1031.47,15.1
2,12371,1068.74,15.29
2,12372,1076.04,15.32
2,12373,1090.41,15.43
2,12374,1097.76,15.46
2,12375,1112.75,15.64
2,12376,1128.21,15.86
2,12377,1119.56,15.77
2,12378,1112.8,15.74
2,12379,1094.48,14.73
2,12380,1094.38,14.73
2,12381,1085.15,14.69
2,12382,1087.64,14.7
2,12383,1075.48,14.81
2,12384,1073.71,14.8
2,12385,1063.2,14.87
2,12386,1082.43,15
2,12387,1134.1,15.31
2,12388,1131.63,15.32
2,12389,1153.68,15.45
2,12390,1186.64,15.64
2,12391,1207.89,15.77
2,12392,1239.76,15.96
2,12393,1261.61,16.05
2,12394,1281.52,16.22
2,12395,1331.81,16.43
2,12396,1353.77,16.52
2,12397,1367.06,16.74
2,12398,1345.03,15.55
2,12399,1350.13,15.57
2,12400,1338.42,15.43
2,12401,1304.14,15.33
2,12402,1258.89,15
2,12403,1260.31,14.96
2,12404,1274.95,14.91
2,12405,1254.95,14.83
2,12406,1267.13,14.24
2,12407,1227.68,14.1
2,12408,1206.21,13.99
2,12409,1121.07,13.99
2,12410,1080.99,13.84
2,12411,1079.55,13.82
2,12412,1111.39,13.83
2,12413,1138.12,13.95
2,12414,1162.61,14.05
2,12415,1187.65,14.15
2,12416,1207.7,14.24
2,12417,1211.64,14.25
2,12418,1216.94,14.27
2,12419,1222.23,14.3
2,12429,1185.45,15.12
2,12430,1185.45,15.12
2,12431,1185.45,15.12
2,12432,1185.45,15.12
2,12433,1185.45,15.12
2,12434,1163.18,15.03
2,12435,1163.76,15.03
2,12436,1108.81,14.73
2,12437,1086.11,14.63
2,12438,1061.51,14.53
2,12439,1027.92,14.39
2,12440,992.83,14.23
2,12441,954.08,14.07
2,12442,935.1,13.9
2,12443,941.57,13.92
2,12444,943.12,13.83
2,12445,933.96,13.87
2,12446,944.81,13.96
2,12447,957.35,14.04
2,12448,983.01,14.14
2,12449,1001.04,14.23
2,12450,1004.27,14.33
2,12451,979.94,14.23
2,12452,977.65,14.25
2,12453,969.28,14.34
2,12454,957.7,14.39
2,12455,968.73,14.63
2,12456,975.25,14.7
2,12457,961.25,14.61
2,12458,1004.28,14.77
2,12459,1015.22,14.83
2,12460,1076.55,15.06
2,12461,1071.8,15.04
2,12462,1087.63,15.42
2,12463,1108.11,15.5
2,12464,1144.7,15.77
2,12465,1129.52,15.71
2,12466,1131.53,15.76
2,12467,1135.85,15.83
2,12468,1124.75,15.83
2,12469,1098.77,14.75
2,12470,1108.5,14.79
2,12471,1130.6,15.04
2,12472,1107.89,14.94
2,12473,1098.9,14.94
2,12474,1093.82,14.89
2,12475,1075.42,14.91
2,12476,1074.66,15
2,12477,1096.86,15.16
2,12478,1126.96,15.28
2,12479,1149.78,15.47
2,12480,1171.5,15.6
2,12481,1204.27,15.74
2,12482,1225.97,15.92
2,12483,1244.48,16.04
2,12484,1277.94,16.2
2,12485,1296.93,16.35
2,12486,1317.52,16.49
2,12487,1341.57,16.59
2,12488,1369.85,16.7
2,12489,1348.37,15.47
2,12490,1319.38,15.33
2,12491,1315.33,15.26
2,12492,1311.38,15.08
2,12493,1241.38,14.85
2,12494,1229.31,14.75
2,12495,1230.72,14.72
2,12496,1243.04,14.68
2,12497,1231.79,14.63
2,12498,1167.53,14.37
2,12499,1140.61,14.07
2,12500,1086.73,13.93
2,12501,1085.29,13.91
2,12502,1083.86,13.89
2,12503,1226.69,14.77
2,12504,1239.61,14.83
2,12505,1204.26,14.22
2,12506,1213.35,14.26
2,12507,1213.35,14.26
2,12508,1213.35,14.26
2,12509,1213.35,14.26
2,12519,1185.45,15.12
2,12520,1185.45,15.12
2,12521,1185.45,15.12
2,12522,1202.55,15.12
2,12523,1202.55,15.12
2,12524,1172.5,14.99
2,12525,1140.75,14.86
2,12526,1117.64,14.76
2,12527,1080.21,14.56
2,12528,1064.92,14.5
2,12529,1031.92,14.36
2,12530,992.61,14.24
2,12531,959.55,14.03
2,12532,960.41,14.1
2,12533,948.01,13.99
2,12534,965.06,14.18
2,12535,939.56,13.91
2,12536,951.12,14.01
2,12537,956.27,14.03
2,12538,982.07,14.14
2,12539,1012.06,14.37
2,12540,1010.29,14.36
2,12541,1017.46,14.39
2,12542,997.8,14.46
2,12543,1009.23,14.51
2,12544,957.83,14.39
2,12545,961.77,14.56
2,12546,955.16,14.47
2,12547,999.16,15.1
2,12548,991.72,14.71
2,12549,1004.6,14.76
2,12550,1041.88,14.92
2,12551,1058.98,14.99
2,12552,1101.9,15.17
2,12553,1133.32,15.3
2,12554,1147.02,15.41
2,12555,1152.34,15.82
2,12556,1156.57,15.89
2,12557,1164.49,15.95
2,12558,1145.13,14.94
2,12559,1133.33,14.89
2,12560,1160.05,15
2,12561,1143.06,15.09
2,12562,1137.36,15.07
2,12563,1103.83,14.98
2,12564,1207.57,15.72
2,12565,1111.33,15.17
2,12566,1097.81,15.12
2,12567,1094.69,15.16
2,12568,1112.53,15.3
2,12569,1147.38,15.44
2,12570,1157.49,15.54
2,12571,1182.32,15.65
2,12572,1220.33,15.86
2,12573,1239.06,15.95
2,12574,1263.05,16.2
2,12575,1298.23,16.35
2,12576,1311.76,16.46
2,12577,1346.26,16.66
2,12578,1366.85,16.75
2,12579,1405.32,16.85
2,12580,1331.87,15.32
2,12581,1328.32,15.23
2,12582,1289.85,15.08
2,12583,1275.83,14.93
2,12584,1245.58,14.81
2,12585,1211.69,14.61
2,12586,1199.82,14.51
2,12587,1168.8,14.37
2,12588,1146.53,14.28
2,12589,1130.62,14.21
2,12590,1092.47,14.02
2,12591,1091.04,14
2,12592,1196.77,14.65
2,12593,1220.77,14.75
2,12594,1239.61,14.83
2,12595,1261.89,14.92
2,12596,1276.51,14.98
2,12597,1213.35,14.26
2,12598,1213.35,14.26
2,12599,1213.35,14.26
2,12609,1190.68,15.07
2,12610,1190.68,15.07
2,12611,1190.68,15.07
2,12612,1190.68,15.07
2,12613,1190.68,15.07
2,12614,1177.94,15.02
2,12615,1161.26,14.95
2,12616,1140.35,14.86
2,12617,1138.06,14.85
2,12618,1050.03,14.44
2,12619,1028.62,14.35
2,12620,996.05,14.21
2,12621,976.71,14.17
2,12622,968.3,14.11
2,12623,962.6,14.15
2,12624,969.87,14.24
2,12625,976.96,14.33
2,12626,1084.42,15.08
2,12627,1084.42,15.08
2,12628,1084.42,15.08
2,12629,1012.06,14.37
2,12630,1020.8,14.4
2,12631,1027.1,14.58
2,12632,1016.28,14.54
2,12633,1023.83,14.57
2,12634,1043.71,14.65
2,12635,1062.79,15.55
2,12636,1030.29,15.51
2,12637,961.85,14.63
2,12638,986.54,14.71
2,12639,1012.04,14.81
2,12640,1035.71,14.89
2,12641,1061.28,15
2,12642,1091.51,15.13
2,12643,1116.93,15.23
2,12644,1144.32,15.35
2,12645,1165.57,15.48
2,12646,1177.04,15.58
2,12647,1186.98,15.11
2,12648,1198.76,15.16
2,12649,1146.38,14.94
2,12650,1159.22,15
2,12651,1278.76,16.13
2,12652,1239.56,15.92
2,12653,1230.82,15.88
2,12654,1195.85,15.67
2,12655,1142.71,15.3
2,12656,1119.89,15.21
2,12657,1098.83,15.27
2,12658,1121.27,15.36
2,12659,1135.23,15.45
2,12660,1158.8,15.61
2,12661,1189.56,15.73
2,12662,1220.21,16.01
2,12663,1251.66,16.14
2,12664,1253.67,16.07
2,12665,1275.89,16.31
2,12666,1309.72,16.45
2,12667,1343.71,16.6
2,12668,1370.02,16.71
2,12669,1401.42,16.89
2,12670,1397.2,15.32
2,12671,1316.49,15.18
2,12672,1306.15,15.14
2,12673,1272.07,14.93
2,12674,1275.98,14.97
2,12675,1237.32,14.66
2,12676,1206.83,14.53
2,12677,1175.03,14.45
2,12678,1163.99,14.35
2,12679,1099.81,14.13
2,12680,1098.11,14.11
2,12681,1166.86,14.52
2,12682,1190.85,14.62
2,12683,1214.85,14.72
2,12684,1246.94,14.86
2,12685,1271.6,14.96
2,12686,1278.36,14.99
2,12687,1278.36,14.99
2,12688,1278.36,14.99
2,12699,1190.68,15.07
2,12700,1190.68,15.07
2,12701,1190.68,15.07
2,12702,1190.68,15.07
2,12703,1192.98,15.08
2,12704,1191.93,15.07
2,12705,1173.07,15
2,12706,1160.88,14.94
2,12707,1072.5,14.58
2,12708,1071.3,14.58
2,12709,1013.87,14.29
2,12710,1003.73,14.26
2,12711,1000.18,14.25
2,12712,987.73,14.23
2,12713,986.42,14.26
2,12714,974.67,14.3
2,12715,981.86,14.39
2,12716,1084.42,15.08
2,12717,1084.42,15.08
2,12718,1073.09,15.03
2,12719,1236.65,15.79
2,12720,1232.21,15.77
2,12721,1027.1,14.58
2,12722,1164.22,15.49
2,12723,1081.35,14.81
2,12724,1074.54,14.78
2,12725,1055.4,15.52
2,12726,1030.95,15.42
2,12727,968.86,14.72
2,12728,982.76,14.69
2,12729,1018.94,14.84
2,12730,1052.3,14.98
2,12731,1150.04,15.39
2,12732,1114.99,15.24
2,12733,1121.26,15.27
2,12734,1144.82,15.35
2,12735,1170.26,15.45
2,12736,1206.43,15.7
2,12737,1220.02,15.25
2,12738,1238.36,15.33
2,12739,1297.33,16.34
2,12740,1286.3,16.24
2,12741,1266.8,16.08
2,12742,1213.37,15.84
2,12743,1201.02,15.75
2,12744,1176.24,15.59
2,12745,1178.89,15.62
2,12746,1146.71,15.47
2,12747,1122.38,15.36
2,12748,1101.75,15.38
2,12749,1128.66,15.52
2,12750,1185.13,15.87
2,12751,1192.67,15.9
2,12752,1212.3,15.98
2,12753,1254.05,16.15
2,12754,1287.81,16.3
2,12755,1289.89,16.37
2,12756,1312.18,16.46
2,12757,1339.16,16.58
2,12758,1365.01,16.68
2,12759,1390.96,16.79
2,12760,1365.88,15.19
2,12761,1339.89,15.09
2,12762,1313.82,14.98
2,12763,1287.74,14.87
2,12764,1262.06,14.76
2,12765,1239.85,14.67
2,12766,1227.73,14.62
2,12767,1185.28,14.53
2,12768,1163.99,14.35
2,12769,1105.4,14.22
2,12770,1136.95,14.4
2,12771,1160.93,14.5
2,12772,1184.94,14.6
2,12773,1257.14,14.9
2,12774,1277.82,14.98
2,12775,1292.46,15.05
2,12776,1280.18,14.99
2,12777,1280.18,14.99
2,12778,1278.36,14.99
2,12789,1190.68,15.07
2,12790,1190.68,15.07
2,12791,1190.68,15.07
2,12792,1192.98,15.08
2,12793,1192.98,15.08
2,12794,1192.98,15.08
2,12795,1173.07,15
2,12796,1173.07,15
2,12797,1075.7,14.6
2,12798,1057.31,14.52
2,12799,1027.18,14.36
2,12800,1032,14.36
2,12801,1023.44,14.43
2,12802,1013.72,14.36
2,12803,1001.98,14.39
2,12804,1007.05,14.48
2,12805,986.76,14.45
2,12806,994.01,14.54
2,12807,1063.49,14.99
2,12808,1050.47,14.94
2,12809,1242.78,15.81
2,12810,1227.77,15.75
2,12811,1189.34,15.59
2,12812,1163.78,15.48
2,12813,1152.65,15.44
2,12814,1062.65,15.48
2,12815,1043.35,15.4
2,12816,1015.71,15.31
2,12817,975.37,14.81
2,12818,1040.77,15.17
2,12819,1082.06,15.34
2,12820,1066.18,15.04
2,12821,1147.52,15.38
2,12822,1148.5,15.38
2,12823,1135.71,15.33
2,12824,1152.58,15.4
2,12825,1180.58,15.51
2,12826,1206.01,15.62
2,12827,1383.29,17.79
2,12828,1315.34,16.38
2,12829,1290.59,16.27
2,12830,1261.19,16.15
2,12831,1248.68,16.04
2,12832,1235.52,15.95
2,12833,1217.71,15.76
2,12834,1206.27,15.71
2,12835,1190.57,15.65
2,12836,1156.56,15.62
2,12837,1142.83,15.57
2,12838,1125.83,15.5
2,12839,1124.05,15.55
2,12840,1151.52,15.73
2,12841,1174.51,15.82
2,12842,1206.9,15.98
2,12843,1254.84,16.16
2,12844,1276.63,16.25
2,12845,1391.32,16.7
2,12846,1445.69,16.76
2,12847,1475.63,16.89
2,12848,1478.06,16.9
2,12849,1422.55,16.66
2,12850,1456.69,16.81
2,12851,1480.96,16.91
2,12852,1516.02,17.05
2,12853,1523.15,17.08
2,12854,1265.54,14.78
2,12855,1211.23,15.21
2,12856,1236.48,14.65
2,12857,1147.53,14.63
2,12858,1135.27,14.4
2,12859,1111.15,14.31
2,12860,1148.48,14.45
2,12861,1193.71,14.61
2,12862,1201.89,14.67
2,12863,1245.94,14.85
2,12864,1266.67,14.94
2,12865,1287.34,15.02
2,12866,1285.49,15.02
2,12867,1280.18,14.99
2,12868,1280.18,14.99
2,12879,1190.68,15.07
2,12880,1190.68,15.07
2,12881,1192.98,15.08
2,12882,1192.98,15.08
2,12883,1192.98,15.08
2,12884,1173.07,15
2,12885,1173.07,15
2,12886,1075.7,14.6
2,12887,1075.7,14.6
2,12888,1045.62,14.46
2,12889,1038.36,14.42
2,12890,1036.12,14.53
2,12891,1052.37,14.6
2,12892,1033.25,14.52
2,12893,1044.78,14.57
2,12894,1011.88,14.54
2,12895,1001.62,14.6
2,12896,998.83,14.6
2,12897,1006.1,14.69
2,12898,1032.03,14.86
2,12899,1060.74,15.06
2,12900,1090.32,15.18
2,12901,1111.01,15.26
2,12902,1128.34,15.49
2,12903,1146.99,15.62
2,12904,1157.61,15.77
2,12905,1031.9,15.35
2,12906,1009.22,15.22
2,12907,1019.79,15.08
2,12908,1040.77,15.17
2,12909,1148.12,15.62
2,12910,1136.04,15.57
2,12911,1148.18,15.38
2,12912,1148.5,15.38
2,12913,1156.4,15.41
2,12914,1184.32,15.53
2,12915,1215.28,15.66
2,12916,1228.69,15.71
2,12917,1366.74,17.72
2,12918,1307.68,16.34
2,12919,1293.62,16.28
2,12920,1272.85,16.2
2,12921,1260.78,16.05
2,12922,1261.34,16.06
2,12923,1238.17,15.96
2,12924,1220.28,15.89
2,12925,1200.79,15.81
2,12926,1200.77,15.95
2,12927,1173.63,15.83
2,12928,1122.02,15.56
2,12929,1117.81,15.6
2,12930,1133.75,15.74
2,12931,1185.22,15.87
2,12932,1217.32,16.03
2,12933,1224.84,16.08
2,12934,1291.12,16.31
2,12935,1389.44,16.68
2,12936,1379.03,16.6
2,12937,1392.07,16.54
2,12938,1389.26,16.53
2,12939,1405.69,16.59
2,12940,1411.69,16.62
2,12941,1495.11,16.97
2,12942,1498.2,16.98
2,12943,1504.7,17.01
2,12944,1186.35,15.11
2,12945,1189.18,15.12
2,12946,1176.68,15.03
2,12947,1154.43,14.66
2,12948,1137.92,14.57
2,12949,1117.12,14.4
2,12950,1150.29,14.57
2,12951,1182.44,14.59
2,12952,1217.86,14.73
2,12953,1234.46,14.8
2,12954,1255.51,14.89
2,12955,1276.19,14.98
2,12956,1294.09,15.05
2,12957,1284.41,15.01
2,12958,1280.18,14.99
2,12969,1190.68,15.07
2,12970,1192.98,15.08
2,12971,1192.98,15.08
2,12972,1192.98,15.08
2,12973,1192.98,15.08
2,12974,1173.07,15
2,12975,1173.07,15
2,12976,1075.7,14.6
2,12977,1051.49,14.5
2,12978,1040.88,14.44
2,12979,1069.07,14.52
2,12980,1076.07,14.55
2,12981,1066.9,14.66
2,12982,1060.12,14.65
2,12983,1056.99,14.68
2,12984,1043.69,14.79
2,12985,1010,14.69
2,12986,1023.67,14.81
2,12987,1019.73,14.81
2,12988,1018.15,14.84
2,12989,1046.37,15
2,12990,1074.59,15.18
2,12991,1091.62,15.33
2,12992,1109.91,15.45
2,12993,1150.32,15.64
2,12994,1157.45,15.76
2,12995,1001.97,15.12
2,12996,989.16,15.01
2,12997,1022.79,15.1
2,12998,1041.89,15.18
2,12999,1065.38,15.27
2,13000,1118.13,15.49
2,13001,1123.82,15.52
2,13002,1143.95,15.6
2,13003,1176.63,15.5
2,13004,1199.88,15.6
2,13005,1216.47,15.66
2,13006,1244.67,15.78
2,13007,1342.43,17.62
2,13008,1293.62,16.28
2,13009,1293.62,16.28
2,13010,1293.62,16.28
2,13011,1299.77,16.25
2,13012,1290.94,16.2
2,13013,1286.22,16.17
2,13014,1303.28,16.27
2,13015,1223.3,15.9
2,13016,1193.51,15.92
2,13017,1167.78,15.81
2,13018,1144.18,15.71
2,13019,1124.3,15.69
2,13020,1148.61,15.81
2,13021,1148.61,15.81
2,13022,1224.84,16.08
2,13023,1224.84,16.08
2,13024,1298.42,16.34
2,13025,1381.68,16.62
2,13026,1371.28,16.53
2,13027,1360.77,16.44
2,13028,1372.62,16.46
2,13029,1401.05,16.58
2,13030,1426.93,16.68
2,13031,1451.98,16.79
2,13032,1474.11,16.88
2,13033,1490.44,16.95
2,13034,1209.86,15.2
2,13035,1179.08,15.05
2,13036,1168.8,14.96
2,13037,1167.77,14.71
2,13038,1131.22,14.52
2,13039,1123.07,14.49
2,13040,1154.12,14.59
2,13041,1179.95,14.7
2,13042,1180.33,14.7
2,13043,1222.97,14.76
2,13044,1243.38,14.84
2,13045,1265.04,14.93
2,13046,1285.71,15.02
2,13047,1285.49,15.02
2,13048,1280.18,14.99
2,13058,1190.68,15.07
2,13059,1192.98,15.08
2,13060,1192.98,15.08
2,13061,1192.98,15.08
2,13062,1192.98,15.08
2,13063,1173.07,15
2,13064,1173.07,15
2,13065,1173.07,15
2,13066,1075.7,14.6
2,13067,1043.43,14.45
2,13068,1082.41,14.57
2,13069,1090.31,14.61
2,13070,1098.21,14.64
2,13071,1080.22,14.72
2,13072,1078.02,14.76
2,13073,1071.62,14.95
2,13074,1045.22,14.8
2,13075,1053,14.93
2,13076,1022.13,14.84
2,13077,1034.94,14.93
2,13078,1031.59,14.93
2,13079,1030.24,15
2,13080,1059.97,15.22
2,13081,1085.03,15.34
2,13082,1103.65,15.44
2,13083,1121.32,15.61
2,13084,1160.58,15.78
2,13085,1024.3,15.43
2,13086,1001.9,15.11
2,13087,1045.13,15.36
2,13088,1063.43,15.43
2,13089,1071.45,15.3
2,13090,1120.17,15.5
2,13091,1126.96,15.53
2,13092,1159.84,15.67
2,13093,1198.73,15.59
2,13094,1210.2,15.64
2,13095,1270.86,15.89
2,13096,1318.04,17.52
2,13097,1322.94,17.54
2,13098,1353.15,17.67
2,13099,1400.91,17.87
2,13100,1392.36,17.83
2,13101,1299.77,16.25
2,13102,1299.77,16.25
2,13103,1289.69,16.19
2,13104,1244.81,15.99
2,13105,1246.63,16
2,13106,1268.93,16.45
2,13107,1180.27,15.86
2,13108,1153.39,15.87
2,13109,1135.15,15.79
2,13110,1133.19,15.82
2,13111,1236.81,16.44
2,13112,1236.81,16.44
2,13113,1236.81,16.44
2,13114,1248.95,16.63
2,13115,1363.61,16.46
2,13116,1362.15,16.45
2,13117,1340.62,16.33
2,13118,1358.82,16.4
2,13119,1397.96,16.56
2,13120,1423.25,16.67
2,13121,1447.29,16.77
2,13122,1222.06,15.56
2,13123,1210.26,15.46
2,13124,1209.86,15.2
2,13125,1198.52,15.1
2,13126,1177.39,14.98
2,13127,1150.66,14.81
2,13128,1131.18,14.61
2,13129,1127.96,14.56
2,13130,1157.95,14.6
2,13131,1180.33,14.7
2,13132,1180.33,14.7
2,13133,1221.56,14.75
2,13134,1231.89,14.79
2,13135,1253.88,14.88
2,13136,1274.56,14.97
2,13137,1295.24,15.06
2,13138,1285.49,15.02
2,13148,1192.98,15.08
2,13149,1192.98,15.08
2,13150,1192.98,15.08
2,13151,1192.98,15.08
2,13152,1192.98,15.08
2,13153,1173.07,15
2,13154,1173.07,15
2,13155,1075.7,14.6
2,13156,1050.06,14.49
2,13157,1096.41,14.63
2,13158,1104.31,14.66
2,13159,1112.22,14.7
2,13160,1120.12,14.73
2,13161,1116.42,14.92
2,13162,1109.65,14.89
2,13163,1076.4,14.93
2,13164,1072.55,14.95
2,13165,1059.48,14.95
2,13166,1073.94,15.01
2,13167,1066.47,15.11
2,13168,1055.93,15.09
2,13169,1043.63,15.06
2,13170,1042.34,15.15
2,13171,1049.64,15.24
2,13172,1098.01,15.53
2,13173,1103.12,15.57
2,13174,1084.67,15.82
2,13175,1025.68,15.34
2,13176,1011.78,15.22
2,13177,1031.16,15.3
2,13178,1078.8,15.5
2,13179,1109.04,15.62
2,13180,1128.25,15.7
2,13181,1216.02,15.9
2,13182,1182.42,15.76
2,13183,1220.44,15.92
2,13184,1231.68,15.73
2,13185,1291.89,15.98
2,13186,1296.87,17.43
2,13187,1353.15,17.67
2,13188,1412.39,17.91
2,13189,1394.64,17.84
2,13190,1390.64,17.82
2,13191,1299.77,16.25
2,13192,1299.77,16.25
2,13193,1330.05,17.19
2,13194,1265.59,16.08
2,13195,1269.5,16.1
2,13196,1253.67,16.38
2,13197,1199.36,16.16
2,13198,1174.33,16.05
2,13199,1149,15.95
2,13200,1139.77,15.91
2,13201,1212.55,16.34
2,13202,1235.74,16.44
2,13203,1233.67,16.43
2,13204,1250.24,16.63
2,13205,1306.18,17.25
2,13206,1357.91,16.43
2,13207,1320.99,16.24
2,13208,1312.72,16.21
2,13209,1246,15.88
2,13210,1250.23,15.78
2,13211,1248.55,15.77
2,13212,1222.48,15.56
2,13213,1212.11,15.47
2,13214,1197.39,15.35
2,13215,1182.15,15.19
2,13216,1179.56,14.93
2,13217,1142.76,14.75
2,13218,1135.49,14.68
2,13219,1131.18,14.61
2,13220,1128.43,14.57
2,13221,1180.33,14.7
2,13222,1180.33,14.7
2,13223,1180.33,14.7
2,13224,1221.56,14.75
2,13225,1240.81,14.83
2,13226,1263.41,14.92
2,13227,1284.08,15.01
2,13228,1286.2,15.02
2,13246,1216.71,15.52
2,13247,1216.71,15.52
2,13248,1216.71,15.52
2,13249,1216.71,15.52
2,13250,1141.98,14.82
2,13251,1145.16,15.04
2,13252,1120.16,15.11
2,13253,1102.26,15.04
2,13254,1090.59,15.08
2,13255,1084.86,15.1
2,13256,1092.23,15.22
2,13257,1086.7,15.19
2,13258,1074.74,15.19
2,13259,1067.83,15.23
2,13260,1056.66,15.3
2,13261,1054.4,15.3
2,13262,1082.57,15.45
2,13263,1098.68,15.6
2,13264,1066.15,15.74
2,13265,1047.75,15.69
2,13266,1025.36,15.35
2,13267,1041.63,15.41
2,13268,1118.5,15.66
2,13269,1114.66,15.65
2,13270,1152.92,15.8
2,13271,1192.03,15.97
2,13272,1197.83,15.83
2,13273,1221.98,15.93
2,13274,1251.38,15.81
2,13275,1280.21,17.36
2,13276,1278.26,17.36
2,13277,1334.53,17.59
2,13278,1340.08,17.61
2,13279,1382.31,17.79
2,13280,1410.74,17.53
2,13281,1388.49,17.43
2,13282,1365.09,17.34
2,13283,1330.05,17.19
2,13284,1330.05,17.19
2,13285,1284.12,16.16
2,13286,1231.82,16.29
2,13287,1202.65,16.17
2,13288,1177.63,16.07
2,13289,1158.35,16.05
2,13290,1169.68,16.14
2,13291,1194.72,16.27
2,13292,1207.16,16.39
2,13293,1232.3,16.53
2,13294,1250.24,16.63
2,13295,1303.44,17.23
2,13296,1297.44,16.31
2,13297,1306.01,16.35
2,13298,1291.67,16.12
2,13299,1246,15.88
2,13300,1231.99,15.7
2,13301,1225.37,15.67
2,13302,1199.47,15.46
2,13303,1198.91,15.36
2,13304,1179.63,15.23
2,13305,1169.7,15.11
2,13306,1165.54,14.99
2,13307,1144.26,14.81
2,13308,1140.12,14.75
2,13309,1135.49,14.68
2,13310,1131.18,14.61
2,13336,1216.71,15.52
2,13337,1216.71,15.52
2,13338,1216.71,15.52
2,13339,1216.71,15.52
2,13340,1164.28,14.91
2,13341,1156.34,15.26
2,13342,1124.55,15.13
2,13343,1124.6,15.23
2,13344,1116.59,15.19
2,13345,1105.91,15.22
2,13346,1105.96,15.26
2,13347,1105.91,15.32
2,13348,1104.24,15.39
2,13349,1091.9,15.53
2,13350,1065.55,15.38
2,13351,1067.27,15.42
2,13352,1066.47,15.45
2,13353,1067.66,15.81
2,13354,1059.3,15.74
2,13355,1036.62,15.58
2,13356,1036.33,15.44
2,13357,1086.56,15.65
2,13358,1088.94,15.66
2,13359,1152.15,15.8
2,13360,1152.74,15.8
2,13361,1173.44,16.63
2,13362,1171.82,16.62
2,13363,1210.64,16.79
2,13364,1231.58,16.87
2,13365,1249.62,17.24
2,13366,1285.75,17.39
2,13367,1311.16,17.49
2,13368,1336.53,17.6
2,13369,1361.96,17.7
2,13370,1406.98,17.51
2,13371,1380.3,17.4
2,13372,1353.69,17.29
2,13373,1327.19,17.18
2,13374,1311.41,17.11
2,13375,1282.83,16.56
2,13376,1252.47,16.44
2,13377,1212.27,16.27
2,13378,1187.48,16.17
2,13379,1169.93,16.16
2,13380,1161.44,16.13
2,13381,1183.59,16.26
2,13382,1197.21,16.34
2,13383,1264.1,16.78
2,13384,1271.4,16.82
2,13385,1286.02,17.13
2,13386,1276.35,16.22
2,13387,1288.49,16.11
2,13388,1266.15,16
2,13389,1229.61,15.79
2,13390,1217.72,15.69
2,13391,1204.97,15.58
2,13392,1201.29,15.48
2,13393,1184.9,15.34
2,13394,1173.45,15.17
2,13395,1159.89,15.03
2,13396,1166.19,14.95
2,13397,1147.26,14.86
2,13398,1144.03,14.81
2,13399,1140.62,14.76
2,13426,1216.71,15.52
2,13427,1216.71,15.52
2,13428,1216.71,15.52
2,13429,1206.28,15.47
2,13430,1189.12,15.4
2,13431,1155.81,15.26
2,13432,1178.32,15.45
2,13433,1144.39,15.31
2,13434,1173.02,15.43
2,13435,1136.5,15.39
2,13436,1145.54,15.43
2,13437,1121.02,15.41
2,13438,1116.04,15.44
2,13439,1084.4,15.5
2,13440,1082.67,15.55
2,13441,1077.59,15.53
2,13442,1077.46,16.16
2,13443,1084.71,15.91
2,13444,1074.6,15.83
2,13445,1022.49,15.47
2,13446,1111.67,15.75
2,13447,1107.07,15.73
2,13448,1107.95,15.73
2,13449,1143.96,16.4
2,13450,1135.73,16.4
2,13451,1153.03,16.53
2,13452,1178.53,16.65
2,13453,1204.16,16.76
2,13454,1229.58,16.87
2,13455,1233.16,17.17
2,13456,1258.7,17.27
2,13457,1338.27,17.61
2,13458,1344.19,17.63
2,13459,1398.2,17.48
2,13460,1383.65,17.41
2,13461,1363.97,17.33
2,13462,1338.15,17.22
2,13463,1307.92,17.1
2,13464,1290.51,17.03
2,13465,1268.75,16.52
2,13466,1252.98,16.47
2,13467,1223.36,16.39
2,13468,1204.56,16.32
2,13469,1180,16.21
2,13470,1163.63,16.18
2,13471,1198.2,16.31
2,13472,1211.88,16.54
2,13473,1236.75,16.64
2,13474,1261.46,16.75
2,13475,1267.56,17.05
2,13476,1255.03,16.13
2,13477,1241.24,16.02
2,13478,1233.07,15.95
2,13479,1250.86,15.94
2,13480,1208.03,15.66
2,13481,1193.99,15.49
2,13482,1183.39,15.36
2,13483,1182.37,15.32
2,13484,1183.84,15.21
2,13485,1191.46,15.1
2,13486,1169.34,15.01
2,13487,1161.44,14.93
2,13488,1146.33,14.84
2,13489,1143.8,14.8
2,13516,1216.71,15.52
2,13517,1216.71,15.52
2,13518,1204.98,15.47
2,13519,1208.4,15.48
2,13520,1194.82,15.42
2,13521,1181.73,15.38
2,13522,1182.63,15.52
2,13523,1166.49,15.4
2,13524,1186.95,15.6
2,13525,1165.51,15.51
2,13526,1153.12,15.52
2,13527,1143.2,15.8
2,13528,1115.59,15.63
2,13529,1105.67,15.59
2,13530,1100.37,15.64
2,13531,1092.17,16.29
2,13532,1079.6,16.12
2,13533,1065.31,16.01
2,13534,1056.76,15.72
2,13535,1028.93,15.56
2,13536,1079.83,15.84
2,13537,1100.38,15.93
2,13538,1108.88,16.18
2,13539,1121.21,16.28
2,13540,1119.53,16.33
2,13541,1143,16.48
2,13542,1141.41,16.5
2,13543,1211.51,16.79
2,13544,1201.86,17.04
2,13545,1229.04,17.15
2,13546,1254.54,17.26
2,13547,1253.5,17.46
2,13548,1253.25,17.46
2,13549,1278.88,17.57
2,13550,1367.56,17.35
2,13551,1343.97,17.25
2,13552,1318.72,17.14
2,13553,1290.67,17.03
2,13554,1267.27,16.93
2,13555,1277.1,16.61
2,13556,1258.29,16.54
2,13557,1201.71,16.5
2,13558,1189.28,16.4
2,13559,1176.88,16.3
2,13560,1170.95,16.27
2,13561,1186.71,16.42
2,13562,1220.66,16.58
2,13563,1235.96,16.79
2,13564,1238.63,16.86
2,13565,1246.08,16.95
2,13566,1247.83,16.13
2,13567,1233.25,16.01
2,13568,1218.81,15.83
2,13569,1206.92,15.69
2,13570,1279.32,16.15
2,13571,1297.03,16.25
2,13572,1211.88,15.49
2,13573,1196.78,15.43
2,13574,1199.7,15.27
2,13575,1191.38,15.22
2,13576,1178.56,15.05
2,13577,1163.42,14.94
2,13578,1158.16,14.91
2,13579,1146.33,14.84
2,13606,1229.08,15.62
2,13607,1229.08,15.62
2,13608,1229.08,15.62
2,13609,1224.3,15.6
2,13610,1209.83,15.53
2,13611,1200.8,15.45
2,13612,1181.1,15.51
2,13613,1188.65,15.49
2,13614,1184.62,15.59
2,13615,1184.16,15.65
2,13616,1184.7,15.97
2,13617,1163.47,15.83
2,13618,1140.44,15.73
2,13619,1127.81,15.68
2,13620,1122.45,15.73
2,13621,1118.13,16.41
2,13622,1092.49,16.15
2,13623,1067.75,16.01
2,13624,1060.77,15.74
2,13625,1046.04,15.7
2,13626,1072.87,15.92
2,13627,1080.74,16
2,13628,1093.61,16.11
2,13629,1106.48,16.22
2,13630,1119.37,16.33
2,13631,1139.28,16.56
2,13632,1138.59,16.56
2,13633,1160.78,16.9
2,13634,1180.67,16.95
2,13635,1193.48,17
2,13636,1207.69,17.1
2,13637,1218.79,17.32
2,13638,1233.11,17.42
2,13639,1285.42,17.6
2,13640,1256.97,17.71
2,13641,1284.24,17.82
2,13642,1304.76,17.09
2,13643,1279.13,16.98
2,13644,1245.19,16.84
2,13645,1228.47,16.73
2,13646,1243.96,16.81
2,13647,1214.53,16.55
2,13648,1200.33,16.53
2,13649,1187.99,16.43
2,13650,1178.26,16.37
2,13651,1194.51,16.52
2,13652,1206.89,16.63
2,13653,1225.03,16.75
2,13654,1247.77,16.9
2,13655,1242.34,17.14
2,13656,1230.41,16.01
2,13657,1222.97,15.91
2,13658,1220.43,15.84
2,13659,1254.08,16.01
2,13660,1268.63,15.88
2,13661,1219.6,15.67
2,13662,1221.33,15.53
2,13663,1199.36,15.44
2,13664,1208.52,15.31
2,13665,1188.42,15.21
2,13666,1187.78,15.09
2,13667,1165.66,14.99
2,13668,1163.42,14.94
2,13669,1158.16,14.91
2,13696,1229.08,15.62
2,13697,1231.47,15.63
2,13698,1232.66,15.64
2,13699,1232.66,15.64
2,13700,1243.54,15.63
2,13701,1220.63,15.53
2,13702,1230.51,15.67
2,13703,1215.29,15.6
2,13704,1218.42,15.73
2,13705,1196.64,15.7
2,13706,1185.87,15.98
2,13707,1158.34,15.81
2,13708,1169.18,15.85
2,13709,1157.54,15.8
2,13710,1153.82,15.86
2,13711,1127.98,16.13
2,13712,1101.9,16.02
2,13713,1075.92,15.91
2,13714,1048.82,15.8
2,13715,1049.69,15.78
2,13716,1053.99,15.85
2,13717,1064.96,15.96
2,13718,1084.22,16.11
2,13719,1097.18,16.22
2,13720,1105.34,16.34
2,13721,1118.3,16.45
2,13722,1139.67,16.56
2,13723,1146.41,16.82
2,13724,1159.44,16.86
2,13725,1187.99,16.99
2,13726,1189.85,17.07
2,13727,1197.56,17.23
2,13728,1231.93,17.38
2,13729,1232.17,17.46
2,13730,1235.91,17.62
2,13731,1271.02,17.77
2,13732,1288.24,18.05
2,13733,1268.07,17.96
2,13734,1253.62,16.87
2,13735,1255.12,16.86
2,13736,1230.39,16.76
2,13737,1214.79,16.65
2,13738,1224.7,16.66
2,13739,1199.64,16.57
2,13740,1187.28,16.46
2,13741,1192.48,16.51
2,13742,1217.02,16.77
2,13743,1214.91,16.85
2,13744,1227.78,16.99
2,13745,1229.79,17.06
2,13746,1254.07,16.13
2,13747,1243.13,16.07
2,13748,1231.35,15.93
2,13749,1257.65,16.03
2,13750,1250.69,15.8
2,13751,1228,15.7
2,13752,1216.06,15.65
2,13753,1208.81,15.48
2,13754,1201.48,15.45
2,13755,1194.86,15.25
2,13756,1195.08,15.24
2,13757,1174.84,15.03
2,13758,1163.26,14.93
2,13759,1163.26,14.93
2,13786,1232.62,15.64
2,13787,1232.62,15.64
2,13788,1232.62,15.64
2,13789,1234.32,15.64
2,13790,1242.46,15.62
2,13791,1230.69,15.57
2,13792,1230.66,15.67
2,13793,1213.59,15.6
2,13794,1217.61,15.73
2,13795,1198.63,15.71
2,13796,1183.84,15.97
2,13797,1155.35,15.79
2,13798,1160.9,15.82
2,13799,1162.88,15.82
2,13800,1151.9,16.23
2,13801,1126.21,16.12
2,13802,1101.61,16.02
2,13803,1078.89,15.92
2,13804,1044.12,15.77
2,13805,1054.81,15.85
2,13806,1056.33,15.88
2,13807,1064.79,15.98
2,13808,1073.39,16.09
2,13809,1111.01,16.5
2,13810,1102.56,16.39
2,13811,1126.95,16.72
2,13812,1107.56,16.52
2,13813,1130.02,16.73
2,13814,1140.6,16.79
2,13815,1153.34,16.9
2,13816,1196.71,17.09
2,13817,1188.72,17.2
2,13818,1205.42,17.35
2,13819,1219.47,17.41
2,13820,1214.78,17.53
2,13821,1250.96,17.83
2,13822,1249.19,17.82
2,13823,1247.53,17.88
2,13824,1272.45,17.98
2,13825,1251.34,17
2,13826,1238.9,16.89
2,13827,1226.41,16.79
2,13828,1228.71,16.76
2,13829,1211.7,16.77
2,13830,1197.76,16.61
2,13831,1198.84,16.63
2,13832,1217.17,16.79
2,13833,1234.2,16.93
2,13834,1254.56,17.12
2,13835,1264.79,17.14
2,13836,1266.9,16.17
2,13837,1250.1,16.15
2,13838,1257.77,16.08
2,13839,1254.02,16.06
2,13840,1259.12,15.83
2,13841,1236.38,15.74
2,13842,1213.71,15.64
2,13843,1218.25,15.52
2,13844,1196.29,15.43
2,13845,1203.68,15.29
2,13846,1186.2,15.2
2,13847,1184.06,15.07
2,13848,1163.19,14.98
2,13849,1163.26,14.93
2,13876,1232.62,15.64
2,13877,1234.26,15.64
2,13878,1234.32,15.64
2,13879,1236.77,15.65
2,13880,1241.6,15.62
2,13881,1234.36,15.59
2,13882,1230.81,15.67
2,13883,1211.12,15.59
2,13884,1216.99,15.72
2,13885,1200.67,15.72
2,13886,1178.43,15.89
2,13887,1163.63,15.83
2,13888,1152.63,15.78
2,13889,1158.36,15.88
2,13890,1149.68,16.22
2,13891,1124.35,16.11
2,13892,1101.24,16.01
2,13893,1081.38,15.93
2,13894,1043.92,15.77
2,13895,1052.92,15.83
2,13896,1058.68,15.91
2,13897,1067.3,16.01
2,13898,1117.06,16.57
2,13899,1108.82,16.47
2,13900,1100.3,16.36
2,13901,1124.61,16.69
2,13902,1116.1,16.58
2,13903,1121.21,16.69
2,13904,1126.4,16.76
2,13905,1134.05,16.87
2,13906,1141.7,16.97
2,13907,1167.87,17.14
2,13908,1180.68,17.25
2,13909,1187.61,17.44
2,13910,1191.49,17.47
2,13911,1221.8,17.72
2,13912,1237.7,17.94
2,13913,1247.45,17.99
2,13914,1270.26,18.14
2,13915,1243.4,18.04
2,13916,1245.94,17.11
2,13917,1221.27,16.94
2,13918,1213.82,16.84
2,13919,1206.39,16.73
2,13920,1219.24,16.84
2,13921,1227,16.7
2,13922,1242.02,16.81
2,13923,1255.44,17.02
2,13924,1323.6,17.2
2,13925,1343.82,17.28
2,13926,1285.57,16.33
2,13927,1261.45,16.23
2,13928,1265.7,16.11
2,13929,1245.59,16.02
2,13930,1267.55,15.87
2,13931,1244.75,15.77
2,13932,1222.09,15.68
2,13933,1219.14,15.67
2,13934,1205.73,15.46
2,13935,1206.23,15.47
2,13936,1190.32,15.22
2,13937,1193.28,15.11
2,13938,1171.16,15.02
2,13939,1163.26,14.93
2,13965,1232.62,15.64
2,13966,1234.32,15.64
2,13967,1234.32,15.64
2,13968,1234.32,15.64
2,13969,1236.77,15.65
2,13970,1230.38,15.57
2,13971,1235.49,15.59
2,13972,1230.95,15.67
2,13973,1210.02,15.58
2,13974,1216.37,15.72
2,13975,1202.71,15.73
2,13976,1174.93,15.87
2,13977,1169.53,15.85
2,13978,1153.41,15.79
2,13979,1157.23,15.88
2,13980,1147.45,16.21
2,13981,1122.5,16.1
2,13982,1100.87,16.01
2,13983,1083.87,15.94
2,13984,1043.42,15.76
2,13985,1052.09,15.82
2,13986,1061.02,15.94
2,13987,1069.7,16.04
2,13988,1114.62,16.54
2,13989,1106.56,16.44
2,13990,1130.78,16.76
2,13991,1122.27,16.66
2,13992,1127.32,16.76
2,13993,1120.97,16.69
2,13994,1128.52,16.79
2,13995,1136.17,16.9
2,13996,1143.82,17
2,13997,1151.48,17.11
2,13998,1159.13,17.22
2,13999,1166.78,17.32
2,14000,1174.45,17.43
2,14001,1191.2,17.58
2,14002,1219.4,17.83
2,14003,1213.58,17.79
2,14004,1214.34,17.88
2,14005,1229.59,18
2,14006,1229.87,17.06
2,14007,1238.27,17.04
2,14008,1262.79,17.14
2,14009,1266.26,16.93
2,14010,1250.15,16.84
2,14011,1245.51,16.81
2,14012,1248.02,16.86
2,14013,1280.66,17.02
2,14014,1305.65,17.12
2,14015,1314.38,16.45
2,14016,1289.83,16.35
2,14017,1267.78,16.26
2,14018,1268.93,16.26
2,14019,1250.7,16.05
2,14020,1259.8,16.08
2,14021,1253.35,15.81
2,14022,1230.47,15.71
2,14023,1211.4,15.63
2,14024,1215.18,15.5
2,14025,1197.42,15.43
2,14026,1198.92,15.27
2,14027,1189.55,15.21
2,14028,1180.38,15.06
2,14029,1165.4,14.99
2,14055,1234.32,15.64
2,14056,1234.32,15.64
2,14057,1234.32,15.64
2,14058,1234.9,15.65
2,14059,1236.77,15.65
2,14060,1232.05,15.58
2,14061,1235.49,15.59
2,14062,1231.1,15.67
2,14063,1210.53,15.58
2,14064,1215.76,15.72
2,14065,1203.7,16.05
2,14066,1166.57,15.84
2,14067,1161.25,15.82
2,14068,1155.86,15.8
2,14069,1154.53,15.87
2,14070,1145.23,16.2
2,14071,1120.64,16.1
2,14072,1100.5,16.01
2,14073,1086.37,15.95
2,14074,1043.42,15.76
2,14075,1054.85,15.86
2,14076,1063.14,15.96
2,14077,1072.11,16.07
2,14078,1112.18,16.51
2,14079,1104.3,16.41
2,14080,1128.44,16.73
2,14081,1119.93,16.63
2,14082,1125.02,16.74
2,14083,1122.99,16.71
2,14084,1130.64,16.82
2,14085,1138.29,16.93
2,14086,1145.93,17.03
2,14087,1153.6,17.14
2,14088,1161.25,17.25
2,14089,1168.89,17.35
2,14090,1176.52,17.46
2,14091,1183.96,17.56
2,14092,1193.4,17.67
2,14093,1203.06,17.78
2,14094,1223.65,17.89
2,14095,1249.41,17.99
2,14096,1275.49,18.1
2,14097,1297.78,18.25
2,14098,1323.97,18.36
2,14099,1303.11,17.09
2,14100,1276.88,16.98
2,14101,1258.73,16.91
2,14102,1273.05,16.99
2,14103,1313.82,17.16
2,14104,1300.12,17.1
2,14105,1317.64,16.46
2,14106,1291.21,16.35
2,14107,1274.11,16.28
2,14108,1261,16.23
2,14109,1258.63,16.08
2,14110,1251.37,16.05
2,14111,1261.77,15.84
2,14112,1238.84,15.75
2,14113,1216.18,15.65
2,14114,1222.21,15.68
2,14115,1202.66,15.45
2,14116,1207.74,15.31
2,14117,1186.2,15.2
2,14118,1189.59,15.09
2,14119,1167.47,15
2,14185,1254.02,18.01
2,14186,1279.3,18.12
2,14187,1301.27,18.27
2,14188,1326.31,18.37
2,14189,1300.77,17.08
2,14190,1276.8,16.98
2,14191,1257.1,16.9
2,14192,1277.77,17.01
2,14275,1257.12,18.02
2,14276,1279.05,18.17
2,14277,1304.76,18.28
2,14278,1324.43,17.18
2,14279,1299.58,17.08
2,14280,1276.73,16.98
2,14281,1255.47,16.89
2,14282,1273.51,16.97
2,14365,1260.93,18.04
2,14366,1282.25,18.19
2,14367,1308.25,18.29
2,14368,1322.09,17.17
2,14369,1299.28,17.08
2,14370,1276.65,16.98
2,14371,1254.87,16.89
2,14372,1268.8,16.95
2,14455,1264.74,18.06
2,14456,1285.74,18.2
2,14457,1311.74,18.31
2,14458,1319.76,17.16
2,14459,1298.07,17.07
2,14460,1276.58,16.98
2,14461,1254.87,16.89
2,14462,1267.83,16.95
2,14545,1268.55,18.07
2,14546,1289.24,18.22
2,14547,1315.23,18.32
2,14548,1317.42,17.15
2,14549,1296.86,17.07
2,14550,1276.5,16.98
2,14551,1254.97,16.89
2,14552,1267.83,16.95
2,14635,1272.36,18.09
2,14636,1292.73,18.23
2,14637,1318.72,18.34
2,14638,1315.08,17.14
2,14639,1295.65,17.06
2,14640,1276.42,16.98
2,14641,1255.73,16.9
2,14642,1267.83,16.95
2,14725,1276.17,18.1
2,14726,1296.22,18.24
2,14727,1322.17,18.35
2,14728,1312.74,17.13
2,14729,1294.44,17.06
2,14730,1276.35,16.98
2,14731,1256.5,16.9
2,14732,1267.83,16.95
2,14815,1279.98,18.12
2,14816,1299.71,18.26
2,14817,1322.17,18.35
2,14818,1310.4,17.12
2,14819,1293.22,17.05
2,14820,1276.27,16.98
2,14821,1257.26,16.9
2,14822,1267.83,16.95
2,14905,1279.05,18.17
2,14906,1303.2,18.27
2,14907,1322.17,18.35
2,14908,1308.06,17.11
2,14909,1292.01,17.05
2,14910,1276.2,16.98
2,14911,1258.02,16.91
2,14912,1267.83,16.95
2,14994,1261.61,18.04
2,14995,1280.7,18.18
2,14996,1306.69,18.29
2,14997,1322.17,18.35
2,14998,1305.72,17.1
2,14999,1290.8,17.04
2,15000,1276.12,16.98
2,15001,1258.79,16.91
3,0,1203.12,21.53
3,1,1155.44,21.24
3,2,1152.31,21.17
3,3,1193.33,22
3,4,1196.48,22.08
3,5,1334.97,22.34
3,6,1352.78,22.42
3,7,1370.78,22.49
3,8,1388.77,22.57
3,9,1377.92,21.87
3,10,1336.46,22.12
3,11,1327.23,22.04
3,12,1318.33,21.97
3,13,1309.43,21.89
3,14,1300.53,21.82
3,15,1434.46,22.87
3,16,1454.98,22.96
3,17,1521.28,23.24
3,18,1539.94,23.31
3,19,1539.94,23.31
3,20,1390.32,21.45
3,21,1390.32,21.45
3,22,1380.12,21.4
3,23,1390.3,21.45
3,24,1395.79,21.47
3,25,1349.53,21.37
3,26,1351.76,21.38
3,27,1356.73,21.4
3,28,1321.29,21.4
3,29,1330.75,21.48
3,30,1348.47,21.58
3,31,1366,21.66
3,32,1377.6,21.7
3,33,1382.08,21.72
3,34,1721.08,23.64
3,35,1721.08,23.64
3,40,1241.63,21.69
3,41,1263.91,21.78
3,42,1149.12,21.09
3,43,1196.5,22.08
3,44,1199.65,22.15
3,45,1202.8,22.23
3,46,1370.67,22.49
3,47,1388.67,22.57
3,48,1377.07,21.87
3,49,1359.65,21.79
3,50,1327.11,22.04
3,51,1318.21,21.97
3,52,1309.32,21.89
3,53,1300.42,21.82
3,54,1291.52,21.74
3,55,1282.63,21.67
3,56,1271.95,20.99
3,57,1539.94,23.31
3,58,1539.94,23.31
3,59,1390.32,21.45
3,60,1390.32,21.45
3,61,1382.69,21.41
3,62,1364.29,21.34
3,63,1378.69,21.4
3,64,1387.44,21.43
3,65,1332.79,21.3
3,66,1330.62,21.29
3,67,1328.45,21.28
3,68,1314.76,21.35
3,69,1324.19,21.43
3,70,1371.26,21.68
3,71,1382.08,21.72
3,72,1386.35,21.74
3,73,1509.77,22.02
3,74,1721.08,23.64
3,75,1721.08,23.64
3,80,1253.8,21.74
3,81,1267.72,21.21
3,82,1253.67,21.15
3,83,1142.8,20.94
3,84,1202.83,22.23
3,85,1205.94,22.3
3,86,1209.07,22.37
3,87,1365.16,21.82
3,88,1360.13,21.8
3,89,1341.08,21.72
3,90,1323.14,21.64
3,91,1309.2,21.89
3,92,1300.31,21.82
3,93,1291.41,21.74
3,94,1282.51,21.67
3,95,1272.57,21
3,96,1264.46,20.93
3,97,1255.9,20.86
3,98,1308.88,20.81
3,99,1308.88,20.81
3,100,1308.88,20.81
3,101,1330.93,21.2
3,102,1338.92,21.23
3,103,1339.41,21.23
3,104,1379.66,21.4
3,105,1307.29,21.2
3,106,1307.67,21.2
3,107,1298.74,21.22
3,108,1308.04,21.29
3,109,1400.52,21.8
3,110,1396.55,21.78
3,111,1392.59,21.77
3,112,1509.77,22.02
3,113,1509.77,22.02
3,114,1509.77,22.02
3,115,1721.08,23.64
3,120,1247.13,21.28
3,121,1246.94,21.12
3,122,1233.92,21.07
3,123,1139.61,20.87
3,124,1136.48,20.79
3,125,1209.14,22.38
3,126,1238.08,22.63
3,127,1244.8,22.74
3,128,1365.16,21.82
3,129,1323.14,21.64
3,130,1305.27,21.57
3,131,1270.43,21.49
3,132,1291.29,21.74
3,133,1282.4,21.67
3,134,1273.2,21
3,135,1264.46,20.93
3,136,1255.75,20.86
3,137,1246.88,20.78
3,138,1308.88,20.81
3,139,1308.88,20.81
3,140,1308.88,20.81
3,141,1308.88,20.81
3,142,1313.55,21.13
3,143,1283.53,20.98
3,144,1269.91,20.91
3,145,1273.24,21
3,146,1282.67,21.08
3,147,1292.26,21.16
3,148,1322.43,21.24
3,149,1428.76,21.92
3,150,1418.44,21.87
3,151,1415.82,21.86
3,152,1509.77,22.02
3,153,1509.77,22.02
3,154,1509.77,22.02
3,155,1509.77,22.02
3,160,1242.14,21.26
3,161,1243.55,21.26
3,162,1212.16,20.98
3,163,1195.11,20.91
3,164,1133.3,20.72
3,165,1130.17,20.64
3,166,1233.01,22.6
3,167,1244.8,22.74
3,168,1147.66,20.61
3,169,1304.92,21.57
3,170,1287.32,21.49
3,171,1270.43,21.49
3,172,1267.1,21.48
3,173,1261.85,21.51
3,174,1264.5,20.93
3,175,1255.6,20.86
3,176,1246.73,20.78
3,177,1237.85,20.71
3,178,1295.53,20.76
3,179,1298.4,20.77
3,180,1301.26,20.78
3,181,1304.13,20.79
3,182,1303.02,21.08
3,183,1274.96,20.94
3,184,1257.61,20.87
3,185,1266.68,20.95
3,186,1295.69,21.13
3,187,1315.88,21.22
3,188,1332.33,21.29
3,189,1447.31,21.76
3,190,1442.49,21.97
3,191,1493.15,21.96
3,192,1509.77,22.02
3,193,1509.77,22.02
3,194,1509.77,22.02
3,195,1515.01,20
3,200,1223.7,21.18
3,201,1212.5,21.13
3,202,1193.44,20.9
3,203,1176.52,20.83
3,204,1148.88,20.68
3,205,1127.05,20.57
3,206,1221.47,22.61
3,207,1141.57,20.58
3,208,1147.66,20.61
3,209,1286.76,21.49
3,210,1269.41,21.42
3,211,1251.29,21.34
3,212,1245.81,21.38
3,213,1255.07,21.46
3,214,1255.45,20.86
3,215,1246.58,20.78
3,216,1237.7,20.71
3,217,1228.82,20.63
3,218,1273.07,20.66
3,219,1276.28,20.68
3,220,1279.48,20.69
3,221,1274.63,20.67
3,222,1285.05,20.71
3,223,1261.39,20.86
3,224,1250.65,20.82
3,225,1270.92,20.91
3,226,1301.54,21.04
3,227,1327.97,21.15
3,228,1352.09,21.37
3,229,1430.31,21.69
3,230,1464.42,22.07
3,231,1478.45,21.89
3,232,1495.68,21.97
3,233,1509.77,22.02
3,234,1515.01,20
3,235,1513.75,20
3,243,1161.06,20.78
3,244,1151.81,20.68
3,245,1134.98,20.56
3,246,1120.68,20.42
3,247,1127.94,20.57
3,248,1131.08,20.64
3,249,1189.64,21.09
3,250,1209.18,21.17
3,251,1227.85,21.24
3,252,1224.39,20.6
3,253,1215.46,20.52
3,254,1246.43,20.78
3,255,1237.55,20.71
3,256,1228.67,20.63
3,257,1219.79,20.56
3,258,1210.92,20.49
3,259,1263.04,20.62
3,260,1258,20.6
3,261,1257.61,20.6
3,262,1267.61,20.64
3,263,1234.62,20.68
3,264,1244,20.76
3,265,1297.17,21.02
3,266,1305.72,21.05
3,267,1360.73,21.4
3,268,1369.19,21.44
3,269,1406.21,21.59
3,270,1446.83,21.76
3,271,1455.07,21.8
3,272,1488.36,21.94
3,273,1520.69,20.03
3,274,1513.75,20
3,275,1513.75,20
3,276,1523.33,20.04
3,277,1523.33,20.04
3,278,1749.12,19.69
3,279,1748.16,19.68
3,283,1184.44,20.82
3,284,1173.43,20.8
3,285,1178.84,20.83
3,286,1117.51,20.34
3,287,1114.35,20.27
3,288,1144.71,20.8
3,289,1176.64,21.03
3,290,1195.67,21.11
3,291,1214.47,21.19
3,292,1215.39,20.52
3,293,1206.47,20.45
3,294,1197.54,20.37
3,295,1228.52,20.63
3,296,1219.65,20.56
3,297,1210.77,20.48
3,298,1201.49,20.41
3,299,1251.3,20.57
3,300,1235.86,20.51
3,301,1237.42,20.52
3,302,1218.6,20.55
3,303,1227.98,20.63
3,304,1307.31,21.06
3,305,1307.31,21.06
3,306,1326.71,21.14
3,307,1336.12,21.18
3,308,1395.4,21.55
3,309,1406.44,21.59
3,310,1431.29,21.7
3,311,1461.71,21.82
3,312,1507.53,22.02
3,313,1514.98,20
3,314,1506.18,19.97
3,315,1504.88,19.96
3,316,1523.33,20.04
3,317,1523.33,20.04
3,318,1753.42,19.71
3,319,1765.6,19.76
3,323,1200.5,20.89
3,324,1190.08,20.89
3,325,1195.35,20.92
3,326,1114.35,20.27
3,327,1111.19,20.19
3,328,1137.44,20.79
3,329,1163.63,20.98
3,330,1182.67,21.06
3,331,1230.07,21.5
3,332,1235.08,21.52
3,333,1197.47,20.37
3,334,1188.55,20.3
3,335,1219.5,20.56
3,336,1210.62,20.48
3,337,1201.69,20.41
3,338,1192.61,20.33
3,339,1214.82,20.42
3,340,1210.65,20.4
3,341,1202.58,20.42
3,342,1211.96,20.49
3,343,1221.34,20.57
3,344,1307.31,21.06
3,345,1337.34,21.18
3,346,1354.15,21.25
3,347,1364.43,21.3
3,348,1434.99,21.71
3,349,1429.53,21.69
3,350,1448.47,19.73
3,351,1445.81,19.72
3,352,1511.76,22.03
3,353,1493.39,19.91
3,354,1483.74,19.87
3,355,1502.28,19.95
3,356,1523.33,20.04
3,357,1523.33,20.04
3,358,1752.61,19.7
3,359,1742.78,19.66
3,363,1221.51,20.97
3,364,1206.6,20.98
3,365,1211.87,21.01
3,366,1217.14,21.04
3,367,1108.02,20.12
3,368,1104.86,20.05
3,369,1143.76,20.94
3,370,1146.89,21.02
3,371,1212.7,21.43
3,372,1217.32,21.45
3,373,1188.48,20.3
3,374,1179.55,20.22
3,375,1170.63,20.15
3,376,1201.9,20.41
3,377,1192.81,20.33
3,378,1183.73,20.26
3,379,1177.15,20.2
3,380,1186.55,20.28
3,381,1205.05,20.38
3,382,1223.07,20.46
3,383,1240.02,20.53
3,384,1337.34,21.18
3,385,1338.48,21.19
3,386,1377.67,21.35
3,387,1418.97,19.6
3,388,1428.74,19.65
3,389,1409.28,19.56
3,390,1420.83,19.61
3,391,1431.55,19.66
3,392,1425.21,19.63
3,393,1462.74,19.79
3,394,1475.28,19.84
3,395,1491.49,19.91
3,396,1515.32,20.01
3,397,1534.8,20.09
3,398,1534.8,20.09
3,399,1752.61,19.7
3,403,1217.84,21.05
3,404,1223.11,21.08
3,405,1229.07,21.11
3,406,1235.57,21.14
3,407,1313.96,20.35
3,408,1101.65,19.97
3,409,1098.52,19.9
3,410,1150.07,21.09
3,411,1188.28,21.33
3,412,1204.35,21.39
3,413,1179.48,20.22
3,414,1170.56,20.15
3,415,1161.63,20.07
3,416,1152.57,20
3,417,1183.93,20.26
3,418,1174.85,20.18
3,419,1170.53,20.15
3,420,1179.93,20.23
3,421,1222.91,20.46
3,422,1240.61,20.53
3,423,1259.68,20.61
3,424,1338.99,20.94
3,425,1395.9,21.43
3,426,1396.14,21.43
3,427,1408.74,19.56
3,428,1378.74,19.44
3,429,1387.03,19.47
3,430,1416.26,19.59
3,431,1417.77,19.6
3,432,1436.39,19.68
3,433,1448.04,19.73
3,434,1457.61,19.77
3,435,1474.34,19.84
3,436,1501.99,19.95
3,437,1527.19,20.06
3,438,1534.8,20.09
3,439,1752.61,19.7
3,440,1659.37,19.31
3,441,1638.51,19.23
3,442,1614.02,19.13
3,443,1602.68,19.08
3,444,1597.15,19.06
3,445,1599.2,19.06
3,446,1749.93,19.69
3,447,1762.51,19.74
3,448,1650.96,19.28
3,449,1648.66,19.27
3,450,1646.38,19.26
3,451,1629.1,19.18
3,452,1613.69,19.12
3,453,3098.79,33.68
3,454,3102.99,33.69
3,455,3105.65,33.7
3,456,3105.65,33.7
3,457,3115.68,33.75
3,458,3119.2,33.76
3,463,1232.37,21.13
3,464,1236.65,21.15
3,465,1236.65,21.15
3,466,1311.86,20.34
3,467,1315.81,20.36
3,468,1345.3,20.48
3,469,1095.33,19.82
3,470,1153.26,21.17
3,471,1173.28,21.26
3,472,1193.95,21.42
3,473,1185.29,19.93
3,474,1171,20.13
3,475,1152.54,20
3,476,1143.59,19.92
3,477,1145.11,19.94
3,478,1154.5,20.02
3,479,1169.92,20.14
3,480,1178.84,20.22
3,481,1241.21,20.53
3,482,1258.84,20.61
3,483,1276.33,20.68
3,484,1338.99,20.94
3,485,1345.76,19.3
3,486,1385.68,19.47
3,487,1377.15,19.43
3,488,1363.46,19.37
3,489,1365.52,19.38
3,490,1389.82,19.48
3,491,1397.65,19.52
3,492,1413.66,19.58
3,493,1449.79,19.73
3,494,1433.75,19.67
3,495,1468.86,19.81
3,496,1487.99,19.89
3,497,1527.96,20.06
3,498,1534.8,20.09
3,499,1659.37,19.31
3,500,1659.37,19.31
3,501,1638.84,19.23
3,502,1614.54,19.13
3,503,1576.41,18.97
3,504,1572.99,18.95
3,505,1581.4,18.99
3,506,1773.21,19.79
3,507,1778.61,19.81
3,508,1628.3,19.18
3,509,1617.07,19.13
3,510,1612.44,19.12
3,511,1604.8,19.08
3,512,1584.55,19
3,513,1584.55,19
3,514,3119.2,33.76
3,515,3119.2,33.76
3,516,3119.2,33.76
3,517,3119.2,33.76
3,518,3119.2,33.76
3,523,1236.65,21.15
3,524,1236.65,21.15
3,525,1236.65,21.15
3,526,1300.8,20.3
3,527,1307.17,20.32
3,528,1345.3,20.48
3,529,1306.24,20.32
3,530,1089.03,19.67
3,531,1171.06,21.32
3,532,1191.12,19.9
3,533,1181.81,19.91
3,534,1183.12,20.19
3,535,1143.56,19.92
3,536,1134.61,19.85
3,537,1138.48,19.88
3,538,1147.88,19.96
3,539,1178.92,20.22
3,540,1187.84,20.29
3,541,1223.3,20.53
3,542,1236.26,20.61
3,543,1295,20.76
3,544,1338.99,20.94
3,545,1345.76,19.3
3,546,1330.41,19.24
3,547,1352.71,19.33
3,548,1348.36,19.31
3,549,1347.01,19.3
3,550,1362.26,19.37
3,551,1394.6,19.5
3,552,1412.36,19.58
3,553,1408.19,19.56
3,554,1436.84,19.68
3,555,1462.32,19.79
3,556,1468.69,18.52
3,557,1446.05,18.43
3,558,1435.25,18.38
3,559,1441.58,18.41
3,560,1659.37,19.31
3,561,1639.18,19.23
3,562,1582.03,18.99
3,563,1557.05,18.89
3,564,1552.6,18.87
3,565,1561.57,18.91
3,566,1791.86,19.87
3,567,1801.2,19.91
3,568,1605.8,19.09
3,569,1600.94,19.07
3,570,1596.42,19.05
3,571,1584.55,19
3,572,1584.55,19
3,573,1584.55,19
3,574,3119.2,33.76
3,575,3119.2,33.76
3,576,3119.2,33.76
3,577,3119.2,33.76
3,578,3119.2,33.76
3,583,1297.67,20.28
3,584,1300.27,20.3
3,585,1300.27,20.3
3,586,1288.52,20.25
3,587,1274.74,20.19
3,588,1307.68,20.33
3,589,1219.64,19.96
3,590,1213.01,19.93
3,591,1082.7,19.52
3,592,1166.37,19.79
3,593,1148.56,19.72
3,594,1144.16,19.76
3,595,1126.19,19.68
3,596,1125.63,19.77
3,597,1131.86,19.83
3,598,1141.26,19.9
3,599,1187.91,20.29
3,600,1196.84,20.37
3,601,1213.19,20.48
3,602,1226.95,20.56
3,603,1313.85,20.83
3,604,1330.46,20.9
3,605,1337.92,19.27
3,606,1318.05,19.18
3,607,1331.64,19.24
3,608,1318.53,19.19
3,609,1331.33,19.24
3,610,1347.4,19.31
3,611,1347.03,19.3
3,612,1369.13,19.4
3,613,1411.64,19.57
3,614,1416.44,19.06
3,615,1422.88,19.09
3,616,1465.59,18.51
3,617,1427.01,18.35
3,618,1417.56,18.31
3,619,1434.39,18.38
3,620,1441.58,18.41
3,621,1639.51,19.23
3,622,1533.52,18.79
3,623,1530.23,18.78
3,624,1523.84,18.75
3,625,1517.88,18.73
3,626,1813.53,19.96
3,627,1820.19,19.98
3,628,1582.65,18.99
3,629,1585.3,19
3,630,1584.55,19
3,631,1584.55,19
3,632,1584.55,19
3,633,1584.55,19
3,634,3119.2,33.76
3,635,3119.2,33.76
3,636,3119.2,33.76
3,637,3119.2,33.76
3,638,3119.2,33.76
3,643,1330,20.42
3,644,1298.85,20.29
3,645,1291.58,20.26
3,646,1269.78,20.17
3,647,1251.21,20.09
3,648,1325.27,20.4
3,649,1191.71,19.84
3,650,1205.31,19.9
3,651,1079.48,19.45
3,652,1169.1,21.54
3,653,1130.54,19.64
3,654,1126.29,19.68
3,655,1106.44,19.61
3,656,1115.84,19.69
3,657,1138.43,19.88
3,658,1147.56,19.96
3,659,1196.91,20.37
3,660,1205.79,20.44
3,661,1214.75,20.52
3,662,1214.79,19.15
3,663,1316.16,20.84
3,664,1316.16,20.84
3,665,1326.62,19.22
3,666,1300.82,19.11
3,667,1284.36,19.04
3,668,1304.51,19.13
3,669,1304.07,19.13
3,670,1314.33,19.17
3,671,1337.68,19.27
3,672,1378.84,19.44
3,673,1422.91,19.09
3,674,1398.96,18.99
3,675,1426.84,19.1
3,676,1394.36,18.97
3,677,1404.17,18.25
3,678,1405.81,18.26
3,679,1418.92,18.31
3,680,1416.91,18.3
3,681,1422.5,18.33
3,682,1499.54,18.65
3,683,1503.41,18.66
3,684,1508.52,18.69
3,685,1511.53,18.7
3,686,1820.19,19.98
3,687,1561.75,18.9
3,688,1560.37,18.9
3,689,1566.81,18.92
3,690,1584.55,19
3,691,1584.55,19
3,692,1584.55,19
3,693,1584.55,19
3,694,1584.55,19
3,695,3119.2,33.76
3,696,3119.2,33.76
3,697,3119.2,33.76
3,698,3119.2,33.76
3,702,1340.98,20.47
3,703,1330,20.42
3,704,1312.61,20.35
3,705,1273.17,20.18
3,706,1254.65,20.11
3,707,1230.49,20.01
3,708,1187.21,19.82
3,709,1158.99,19.71
3,710,1132.92,19.6
3,711,1104.93,19.48
3,712,1073.19,19.3
3,713,1073.71,19.28
3,714,1094.71,19.49
3,715,1099.82,19.56
3,716,1138.14,19.88
3,717,1147.28,19.95
3,718,1156.32,20.03
3,719,1152.72,18.97
3,720,1214.75,20.52
3,721,1214.79,19.15
3,722,1205.82,19.08
3,723,1196.86,19
3,724,1204.48,18.97
3,725,1291.98,19.08
3,726,1280.09,19.03
3,727,1271.05,18.99
3,728,1284.38,19.04
3,729,1285.72,19.05
3,730,1302.6,19.12
3,731,1306.88,19.14
3,732,1383.21,19.46
3,733,1380.56,18.91
3,734,1379.57,18.91
3,735,1363.75,18.84
3,736,1388.47,18.94
3,737,1387.77,18.18
3,738,1375.95,18.13
3,739,1396.89,18.22
3,740,1416.7,18.3
3,741,1429.18,18.36
3,742,1471.36,18.53
3,743,1481.12,18.57
3,744,1489.35,18.61
3,745,1493.84,18.62
3,746,1531.49,18.78
3,747,1534.69,18.79
3,748,1541.57,18.82
3,749,1555.43,18.88
3,750,1577.26,18.97
3,751,1584.55,19
3,752,1584.55,19
3,753,1584.55,19
3,754,1584.55,19
3,755,3119.2,33.76
3,756,3119.2,33.76
3,757,3119.2,33.76
3,758,3119.2,33.76
3,762,1348.61,20.5
3,763,1333.19,20.43
3,764,1309.39,20.33
3,765,1268.78,20.16
3,766,1242.31,20.05
3,767,1212.67,19.93
3,768,1240.09,20.04
3,769,1164.07,19.64
3,770,1162.87,19.63
3,771,1114.81,19.43
3,772,1094.61,19.35
3,773,1066.86,19.15
3,774,1080.05,19.43
3,775,1093.2,19.5
3,776,1146.99,19.95
3,777,1156.35,20.03
3,778,1152.69,18.97
3,779,1143.74,18.89
3,780,1134.79,18.82
3,781,1205.82,19.08
3,782,1196.86,19
3,783,1193.34,18.93
3,784,1204.48,18.97
3,785,1204.48,18.97
3,786,1249.39,18.9
3,787,1237.59,18.85
3,788,1251.68,18.91
3,789,1269.74,18.98
3,790,1306.88,19.14
3,791,1306.88,19.14
3,792,1283.6,18.51
3,793,1380.56,18.91
3,794,1330.35,18.7
3,795,1360.92,18.07
3,796,1372.16,18.12
3,797,1338.96,17.98
3,798,1349.98,18.03
3,799,1385.31,18.17
3,800,1409.96,18.28
3,801,1443.42,18.41
3,802,1454.12,18.46
3,803,1458.46,18.48
3,804,1459.17,18.48
3,805,1483.89,18.58
3,806,1509.42,18.69
3,807,1513.18,18.7
3,808,1522.16,18.74
3,809,1539.37,18.81
3,810,1575.15,18.96
3,811,1577.26,18.97
3,812,1584.55,19
3,813,1584.55,19
3,814,1584.55,19
3,815,3119.2,33.76
3,816,3119.2,33.76
3,817,3119.2,33.76
3,818,3119.2,33.76
3,819,1386.24,15.41
3,822,1346.65,20.49
3,823,1321.71,20.39
3,824,1313.24,20.35
3,825,1280.73,20.21
3,826,1286.84,20.24
3,827,1269.49,20.17
3,828,1263.11,20.05
3,829,1209.49,19.82
3,830,1146.32,19.56
3,831,1137.09,19.52
3,832,1160.96,19.62
3,833,1063.73,19.07
3,834,1060.54,19
3,835,1086.38,19.58
3,836,1089.57,19.65
3,837,1152.65,18.97
3,838,1143.71,18.89
3,839,1134.76,18.82
3,840,1125.81,18.74
3,841,1116.87,18.67
3,842,1187.89,18.93
3,843,1178.89,18.85
3,844,1170.15,18.78
3,845,1180.9,18.76
3,846,1201.52,18.7
3,847,1216.45,18.76
3,848,1236.99,18.85
3,849,1251.49,18.77
3,850,1256.84,18.79
3,851,1263.6,18.82
3,852,1279.35,18.49
3,853,1301.39,18.58
3,854,1329.35,18.7
3,855,1334.23,18.72
3,856,1307.28,17.85
3,857,1317.08,17.89
3,858,1358.88,18.06
3,859,1393.1,18.21
3,860,1416.64,18.3
3,861,1441.28,18.41
3,862,1427.43,18.35
3,863,1443.8,18.42
3,864,1445.47,18.42
3,865,1472.61,18.53
3,866,1488.05,18.6
3,867,1491.73,18.61
3,868,1508.57,18.68
3,869,1523.99,18.75
3,870,1551.78,18.86
3,871,1577.26,18.97
3,872,1577.26,18.97
3,873,1584.55,19
3,874,1584.55,19
3,875,1584.55,19
3,876,3119.2,33.76
3,877,3119.2,33.76
3,878,1367.82,15.33
3,879,1384.79,15.4
3,882,1349.59,20.5
3,883,1340.81,20.46
3,884,1325.36,20.4
3,885,1307.34,20.33
3,886,1304.19,20.31
3,887,1291.21,20.26
3,888,1240.79,19.96
3,889,1193.22,19.76
3,890,1159.18,19.62
3,891,1153.85,19.59
3,892,1160.96,19.62
3,893,1091.06,19.1
3,894,1057.37,18.92
3,895,1089.53,19.65
3,896,1092.87,19.73
3,897,1097.26,19.84
3,898,1134.73,18.82
3,899,1125.78,18.74
3,900,1116.84,18.67
3,901,1107.89,18.59
3,902,1178.52,18.85
3,903,1169.78,18.78
3,904,1160.98,18.7
3,905,1176.66,18.74
3,906,1180.62,18.61
3,907,1194.53,18.59
3,908,1215.94,18.68
3,909,1245.88,18.74
3,910,1244.98,18.74
3,911,1268.16,18.44
3,912,1264.96,18.43
3,913,1278.75,18.49
3,914,1305.8,18.6
3,915,1290.97,17.78
3,916,1286.29,17.76
3,917,1308.71,17.85
3,918,1310.2,17.86
3,919,1316.83,17.89
3,920,1426.29,18.34
3,921,1422.13,18.33
3,922,1405.48,18.26
3,923,1435.62,18.38
3,924,1442.81,18.41
3,925,1433.37,18.37
3,926,1460.72,18.48
3,927,1470.79,18.52
3,928,1479.76,18.56
3,929,1508.98,18.68
3,930,1537.72,18.8
3,931,1577.26,18.97
3,932,1577.26,18.97
3,933,1584.55,19
3,934,1584.55,19
3,935,1584.55,19
3,936,1188.28,15.57
3,937,1188.28,15.57
3,938,1188.28,15.57
3,939,1367.82,15.33
3,942,1363.41,20.56
3,943,1365.44,20.57
3,944,1335.81,20.44
3,945,1329.11,20.42
3,946,1309.57,20.33
3,947,1225.44,19.89
3,948,1215.92,19.85
3,949,1190.94,19.75
3,950,1170.98,19.66
3,951,1224.54,19.37
3,952,1104.1,19.15
3,953,1104.1,19.15
3,954,1054.2,18.85
3,955,1051.09,18.78
3,956,1096.03,19.81
3,957,1100.29,19.91
3,958,1104.26,20
3,959,1116.8,18.67
3,960,1107.86,18.59
3,961,1098.91,18.52
3,962,1107.16,18.45
3,963,1126.06,18.53
3,964,1144.54,18.61
3,965,1155.21,18.48
3,966,1153.33,18.5
3,967,1185.49,18.52
3,968,1184.88,18.49
3,969,1211.76,18.6
3,970,1238.39,18.71
3,971,1233.27,18.3
3,972,1233.84,18.3
3,973,1267.69,18.44
3,974,1291.1,18.54
3,975,1268,18.35
3,976,1256.35,17.64
3,977,1310.29,17.86
3,978,1296.64,17.8
3,979,1302.96,17.83
3,980,1446.41,18.43
3,981,1392.91,18.2
3,982,1382.03,18.16
3,983,1354.16,18.04
3,984,1399.25,18.23
3,985,1411.34,18.28
3,986,1437.56,18.39
3,987,1456.14,18.46
3,988,1464.61,18.5
3,989,1464.61,18.5
3,990,1510.81,18.69
3,991,1537.72,18.8
3,992,1577.26,18.97
3,993,1577.26,18.97
3,994,1324.94,18.93
3,995,1188.28,15.57
3,996,1188.28,15.57
3,997,1188.28,15.57
3,998,1188.28,15.57
3,999,1295.92,15.03
3,1002,1390.99,20.67
3,1003,1379.27,20.62
3,1004,1350.28,20.5
3,1005,1353.26,20.52
3,1006,1261.55,20.04
3,1007,1242.4,19.96
3,1008,1232.23,19.92
3,1009,1203.28,19.8
3,1010,1214.02,19.32
3,1011,1222.54,19.36
3,1012,1245.81,19.46
3,1013,1150.87,19.06
3,1014,1099.95,18.85
3,1015,1075.4,18.75
3,1016,1050.7,18.64
3,1017,1102.66,19.96
3,1018,1106.64,20.06
3,1019,1126.87,20.23
3,1020,1098.88,18.52
3,1021,1089.93,18.44
3,1022,1093.31,18.39
3,1023,1120.46,18.51
3,1024,1128.29,18.64
3,1025,1141.78,18.4
3,1026,1147.12,18.39
3,1027,1152.4,18.35
3,1028,1175.24,18.23
3,1029,1189.73,18.2
3,1030,1204.92,18.27
3,1031,1197.14,18.15
3,1032,1211.25,18.21
3,1033,1272.59,18.37
3,1034,1248.37,18.27
3,1035,1254.85,18.3
3,1036,1249.84,17.61
3,1037,1279.96,17.73
3,1038,1245.84,17.59
3,1039,1478.78,18.56
3,1040,1467.07,18.51
3,1041,1376.11,18.13
3,1042,1354.93,18.05
3,1043,1341.2,17.99
3,1044,1387.59,18.18
3,1045,1402.48,18.24
3,1046,1423.02,18.33
3,1047,1441.85,18.4
3,1048,1445.15,18.42
3,1049,1456.14,18.46
3,1050,1464.61,18.5
3,1051,1324.94,18.93
3,1052,1324.94,18.93
3,1053,1324.94,18.93
3,1054,1324.94,18.93
3,1055,1188.28,15.57
3,1056,1188.28,15.57
3,1057,1188.28,15.57
3,1058,1188.28,15.57
3,1059,1285.35,14.99
3,1060,1290.96,15.01
3,1061,1295.92,15.03
3,1062,1313.03,15.11
3,1063,1321.71,15.14
3,1064,1328.15,15.17
3,1065,1353.12,15.27
3,1066,1374.98,15.36
3,1067,1397.62,15.46
3,1068,1337.97,15.21
3,1069,1358.3,15.29
3,1070,1374.61,15.36
3,1071,1356.35,15.29
3,1072,1367.64,15.33
3,1073,1386.92,15.41
3,1074,1402.58,15.48
3,1075,1418.24,15.54
3,1076,1433.9,15.61
3,1077,1361.47,15.43
3,1078,1361.47,15.43
3,1079,1371.81,15.47
3,1082,1404.81,20.64
3,1083,1387.52,20.57
3,1084,1358.71,20.45
3,1085,1343.23,20.38
3,1086,1274.61,20.1
3,1087,1255.3,20.02
3,1088,1254.01,20.01
3,1089,1226.01,19.37
3,1090,1224.5,19.37
3,1091,1194.25,19.24
3,1092,1155.17,19.08
3,1093,1129.92,18.97
3,1094,1104.63,18.87
3,1095,1089.06,18.73
3,1096,1066.03,18.64
3,1097,1038.55,18.48
3,1098,1109.01,20.11
3,1099,1126.87,20.23
3,1100,1116.9,20.3
3,1101,1061.61,18.26
3,1102,1080.66,18.34
3,1103,1096.19,18.51
3,1104,1129.56,18.26
3,1105,1131.04,18.26
3,1106,1121.9,18.24
3,1107,1143.25,18.09
3,1108,1155.17,18.12
3,1109,1162.19,18.09
3,1110,1164.2,18.07
3,1111,1179.91,18.08
3,1112,1207.91,18.1
3,1113,1208.2,18.11
3,1114,1222.3,18.16
3,1115,1214.01,17.46
3,1116,1245.38,17.59
3,1117,1287.14,17.76
3,1118,1236.55,17.55
3,1119,1223.17,17.5
3,1120,1245.19,17.59
3,1121,1270.53,17.69
3,1122,1329.97,17.94
3,1123,1357.13,18.06
3,1124,1372.56,18.12
3,1125,1382.62,18.16
3,1126,1422.16,18.32
3,1127,1425.67,18.34
3,1128,1445.15,18.42
3,1129,1445.15,18.42
3,1130,1324.94,18.93
3,1131,1324.94,18.93
3,1132,1324.94,18.93
3,1133,1324.94,18.93
3,1134,1324.94,18.93
3,1135,1188.28,15.57
3,1136,1188.28,15.57
3,1137,1188.28,15.57
3,1138,1188.28,15.57
3,1139,1188.28,15.57
3,1140,1278.37,14.96
3,1141,1285.35,14.99
3,1142,1291.91,15.02
3,1143,1302.31,15.06
3,1144,1321.01,15.14
3,1145,1342.62,15.23
3,1146,1366.54,15.33
3,1147,1311.31,15.1
3,1148,1325.95,15.16
3,1149,1346.62,15.25
3,1150,1325.81,15.16
3,1151,1337.5,15.21
3,1152,1348.95,15.26
3,1153,1360.23,15.3
3,1154,1371.51,15.35
3,1155,1402.29,15.48
3,1156,1417.95,15.54
3,1157,1352.44,15.39
3,1158,1352.44,15.39
3,1159,1361.47,15.43
3,1162,1532.15,21.26
3,1163,1396.14,20.6
3,1164,1358.31,20.44
3,1165,1306.62,20.23
3,1166,1287.03,20.15
3,1167,1275.87,20.1
3,1168,1276.53,20.1
3,1169,1226.01,19.37
3,1170,1226.01,19.37
3,1171,1188.75,19.22
3,1172,1160.47,19.1
3,1173,1161.15,19.03
3,1174,1136.94,18.93
3,1175,1100.8,18.78
3,1176,1075.78,18.68
3,1177,1066.15,18.49
3,1178,1048.55,18.42
3,1179,1028.25,18.24
3,1180,1119.32,20.36
3,1181,1048.48,18.21
3,1182,1064.09,18.37
3,1183,1087.24,18.18
3,1184,1095.69,18.16
3,1185,1088.42,18.09
3,1186,1112.64,18.19
3,1187,1123.26,17.98
3,1188,1134.01,17.97
3,1189,1139.23,17.96
3,1190,1144.09,17.93
3,1191,1159.62,17.99
3,1192,1176.08,18
3,1193,1186.96,18.02
3,1194,1190.36,18.03
3,1195,1193.46,17.37
3,1196,1237.19,17.56
3,1197,1260.71,17.65
3,1198,1195.26,17.38
3,1199,1221.9,17.49
3,1200,1246.38,17.59
3,1201,1293.08,17.79
3,1202,1306.21,17.84
3,1203,1334.32,17.96
3,1204,1353.82,18.04
3,1205,1366.6,18.09
3,1206,1377.47,18.14
3,1207,1422.16,18.32
3,1208,1425.67,18.34
3,1209,1324.94,18.93
3,1210,1324.94,18.93
3,1211,1324.94,18.93
3,1212,1324.94,18.93
3,1213,1324.94,18.93
3,1214,1324.94,18.93
3,1215,1188.28,15.57
3,1216,1188.28,15.57
3,1217,1188.28,15.57
3,1218,1188.28,15.57
3,1219,1188.28,15.57
3,1220,1233.75,14.78
3,1221,1268.92,14.92
3,1222,1272.9,14.94
3,1223,1289.35,15.01
3,1224,1310.21,15.09
3,1225,1332.12,15.19
3,1226,1283.05,14.98
3,1227,1294.58,15.03
3,1228,1305.7,15.08
3,1229,1294.77,15.03
3,1230,1306.92,15.08
3,1231,1319.03,15.13
3,1232,1330.73,15.18
3,1233,1342.42,15.23
3,1234,1352.83,15.27
3,1235,1364.11,15.32
3,1236,1274.92,15.07
3,1237,1277.4,15.08
3,1238,1352.44,15.39
3,1239,1352.44,15.39
3,1242,1394.58,20.6
3,1243,1385.04,20.56
3,1244,1338.64,20.36
3,1245,1329.05,20.32
3,1246,1299.45,20.2
3,1247,1296.98,20.19
3,1248,1300.25,19.68
3,1249,1271.36,19.56
3,1250,1231.56,19.4
3,1251,1211.3,19.31
3,1252,1194.85,19.17
3,1253,1165.82,19.05
3,1254,1142.13,18.95
3,1255,1140.85,18.8
3,1256,1099.27,18.63
3,1257,1079.67,18.55
3,1258,1066.18,18.49
3,1259,1040.87,18.2
3,1260,1027.1,18.12
3,1261,1028.6,18.21
3,1262,1049.43,18.35
3,1263,1066.17,18.49
3,1264,1056.57,17.97
3,1265,1084.49,18.07
3,1266,1106.48,18.35
3,1267,1105.52,18.34
3,1268,1107.24,17.83
3,1269,1119.14,17.85
3,1270,1138.64,17.9
3,1271,1135.76,17.84
3,1272,1154.39,17.88
3,1273,1177.24,17.98
3,1274,1179.65,17.32
3,1275,1179.98,17.32
3,1276,1185.01,17.34
3,1277,1187.04,17.35
3,1278,1178.16,17.31
3,1279,1242.97,17.58
3,1280,1253.84,17.62
3,1281,1284.11,17.75
3,1282,1321.3,17.9
3,1283,1324.76,17.92
3,1284,1331.8,17.95
3,1285,1306.95,18.52
3,1286,1306.95,18.52
3,1287,1320.56,18.58
3,1288,1320.56,18.58
3,1289,1296.9,18.82
3,1290,1324.94,18.93
3,1291,1324.94,18.93
3,1292,1324.94,18.93
3,1293,1324.94,18.93
3,1294,1324.94,18.93
3,1295,1188.28,15.57
3,1296,1188.28,15.57
3,1297,1188.28,15.57
3,1298,1188.28,15.57
3,1299,1188.28,15.57
3,1300,1223.92,14.73
3,1301,1233.75,14.78
3,1302,1251.88,14.85
3,1303,1270.49,14.93
3,1304,1299.25,15.05
3,1305,1260.7,14.89
3,1306,1260.7,14.89
3,1307,1276.63,14.95
3,1308,1288.55,15
3,1309,1277.01,14.96
3,1310,1283.69,14.98
3,1311,1314.81,15.11
3,1312,1314.81,15.11
3,1313,1323.95,15.15
3,1314,1335.65,15.2
3,1315,1248.87,14.96
3,1316,1249.71,14.96
3,1317,1274.92,15.07
3,1318,1277.4,15.08
3,1319,1319.6,15.25
3,1322,1387.24,20.57
3,1323,1370.68,20.5
3,1324,1355.42,20.43
3,1325,1346.69,20.4
3,1326,1321.81,20.29
3,1327,1320.81,20.29
3,1328,1286.97,19.63
3,1329,1265.49,19.54
3,1330,1254.46,19.49
3,1331,1225.33,19.3
3,1332,1190.58,19.15
3,1333,1175.62,19.09
3,1334,1156.64,18.87
3,1335,1135.41,18.78
3,1336,1111.05,18.68
3,1337,1103.1,18.64
3,1338,1122.72,18.72
3,1339,1051.04,18.26
3,1340,1064.7,18.33
3,1341,1027.83,18
3,1342,1034.97,18.36
3,1343,1021.17,17.81
3,1344,1043.85,17.9
3,1345,1087.97,18.09
3,1346,1073.43,18.21
3,1347,1103.23,18.33
3,1348,1093.06,17.74
3,1349,1098.25,17.74
3,1350,1103.58,17.7
3,1351,1118.15,17.73
3,1352,1140.79,17.82
3,1353,1183.47,18
3,1354,1146.99,17.18
3,1355,1155.76,17.22
3,1356,1164.21,17.25
3,1357,1149.03,17.19
3,1358,1162.03,17.24
3,1359,1255.69,17.63
3,1360,1240.01,17.57
3,1361,1259.92,17.65
3,1362,1272.41,17.7
3,1363,1298.19,17.81
3,1364,1297.1,18.48
3,1365,1306.95,18.52
3,1366,1320.56,18.58
3,1367,1320.56,18.58
3,1368,1331.32,18.62
3,1369,1296.84,18.82
3,1370,1322.34,18.92
3,1371,1324.94,18.93
3,1372,1324.94,18.93
3,1373,1324.94,18.93
3,1374,1324.94,18.93
3,1375,1153.92,15.42
3,1376,1188.28,15.57
3,1377,1188.28,15.57
3,1378,1188.28,15.57
3,1379,1185.54,15.56
3,1380,1211.8,14.68
3,1381,1220.21,14.72
3,1382,1237.59,14.79
3,1383,1270.49,14.93
3,1384,1270.49,14.93
3,1385,1232.65,14.77
3,1386,1244.98,14.82
3,1387,1255.49,14.87
3,1388,1252.05,14.85
3,1389,1256.43,14.87
3,1390,1261.96,14.89
3,1391,1269.75,14.93
3,1392,1314.81,15.11
3,1393,1314.81,15.11
3,1394,1317.18,15.12
3,1395,1241.52,14.93
3,1396,1248.17,14.96
3,1397,1251.09,14.97
3,1398,1273.53,15.06
3,1399,1279.23,15.09
3,1401,1396.52,20.62
3,1402,1397.99,20.63
3,1403,1410.15,20.69
3,1404,1367.06,20.48
3,1405,1362.27,20.46
3,1406,1342.14,20.38
3,1407,1342.48,20.38
3,1408,1300.72,19.61
3,1409,1278.87,19.52
3,1410,1257.49,19.43
3,1411,1246.71,19.39
3,1412,1212.92,19.25
3,1413,1192.88,19.16
3,1414,1173.06,18.93
3,1415,1146.23,18.82
3,1416,1124.63,18.73
3,1417,1160.75,18.88
3,1418,1125.67,18.41
3,1419,1081.33,18.43
3,1420,1058.73,18.13
3,1421,1045.71,18.08
3,1422,1009.17,17.79
3,1423,1005.21,17.69
3,1424,1059.66,18.15
3,1425,1039.87,18.07
3,1426,1070.63,18.2
3,1427,1087.46,18.46
3,1428,1092,18.48
3,1429,1071.34,17.57
3,1430,1082.26,17.58
3,1431,1097.08,17.58
3,1432,1107.14,17.57
3,1433,1098.57,17.53
3,1434,1123.82,17.08
3,1435,1148.13,17.18
3,1436,1125.54,17.09
3,1437,1140.98,17.15
3,1438,1170.37,17.28
3,1439,1192.79,17.37
3,1440,1216.12,17.47
3,1441,1247.34,17.6
3,1442,1268.39,17.68
3,1443,1288.07,17.76
3,1444,1278.83,18.4
3,1445,1300.42,18.49
3,1446,1320.56,18.58
3,1447,1331.57,18.62
3,1448,1299.16,18.83
3,1449,1290.36,18.79
3,1450,1300.51,18.83
3,1451,1324.94,18.93
3,1452,1324.94,18.93
3,1453,1324.94,18.93
3,1454,1133.67,15.34
3,1455,1152.08,15.42
3,1456,1153.92,15.42
3,1457,1170.86,15.49
3,1458,1179.83,15.53
3,1459,1185.71,14.58
3,1460,1187.75,14.58
3,1461,1203.97,14.65
3,1462,1216.51,14.7
3,1463,1270.49,14.93
3,1464,1236.47,14.79
3,1465,1230.71,14.76
3,1466,1227.58,14.75
3,1467,1243.24,14.82
3,1468,1222.33,14.73
3,1469,1234.66,14.78
3,1470,1243.8,14.82
3,1471,1245.17,14.82
3,1472,1245.17,14.82
3,1473,1245.17,14.82
3,1474,1212.05,14.81
3,1475,1216.89,14.83
3,1476,1217.92,14.83
3,1477,1243.27,14.94
3,1478,1252.47,14.97
3,1479,1269.83,15.05
3,1481,1399.14,20.63
3,1482,1407.92,20.68
3,1483,1422.84,20.76
3,1484,1436.61,20.84
3,1485,1444.36,20.88
3,1486,1362.22,20.46
3,1487,1364.44,20.47
3,1488,1300.72,19.61
3,1489,1290.28,19.57
3,1490,1280.99,19.53
3,1491,1234.37,19.34
3,1492,1244.07,19.38
3,1493,1202.95,19.06
3,1494,1203.8,19.06
3,1495,1215.88,19.11
3,1496,1203.59,19.06
3,1497,1187.16,18.99
3,1498,1124.91,18.41
3,1499,1101.49,18.31
3,1500,1078.33,18.21
3,1501,1090.31,18.26
3,1502,1006.74,17.73
3,1503,1002.79,17.64
3,1504,998.84,17.54
3,1505,1022.57,18.06
3,1506,1062.62,18.36
3,1507,1059.97,18.35
3,1508,1086.53,18.51
3,1509,1073.86,17.55
3,1510,1062.39,17.47
3,1511,1076.42,17.44
3,1512,1077.48,17.45
3,1513,1079,17.42
3,1514,1102.57,16.99
3,1515,1123.57,17.08
3,1516,1101.61,16.99
3,1517,1159.91,17.23
3,1518,1160.65,17.24
3,1519,1188.03,17.35
3,1520,1185.17,17.34
3,1521,1216.03,17.47
3,1522,1236.71,17.55
3,1523,1247.97,18.28
3,1524,1257.02,18.31
3,1525,1289.09,18.45
3,1526,1329.08,18.95
3,1527,1310.84,18.88
3,1528,1285.45,18.77
3,1529,1277.8,18.74
3,1530,1296.18,18.81
3,1531,1316.1,18.9
3,1532,1324.94,18.93
3,1533,1324.94,18.93
3,1534,1131.55,15.33
3,1535,1131.55,15.33
3,1536,1133.73,15.34
3,1537,1149.55,15.41
3,1538,1162.34,15.46
3,1539,1175.13,14.53
3,1540,1171.7,14.52
3,1541,1168.31,14.5
3,1542,1197.05,14.62
3,1543,1236.47,14.79
3,1544,1236.47,14.79
3,1545,1236.47,14.79
3,1546,1202.56,14.65
3,1547,1189.36,14.59
3,1548,1203.63,14.65
3,1549,1218.22,14.71
3,1550,1228.69,14.75
3,1551,1228.69,14.75
3,1552,1228.69,14.75
3,1553,1228.69,14.75
3,1554,1169.6,14.63
3,1555,1192.15,14.72
3,1556,1212.49,14.81
3,1557,1219.64,14.84
3,1558,1240.08,14.92
3,1559,1253.84,14.98
3,1561,1405.68,20.67
3,1562,1421.44,20.76
3,1563,1435.69,20.83
3,1564,1450.24,20.92
3,1565,1455.71,20.95
3,1566,1386.45,20.56
3,1567,1386.85,20.56
3,1568,1387.26,20.57
3,1569,1310.66,19.51
3,1570,1301.41,19.47
3,1571,1258.25,19.29
3,1572,1238.99,19.21
3,1573,1227.61,19.16
3,1574,1244.73,19.23
3,1575,1231.79,19.18
3,1576,1207.7,19.08
3,1577,1182.3,18.65
3,1578,1165.66,18.58
3,1579,1108.02,18.34
3,1580,1100.75,18.31
3,1581,1090.31,18.26
3,1582,1090.31,18.26
3,1583,1000.71,17.59
3,1584,1019.58,17.51
3,1585,1005.67,17.45
3,1586,988.53,17.3
3,1587,1051.52,18.36
3,1588,1061.24,18.51
3,1589,1084.52,17.54
3,1590,1044.29,17.35
3,1591,1047.63,17.32
3,1592,1057.27,17.33
3,1593,1082.17,17.05
3,1594,1081.61,16.91
3,1595,1108.19,17.02
3,1596,1081.09,16.91
3,1597,1109.54,17.02
3,1598,1134.5,17.13
3,1599,1159.94,17.23
3,1600,1192.74,17.37
3,1601,1196.94,17.38
3,1602,1210.4,18.12
3,1603,1224.54,18.18
3,1604,1266.54,18.35
3,1605,1273.37,18.38
3,1606,1316.35,18.9
3,1607,1302.74,18.84
3,1608,1275.49,18.73
3,1609,1264.36,18.68
3,1610,1282.4,18.76
3,1611,1306.42,18.86
3,1612,1322.62,18.92
3,1613,1324.94,18.93
3,1614,1130.03,15.32
3,1615,1130.03,15.32
3,1616,1125.08,15.3
3,1617,1120.15,15.28
3,1618,1135.69,15.35
3,1619,1156.03,15.43
3,1620,1148.34,14.42
3,1621,1149.22,14.42
3,1622,1150.11,14.43
3,1623,1181.02,14.56
3,1624,1181.02,14.56
3,1625,1181.02,14.56
3,1626,1173.82,14.53
3,1627,1177.56,14.54
3,1628,1187.33,14.58
3,1629,1205.57,14.66
3,1630,1214.11,14.69
3,1631,1227.5,14.75
3,1632,1228.69,14.75
3,1633,1054.3,14.28
3,1634,1166.82,14.62
3,1635,1170.65,14.63
3,1636,1192.15,14.72
3,1637,1210.63,14.8
3,1638,1221.35,14.84
3,1639,1231.66,14.89
3,1641,1663.35,21.48
3,1642,1434.29,20.83
3,1643,1450.55,20.92
3,1644,1455.71,20.95
3,1645,1455.71,20.95
3,1646,1408.57,20.65
3,1647,1408.98,20.66
3,1648,1409.39,20.66
3,1649,1332.68,19.6
3,1650,1288.15,19.41
3,1651,1269.57,19.34
3,1652,1240.9,19.22
3,1653,1276.96,19.37
3,1654,1259.05,19.29
3,1655,1287.79,19.09
3,1656,1246.69,18.91
3,1657,1164.47,18.57
3,1658,1142.96,18.48
3,1659,1127.55,18.42
3,1660,1123.51,18.4
3,1661,1090.31,18.26
3,1662,1090.31,18.26
3,1663,1019.58,17.51
3,1664,1019.58,17.51
3,1665,1019.58,17.51
3,1666,1003.44,17.3
3,1667,1009.2,17.33
3,1668,1039.22,18.45
3,1669,1075.2,17.44
3,1670,1052.51,17.34
3,1671,1026.52,17.2
3,1672,1040.39,17.26
3,1673,1048.94,16.89
3,1674,1050.35,16.78
3,1675,1049.29,16.77
3,1676,1080.43,16.9
3,1677,1106.76,17.01
3,1678,1124.69,17.08
3,1679,1142.4,17.16
3,1680,1163.24,17.24
3,1681,1193.77,17.37
3,1682,1188.79,18.03
3,1683,1182.97,18
3,1684,1177.14,17.98
3,1685,1272.27,18.38
3,1686,1314.72,18.89
3,1687,1293.12,18.8
3,1688,1233.85,18.55
3,1689,1246.36,18.61
3,1690,1258.88,18.66
3,1691,1303.52,18.85
3,1692,1309.86,18.87
3,1693,1083.9,15.13
3,1694,1086.38,15.14
3,1695,1089.32,15.15
3,1696,1098.34,15.19
3,1697,1107.75,15.23
3,1698,1130.99,15.33
3,1699,1143.92,15.38
3,1700,1126.6,14.33
3,1701,1129.51,14.34
3,1702,1132.41,14.35
3,1703,1179.2,14.55
3,1704,1168.6,14.5
3,1705,1160.99,14.47
3,1706,1151.18,14.43
3,1707,1155.04,14.45
3,1708,1164.52,14.49
3,1709,1164.69,14.49
3,1710,1207.08,14.66
3,1711,1210,14.68
3,1712,1054.3,14.28
3,1713,1054.3,14.28
3,1714,1138.39,14.5
3,1715,1163.12,14.6
3,1716,1171.09,14.64
3,1717,1189.7,14.71
3,1718,1202.07,14.76
3,1719,1223.07,14.85
3,1721,1655.13,21.41
3,1722,1645.22,21.32
3,1723,1455.71,20.95
3,1724,1455.71,20.95
3,1725,1455.71,20.95
3,1726,1426.63,20.73
3,1727,1431.4,20.75
3,1728,1366.01,19.74
3,1729,1348.59,19.67
3,1730,1343.7,19.65
3,1731,1273.09,19.35
3,1732,1336.62,19.29
3,1733,1294.62,19.11
3,1734,1281.18,19.06
3,1735,1245.39,18.91
3,1736,1193.29,18.69
3,1737,1175.6,18.62
3,1738,1157.25,18.54
3,1739,1150.34,18.51
3,1740,1176.16,18.62
3,1741,1176.16,18.62
3,1742,1176.16,18.62
3,1743,1019.58,17.51
3,1744,1040.81,17.46
3,1745,1033.04,17.43
3,1746,1019.73,17.37
3,1747,1028.09,17.41
3,1748,1023.14,17.18
3,1749,1045.61,18.6
3,1750,987.38,17.02
3,1751,1006.01,17.1
3,1752,1027.44,16.81
3,1753,1024.84,16.76
3,1754,1046.92,16.76
3,1755,1032.71,16.7
3,1756,1083.09,16.91
3,1757,1083.69,16.91
3,1758,1109.54,17.02
3,1759,1139.46,17.14
3,1760,1136.29,17.62
3,1761,1135.15,17.62
3,1762,1166.12,17.93
3,1763,1161.02,17.91
3,1764,1149.51,17.87
3,1765,1177.14,17.98
3,1766,1190.32,18.37
3,1767,1202.34,18.42
3,1768,1215.86,18.48
3,1769,1228.57,18.53
3,1770,1234.95,18.59
3,1771,1234.95,18.59
3,1772,1234.95,18.59
3,1773,1073.84,15.09
3,1774,1073.84,15.09
3,1775,1073.84,15.09
3,1776,1076.95,15.1
3,1777,1090.49,15.16
3,1778,1109.56,15.24
3,1779,1100.02,14.22
3,1780,1108.59,14.25
3,1781,1119.3,14.3
3,1782,1067.88,14.08
3,1783,1139.07,14.38
3,1784,1139.07,14.38
3,1785,1137.57,14.37
3,1786,1130.46,14.35
3,1787,1133.99,14.36
3,1788,1150.08,14.43
3,1789,1164.52,14.49
3,1790,1164.52,14.49
3,1791,1054.3,14.28
3,1792,1054.3,14.28
3,1793,1054.3,14.28
3,1794,1135.92,14.49
3,1795,1139.04,14.5
3,1796,1163.09,14.6
3,1797,1174.23,14.65
3,1798,1181.58,14.68
3,1799,1118.74,13.81
3,1801,1646.92,21.34
3,1802,1637.34,21.26
3,1803,1627.57,21.18
3,1804,1455.71,20.95
3,1805,1436.29,20.77
3,1806,1439.12,20.78
3,1807,1427.06,19.99
3,1808,1379.82,19.8
3,1809,1360.99,19.72
3,1810,1347.49,19.66
3,1811,1332.65,19.27
3,1812,1332.05,19.27
3,1813,1332,19.27
3,1814,1260.51,18.97
3,1815,1235.3,18.87
3,1816,1217.84,18.79
3,1817,1188.48,18.67
3,1818,1209.9,18.76
3,1819,1174.21,18.61
3,1820,1176.16,18.62
3,1821,1176.16,18.62
3,1822,1083.59,17.64
3,1823,1073.45,17.59
3,1824,1063.3,17.55
3,1825,1053.15,17.51
3,1826,1045.5,17.48
3,1827,1018.02,17.16
3,1828,1003.33,17.1
3,1829,974.02,16.93
3,1830,965.49,16.75
3,1831,980.16,17.1
3,1832,1002.58,17.31
3,1833,1009.23,16.66
3,1834,1000.73,16.57
3,1835,1017.8,16.64
3,1836,1045.53,16.75
3,1837,1076.42,16.88
3,1838,1106.68,17.01
3,1839,1137.9,17.63
3,1840,1116.98,17.54
3,1841,1117.65,17.55
3,1842,1129.91,17.78
3,1843,1143.11,17.84
3,1844,1172.38,17.96
3,1845,1177.14,17.98
3,1846,1174.08,18.31
3,1847,1184.76,18.35
3,1848,1195.89,18.41
3,1849,1234.95,18.59
3,1850,1230.26,18.57
3,1851,1243.68,18.67
3,1852,1243.68,18.67
3,1853,1059.19,15.03
3,1854,1058.64,15.03
3,1855,1055.09,15.01
3,1856,1050.78,14.99
3,1857,1074.65,15.09
3,1858,1093.45,15.17
3,1859,1078.72,14.13
3,1860,1087.59,14.17
3,1861,1067.88,14.08
3,1862,1067.88,14.08
3,1863,1048.48,14
3,1864,1127.99,14.33
3,1865,1113.94,14.28
3,1866,1106.21,14.24
3,1867,1115.66,14.28
3,1868,1120.99,14.31
3,1869,1133.99,14.36
3,1870,1054.3,14.28
3,1871,1054.3,14.28
3,1872,1054.3,14.28
3,1873,1054.3,14.28
3,1874,1054.3,14.28
3,1875,1127.81,14.45
3,1876,1139.69,14.5
3,1877,1155.03,14.57
3,1878,1175.85,14.66
3,1879,1103.53,13.74
3,1880,1120.14,13.81
3,1881,1136.56,13.88
3,1882,1104.73,13.89
3,1883,1084.69,13.81
3,1884,1091.35,13.86
3,1885,1136.89,14.08
3,1886,1160.05,14.18
3,1887,1184.79,14.28
3,1888,1262.25,14.61
3,1891,1638.77,21.27
3,1892,1629,21.19
3,1893,1619.23,21.11
3,1894,1609.46,21.03
3,1895,1432.21,20.01
3,1896,1413.01,19.93
3,1897,1403.4,19.89
3,1898,1405.38,19.9
3,1899,1377.64,19.79
3,1900,1366.38,19.41
3,1901,1366.38,19.41
3,1902,1332.65,19.27
3,1903,1297.52,19.13
3,1904,1273.36,19.03
3,1905,1231.42,18.85
3,1906,1211.29,18.77
3,1907,1221.63,18.81
3,1908,1223.96,18.82
3,1909,1195.53,18.7
3,1910,1195.53,18.7
3,1911,1239.36,18.11
3,1912,1210.34,17.99
3,1913,1085.9,17.65
3,1914,1082.54,17.63
3,1915,1072.4,17.59
3,1916,1030.98,17.24
3,1917,1009.85,17.15
3,1918,993.18,17.06
3,1919,992.95,17.12
3,1920,1023.05,17.33
3,1921,959.13,16.6
3,1922,986.53,17.25
3,1923,969.41,16.44
3,1924,981.5,16.49
3,1925,1025.17,16.67
3,1926,1055.08,16.79
3,1927,1045.32,17.08
3,1928,1043.58,17.08
3,1929,1117.59,17.55
3,1930,1094.53,17.45
3,1931,1118.5,17.55
3,1932,1117.51,17.73
3,1933,1134.68,17.8
3,1934,1163.74,17.92
3,1935,1177.14,17.98
3,1936,1154.17,18.22
3,1937,1166.64,18.27
3,1938,1208.63,18.48
3,1939,1226.91,18.58
3,1940,1243.68,18.67
3,1941,1243.68,18.67
3,1942,1243.68,18.67
3,1943,1021.11,14.87
3,1944,1021.11,14.87
3,1945,1025.11,14.89
3,1946,1036.95,14.94
3,1947,1050.04,14.99
3,1948,1067.18,15.06
3,1949,1057.73,14.04
3,1950,1070.67,14.1
3,1951,1067.88,14.08
3,1952,1048.48,14
3,1953,1048.48,14
3,1954,1064.52,14.07
3,1955,1077.24,14.12
3,1956,1085.73,14.16
3,1957,1090.15,14.18
3,1958,1115.28,14.28
3,1959,1115.28,14.28
3,1960,1054.3,14.28
3,1961,1054.3,14.28
3,1962,1054.3,14.28
3,1963,1054.3,14.28
3,1964,1054.3,14.28
3,1965,1108.59,14.37
3,1966,1118.12,14.41
3,1967,1146.88,14.53
3,1968,1074.32,13.62
3,1969,1088.32,13.68
3,1970,1104.93,13.75
3,1971,1121.54,13.82
3,1972,1055.21,13.66
3,1973,1067.37,13.73
3,1974,1080.1,13.8
3,1975,1164.27,14.2
3,1976,1173.82,14.24
3,1977,1197.94,14.34
3,1978,1247.09,14.54
3,1981,1630.43,21.2
3,1982,1620.66,21.12
3,1983,1610.89,21.04
3,1984,1601.12,20.96
3,1985,1441.29,20.05
3,1986,1435.04,20.03
3,1987,1429.2,20
3,1988,1422.05,19.97
3,1989,1416.21,19.95
3,1990,1373.27,19.44
3,1991,1359.87,19.39
3,1992,1326.39,19.25
3,1993,1307.64,19.17
3,1994,1289.95,19.09
3,1995,1296.14,19.12
3,1996,1296.14,19.12
3,1997,1253.92,18.94
3,1998,1221.54,18.81
3,1999,1225.26,18.82
3,2000,1240.66,18.12
3,2001,1213.41,18
3,2002,1207.17,17.98
3,2003,1116.35,17.6
3,2004,1104.17,17.55
3,2005,1074.94,17.42
3,2006,1042.13,17.29
3,2007,1020.46,17.2
3,2008,1001.51,17.15
3,2009,987.31,17.15
3,2010,1026.22,17.34
3,2011,974.88,16.6
3,2012,960,16.51
3,2013,992.87,17.4
3,2014,954.29,16.44
3,2015,958.25,16.53
3,2016,1042.5,17.07
3,2017,1023.31,16.99
3,2018,1130.83,17.6
3,2019,1130.83,17.6
3,2020,1072.84,17.36
3,2021,1093.72,17.63
3,2022,1093.59,17.63
3,2023,1139.35,17.82
3,2024,1151.17,17.87
3,2025,1123.39,18.09
3,2026,1136.5,18.15
3,2027,1169.79,18.81
3,2028,1160.04,18.75
3,2029,1236.27,18.63
3,2030,1243.68,18.67
3,2031,1170.83,18.81
3,2032,1170.83,18.81
3,2033,1013.14,14.84
3,2034,1011.84,14.83
3,2035,1009.08,14.82
3,2036,1015.59,14.85
3,2037,1044.77,14.97
3,2038,1062.11,15.04
3,2039,1096.76,14.2
3,2040,1041.06,13.97
3,2041,1041.76,13.98
3,2042,1048.48,14
3,2043,1048.48,14
3,2044,1038.22,13.96
3,2045,1063.47,14.07
3,2046,1057.73,14.04
3,2047,1074.15,14.11
3,2048,1082.6,14.15
3,2049,1090.15,14.18
3,2050,1054.3,14.28
3,2051,1054.01,14.28
3,2052,1051.59,14.26
3,2053,1049.1,14.24
3,2054,1078.71,14.25
3,2055,1089.67,14.3
3,2056,1095.96,14.32
3,2057,1067.8,13.59
3,2058,1056.51,13.55
3,2059,1073.11,13.62
3,2060,1089.72,13.69
3,2061,1031.06,13.53
3,2062,1043.56,13.6
3,2063,1055.73,13.67
3,2064,1067.89,13.73
3,2065,1164.27,14.2
3,2066,1186.17,14.29
3,2067,1242.38,14.33
3,2068,1231.94,14.48
3,2071,1622.09,21.13
3,2072,1612.32,21.05
3,2073,1602.55,20.97
3,2074,1592.64,20.89
3,2075,1582.8,20.8
3,2076,1455.81,20.11
3,2077,1449.56,20.09
3,2078,1443.31,20.06
3,2079,1373.27,19.44
3,2080,1373.27,19.44
3,2081,1358.02,19.38
3,2082,1356.66,19.37
3,2083,1381.41,19.48
3,2084,1382.07,19.48
3,2085,1296.14,19.12
3,2086,1295.26,19.12
3,2087,1273.26,19.02
3,2088,1241.27,18.89
3,2089,1256.46,18.95
3,2090,1231.99,18.08
3,2091,1210.45,17.99
3,2092,1170.61,17.82
3,2093,1137.2,17.68
3,2094,1119.74,17.61
3,2095,1069.93,17.4
3,2096,1061.64,17.37
3,2097,1074.7,17.75
3,2098,1057.92,17.68
3,2099,992.18,17.23
3,2100,998.85,16.73
3,2101,983.75,16.65
3,2102,979.15,16.48
3,2103,973.14,16.47
3,2104,942.45,16.21
3,2105,960.69,16.59
3,2106,990.57,16.86
3,2107,1002.25,16.91
3,2108,1035.33,17.2
3,2109,1042.78,17.23
3,2110,1062.8,17.32
3,2111,1062.88,17.5
3,2112,1075.73,17.56
3,2113,1123.81,18.1
3,2114,1107.97,18.03
3,2115,1106.09,18.02
3,2116,1118.84,18.08
3,2117,1131.02,18.17
3,2118,1144.17,18.66
3,2119,1157.02,18.74
3,2120,1170.84,18.81
3,2121,1170.84,18.81
3,2122,1170.84,18.81
3,2123,961.37,14.62
3,2124,965.39,14.64
3,2125,971.58,14.66
3,2126,1008.47,14.82
3,2127,1024.41,14.88
3,2128,1015.23,13.87
3,2129,1005.96,13.83
3,2130,1008.93,13.84
3,2131,1037.44,13.96
3,2132,1039.88,13.97
3,2133,1016.25,13.87
3,2134,1018.61,13.88
3,2135,1033.15,13.94
3,2136,1048.98,14.01
3,2137,1050.59,14.01
3,2138,1051.21,14.02
3,2139,924.38,13.53
3,2140,1039.26,14.16
3,2141,1038.74,14.15
3,2142,1038.23,14.15
3,2143,1037.61,14.14
3,2144,1058,14.16
3,2145,1071.96,14.22
3,2146,1087,14.29
3,2147,1053.76,13.45
3,2148,1066.55,13.59
3,2149,1046.21,13.5
3,2150,1007.19,13.4
3,2151,1019.68,13.47
3,2152,1032.18,13.54
3,2153,1044.67,13.61
3,2154,1056.24,13.67
3,2155,1194.1,14.13
3,2156,1210.69,14.2
3,2157,1227.29,14.27
3,2158,1242.06,14.52
3,2160,1623.49,21.14
3,2161,1613.72,21.06
3,2162,1603.95,20.98
3,2163,1594.18,20.9
3,2164,1584.34,20.82
3,2165,1574.22,20.73
3,2166,1477.21,20.2
3,2167,1470.19,20.17
3,2168,1463.17,20.14
3,2169,1382.46,19.48
3,2170,1382.46,19.48
3,2171,1373.87,19.44
3,2172,1373.5,19.44
3,2173,1394.36,19.53
3,2174,1398.99,19.55
3,2175,1296.02,19.12
3,2176,1300.55,19.14
3,2177,1272.99,19.02
3,2178,1262.04,18.98
3,2179,1278.3,19.05
3,2180,1236.16,18.1
3,2181,1195.87,17.93
3,2182,1171.69,17.83
3,2183,1151.34,17.74
3,2184,1150.16,17.74
3,2185,1091.54,17.49
3,2186,1076.65,17.43
3,2187,1054.75,17.67
3,2188,1039.86,17.6
3,2189,1007.69,17.4
3,2190,1000.89,17.38
3,2191,1010.9,16.61
3,2192,989.79,16.52
3,2193,985.86,16.54
3,2194,954.71,16.18
3,2195,936.09,16.06
3,2196,967.03,16.74
3,2197,979.22,16.84
3,2198,1024.57,17.16
3,2199,1029.43,17.18
3,2200,1055.14,17.29
3,2201,1057.77,17.48
3,2202,1078.21,17.57
3,2203,1115.94,18.06
3,2204,1090.54,17.96
3,2205,1088.06,17.95
3,2206,1117.62,18.09
3,2207,1131.02,18.17
3,2208,1127.8,18.57
3,2209,1118.99,18.52
3,2210,1170.84,18.81
3,2211,1170.84,18.81
3,2212,1099.15,18.58
3,2213,952.3,14.58
3,2214,952.97,14.59
3,2215,958.03,14.61
3,2216,1006.85,14.81
3,2217,1051.36,15
3,2218,1072.15,15.08
3,2219,985.53,13.74
3,2220,987.11,13.75
3,2221,997.96,13.79
3,2222,1037.57,13.96
3,2223,982.54,13.73
3,2224,998.5,13.8
3,2225,1010.49,13.85
3,2226,1026.4,13.91
3,2227,1048.98,14.01
3,2228,924.38,13.53
3,2229,924.38,13.53
3,2230,998.59,13.92
3,2231,1032.45,14.1
3,2232,1026.76,14.05
3,2233,1026.43,14.05
3,2234,1043.46,14.1
3,2235,1060.7,14.18
3,2236,1022.45,13.32
3,2237,1038.51,13.39
3,2238,1018.4,13.39
3,2239,1008.8,13.35
3,2240,995.82,13.33
3,2241,1008.31,13.4
3,2242,1020.8,13.47
3,2243,1033.29,13.54
3,2244,1162.29,14
3,2245,1178.88,14.07
3,2246,1195.48,14.14
3,2247,1212.07,14.2
3,2248,1228.67,14.27
3,2250,1615.15,21.07
3,2251,1605.38,20.99
3,2252,1595.73,20.91
3,2253,1585.89,20.83
3,2254,1576.03,20.75
3,2255,1566.44,20.67
3,2256,1497.72,20.29
3,2257,1490.7,20.26
3,2258,1483.68,20.23
3,2259,1382.46,19.48
3,2260,1380.54,19.47
3,2261,1377.57,19.46
3,2262,1398.99,19.55
3,2263,1398.99,19.55
3,2264,1398.99,19.55
3,2265,1324.95,19.24
3,2266,1308.03,19.17
3,2267,1287.22,19.08
3,2268,1312.01,19.19
3,2269,1312.94,19.19
3,2270,1259.71,18.19
3,2271,1207.85,17.98
3,2272,1188.2,17.9
3,2273,1159.72,17.78
3,2274,1132.06,17.66
3,2275,1110.44,17.57
3,2276,1083.8,17.79
3,2277,1045.16,17.63
3,2278,1023.77,17.54
3,2279,1019.68,17.56
3,2280,1009.1,17.47
3,2281,1009.59,17.52
3,2282,1048.87,17.78
3,2283,1062.84,17.83
3,2284,954.71,16.18
3,2285,955.27,16.04
3,2286,943.4,16
3,2287,925.76,15.82
3,2288,988.2,17.01
3,2289,1018.07,17.32
3,2290,1014.29,17.3
3,2291,1045.55,17.43
3,2292,1057.1,17.48
3,2293,1119.77,18.08
3,2294,1069.52,17.87
3,2295,1070.03,17.87
3,2296,1088.54,18.27
3,2297,1085.54,18.25
3,2298,1106.39,18.45
3,2299,1108.41,18.47
3,2300,1093.37,18.38
3,2301,1099.15,18.58
3,2302,1099.15,18.58
3,2303,911.7,14.41
3,2304,924.67,14.47
3,2305,936.9,14.52
3,2306,1027.96,14.9
3,2307,1055.1,15.01
3,2308,1041.47,13.97
3,2309,985.59,13.74
3,2310,950.17,13.59
3,2311,934.76,13.53
3,2312,917.01,13.46
3,2313,976.17,13.7
3,2314,982.06,13.73
3,2315,997.17,13.79
3,2316,1007.55,13.83
3,2317,924.38,13.53
3,2318,924.38,13.53
3,2319,924.38,13.53
3,2320,978.72,13.83
3,2321,987.11,13.87
3,2322,998.59,13.92
3,2323,1008.89,13.96
3,2324,1034.25,14.07
3,2325,989.9,13.19
3,2326,1006.84,13.26
3,2327,1022.95,13.32
3,2328,998.98,13.31
3,2329,979.19,13.23
3,2330,984.44,13.27
3,2331,996.93,13.34
3,2332,1053.93,13.55
3,2333,1083.74,13.67
3,2334,1147.18,13.93
3,2335,1163.67,14
3,2336,1180.26,14.07
3,2337,1196.85,14.14
3,2338,1213.45,14.21
3,2348,1504.19,20.31
3,2349,1380.54,19.47
3,2350,1380.54,19.47
3,2351,1398.99,19.55
3,2352,1398.99,19.55
3,2353,1398.99,19.55
3,2354,1350.89,19.35
3,2355,1338.09,19.29
3,2356,1316.96,19.21
3,2357,1325.32,19.24
3,2358,1316.93,19.21
3,2359,1263.63,18.21
3,2360,1243.81,18.13
3,2361,1236.53,18.1
3,2362,1215.12,18.01
3,2363,1200.14,18.4
3,2364,1170.3,18.28
3,2365,1174.43,18.3
3,2366,1070.86,17.73
3,2367,1064.18,17.7
3,2368,1035.57,17.69
3,2369,1025.09,17.61
3,2370,1010.63,17.54
3,2371,1014.47,17.61
3,2372,1038.31,17.73
3,2373,1034.05,15.11
3,2374,986.46,16.17
3,2375,973.64,16.12
3,2376,959.81,16.1
3,2377,939.7,15.82
3,2378,919.56,15.67
3,2379,983.82,17.14
3,2380,988.32,17.24
3,2381,992.86,17.35
3,2382,1016.96,17.5
3,2383,1027.5,17.54
3,2384,1039.51,17.74
3,2385,1051.92,17.8
3,2386,1073.56,18.19
3,2387,1069.07,18.16
3,2388,1080.44,18.23
3,2389,1084.4,18.33
3,2390,1091.68,18.54
3,2391,1099.15,18.58
3,2392,1099.15,18.58
3,2393,893.95,14.34
3,2394,906.93,14.39
3,2395,1052.09,15
3,2396,1037.46,13.96
3,2397,1023.34,13.9
3,2398,1015.23,13.87
3,2399,1000.53,13.8
3,2400,930.88,13.51
3,2401,914.86,13.45
3,2402,900.1,13.39
3,2403,951.89,13.6
3,2404,964.31,13.65
3,2405,883.52,13.35
3,2406,924.38,13.53
3,2407,924.38,13.53
3,2408,924.38,13.53
3,2409,924.38,13.53
3,2410,965.12,13.78
3,2411,970.53,13.8
3,2412,978.97,13.83
3,2413,989.76,13.88
3,2414,973.41,13.12
3,2415,975.87,13.13
3,2416,991.53,13.19
3,2417,1007.34,13.26
3,2418,948.19,13.07
3,2419,960.53,13.14
3,2420,998.48,13.31
3,2421,1040.38,13.49
3,2422,1055.59,13.55
3,2423,1084.98,13.67
3,2424,1131.89,13.87
3,2425,1148.4,13.94
3,2426,1165.04,14.01
3,2427,1181.64,14.08
3,2428,1198.23,14.15
3,2429,894.73,12.52
3,2438,1564.3,20.65
3,2439,1573.76,20.73
3,2440,1504.25,19.99
3,2441,1504.25,19.99
3,2442,1504.25,19.99
3,2443,1362.51,19.4
3,2444,1362.51,19.4
3,2445,1354.47,19.36
3,2446,1393.85,19.53
3,2447,1345.61,19.33
3,2448,1345.83,19.33
3,2449,1265.49,18.22
3,2450,1266.41,18.22
3,2451,1237.73,18.1
3,2452,1193.97,18.38
3,2453,1173.47,18.29
3,2454,1143.81,18.17
3,2455,1111.73,18.03
3,2456,1086.66,17.93
3,2457,1060.96,17.82
3,2458,1056.49,17.81
3,2459,1046.1,17.81
3,2460,1042.31,17.79
3,2461,1023.98,17.69
3,2462,1016.57,15.06
3,2463,1032.81,15.11
3,2464,1004.32,16.25
3,2465,991.54,16.19
3,2466,1038.37,14.83
3,2467,1043.32,14.85
3,2468,943.93,15.65
3,2469,931.14,15.6
3,2470,909.4,15.43
3,2471,904.91,15.32
3,2472,898.15,15.22
3,2473,1008.59,17.59
3,2474,1016.26,17.7
3,2475,1023.93,17.81
3,2476,1031.69,17.91
3,2477,1053.14,18.07
3,2478,1063.4,18.22
3,2479,1079.82,18.31
3,2480,1089.02,18.53
3,2481,1098.66,18.58
3,2482,1099.15,18.58
3,2483,875.85,14.27
3,2484,899.64,14.36
3,2485,903.46,14.38
3,2486,1037.09,13.96
3,2487,998.69,13.8
3,2488,973.07,13.69
3,2489,950.59,13.6
3,2490,953.68,13.61
3,2491,895.73,13.37
3,2492,906.03,13.41
3,2493,933.74,13.53
3,2494,948.65,13.59
3,2495,883.52,13.35
3,2496,910.55,13.47
3,2497,918.93,13.5
3,2498,924.38,13.53
3,2499,924.38,13.53
3,2500,937.64,13.66
3,2501,947.97,13.71
3,2502,959.26,13.75
3,2503,968.58,13.79
3,2504,968.52,13.1
3,2505,964.42,13.08
3,2506,945.58,13
3,2507,924.06,12.94
3,2508,936.7,13.01
3,2509,949.03,13.07
3,2510,1016.62,13.39
3,2511,1036.86,13.47
3,2512,1071.45,13.62
3,2513,1092.54,13.71
3,2514,1116.61,13.81
3,2515,1133.12,13.88
3,2516,1149.63,13.94
3,2517,1166.42,14.01
3,2518,894.73,12.52
3,2519,894.73,12.52
3,2528,1572.44,20.72
3,2529,1582.15,20.8
3,2530,1504.25,19.99
3,2531,1504.25,19.99
3,2532,1504.25,19.99
3,2533,1445.19,19.74
3,2534,1409.54,19.59
3,2535,1385.09,19.49
3,2536,1380.3,19.47
3,2537,1360.45,19.39
3,2538,1355.12,19.37
3,2539,1292.76,18.33
3,2540,1274.07,18.25
3,2541,1236.06,18.55
3,2542,1204.92,18.42
3,2543,1187.68,18.35
3,2544,1159.4,18.23
3,2545,1120.94,18.07
3,2546,1106.53,18.01
3,2547,1082.7,17.91
3,2548,1086.5,17.93
3,2549,1092.35,17.95
3,2550,1041.38,17.78
3,2551,1039.56,15.13
3,2552,1026.2,15.08
3,2553,1007.48,14.91
3,2554,1016.62,14.89
3,2555,1038.67,14.83
3,2556,1030.53,14.8
3,2557,1043.32,14.85
3,2558,961.91,15.72
3,2559,949.33,15.67
3,2560,908.12,15.4
3,2561,903.67,15.29
3,2562,903.98,15.21
3,2563,897.12,15.15
3,2564,880.74,14.98
3,2565,878.35,14.88
3,2566,865.4,14.76
3,2567,857.73,14.66
3,2568,1050.82,18.15
3,2569,1056.69,18.26
3,2570,1072.93,18.44
3,2571,1065.87,18.47
3,2572,844.89,14.14
3,2573,858.49,14.19
3,2574,903.46,14.38
3,2575,903.46,14.38
3,2576,870.72,14.55
3,2577,982.73,13.73
3,2578,972.06,13.69
3,2579,937.39,13.54
3,2580,913.18,13.44
3,2581,888.15,13.34
3,2582,862.09,13.23
3,2583,933.4,13.52
3,2584,870.71,13.3
3,2585,872.04,13.31
3,2586,888.68,13.38
3,2587,904,13.44
3,2588,905.89,13.45
3,2589,912.2,13.56
3,2590,918.86,13.58
3,2591,929.96,13.63
3,2592,941.64,13.68
3,2593,953.61,13.73
3,2594,964.42,13.08
3,2595,951.22,13.02
3,2596,929.46,12.93
3,2597,912.81,12.87
3,2598,925.44,12.94
3,2599,938.08,13.01
3,2600,1025.36,13.43
3,2601,1033.34,13.46
3,2602,1092.93,13.71
3,2603,1108.19,13.77
3,2604,1124.74,13.84
3,2605,1117.83,13.81
3,2606,1134.35,13.88
3,2607,894.73,12.52
3,2608,894.73,12.52
3,2609,894.73,12.52
3,2618,1580.84,20.79
3,2619,1591.17,20.88
3,2620,1504.25,19.99
3,2621,1504.25,19.99
3,2622,1492.57,19.94
3,2623,1445.19,19.74
3,2624,1421.27,19.64
3,2625,1400,19.55
3,2626,1373.02,19.44
3,2627,1373.02,19.44
3,2628,1292.76,18.33
3,2629,1292.76,18.33
3,2630,1291.77,18.33
3,2631,1239.13,18.57
3,2632,1215.2,18.47
3,2633,1189.91,18.36
3,2634,1156.53,18.22
3,2635,1147.2,18.18
3,2636,1112.85,18.04
3,2637,1097.57,17.98
3,2638,1104.45,18
3,2639,1110.93,18.03
3,2640,1126.97,18.1
3,2641,1056.97,15.21
3,2642,1028.92,15
3,2643,1015.59,14.9
3,2644,998.49,14.76
3,2645,999.96,14.67
3,2646,1013.08,14.72
3,2647,992.57,15.85
3,2648,981.89,15.82
3,2649,1000.28,15.92
3,2650,1010.56,15.97
3,2651,918.96,15.34
3,2652,912.59,15.28
3,2653,906.73,15.23
3,2654,899.01,14.99
3,2655,892.96,14.96
3,2656,903.77,14.99
3,2657,875.2,14.66
3,2658,863.39,14.61
3,2659,841.06,14.42
3,2660,836.52,14.31
3,2661,832,14.2
3,2662,1071.55,18.61
3,2663,832.83,14.14
3,2664,837.38,14.25
3,2665,841.91,14.36
3,2666,863.62,14.51
3,2667,870.72,14.55
3,2668,971.17,13.68
3,2669,972.98,13.69
3,2670,911.64,13.43
3,2671,865.6,13.24
3,2672,841.74,13.14
3,2673,823.87,13.07
3,2674,840.99,13.18
3,2675,860.47,13.26
3,2676,872.11,13.31
3,2677,818.57,12.83
3,2678,818.57,12.83
3,2679,887.88,13.46
3,2680,901.84,13.51
3,2681,910.86,13.55
3,2682,922.29,13.6
3,2683,933.39,13.64
3,2684,863.5,12.6
3,2685,876.19,12.67
3,2686,889.01,12.74
3,2687,901.38,12.81
3,2688,914.18,12.88
3,2689,926.82,12.95
3,2690,1091.18,13.52
3,2691,1107.73,13.59
3,2692,1124.28,13.66
3,2693,1121.26,13.83
3,2694,1109.48,13.78
3,2695,1126.03,13.85
3,2696,1119.06,13.82
3,2697,894.73,12.52
3,2698,894.73,12.52
3,2699,894.73,12.52
3,2700,1608.79,21.02
3,2701,1501.16,19.97
3,2702,1481.01,19.89
3,2703,1455.84,19.79
3,2704,1442.77,19.73
3,2705,1423.87,19.65
3,2706,1373.02,19.44
3,2707,1373.02,19.44
3,2708,1324.51,18.46
3,2709,1320.74,18.45
3,2710,1259.24,18.65
3,2711,1245.44,18.59
3,2712,1217.43,18.48
3,2713,1188.52,18.35
3,2714,1194.27,18.38
3,2715,1222.41,18.5
3,2716,1133.51,18.13
3,2717,1110.85,18.03
3,2718,1110.85,18.03
3,2719,1126.2,15.49
3,2720,1103.96,15.4
3,2721,1079.14,15.3
3,2722,1107.82,15.12
3,2723,1028.8,14.98
3,2724,1011.81,14.72
3,2725,999.65,14.67
3,2726,983.83,14.52
3,2727,994.16,14.48
3,2728,997.71,15.87
3,2729,990.58,14.35
3,2730,962.97,15.63
3,2731,927.9,15.41
3,2732,921.53,15.36
3,2733,915.16,15.31
3,2734,905.67,15.03
3,2735,923.53,15.08
3,2736,905.53,14.79
3,2737,893.59,14.74
3,2738,905.71,14.82
3,2739,1023.51,15.33
3,2740,1037.06,15.4
3,2741,841.7,14.19
3,2742,834.74,14.13
3,2743,821.77,13.96
3,2744,817.26,13.85
3,2745,812.75,13.75
3,2746,808.23,13.64
3,2747,852.11,14.6
3,2748,856.62,14.71
3,2749,861.13,14.81
3,2750,877.66,14.98
3,2751,870.12,15.02
3,2752,822.06,13.06
3,2753,812.33,13.02
3,2754,822.49,13.1
3,2755,839.43,13.17
3,2756,810.58,12.8
3,2757,818.57,12.83
3,2758,813.76,12.96
3,2759,869.99,13.38
3,2760,881.02,13.43
3,2761,892.66,13.48
3,2762,851.49,12.53
3,2763,851.49,12.53
3,2764,852.29,12.54
3,2765,864.99,12.61
3,2766,877.68,12.68
3,2767,889.91,12.75
3,2768,902.28,12.81
3,2769,1058.95,13.39
3,2770,1075.64,13.46
3,2771,1092.47,13.53
3,2772,1109.02,13.6
3,2773,982.66,12.27
3,2774,1119.96,13.82
3,2775,1110.78,13.78
3,2776,894.73,12.52
3,2777,894.73,12.52
3,2778,894.73,12.52
3,2779,893.88,12.52
3,2780,878.15,12.45
3,2781,858.24,12.37
3,2782,825.95,12.34
3,2783,829.37,12.39
3,2784,894.55,12.46
3,2785,928.11,12.6
3,2790,1617.12,21.09
3,2791,1626.9,21.17
3,2792,1476.36,19.87
3,2793,1473.18,19.86
3,2794,1466.92,19.83
3,2795,1455.48,19.78
3,2796,1391.48,19.52
3,2797,1332.46,18.5
3,2798,1332.46,18.5
3,2799,1332.46,18.5
3,2800,1253.86,18.63
3,2801,1237.89,18.56
3,2802,1249.13,18.61
3,2803,1211.77,18.45
3,2804,1241.33,18.57
3,2805,1157.05,18.22
3,2806,1158.43,18.23
3,2807,1146.76,18.18
3,2808,1157.45,15.62
3,2809,1116.85,15.46
3,2810,1105.57,15.41
3,2811,1126.49,15.2
3,2812,1093.94,15.06
3,2813,1070.12,14.96
3,2814,1030.46,14.8
3,2815,1034.61,14.81
3,2816,992.18,14.48
3,2817,974.85,14.37
3,2818,969.21,14.27
3,2819,979.16,14.29
3,2820,953.56,15.58
3,2821,936.85,15.49
3,2822,960.07,15.58
3,2823,984.11,15.68
3,2824,985.67,15.18
3,2825,968.52,15.08
3,2826,922.29,14.86
3,2827,915.08,14.83
3,2828,1003.46,15.22
3,2829,1014.15,15.28
3,2830,1032.79,15.38
3,2831,850.28,14.26
3,2832,870.2,14.34
3,2833,889.32,14.44
3,2834,816.05,13.83
3,2835,811.56,13.72
3,2836,806.96,13.61
3,2837,802.46,13.5
3,2838,798.05,13.4
3,2839,793.52,13.29
3,2840,788.97,13.19
3,2841,871.36,15.05
3,2842,875.86,15.16
3,2843,789.59,12.92
3,2844,802.79,13.02
3,2845,780.12,12.67
3,2846,798.31,12.75
3,2847,813.76,12.96
3,2848,813.76,12.96
3,2849,851.26,13.3
3,2850,862.45,13.35
3,2851,845.25,12.5
3,2852,851.49,12.53
3,2853,828.75,12.41
3,2854,841.23,12.47
3,2855,853.78,12.54
3,2856,866.47,12.62
3,2857,893.52,12.7
3,2858,1027.12,13.26
3,2859,1043.81,13.33
3,2860,1060.5,13.4
3,2861,1077.22,13.47
3,2862,982.66,12.27
3,2863,982.66,12.27
3,2864,982.66,12.27
3,2865,982.66,12.27
3,2866,852.48,11.99
3,2867,894.73,12.52
3,2868,894.73,12.52
3,2869,881.53,12.47
3,2870,850.71,12.34
3,2871,837.62,12.28
3,2872,820.36,12.26
3,2873,860.99,12.32
3,2874,888.36,12.44
3,2875,912.48,12.54
3,2880,1625.46,21.16
3,2881,1635.24,21.24
3,2882,1473.72,19.86
3,2883,1473.72,19.86
3,2884,1473.72,19.86
3,2885,1471.24,19.85
3,2886,1455.48,19.78
3,2887,1332.46,18.5
3,2888,1332.46,18.5
3,2889,1332.46,18.5
3,2890,1332.46,18.5
3,2891,1238.31,18.56
3,2892,1260.81,18.66
3,2893,1222.87,18.5
3,2894,1257.67,18.64
3,2895,1273.87,18.71
3,2896,1166.2,18.26
3,2897,1185.27,15.74
3,2898,1163.68,15.65
3,2899,1140.85,15.56
3,2900,1135,15.53
3,2901,1159.66,15.63
3,2902,1076.77,14.99
3,2903,1061.42,14.92
3,2904,1053.72,14.89
3,2905,1025.7,14.62
3,2906,1010.07,14.55
3,2907,1019.83,14.43
3,2908,971.16,14.23
3,2909,960.22,14.12
3,2910,952.14,15.61
3,2911,963.05,15.64
3,2912,973.35,15.64
3,2913,985.8,15.69
3,2914,987.73,15.19
3,2915,967.68,15.08
3,2916,942.61,14.94
3,2917,963.24,15.03
3,2918,991.83,15.15
3,2919,1015.41,15.25
3,2920,865.81,14.39
3,2921,858.95,14.34
3,2922,885.62,14.42
3,2923,902.14,14.51
3,2924,911.43,14.56
3,2925,1037.67,13.19
3,2926,1035.65,13.18
3,2927,1042.39,13.25
3,2928,872.98,13.43
3,2929,860.97,13.38
3,2930,817.19,13.2
3,2931,801.89,13.06
3,2932,784.66,12.99
3,2933,774.24,12.84
3,2934,769.7,12.73
3,2935,788.9,13.12
3,2936,771.49,12.71
3,2937,792.16,12.87
3,2938,797.21,13.01
3,2939,832.53,13.22
3,2940,843.72,13.27
3,2941,834.71,12.44
3,2942,820.19,12.36
3,2943,817.36,12.34
3,2944,829.84,12.41
3,2945,870.79,12.61
3,2946,890.24,12.69
3,2947,910.01,12.77
3,2948,1011.98,13.19
3,2949,1028.67,13.26
3,2950,1045.36,13.33
3,2951,951.27,12.14
3,2952,971.2,12.22
3,2953,982.66,12.27
3,2954,982.66,12.27
3,2955,982.66,12.27
3,2956,864.17,12.03
3,2957,858.48,12.01
3,2958,873.58,12.35
3,2959,851.31,12.26
3,2960,824.59,12.14
3,2961,811.36,12.14
3,2962,832.89,12.21
3,2963,858.31,12.31
3,2964,885.13,12.42
3,2965,921.45,12.57
3,2970,1633.8,21.23
3,2971,1643.57,21.31
3,2972,1653.35,21.4
3,2973,1663.13,21.48
3,2974,1473.72,19.86
3,2975,1473.72,19.86
3,2976,1679.52,17.08
3,2977,1332.46,18.5
3,2978,1332.46,18.5
3,2979,1332.46,18.5
3,2980,1238.31,18.56
3,2981,1258.04,18.64
3,2982,1260.81,18.66
3,2983,1222.87,18.5
3,2984,1282.83,18.75
3,2985,1289.77,18.78
3,2986,1217.32,15.87
3,2987,1193.77,15.78
3,2988,1175.76,15.7
3,2989,1155.14,15.61
3,2990,1180.57,15.72
3,2991,1162.43,15.65
3,2992,1151.72,15.14
3,2993,1078.7,15
3,2994,1061.37,14.92
3,2995,1040.72,14.68
3,2996,1027.93,14.62
3,2997,1006.44,14.37
3,2998,1000.1,14.36
3,2999,956.89,14.07
3,3000,951.21,13.97
3,3001,971.06,15.68
3,3002,958.93,13.84
3,3003,961.85,13.85
3,3004,990.52,15.21
3,3005,961.85,13.52
3,3006,964.01,15.03
3,3007,961.59,13.44
3,3008,976.66,13.51
3,3009,1019.89,15.27
3,3010,874.41,14.47
3,3011,891.22,14.5
3,3012,918.17,14.6
3,3013,919.36,14.61
3,3014,1052.36,13.23
3,3015,1037.67,13.19
3,3016,1022.97,13.13
3,3017,1036.72,13.22
3,3018,875.88,13.44
3,3019,853.85,13.35
3,3020,830.09,13.25
3,3021,824.25,13.15
3,3022,811.6,13.1
3,3023,801.74,12.81
3,3024,793.33,12.77
3,3025,777.04,12.68
3,3026,770.03,12.5
3,3027,777.69,12.85
3,3028,794.55,13
3,3029,814.88,13.15
3,3030,823.01,13.35
3,3031,838.36,13.44
3,3032,807.84,12.29
3,3033,805.96,12.28
3,3034,1088.72,13.51
3,3035,886.97,12.67
3,3036,906.74,12.76
3,3037,926.51,12.84
3,3038,997.84,13.14
3,3039,1013.53,13.2
3,3040,920.76,12.01
3,3041,933.06,12.06
3,3042,945.23,12.11
3,3043,982.66,12.27
3,3044,982.66,12.27
3,3045,875.18,12.08
3,3046,869.03,12.05
3,3047,850.69,11.98
3,3048,867.35,12.05
3,3049,858.12,12.28
3,3050,835.48,12.19
3,3051,805.82,12.06
3,3052,829.1,12.19
3,3053,932.61,12.62
3,3054,904.1,12.5
3,3055,927.4,12.6
3,3060,1642.13,21.3
3,3061,1651.91,21.38
3,3062,1661.69,21.46
3,3063,1671.56,21.55
3,3064,1681.41,21.63
3,3065,1681.09,17.1
3,3066,1671.25,17.02
3,3067,1332.46,18.5
3,3068,1332.46,18.5
3,3069,1332.46,18.5
3,3070,1255.69,18.63
3,3071,1260.54,18.65
3,3072,1260.81,18.66
3,3073,1289.77,18.78
3,3074,1289.77,18.78
3,3075,1236.34,15.95
3,3076,1227.7,15.92
3,3077,1209.26,15.84
3,3078,1191.4,15.77
3,3079,1187.37,15.75
3,3080,1192.35,15.31
3,3081,1172.76,15.23
3,3082,1147.35,15.12
3,3083,1093.82,15.06
3,3084,1091.36,14.89
3,3085,1058.75,14.75
3,3086,1068.81,14.63
3,3087,1019.67,14.43
3,3088,1024.4,14.49
3,3089,966.88,14.11
3,3090,984.22,14.18
3,3091,945.41,13.84
3,3092,942.76,13.75
3,3093,929.83,13.62
3,3094,922.26,13.49
3,3095,939.38,13.48
3,3096,943.33,13.44
3,3097,942.26,13.36
3,3098,896.41,14.65
3,3099,889.94,14.59
3,3100,883,14.54
3,3101,910.21,14.58
3,3102,924.54,14.64
3,3103,947.77,14.75
3,3104,1040.26,13.18
3,3105,1017.34,13.09
3,3106,1007.61,13.06
3,3107,1026.86,13.16
3,3108,897.14,13.53
3,3109,904.38,13.56
3,3110,831.85,13.18
3,3111,831.85,13.18
3,3112,839.88,13.03
3,3113,813.66,12.88
3,3114,860.74,12.88
3,3115,803.89,12.64
3,3116,802.34,12.63
3,3117,752.37,12.32
3,3118,748.47,12.23
3,3119,787.67,13.09
3,3120,812.94,13.3
3,3121,829.07,13.39
3,3122,782.15,12.15
3,3123,794.8,12.22
3,3124,1085.98,13.5
3,3125,1066.08,13.42
3,3126,923.23,12.83
3,3127,943,12.91
3,3128,981.67,13.07
3,3129,892.05,11.89
3,3130,902.79,11.94
3,3131,918.73,12
3,3132,940.52,12.09
3,3133,964.72,12.19
3,3134,986.12,12.28
3,3135,875.18,12.08
3,3136,872.36,12.07
3,3137,852.33,11.98
3,3138,859.17,12.01
3,3139,866.61,12.32
3,3140,796.83,11.94
3,3141,800.05,11.98
3,3142,931.96,12.5
3,3143,903.66,12.39
3,3144,926.62,12.52
3,3145,946.44,12.6
3,3150,1650.47,21.37
3,3151,1660.25,21.45
3,3152,1669.99,21.53
3,3153,1679.84,21.62
3,3154,1682.67,17.11
3,3155,1672.82,17.03
3,3156,1662.97,16.95
3,3157,1653.12,16.86
3,3158,1643.27,16.78
3,3159,1332.46,18.5
3,3160,1258.04,18.64
3,3161,1260.81,18.66
3,3162,1289.77,18.78
3,3163,1289.77,18.78
3,3164,1289.77,18.78
3,3165,1236.34,15.95
3,3166,1234.29,15.94
3,3167,1202,15.81
3,3168,1212.32,15.85
3,3169,1189.84,15.76
3,3170,1200.94,15.35
3,3171,1193.08,15.31
3,3172,1132.53,15.06
3,3173,1123.56,15.02
3,3174,1085.18,14.86
3,3175,1092.88,14.9
3,3176,1053.3,14.57
3,3177,1036.32,14.5
3,3178,982.59,14.24
3,3179,987.03,14.25
3,3180,978.02,13.97
3,3181,957.31,13.89
3,3182,938.06,13.72
3,3183,927.46,13.58
3,3184,920.96,13.47
3,3185,923.62,13.42
3,3186,907.98,13.25
3,3187,902.26,13.16
3,3188,905.54,14.72
3,3189,898.48,14.67
3,3190,915.48,13
3,3191,933.87,14.68
3,3192,945.54,14.72
3,3193,962.62,13.01
3,3194,965.06,12.87
3,3195,978.67,12.93
3,3196,992.28,12.98
3,3197,946.41,12.77
3,3198,917.98,13.62
3,3199,927.52,13.66
3,3200,858.92,13.13
3,3201,858.92,13.13
3,3202,843.22,13.05
3,3203,825.16,12.94
3,3204,837.23,12.78
3,3205,870.6,12.72
3,3206,829.98,12.75
3,3207,834.09,12.6
3,3208,764.86,12.28
3,3209,742.05,12.08
3,3210,802.39,13.24
3,3211,758.24,12.01
3,3212,770.55,12.08
3,3213,782.77,12.15
3,3214,1069.6,13.43
3,3215,1049.7,13.35
3,3216,1029.81,13.27
3,3217,979.71,13.06
3,3218,965.51,13
3,3219,872.16,11.81
3,3220,906.12,11.95
3,3221,929.32,12.05
3,3222,953.3,12.15
3,3223,978.58,12.25
3,3224,998.42,12.33
3,3225,875.18,12.08
3,3226,875.18,12.08
3,3227,864.17,12.03
3,3228,837.4,11.92
3,3229,873.97,12.07
3,3230,794.36,11.88
3,3231,819.83,11.98
3,3232,914.57,12.43
3,3233,896.6,12.36
3,3234,922.04,12.5
3,3235,928.06,12.52
3,3253,1289.77,18.78
3,3254,1236.34,15.95
3,3255,1236.34,15.95
3,3256,1234.29,15.94
3,3257,1212.32,15.85
3,3258,1212.32,15.85
3,3259,1192.32,15.77
3,3260,1200.94,15.35
3,3261,1200.94,15.35
3,3262,1126.45,15.04
3,3263,1138.69,15.09
3,3264,1159.58,15.17
3,3265,1097.22,14.91
3,3266,1075.88,14.66
3,3267,1004.54,14.43
3,3268,991.15,14.32
3,3269,1000.27,14.3
3,3270,1013.36,14.12
3,3271,953.4,13.85
3,3272,952.44,13.78
3,3273,943.94,13.6
3,3274,919.67,13.45
3,3275,925.61,13.37
3,3276,906.81,13.23
3,3277,899.88,13.12
3,3278,897.57,13.05
3,3279,888.42,12.93
3,3280,909.98,12.97
3,3281,932.66,13.09
3,3282,934.76,12.89
3,3283,944.85,12.94
3,3284,947.85,12.8
3,3285,974.64,12.91
3,3286,933.46,12.7
3,3287,946.41,12.77
3,3288,940.33,13.71
3,3289,949.39,13.75
3,3290,963.21,13.81
3,3291,858.92,13.13
3,3292,845,13.06
3,3293,876.32,12.94
3,3294,877.47,12.75
3,3295,855.29,12.65
3,3296,814.22,12.48
3,3297,796,12.41
3,3298,810.56,12.21
3,3299,786.24,12.11
3,3300,735.64,11.93
3,3301,746.82,11.95
3,3302,759.25,12.02
3,3303,738.23,11.7
3,3304,1053.22,13.37
3,3305,1033.33,13.28
3,3306,1013.43,13.2
3,3307,852.19,12.12
3,3308,841.85,11.68
3,3309,854.19,11.73
3,3310,917.09,11.99
3,3311,943.23,12.1
3,3312,965.35,12.2
3,3313,988.37,12.29
3,3314,1004.1,12.36
3,3315,875.18,12.08
3,3316,875.18,12.08
3,3317,875.18,12.08
3,3318,811.47,11.81
3,3319,782.05,11.73
3,3320,785.81,11.78
3,3321,831.32,12.03
3,3322,836.39,12.05
3,3323,873.15,12.26
3,3324,900.11,12.41
3,3325,894.69,12.38
3,3326,927.6,12.52
3,3327,943.2,12.59
3,3328,966.01,12.68
3,3329,973.61,12.92
3,3343,1236.34,15.95
3,3344,1236.34,15.95
3,3345,1236.34,15.95
3,3346,1234.29,15.94
3,3347,1212.32,15.85
3,3348,1212.32,15.85
3,3349,1200.94,15.35
3,3350,1200.94,15.35
3,3351,1200.94,15.35
3,3352,1152.59,15.35
3,3353,1157.92,15.37
3,3354,1178.77,15.46
3,3355,1178.77,15.46
3,3356,1017.62,14.54
3,3357,1008.4,14.46
3,3358,1004.86,14.4
3,3359,1013.36,14.12
3,3360,968.67,13.97
3,3361,968.19,13.94
3,3362,995.47,14.06
3,3363,965.52,13.69
3,3364,993.55,13.55
3,3365,947.35,13.46
3,3366,940.42,13.33
3,3367,907.24,13.13
3,3368,890.43,12.96
3,3369,884.91,12.87
3,3370,893.65,12.88
3,3371,896.35,12.8
3,3372,914.25,12.81
3,3373,935.54,12.75
3,3374,932.56,12.73
3,3375,969.09,12.89
3,3376,923.88,12.65
3,3377,947.48,12.78
3,3378,952.16,12.8
3,3379,970.53,13.84
3,3380,979.17,13.87
3,3381,1004.87,12.21
3,3382,885.46,12.98
3,3383,896.04,13.02
3,3384,876.56,12.74
3,3385,851.47,12.64
3,3386,831.8,12.56
3,3387,846.74,12.36
3,3388,815.72,12.26
3,3389,777.11,12.07
3,3390,750.9,11.96
3,3391,739.43,11.99
3,3392,738.23,11.7
3,3393,738.23,11.7
3,3394,770.78,11.78
3,3395,788.67,11.85
3,3396,804.72,11.92
3,3397,832.97,12.04
3,3398,823.65,11.61
3,3399,835.84,11.66
3,3400,931.6,12.06
3,3401,953.92,12.15
3,3402,976.6,12.24
3,3403,1001.26,12.35
3,3404,1004.1,12.36
3,3405,806.82,11.65
3,3406,815.4,11.69
3,3407,814.07,11.68
3,3408,799.31,11.76
3,3409,776.57,11.66
3,3410,787.96,11.72
3,3411,811.85,11.92
3,3412,846.83,12.15
3,3413,850.12,12.16
3,3414,862.8,12.25
3,3415,885.55,12.35
3,3416,906.8,12.54
3,3417,930.37,12.64
3,3418,940.45,12.78
3,3419,959.75,12.86
3,3433,1236.34,15.95
3,3434,1236.34,15.95
3,3435,1236.34,15.95
3,3436,1234.29,15.94
3,3437,1212.32,15.85
3,3438,1212.32,15.85
3,3439,1105.91,15.27
3,3440,1105.91,15.27
3,3441,1106.37,15.16
3,3442,1119.55,15.21
3,3443,1135.61,15.28
3,3444,1142.64,15.31
3,3445,1037.33,14.7
3,3446,1025.71,14.6
3,3447,1019.15,14.46
3,3448,1019.15,14.46
3,3449,983.6,14.1
3,3450,977.63,14.05
3,3451,971.29,13.99
3,3452,993.02,13.99
3,3453,987.28,13.78
3,3454,988.44,13.53
3,3455,967.84,13.45
3,3456,934.78,13.31
3,3457,945.36,13.35
3,3458,911.67,12.95
3,3459,897.28,12.89
3,3460,875.87,12.72
3,3461,883.2,12.68
3,3462,963.35,13.01
3,3463,899.4,12.6
3,3464,912.76,12.65
3,3465,894.59,12.48
3,3466,907.59,12.56
3,3467,937.68,12.72
3,3468,947.59,12.78
3,3469,992.51,13.93
3,3470,996.34,12.17
3,3471,1004.26,12.24
3,3472,1002.08,12.23
3,3473,994.38,12.17
3,3474,880.16,12.76
3,3475,870.79,12.72
3,3476,866.41,12.7
3,3477,857.09,12.4
3,3478,811.8,12.28
3,3479,795.73,12.15
3,3480,802.87,12.18
3,3481,738.57,11.75
3,3482,726.69,11.67
3,3483,730.2,11.75
3,3484,759.34,11.73
3,3485,777.26,11.81
3,3486,821.9,11.99
3,3487,793.3,11.48
3,3488,805.44,11.53
3,3489,821.31,11.6
3,3490,855.07,11.74
3,3491,861.25,11.76
3,3492,991.2,12.3
3,3493,1004.1,12.36
3,3494,1004.1,12.36
3,3495,806.82,11.65
3,3496,806.82,11.65
3,3497,800.06,11.62
3,3498,767.57,11.53
3,3499,780.32,11.66
3,3500,793.71,11.77
3,3501,809.14,11.9
3,3502,821.76,12
3,3503,835.77,12.12
3,3504,849.18,12.23
3,3505,873.51,12.4
3,3506,885.43,12.46
3,3507,911.64,12.66
3,3508,926.67,12.72
3,3509,914.62,12.78
3,3523,1593.27,16.28
3,3524,1236.34,15.95
3,3525,1236.34,15.95
3,3526,1212.32,15.85
3,3527,1105.91,15.27
3,3528,1105.91,15.27
3,3529,1105.91,15.27
3,3530,1105.91,15.27
3,3531,1108.33,15.17
3,3532,1104.87,15.15
3,3533,1133.04,15.27
3,3534,1051.76,14.82
3,3535,1042.02,14.74
3,3536,1030.68,14.64
3,3537,1019.15,14.46
3,3538,997.67,14.21
3,3539,993.03,14.18
3,3540,986.77,14.12
3,3541,980.25,14.07
3,3542,1009.53,13.87
3,3543,1011.04,13.69
3,3544,985.02,13.58
3,3545,959.37,13.47
3,3546,931.26,13.33
3,3547,945.27,13.35
3,3548,928.11,13.02
3,3549,916.54,12.86
3,3550,893.17,12.76
3,3551,866.82,12.57
3,3552,861.28,12.47
3,3553,882.08,12.52
3,3554,873.1,12.36
3,3555,883.29,12.42
3,3556,953.82,12.78
3,3557,953.21,12.78
3,3558,996.72,12.17
3,3559,988.61,12.14
3,3560,974.6,12.08
3,3561,980.04,12.11
3,3562,988.82,12.16
3,3563,985.34,12.13
3,3564,899.85,12.84
3,3565,880.39,12.76
3,3566,895.02,12.56
3,3567,838.8,12.45
3,3568,811.67,12.33
3,3569,799.71,12.16
3,3570,814.75,12.23
3,3571,779.06,11.71
3,3572,719.92,11.56
3,3573,722.72,11.5
3,3574,744.63,11.67
3,3575,772.31,11.87
3,3576,771.85,11.87
3,3577,774.68,11.4
3,3578,806.53,11.53
3,3579,832.89,11.64
3,3580,856.54,11.74
3,3581,869.28,11.64
3,3582,869.28,11.64
3,3583,849.2,11.56
3,3584,796.89,11.38
3,3585,796.89,11.38
3,3586,804.9,11.64
3,3587,786.65,11.57
3,3588,761.86,11.45
3,3589,783.17,11.68
3,3590,798.79,11.81
3,3591,821.28,11.93
3,3592,843.83,12.02
3,3593,897.07,12.24
3,3594,900.95,12.51
3,3595,874.54,12.4
3,3596,882.6,12.5
3,3597,894.31,12.61
3,3598,907.26,12.72
3,3599,922.07,12.84
3,3603,1593.27,16.28
3,3604,1593.27,16.28
3,3605,1236.34,15.95
3,3606,1105.91,15.27
3,3607,1105.91,15.27
3,3608,1105.91,15.27
3,3609,1105.91,15.27
3,3610,1105.91,15.27
3,3611,1094.59,15.18
3,3612,1094.31,15.11
3,3613,1068.26,14.96
3,3614,1057.65,14.87
3,3615,1049.08,14.8
3,3616,1032.19,14.66
3,3617,998.34,14.22
3,3618,998.34,14.22
3,3619,999.77,14.23
3,3620,1007.31,14.29
3,3621,1012.15,14.34
3,3622,1010.83,13.88
3,3623,1008.04,13.68
3,3624,982.03,13.57
3,3625,947.06,13.47
3,3626,952.89,13.49
3,3627,972.1,13.53
3,3628,947.77,13.1
3,3629,939.54,12.95
3,3630,912.8,12.84
3,3631,863.09,12.5
3,3632,857.86,12.42
3,3633,852.27,12.32
3,3634,860.21,12.29
3,3635,868.62,12.34
3,3636,861.34,12.12
3,3637,868.61,12.16
3,3638,880.51,12.1
3,3639,880.51,12.1
3,3640,945.75,11.96
3,3641,967.51,12.05
3,3642,958.58,12.02
3,3643,941.06,13.01
3,3644,919.54,12.92
3,3645,894.69,12.76
3,3646,872.66,12.67
3,3647,836,12.48
3,3648,843.95,12.35
3,3649,819.85,12.25
3,3650,788.26,11.95
3,3651,769.97,11.67
3,3652,749.72,11.59
3,3653,713.53,11.4
3,3654,725.51,11.63
3,3655,757.77,11.87
3,3656,744.92,11.28
3,3657,783.02,11.44
3,3658,796.1,11.49
3,3659,840.18,11.67
3,3660,870.38,11.8
3,3661,896.02,11.91
3,3662,858.97,11.6
3,3663,836.33,11.5
3,3664,812.65,11.4
3,3665,796.89,11.38
3,3666,749.29,11.28
3,3667,752.92,11.33
3,3668,773.82,11.4
3,3669,789.3,11.47
3,3670,820.11,11.92
3,3671,869.34,12.13
3,3672,863.3,12.1
3,3673,886.07,12.2
3,3674,903.42,12.52
3,3675,882.81,12.43
3,3676,889.33,12.53
3,3677,895.52,12.62
3,3678,905.92,12.7
3,3679,924.07,12.86
3,3683,1593.27,16.28
3,3684,1593.27,16.28
3,3685,1522.54,15.8
3,3686,1105.91,15.27
3,3687,1105.91,15.27
3,3688,1105.91,15.27
3,3689,1105.91,15.27
3,3690,1104.98,15.26
3,3691,1093.94,15.17
3,3692,1086.48,15.07
3,3693,1090.52,15.05
3,3694,1122.61,15.22
3,3695,1150.66,15.34
3,3696,1166.91,15.41
3,3697,1170.05,14.74
3,3698,1002.04,14.25
3,3699,1010.73,14.32
3,3700,1016.56,14.37
3,3701,1027.32,14.13
3,3702,1014.56,14.03
3,3703,975.88,13.71
3,3704,962.52,13.59
3,3705,955.33,13.53
3,3706,971.05,13.59
3,3707,976.51,13.22
3,3708,981.74,13.13
3,3709,942.99,12.97
3,3710,950.08,13
3,3711,949.22,12.99
3,3712,854.5,12.36
3,3713,848.74,12.26
3,3714,843.23,12.17
3,3715,837.72,12.08
3,3716,853.1,12.07
3,3717,866.24,12.15
3,3718,865.7,12.02
3,3719,874.71,12.07
3,3720,923.88,11.87
3,3721,915.81,11.84
3,3722,933.6,11.91
3,3723,933.98,11.91
3,3724,931.69,12.97
3,3725,905.38,12.8
3,3726,877.19,12.69
3,3727,844.79,12.55
3,3728,852.09,12.58
3,3729,849.72,12.21
3,3730,807.55,12.03
3,3731,777.12,11.7
3,3732,760.2,11.63
3,3733,737.11,11.41
3,3734,707.18,11.25
3,3735,731.88,11.78
3,3736,726.09,11.2
3,3737,766.56,11.37
3,3738,774.45,11.4
3,3739,842.65,11.68
3,3740,882.72,11.85
3,3741,903.1,11.94
3,3742,845.92,11.54
3,3743,823,11.45
3,3744,800.02,11.35
3,3745,780.01,11.31
3,3746,743.99,11.2
3,3747,747.33,11.25
3,3748,784.53,11.45
3,3749,800.54,11.52
3,3750,800.54,11.52
3,3751,885.76,12.19
3,3752,901.64,12.26
3,3753,923.76,12.35
3,3754,923.74,12.6
3,3755,915.8,12.57
3,3756,889.33,12.53
3,3757,896.86,12.63
3,3758,1014.35,13.21
3,3759,1031.64,13.3
3,3763,1533.73,15.89
3,3764,1523.96,15.81
3,3765,1514.19,15.73
3,3766,1105.91,15.27
3,3767,1105.91,15.27
3,3768,1105.91,15.27
3,3769,1105.91,15.27
3,3770,1101.6,15.24
3,3771,1093.81,15.17
3,3772,1096.14,15.11
3,3773,1124.82,15.23
3,3774,1143.38,15.31
3,3775,1166.12,15.4
3,3776,1179.32,14.78
3,3777,1168.01,14.74
3,3778,1103.86,14.47
3,3779,1020.12,14.4
3,3780,1026.94,14.46
3,3781,1024.81,14.11
3,3782,1011.89,14.01
3,3783,980.52,13.74
3,3784,971.07,13.67
3,3785,996.97,13.78
3,3786,1007.58,13.35
3,3787,993.7,13.29
3,3788,968.85,13.07
3,3789,971.09,13.08
3,3790,957.55,13.03
3,3791,957.55,13.03
3,3792,850.72,12.3
3,3793,845.2,12.21
3,3794,839.7,12.11
3,3795,834.19,12.02
3,3796,834.88,11.97
3,3797,844.16,11.94
3,3798,852.27,11.94
3,3799,848.46,11.92
3,3800,903.16,11.79
3,3801,893.73,11.75
3,3802,911.99,11.82
3,3803,926.09,11.88
3,3804,934.34,12.93
3,3805,945.71,12.97
3,3806,913.51,12.84
3,3807,881.4,12.7
3,3808,880.71,12.34
3,3809,836.74,12.15
3,3810,823.6,11.9
3,3811,791.22,11.76
3,3812,804.93,11.82
3,3813,816.14,11.51
3,3814,828.4,11.56
3,3815,700.75,11.1
3,3816,705.99,11.18
3,3817,769.16,11.38
3,3818,752.45,11.58
3,3819,752.45,11.58
3,3820,884.91,11.86
3,3821,903.1,11.94
3,3822,830.86,11.48
3,3823,810.51,11.39
3,3824,788.08,11.3
3,3825,761.54,11.19
3,3826,738.35,11.12
3,3827,764.23,11.21
3,3828,800.54,11.52
3,3829,800.54,11.52
3,3830,890.71,12.22
3,3831,899.72,12.25
3,3832,909.06,12.29
3,3833,953.79,12.73
3,3834,943.26,12.68
3,3835,941.69,12.68
3,3836,978.65,12.03
3,3837,999.13,12.12
3,3838,1009.97,13.17
3,3839,1013.79,13.2
3,3843,1525.38,15.82
3,3844,1515.61,15.74
3,3845,1505.85,15.66
3,3846,1496.08,15.58
3,3847,1105.91,15.27
3,3848,1105.91,15.27
3,3849,1105.91,15.27
3,3850,1101.25,15.23
3,3851,1093.81,15.17
3,3852,1101.68,15.14
3,3853,1131.98,15.26
3,3854,1158.89,15.37
3,3855,1181.15,15.47
3,3856,1171.56,14.75
3,3857,1127.44,14.57
3,3858,1105.43,14.48
3,3859,1079.36,14.37
3,3860,1054.02,14.26
3,3861,1031.37,14.04
3,3862,1002.95,13.93
3,3863,987.09,13.8
3,3864,991.52,13.76
3,3865,1007.55,13.83
3,3866,1023.08,13.41
3,3867,1010.89,13.36
3,3868,962.21,13.05
3,3869,976.59,13.11
3,3870,976.59,13.11
3,3871,957.55,13.03
3,3872,932.28,12.27
3,3873,859.22,12.14
3,3874,859.22,12.14
3,3875,845.94,12.07
3,3876,825.15,11.87
3,3877,828.22,11.85
3,3878,837.74,11.86
3,3879,825.33,11.64
3,3880,903.97,11.79
3,3881,872.08,11.66
3,3882,890.22,11.73
3,3883,887.15,11.72
3,3884,915.48,11.84
3,3885,937.25,11.93
3,3886,914.27,12.1
3,3887,897.85,12.77
3,3888,871.15,12.3
3,3889,861.64,12.26
3,3890,822.23,11.89
3,3891,820.11,11.88
3,3892,805.46,11.46
3,3893,804.46,11.46
3,3894,737.53,11.22
3,3895,719.42,11.14
3,3896,694.27,10.95
3,3897,743.05,11.54
3,3898,752.45,11.58
3,3899,751.18,11.68
3,3900,782.21,11.88
3,3901,793.47,11.94
3,3902,793.47,11.94
3,3903,799.72,11.35
3,3904,769.78,11.22
3,3905,729.24,11
3,3906,732.82,11.05
3,3907,764.23,11.21
3,3908,764.23,11.21
3,3909,800.54,11.52
3,3910,913.03,12.31
3,3911,913.03,12.31
3,3912,935.62,12.4
3,3913,946.92,11.75
3,3914,947.11,11.75
3,3915,951.75,11.92
3,3916,973.58,12.01
3,3917,993.06,12.09
3,3918,999.02,13.08
3,3919,1003.25,13.11
3,3922,1526.8,15.83
3,3923,1517.04,15.75
3,3924,1507.27,15.67
3,3925,1497.5,15.59
3,3926,1487.32,15.51
3,3927,1105.91,15.27
3,3928,1105.91,15.27
3,3929,1102.42,15.24
3,3930,1098.76,15.21
3,3931,1098.45,15.12
3,3932,1131.98,15.26
3,3933,1131.98,15.26
3,3934,1178.65,15.46
3,3935,1185.31,14.81
3,3936,1155.66,14.68
3,3937,1132.97,14.59
3,3938,1106.99,14.48
3,3939,1077.26,14.23
3,3940,1061.67,14.17
3,3941,1027.45,14.03
3,3942,1018.15,13.98
3,3943,992.65,13.85
3,3944,1022.62,13.89
3,3945,1019.13,13.88
3,3946,1023.08,13.41
3,3947,1083.41,12.9
3,3948,1083.41,12.9
3,3949,1083.41,12.9
3,3950,985.36,12.49
3,3951,961.49,12.39
3,3952,936.94,12.29
3,3953,912.64,12.19
3,3954,887.94,12.09
3,3955,863.38,11.99
3,3956,844.94,11.91
3,3957,816.1,11.72
3,3958,810.62,11.63
3,3959,825.7,11.64
3,3960,903.97,11.79
3,3961,850.23,11.56
3,3962,857.58,11.6
3,3963,883.04,11.7
3,3964,908.79,11.81
3,3965,932.23,11.91
3,3966,904.26,12.06
3,3967,879.83,11.96
3,3968,855.35,11.86
3,3969,839.29,11.79
3,3970,839.35,11.96
3,3971,810.42,11.67
3,3972,788.87,11.4
3,3973,789.17,11.4
3,3974,751.3,11.27
3,3975,776.76,11.34
3,3976,707.5,10.92
3,3977,715.34,11.4
3,3978,735.3,11.51
3,3979,745.22,11.65
3,3980,771.54,11.82
3,3981,792.99,11.94
3,3982,793.47,11.94
3,3983,742.05,10.88
3,3984,720.41,10.88
3,3985,723.74,10.92
3,3986,727.33,10.97
3,3987,819.03,11.09
3,3988,819.03,11.09
3,3989,819.03,11.09
3,3990,882.84,11.49
3,3991,894.18,11.53
3,3992,911.88,11.61
3,3993,905.31,11.73
3,3994,905.31,11.73
3,3995,931.61,11.83
3,3996,959.87,11.95
3,3997,986.99,12.07
3,3998,1011.05,12.17
3,3999,993.37,13.03
3,4002,1518.46,15.76
3,4003,1508.69,15.68
3,4004,1498.92,15.6
3,4005,1488.88,15.52
3,4006,1479.03,15.44
3,4007,1469.19,15.35
3,4008,1105.91,15.27
3,4009,1101.6,15.24
3,4010,1097.52,15.2
3,4011,1098.45,15.12
3,4012,1131.98,15.26
3,4013,1178.65,15.46
3,4014,1178.65,15.46
3,4015,1152.08,14.67
3,4016,1147.12,14.65
3,4017,1136.61,14.61
3,4018,1108.56,14.49
3,4019,1071.3,14.21
3,4020,1080.56,14.25
3,4021,1049.67,14.11
3,4022,1039.26,14.07
3,4023,1046.06,14.1
3,4024,1022.62,13.89
3,4025,1145.66,13.16
3,4026,1133.26,13.11
3,4027,1079.35,12.89
3,4028,1083.41,12.9
3,4029,1019.59,12.64
3,4030,990.4,12.51
3,4031,966.15,12.41
3,4032,941.6,12.31
3,4033,927.25,12.25
3,4034,895.97,12.12
3,4035,884.36,11.93
3,4036,863.8,11.84
3,4037,836.32,11.73
3,4038,807.15,11.57
3,4039,801.56,11.48
3,4040,867.63,11.64
3,4041,828.38,11.47
3,4042,840.3,11.52
3,4043,870.2,11.65
3,4044,870.2,11.65
3,4045,927.93,11.89
3,4046,884.65,11.98
3,4047,889.71,12
3,4048,870.4,11.92
3,4049,819.41,11.71
3,4050,796.92,11.61
3,4051,791.81,11.59
3,4052,784.31,11.56
3,4053,749.58,11.23
3,4054,747.85,11.22
3,4055,739.13,11.06
3,4056,693.38,10.83
3,4057,685.79,10.73
3,4058,730.53,11.57
3,4059,751.76,11.71
3,4060,772.56,11.82
3,4061,790.94,11.93
3,4062,749.02,10.9
3,4063,742.05,10.88
3,4064,724.47,10.8
3,4065,718.13,10.84
3,4066,803.37,11.02
3,4067,812.15,11.06
3,4068,819.03,11.09
3,4069,846.77,11.34
3,4070,858.74,11.39
3,4071,879.58,11.47
3,4072,870.96,11.58
3,4073,892.64,11.67
3,4074,906.32,11.73
3,4075,931.16,11.83
3,4076,957.08,11.94
3,4077,982.04,12.05
3,4078,978.91,12.91
3,4079,983.74,12.95
3,4090,1097.52,15.2
3,4091,1131.98,15.26
3,4092,1178.65,15.46
3,4093,1178.65,15.46
3,4094,1178.65,15.46
3,4095,1147.48,14.65
3,4096,1147.12,14.65
3,4097,1136.7,14.61
3,4098,1110.13,14.49
3,4099,1058.9,14.15
3,4100,1058.9,14.15
3,4101,1067.8,14.19
3,4102,1057.62,14.15
3,4103,1050.22,14.12
3,4104,1162.7,13.23
3,4105,1143.98,13.15
3,4106,1123.02,13.07
3,4107,1063.46,12.82
3,4108,1046.41,12.75
3,4109,1020.46,12.64
3,4110,995.44,12.54
3,4111,980.88,12.47
3,4112,952.14,12.36
3,4113,949.02,12.34
3,4114,960.03,12.39
3,4115,884.36,11.93
3,4116,868.91,11.86
3,4117,872.9,11.66
3,4118,842.76,11.54
3,4119,817.58,11.43
3,4120,793.2,11.33
3,4121,793.93,11.3
3,4122,804.43,11.37
3,4123,866.61,11.63
3,4124,828.68,11.27
3,4125,833.55,11.21
3,4126,910.31,12.08
3,4127,910.31,12.08
3,4128,853.26,12.2
3,4129,802.13,11.77
3,4130,778.15,11.56
3,4131,761.29,11.46
3,4132,742.76,11.32
3,4133,740.32,11.31
3,4134,714.84,11.09
3,4135,701.87,10.95
3,4136,705.31,10.88
3,4137,680.62,10.63
3,4138,724.81,11.62
3,4139,751.89,11.78
3,4140,777.65,12
3,4141,741.59,10.7
3,4142,731.57,10.73
3,4143,742.91,10.77
3,4144,709.16,10.72
3,4145,735.73,10.86
3,4146,770.81,10.88
3,4147,794.51,10.98
3,4148,817.57,11.08
3,4149,836.32,11.29
3,4150,847.29,11.34
3,4151,867.33,11.42
3,4152,856.39,11.52
3,4153,874.56,11.6
3,4154,900.6,11.71
3,4155,924.72,11.81
3,4156,945.25,11.89
3,4157,965.44,12.8
3,4158,967.92,12.82
3,4159,982.53,12.84
3,4170,1423.09,14.97
3,4171,1131.98,15.26
3,4172,1178.65,15.46
3,4173,1178.65,15.46
3,4174,1149.82,14.66
3,4175,1147.12,14.65
3,4176,1143.93,14.64
3,4177,1136.7,14.61
3,4178,1111.69,14.5
3,4179,1058.9,14.15
3,4180,1058.9,14.15
3,4181,1067.8,14.19
3,4182,1058.72,14.15
3,4183,1166.58,13.25
3,4184,1166.58,13.25
3,4185,1130.48,13.1
3,4186,1109.03,13.01
3,4187,1080.04,12.89
3,4188,1046.18,12.75
3,4189,1021.33,12.64
3,4190,997.42,12.54
3,4191,1000.08,12.55
3,4192,988.82,12.51
3,4193,973.73,12.45
3,4194,976.53,12.46
3,4195,931.78,11.91
3,4196,907.92,11.81
3,4197,876.77,11.68
3,4198,850.63,11.57
3,4199,829.88,11.48
3,4200,815.72,11.42
3,4201,783.51,11.18
3,4202,795.21,11.13
3,4203,810.32,11.19
3,4204,835.82,11.3
3,4205,827.95,11.18
3,4206,810.93,12.02
3,4207,817.32,12.05
3,4208,785.97,11.83
3,4209,773.77,11.65
3,4210,760.72,11.48
3,4211,741.78,11.41
3,4212,725.36,11.28
3,4213,718,11.17
3,4214,710.65,11.07
3,4215,751.79,11.08
3,4216,727.41,10.98
3,4217,727.32,10.93
3,4218,728.51,11.71
3,4219,780.17,12.01
3,4220,777.38,12
3,4221,746.58,10.72
3,4222,739.52,10.76
3,4223,711.38,10.64
3,4224,719.03,10.67
3,4225,745.58,10.78
3,4226,767.3,10.87
3,4227,783.44,10.94
3,4228,805.83,11.07
3,4229,818.41,11.22
3,4230,828.1,11.26
3,4231,830.49,11.41
3,4232,836.54,11.44
3,4233,865.39,11.56
3,4234,891.6,11.67
3,4235,914.25,11.76
3,4236,953.02,12.7
3,4237,953.68,12.7
3,4238,972.4,12.8
3,4239,991.27,12.88
3,4250,1415.14,14.9
3,4251,1405.36,14.82
3,4252,1178.65,15.46
3,4253,1149.8,14.66
3,4254,1147.1,14.65
3,4255,1147.1,14.65
3,4256,1143.91,14.64
3,4257,1136.68,14.61
3,4258,1058.84,14.15
3,4259,1058.84,14.15
3,4260,1058.84,14.15
3,4261,1067.67,14.19
3,4262,1058.59,14.15
3,4263,1166.58,13.25
3,4264,1166.58,13.25
3,4265,1117.35,13.04
3,4266,1115.29,13.03
3,4267,1107.65,13
3,4268,1108.27,13.01
3,4269,1108.27,13.01
3,4270,1002.52,12.56
3,4271,996.03,12.54
3,4272,993.68,12.53
3,4273,987.03,12.14
3,4274,963.03,12.04
3,4275,944.38,11.96
3,4276,908.05,11.81
3,4277,880.66,11.69
3,4278,872.35,11.66
3,4279,840.18,11.52
3,4280,837.17,11.51
3,4281,792.33,11.13
3,4282,774.07,11.02
3,4283,817.46,11.22
3,4284,831.71,11.2
3,4285,835.92,11.22
3,4286,813.62,12.03
3,4287,799.93,11.98
3,4288,770.58,11.77
3,4289,755.01,11.61
3,4290,741.48,11.5
3,4291,734.15,11.4
3,4292,746.92,11.37
3,4293,766.67,11.45
3,4294,787.05,11.22
3,4295,757.62,11.1
3,4296,721.59,10.6
3,4297,700.84,10.52
3,4298,671.1,10.4
3,4299,751.36,11.89
3,4300,777.45,10.85
3,4301,755.25,10.75
3,4302,721.26,10.61
3,4303,694.56,10.52
3,4304,728.71,10.71
3,4305,749.58,10.73
3,4306,810.66,11.09
3,4307,806.33,11.08
3,4308,804.95,11.07
3,4309,797.57,11.13
3,4310,803.49,11.23
3,4311,815.98,11.33
3,4312,838.25,11.45
3,4313,850.58,11.5
3,4314,879.68,11.62
3,4315,940.69,12.59
3,4316,940.69,12.59
3,4317,943.56,12.62
3,4318,949.37,12.66
3,4319,991.27,12.88
3,4330,1406.81,14.83
3,4331,1397.03,14.75
3,4332,1387.24,14.67
3,4333,1147.1,14.65
3,4334,1147.1,14.65
3,4335,1147.1,14.65
3,4336,1143.91,14.64
3,4337,1136.68,14.61
3,4338,1058.84,14.15
3,4339,1058.84,14.15
3,4340,1067.67,14.19
3,4341,1067.67,14.19
3,4342,1166.58,13.25
3,4343,1166.58,13.25
3,4344,1166.58,13.25
3,4345,1115.29,13.03
3,4346,1115.29,13.03
3,4347,1115.29,13.03
3,4348,1108.27,13.01
3,4349,1108.27,13.01
3,4350,997.12,12.54
3,4351,996.03,12.54
3,4352,979.64,12.11
3,4353,982.31,12.12
3,4354,971.14,12.07
3,4355,939.85,11.94
3,4356,922.14,11.87
3,4357,899.72,11.77
3,4358,894.97,11.79
3,4359,861.68,11.61
3,4360,869.07,11.65
3,4361,805.11,11.2
3,4362,768.66,10.93
3,4363,766.37,10.89
3,4364,798.16,11.06
3,4365,796.96,11.05
3,4366,772.31,11.93
3,4367,764.96,11.83
3,4368,763.75,11.74
3,4369,750.31,11.62
3,4370,768.43,11.63
3,4371,776.4,11.67
3,4372,769.76,11.47
3,4373,796.16,11.58
3,4374,793.06,11.25
3,4375,776.08,11.18
3,4376,712.49,10.56
3,4377,713.99,10.57
3,4378,667.24,10.31
3,4379,753.19,10.63
3,4380,740.8,10.58
3,4381,760.85,10.66
3,4382,694.71,10.41
3,4383,701.29,10.5
3,4384,731.49,10.63
3,4385,756.84,10.73
3,4386,810.27,11.09
3,4387,782.34,10.98
3,4388,775.76,11
3,4389,790.14,11.12
3,4390,800.11,11.2
3,4391,812.49,11.3
3,4392,835.62,11.44
3,4393,845.84,11.48
3,4394,954.51,12.27
3,4395,935.57,12.47
3,4396,933.77,12.53
3,4397,931.98,12.52
3,4398,953.72,12.59
3,4399,966.64,12.7
3,4410,1398.47,14.76
3,4411,1388.69,14.68
3,4412,1378.91,14.6
3,4413,1369.13,14.52
3,4414,1147.1,14.65
3,4415,1147.1,14.65
3,4416,1143.91,14.64
3,4417,1136.68,14.61
3,4418,1058.84,14.15
3,4419,1058.84,14.15
3,4420,1067.67,14.19
3,4421,1067.67,14.19
3,4422,1166.58,13.25
3,4423,1166.58,13.25
3,4424,1166.58,13.25
3,4425,1115.29,13.03
3,4426,1115.29,13.03
3,4427,1115.29,13.03
3,4428,1108.27,13.01
3,4429,1108.27,13.01
3,4430,1014.18,12.33
3,4431,1014.18,12.33
3,4432,995.05,12.23
3,4433,983.16,12.16
3,4434,968.01,12.08
3,4435,976.51,12.13
3,4436,937.68,11.93
3,4437,959.47,12.02
3,4438,892.99,11.78
3,4439,883.46,11.71
3,4440,824.06,11.31
3,4441,818.15,11.27
3,4442,775.44,10.92
3,4443,760.96,10.8
3,4444,768.76,10.9
3,4445,774.56,10.51
3,4446,773.76,11.95
3,4447,782.7,11.88
3,4448,785.71,11.83
3,4449,788.37,11.84
3,4450,790.32,11.72
3,4451,809.75,11.71
3,4452,797.55,11.61
3,4453,799.19,11.59
3,4454,801.92,11.29
3,4455,793.9,11.25
3,4456,761.67,10.61
3,4457,708.03,10.39
3,4458,674.65,10.25
3,4459,741.59,12.02
3,4460,780.54,12.23
3,4461,715.68,10.47
3,4462,680,10.31
3,4463,714.15,10.43
3,4464,739.81,10.54
3,4465,774.59,10.75
3,4466,798.65,10.85
3,4467,759,10.86
3,4468,854.87,11.15
3,4469,871.74,11.22
3,4470,875.18,11.24
3,4471,875.18,11.24
3,4472,954.51,12.27
3,4473,954.51,12.27
3,4474,954.51,12.27
3,4475,935.57,12.47
3,4476,930.9,12.45
3,4477,920.55,12.42
3,4478,950.05,12.56
3,4479,974.36,12.72
3,4490,1390.14,14.7
3,4491,1380.36,14.61
3,4492,1370.57,14.53
3,4493,1360.79,14.45
3,4494,1350.28,14.36
3,4495,1340.4,14.28
3,4496,1143.91,14.64
3,4497,1058.84,14.15
3,4498,1058.84,14.15
3,4499,1058.84,14.15
3,4500,1067.67,14.19
3,4501,1166.58,13.25
3,4502,1166.58,13.25
3,4503,1166.58,13.25
3,4504,1115.29,13.03
3,4505,1115.29,13.03
3,4506,1115.29,13.03
3,4507,1115.29,13.03
3,4508,1115.29,13.03
3,4509,1014.18,12.33
3,4510,1014.18,12.33
3,4511,1014.18,12.33
3,4512,1012.39,12.32
3,4513,992.7,12.21
3,4514,975.95,12.12
3,4515,976.51,12.13
3,4516,990.03,12.15
3,4517,975.94,12.09
3,4518,946.37,11.97
3,4519,904.97,11.79
3,4520,941.02,11.94
3,4521,824.06,11.31
3,4522,757.81,10.75
3,4523,759.97,10.78
3,4524,786.36,10.51
3,4525,768.07,10.42
3,4526,773.72,10.44
3,4527,817.24,12.06
3,4528,813.23,12.01
3,4529,804.23,11.78
3,4530,812.26,11.82
3,4531,818.09,11.78
3,4532,859.46,11.84
3,4533,821.07,11.68
3,4534,825.83,11.39
3,4535,822.21,11.37
3,4536,735.44,10.5
3,4537,716.13,10.41
3,4538,684.65,10.28
3,4539,745.39,12.11
3,4540,779.96,12.23
3,4541,680.85,10.21
3,4542,688.12,10.28
3,4543,728.4,10.49
3,4544,744.48,10.63
3,4545,767.97,10.73
3,4546,742.89,10.72
3,4547,773.6,10.83
3,4548,833.79,11.07
3,4549,861.54,11.18
3,4550,875.18,11.24
3,4551,875.18,11.24
3,4552,954.51,12.27
3,4553,954.51,12.27
3,4554,954.51,12.27
3,4555,900.66,12.26
3,4556,907.21,12.31
3,4557,924.65,12.46
3,4558,937.57,12.57
3,4559,964.28,12.74
3,4570,1381.81,14.63
3,4571,1372.02,14.54
3,4572,1362.24,14.46
3,4573,1351.91,14.38
3,4574,1342.03,14.29
3,4575,1332.16,14.21
3,4576,1322.28,14.13
3,4577,1312.4,14.05
3,4578,1058.84,14.15
3,4579,1067.67,14.19
3,4580,1067.67,14.19
3,4581,1166.58,13.25
3,4582,1166.58,13.25
3,4583,1166.58,13.25
3,4584,1115.29,13.03
3,4585,1115.29,13.03
3,4586,1115.29,13.03
3,4587,1115.29,13.03
3,4588,1115.29,13.03
3,4589,1014.18,12.33
3,4590,1014.18,12.33
3,4591,1014.18,12.33
3,4592,1014.18,12.33
3,4593,1042.7,12.43
3,4594,1036.54,12.39
3,4595,1017.23,12.29
3,4596,990.29,12.15
3,4597,964.51,12.04
3,4598,942.53,11.95
3,4599,936.86,11.94
3,4600,948.66,11.98
3,4601,948.66,11.98
3,4602,752.29,10.66
3,4603,750.14,10.62
3,4604,761.84,10.69
3,4605,767.65,10.39
3,4606,773.94,10.35
3,4607,773.47,10.32
3,4608,829.93,10.48
3,4609,875.23,10.67
3,4610,832.13,11.9
3,4611,825.05,11.07
3,4612,854.56,11.82
3,4613,829.3,10.73
3,4614,839.33,10.77
3,4615,762.35,10.62
3,4616,773.02,10.5
3,4617,710.22,10.23
3,4618,676.91,10.1
3,4619,749.25,12.2
3,4620,664.16,9.99
3,4621,665.38,10.11
3,4622,702.57,10.21
3,4623,717.92,10.43
3,4624,715.89,10.5
3,4625,727.51,10.6
3,4626,777.38,10.83
3,4627,800.91,10.93
3,4628,832.83,11.06
3,4629,842.4,11.1
3,4630,875.18,11.24
3,4631,933.13,12.15
3,4632,938.78,12.18
3,4633,938.69,12.18
3,4634,882.25,12.11
3,4635,891.66,12.18
3,4636,899.15,12.25
3,4637,1000.22,12.41
3,4638,981.92,12.82
3,4639,956.46,12.72
3,4649,1383.26,14.64
3,4650,1373.47,14.56
3,4651,1363.69,14.48
3,4652,1353.54,14.39
3,4653,1343.66,14.31
3,4654,1333.79,14.23
3,4655,1323.91,14.14
3,4656,1314.03,14.06
3,4657,1304.15,13.98
3,4658,1294.52,13.9
3,4659,1067.67,14.19
3,4660,1166.58,13.25
3,4661,1166.58,13.25
3,4662,1166.58,13.25
3,4663,1115.29,13.03
3,4664,1115.29,13.03
3,4665,1115.29,13.03
3,4666,1115.29,13.03
3,4667,1115.29,13.03
3,4668,1014.18,12.33
3,4669,1014.18,12.33
3,4670,1014.18,12.33
3,4671,1014.18,12.33
3,4672,1014.18,12.33
3,4673,1042.7,12.43
3,4674,1044.82,12.44
3,4675,1024.53,12.33
3,4676,998.58,12.18
3,4677,973.42,12.08
3,4678,950.69,11.99
3,4679,952.82,12.02
3,4680,962.38,12.07
3,4681,1048.22,12.39
3,4682,746.9,10.57
3,4683,744.7,10.53
3,4684,787.9,10.39
3,4685,770.31,10.32
3,4686,760.61,10.25
3,4687,773.47,10.32
3,4688,808.19,10.39
3,4689,871.39,10.65
3,4690,839.8,10.52
3,4691,833.18,11.07
3,4692,812.38,10.96
3,4693,810.8,10.66
3,4694,784.26,10.54
3,4695,758.43,10.44
3,4696,740.52,10.36
3,4697,710.22,10.23
3,4698,673.51,10.02
3,4699,650.36,9.91
3,4700,656.03,9.98
3,4701,675.46,10.16
3,4702,687.67,10.26
3,4703,715,10.45
3,4704,774.01,10.82
3,4705,764.52,10.78
3,4706,772.99,10.81
3,4707,790.52,10.89
3,4708,834.84,11.07
3,4709,840,11.09
3,4710,887.86,11.9
3,4711,898.08,11.95
3,4712,920.21,12.07
3,4713,927.16,12.11
3,4714,874.59,12.04
3,4715,883.89,12.12
3,4716,954.43,12.22
3,4717,987.62,12.36
3,4718,990.29,12.85
3,4719,965.73,12.68
3,4729,1374.92,14.57
3,4730,1365.14,14.49
3,4731,1355.35,14.41
3,4732,1345.29,14.32
3,4733,1335.42,14.24
3,4734,1325.54,14.16
3,4735,1315.66,14.07
3,4736,1305.78,13.99
3,4737,1295.9,13.91
3,4738,1286.45,13.83
3,4739,1276.61,13.75
3,4740,1166.58,13.25
3,4741,1166.58,13.25
3,4742,1115.29,13.03
3,4743,1115.29,13.03
3,4744,1115.29,13.03
3,4745,1115.29,13.03
3,4746,1115.29,13.03
3,4747,1115.29,13.03
3,4748,1014.18,12.33
3,4749,1014.18,12.33
3,4750,1014.18,12.33
3,4751,1014.18,12.33
3,4752,1051.55,12.48
3,4753,1051.55,12.48
3,4754,1047.78,12.46
3,4755,1030.83,12.36
3,4756,1006.04,12.22
3,4757,992.68,12.16
3,4758,972.33,12.08
3,4759,1018.7,12.27
3,4760,1039.71,12.36
3,4761,1048.22,12.39
3,4762,796.7,10.58
3,4763,739.27,10.44
3,4764,737.07,10.4
3,4765,787.59,10.25
3,4766,751.87,10.14
3,4767,764.45,10.19
3,4768,786.45,10.3
3,4769,782.93,10.28
3,4770,807.4,10.39
3,4771,821.88,11.02
3,4772,808.92,10.9
3,4773,788.41,10.64
3,4774,790.61,10.57
3,4775,783,10.54
3,4776,728.69,10.13
3,4777,713.56,10.06
3,4778,685.73,9.95
3,4779,656.86,9.83
3,4780,660.8,10.04
3,4781,708.38,10.34
3,4782,725.12,10.41
3,4783,721.21,10.47
3,4784,797.5,10.91
3,4785,785.87,10.87
3,4786,768.98,10.8
3,4787,873.34,11.43
3,4788,873.34,11.43
3,4789,877.64,11.84
3,4790,881.37,11.86
3,4791,895.8,11.94
3,4792,908.59,12.01
3,4793,860.38,11.92
3,4794,867.22,11.98
3,4795,927.37,12.1
3,4796,951.54,12.21
3,4797,972.32,12.29
3,4798,936.37,12.48
3,4799,956.57,12.64
3,4809,1366.59,14.5
3,4810,1356.8,14.42
3,4811,1346.92,14.34
3,4812,1337.05,14.25
3,4813,1327.17,14.17
3,4814,1317.29,14.09
3,4815,1307.41,14.01
3,4816,1297.53,13.92
3,4817,1287.99,13.84
3,4818,1278.15,13.76
3,4819,1268.32,13.68
3,4820,1258.49,13.6
3,4821,1248.66,13.52
3,4822,1115.29,13.03
3,4823,1115.29,13.03
3,4824,1115.29,13.03
3,4825,1115.29,13.03
3,4826,1115.29,13.03
3,4827,1127.35,12.72
3,4828,1127.35,12.72
3,4829,1127.35,12.72
3,4830,1127.35,12.72
3,4831,1127.35,12.72
3,4832,1127.35,12.72
3,4833,1087.94,12.56
3,4834,1063.67,12.46
3,4835,1039.41,12.35
3,4836,1016.26,12.26
3,4837,1075.63,11.08
3,4838,992.54,12.16
3,4839,1007.46,12.22
3,4840,847.2,10.86
3,4841,811.23,10.66
3,4842,793.74,10.56
3,4843,733.83,10.35
3,4844,757.04,10.37
3,4845,765.07,10.15
3,4846,739.32,10.02
3,4847,763.26,10.11
3,4848,759.41,10.16
3,4849,791.69,10.32
3,4850,815.26,10.42
3,4851,814.85,10.88
3,4852,788.01,10.76
3,4853,766.35,10.58
3,4854,757.83,10.52
3,4855,725.6,10.24
3,4856,714.48,10.12
3,4857,721.2,10.14
3,4858,677.42,9.87
3,4859,646.89,9.75
3,4860,658.12,10.09
3,4861,695.31,10.29
3,4862,712.93,10.36
3,4863,782.67,10.52
3,4864,787.89,10.54
3,4865,799.98,10.93
3,4866,873.34,11.43
3,4867,873.34,11.43
3,4868,873.34,11.43
3,4869,868.11,11.79
3,4870,870.63,11.8
3,4871,886.81,11.89
3,4872,843.04,11.78
3,4873,851.49,11.85
3,4874,905.13,12.01
3,4875,919.06,12.07
3,4876,939.73,12.16
3,4877,954.65,12.47
3,4878,939.44,12.41
3,4879,920.58,12.41
3,4905,1115.29,13.03
3,4906,1127.35,12.72
3,4907,1127.35,12.72
3,4908,1127.35,12.72
3,4909,1127.35,12.72
3,4910,1127.35,12.72
3,4911,1127.35,12.72
3,4912,1127.35,12.72
3,4913,1094.31,12.58
3,4914,1071.29,12.49
3,4915,1047,12.39
3,4916,1103.91,11.24
3,4917,1076.41,11.09
3,4918,873.3,11
3,4919,866.5,10.96
3,4920,829.03,10.76
3,4921,810.47,10.65
3,4922,777.01,10.47
3,4923,728.4,10.26
3,4924,737.79,10.29
3,4925,762.92,10.07
3,4926,732.79,9.93
3,4927,757.1,10.08
3,4928,770.53,10.05
3,4929,786.21,10.08
3,4930,810.64,10.19
3,4931,794.88,10.24
3,4932,780.95,10.7
3,4933,748.76,10.52
3,4934,740.44,10.31
3,4935,715.69,10.2
3,4936,694.12,10.11
3,4937,725.17,10.16
3,4938,667.68,9.83
3,4939,643.17,9.68
3,4940,639.05,9.64
3,4941,657.02,9.76
3,4942,699.34,9.99
3,4943,760.28,10.43
3,4944,783.06,10.52
3,4945,795.15,10.57
3,4946,873.34,11.43
3,4947,873.34,11.43
3,4948,871.51,11.42
3,4949,862.76,11.55
3,4950,869.53,11.78
3,4951,848.36,11.69
3,4952,835.03,11.71
3,4953,858.75,11.82
3,4954,885.23,11.93
3,4955,898.09,11.98
3,4956,886.11,12.19
3,4957,904.49,12.26
3,4958,922.02,12.34
3,4959,901.86,12.33
3,4985,1127.35,12.72
3,4986,1127.35,12.72
3,4987,1127.35,12.72
3,4988,1127.35,12.72
3,4989,1127.35,12.72
3,4990,1127.35,12.72
3,4991,1127.35,12.72
3,4992,1123.84,12.71
3,4993,1108.8,12.64
3,4994,1071.29,12.49
3,4995,1103.91,11.24
3,4996,1103.91,11.24
3,4997,1088.21,11.16
3,4998,1041.9,10.94
3,4999,850.18,10.87
3,5000,817.88,10.69
3,5001,800.87,10.6
3,5002,759.82,10.37
3,5003,737.4,10.25
3,5004,725.67,10.15
3,5005,749.89,10.25
3,5006,746.8,9.9
3,5007,740.45,9.88
3,5008,766.99,9.99
3,5009,762.45,9.98
3,5010,768.45,10.07
3,5011,769.33,10.12
3,5012,763.55,10.64
3,5013,735.3,10.42
3,5014,714.36,10.34
3,5015,709.78,10.18
3,5016,680.16,10.05
3,5017,661.08,9.91
3,5018,655.55,9.81
3,5019,644.69,9.7
3,5020,642.9,9.73
3,5021,669.85,9.87
3,5022,688.64,9.94
3,5023,737.43,10.33
3,5024,791.78,10.56
3,5025,811.86,10.64
3,5026,841.52,11.3
3,5027,856.05,11.36
3,5028,867.75,11.41
3,5029,842.37,11.47
3,5030,849.4,11.5
3,5031,818.69,11.58
3,5032,830.16,11.67
3,5033,890.72,11.83
3,5034,918.24,11.94
3,5035,860.19,12.08
3,5036,868.51,12.11
3,5037,890.16,12.21
3,5038,904.01,12.34
3,5039,876.87,12.23
3,5065,1127.35,12.72
3,5066,1127.35,12.72
3,5067,1127.35,12.72
3,5068,1127.35,12.72
3,5069,1127.35,12.72
3,5070,1127.35,12.72
3,5071,1126.06,12.72
3,5072,1123.42,12.71
3,5073,1109.49,12.65
3,5074,1112.72,11.23
3,5075,1100.61,11.18
3,5076,1100.46,11.23
3,5077,1037.04,10.92
3,5078,1020.14,10.85
3,5079,840.9,10.82
3,5080,824.35,10.73
3,5081,827.85,10.75
3,5082,771.06,10.42
3,5083,766.12,10.41
3,5084,715.33,10.04
3,5085,738.66,10.12
3,5086,747.79,9.84
3,5087,727,9.74
3,5088,751.61,9.85
3,5089,745.77,9.91
3,5090,764.96,10.09
3,5091,762.3,10.68
3,5092,754.08,10.63
3,5093,739.19,10.44
3,5094,692.63,10.25
3,5095,679.03,10.13
3,5096,670.87,10.03
3,5097,670.82,9.94
3,5098,664.97,9.89
3,5099,643.53,9.48
3,5100,630.67,9.43
3,5101,672.95,10.05
3,5102,710.96,10.22
3,5103,734.93,10.32
3,5104,811.06,10.64
3,5105,815.28,10.66
3,5106,824.88,11.23
3,5107,839.58,11.29
3,5108,806.51,11.32
3,5109,821.45,11.38
3,5110,802.39,11.44
3,5111,830.11,11.57
3,5112,858.91,11.69
3,5113,888.28,11.82
3,5114,892.39,12.21
3,5115,867.95,12.11
3,5116,839.73,12
3,5117,875.13,12.14
3,5118,891.25,12.29
3,5119,834.03,12.05
3,5145,1258.99,11.84
3,5146,1258.99,11.84
3,5147,1258.99,11.84
3,5148,1127.35,12.72
3,5149,1180.09,11.51
3,5150,1180.09,11.51
3,5151,1179.01,11.51
3,5152,1172.63,11.48
3,5153,1148.31,11.38
3,5154,1123.86,11.28
3,5155,1098.97,11.17
3,5156,1048.04,10.96
3,5157,1044.07,10.94
3,5158,998.42,10.75
3,5159,848.07,10.86
3,5160,816.81,10.69
3,5161,798.44,10.59
3,5162,871.66,10.23
3,5163,853.46,10.15
3,5164,709.88,9.95
3,5165,719.22,10.02
3,5166,721.22,9.72
3,5167,715.49,9.67
3,5168,778.26,10.08
3,5169,760.42,9.77
3,5170,763.9,9.84
3,5171,726.92,10.56
3,5172,714.68,10.46
3,5173,702.44,10.36
3,5174,718.14,10.42
3,5175,702.19,10.39
3,5176,708.75,10.44
3,5177,680.09,10.01
3,5178,689.6,10.01
3,5179,714.15,10.12
3,5180,625.81,9.33
3,5181,666.98,10.02
3,5182,692.35,10.15
3,5183,753.94,10.4
3,5184,785.07,10.53
3,5185,793.55,11.1
3,5186,808.24,11.16
3,5187,833.04,11.43
3,5188,810.31,11.33
3,5189,796.97,11.36
3,5190,793.47,11.37
3,5191,841.05,11.51
3,5192,866.71,11.62
3,5193,890.61,11.72
3,5194,899.34,12.24
3,5195,831.34,11.96
3,5196,819.67,11.91
3,5197,805.06,11.85
3,5198,803.77,11.92
3,5199,816.47,11.98
3,5215,1258.99,11.84
3,5216,1258.99,11.84
3,5217,1258.99,11.84
3,5218,1258.99,11.84
3,5219,1258.99,11.84
3,5220,1180.09,11.51
3,5221,1180.09,11.51
3,5222,1177.84,11.5
3,5223,1153.52,11.4
3,5224,1129.31,11.3
3,5225,1075.9,11.08
3,5226,1036.51,10.91
3,5227,1011.22,10.81
3,5228,986.15,10.7
3,5229,949.95,10.55
3,5230,925.48,10.45
3,5231,900.92,10.35
3,5232,841.77,10.1
3,5233,831.04,10.06
3,5234,704.47,9.86
3,5235,712.47,9.93
3,5236,727.22,9.63
3,5237,704.07,9.53
3,5238,731.09,9.65
3,5239,721.98,9.64
3,5240,734.22,9.74
3,5241,729.33,10.58
3,5242,736.5,10.56
3,5243,743.29,10.58
3,5244,733.28,10.57
3,5245,701.19,10.41
3,5246,694.89,10.14
3,5247,703.07,10.16
3,5248,743.11,10.24
3,5249,732.32,10.19
3,5250,621.92,9.24
3,5251,662.24,10.05
3,5252,699.48,10.32
3,5253,729.51,10.44
3,5254,756.11,10.55
3,5255,776.62,11.03
3,5256,800.66,11.13
3,5257,826.82,11.23
3,5258,772.29,11.17
3,5259,778.32,11.24
3,5260,811.1,11.39
3,5261,834.47,11.48
3,5262,864.84,11.61
3,5263,887.67,11.7
3,5264,906.28,12.27
3,5265,815.27,11.89
3,5266,799.61,11.83
3,5267,784.91,11.77
3,5268,786.63,11.85
3,5269,779.15,11.91
3,5270,785.49,12.01
3,5271,791.83,12.12
3,5272,798.17,12.23
3,5273,805.24,12.33
3,5274,812.87,12.44
3,5275,820.51,12.54
3,5276,827.48,12.65
3,5277,834,12.75
3,5278,839.23,12.83
3,5295,1258.99,11.84
3,5296,1258.99,11.84
3,5297,1258.99,11.84
3,5298,1258.99,11.84
3,5299,1258.99,11.84
3,5300,1258.99,11.84
3,5301,1184.07,11.53
3,5302,1194.7,11.57
3,5303,1233.42,11.73
3,5304,1256.76,11.83
3,5305,1057.6,11
3,5306,1041.49,10.93
3,5307,1014.76,10.82
3,5308,966.3,10.62
3,5309,954.81,10.57
3,5310,879.08,10.26
3,5311,867.4,10.21
3,5312,846.67,10.12
3,5313,808.56,9.96
3,5314,712.36,9.81
3,5315,708.48,9.8
3,5316,709.03,9.79
3,5317,698.25,9.44
3,5318,707.41,9.47
3,5319,719.57,9.62
3,5320,732.21,9.59
3,5321,757.24,10.7
3,5322,758.23,10.65
3,5323,746.63,10.62
3,5324,722.21,10.52
3,5325,708.43,10.5
3,5326,704.35,10.22
3,5327,733.45,10.29
3,5328,729.27,10.27
3,5329,660.45,9.3
3,5330,641.98,9.22
3,5331,671.62,10.2
3,5332,703.86,10.34
3,5333,734.63,10.46
3,5334,746.25,10.87
3,5335,741.36,10.88
3,5336,796.5,11.11
3,5337,749.35,11.02
3,5338,766.42,11.13
3,5339,771.16,11.19
3,5340,810.51,11.38
3,5341,852.54,11.42
3,5342,873.36,11.5
3,5343,873.36,11.5
3,5344,749.75,11.42
3,5345,755.06,11.51
3,5346,760.37,11.6
3,5347,765.95,11.69
3,5348,772.3,11.79
3,5349,792.38,11.92
3,5350,814.56,12.01
3,5351,791.29,12.11
3,5352,797.63,12.22
3,5353,804.69,12.32
3,5354,812.33,12.43
3,5355,819.96,12.54
3,5356,826.93,12.64
3,5357,833.19,12.74
3,5358,837.6,12.8
3,5375,1258.99,11.84
3,5376,1258.99,11.84
3,5377,1258.99,11.84
3,5378,1258.99,11.84
3,5379,1258.99,11.84
3,5380,1258.99,11.84
3,5381,1250,11.8
3,5382,1225.22,11.7
3,5383,1234.41,11.74
3,5384,1256.76,11.83
3,5385,1056.08,11
3,5386,1052.64,10.98
3,5387,948.49,10.55
3,5388,924.64,10.45
3,5389,905.28,10.37
3,5390,880.06,10.26
3,5391,853.74,10.15
3,5392,821.47,10.02
3,5393,795.13,9.91
3,5394,739,9.93
3,5395,694.38,9.67
3,5396,706.62,9.77
3,5397,691.03,9.35
3,5398,696.68,9.38
3,5399,704.98,9.43
3,5400,720.35,9.54
3,5401,757.35,9.69
3,5402,765.06,9.76
3,5403,738.36,9.64
3,5404,712.73,10.55
3,5405,715.68,10.59
3,5406,713.81,10.3
3,5407,717.08,9.54
3,5408,692.44,9.44
3,5409,665.27,9.27
3,5410,634.96,9.14
3,5411,663.63,10.22
3,5412,698.8,10.31
3,5413,713.22,10.66
3,5414,707.3,10.68
3,5415,719.48,10.78
3,5416,735.46,10.91
3,5417,760.67,11.06
3,5418,787.4,11.22
3,5419,803.69,11.29
3,5420,820.86,11.28
3,5421,842.13,11.37
3,5422,863.4,11.46
3,5423,767.55,11.26
3,5424,747.14,11.37
3,5425,752.45,11.46
3,5426,757.76,11.55
3,5427,765.11,11.67
3,5428,771.82,11.79
3,5429,809.49,11.99
3,5430,830.06,12.08
3,5431,850.46,12.16
3,5432,857.55,12.19
3,5433,804.15,12.32
3,5434,811.79,12.42
3,5435,819.42,12.53
3,5436,826.39,12.63
3,5437,832.6,12.73
3,5438,837.22,12.8
3,5454,1153.13,12.72
3,5455,1143.34,12.64
3,5456,1258.99,11.84
3,5457,1258.99,11.84
3,5458,1258.99,11.84
3,5459,1258.99,11.84
3,5460,1258.99,11.84
3,5461,1254.18,11.82
3,5462,1228.15,11.71
3,5463,1235.4,11.74
3,5464,1256.76,11.83
3,5465,983.15,10.69
3,5466,963.23,10.61
3,5467,951.08,10.56
3,5468,935.81,10.49
3,5469,908.39,10.38
3,5470,874.28,10.24
3,5471,846.03,10.12
3,5472,795.36,9.91
3,5473,772.84,9.81
3,5474,747.56,9.96
3,5475,685.95,9.55
3,5476,697.39,9.64
3,5477,691,9.32
3,5478,692.35,9.26
3,5479,716.91,9.36
3,5480,726.25,9.41
3,5481,724.77,9.46
3,5482,712.22,9.53
3,5483,720.2,9.55
3,5484,716.93,9.64
3,5485,722.37,9.78
3,5486,745.97,9.83
3,5487,734.21,9.55
3,5488,704.33,9.43
3,5489,673.95,9.3
3,5490,668.92,9.14
3,5491,608.88,8.93
3,5492,680.39,10.45
3,5493,692.57,10.55
3,5494,704.77,10.65
3,5495,732.64,10.88
3,5496,739.64,10.94
3,5497,766.22,11.06
3,5498,793.25,11.19
3,5499,794.11,11.17
3,5500,810.44,11.24
3,5501,831.71,11.33
3,5502,760.19,11.23
3,5503,767.55,11.26
3,5504,744.53,11.33
3,5505,749.84,11.42
3,5506,755.15,11.51
3,5507,760.46,11.6
3,5508,793.09,11.92
3,5509,832.61,12.09
3,5510,843.25,12.13
3,5511,862.12,12.21
3,5512,888.85,12.32
3,5513,896.45,12.35
3,5514,896.45,12.35
3,5515,818.88,12.52
3,5516,825.84,12.62
3,5517,832.6,12.73
3,5518,835.9,12.78
3,5534,1144.8,12.65
3,5535,1135.01,12.57
3,5536,1258.99,11.84
3,5537,1258.99,11.84
3,5538,1258.99,11.84
3,5539,1258.99,11.84
3,5540,1258.99,11.84
3,5541,1258.36,11.84
3,5542,1231.07,11.72
3,5543,1019.04,10.84
3,5544,1014.66,10.82
3,5545,992.1,10.73
3,5546,969.8,10.64
3,5547,938.77,10.51
3,5548,911.88,10.39
3,5549,885.02,10.28
3,5550,858.37,10.17
3,5551,832.07,10.06
3,5552,808.65,9.96
3,5553,739.85,9.68
3,5554,735.54,9.66
3,5555,680.47,9.46
3,5556,698.7,9.51
3,5557,698.32,9.28
3,5558,675.35,9.13
3,5559,693.57,9.2
3,5560,704.5,9.32
3,5561,702.95,9.37
3,5562,699,9.41
3,5563,704.47,9.47
3,5564,715.29,9.62
3,5565,708.81,9.66
3,5566,720.04,9.69
3,5567,734.7,9.71
3,5568,684.31,9.28
3,5569,673.11,9.16
3,5570,637.13,9
3,5571,605.02,8.84
3,5572,672.86,10.43
3,5573,690.02,10.53
3,5574,702.24,10.63
3,5575,742.71,10.97
3,5576,749.66,11.02
3,5577,761.07,11.02
3,5578,770.66,11.01
3,5579,772.64,11.08
3,5580,757.82,11.02
3,5581,748.3,11.18
3,5582,741.94,11.15
3,5583,736.61,11.2
3,5584,741.92,11.29
3,5585,747.23,11.38
3,5586,752.53,11.46
3,5587,757.84,11.55
3,5588,817.03,12.02
3,5589,874.16,12.26
3,5590,874.16,12.26
3,5591,888.04,12.32
3,5592,896.92,12.35
3,5593,902.55,12.38
3,5594,902.97,12.38
3,5595,907.53,12.4
3,5596,825.3,12.61
3,5597,832.23,12.72
3,5598,834.58,12.76
3,5614,1136.46,12.58
3,5615,1127.09,12.5
3,5616,1127.09,12.5
3,5617,1258.99,11.84
3,5618,1258.99,11.84
3,5619,1258.99,11.84
3,5620,1258.99,11.84
3,5621,1258.99,11.84
3,5622,1019.04,10.84
3,5623,1019.04,10.84
3,5624,1019.04,10.84
3,5625,1000.7,10.76
3,5626,978.76,10.67
3,5627,923.44,10.44
3,5628,907.81,10.38
3,5629,882.62,10.27
3,5630,885.62,10.28
3,5631,856.57,10.16
3,5632,846.53,10.12
3,5633,722.9,9.61
3,5634,710.83,9.56
3,5635,675.13,9.37
3,5636,686.95,9.37
3,5637,693.78,9.18
3,5638,668.83,9.04
3,5639,672.92,9.09
3,5640,681.06,9.19
3,5641,689.21,9.29
3,5642,697.34,9.39
3,5643,697.24,9.38
3,5644,701.22,9.37
3,5645,700.41,9.59
3,5646,705.27,9.58
3,5647,696.54,9.33
3,5648,672.1,9.22
3,5649,646.82,9.03
3,5650,640.38,8.94
3,5651,607.7,8.77
3,5652,676.73,10.53
3,5653,678.33,10.56
3,5654,669.36,9.09
3,5655,693.76,9.2
3,5656,740.55,10.93
3,5657,740.34,10.89
3,5658,760.44,10.97
3,5659,752.88,11
3,5660,738.06,10.94
3,5661,723.35,10.98
3,5662,728.58,11.07
3,5663,733.99,11.16
3,5664,739.31,11.24
3,5665,744.62,11.33
3,5666,749.92,11.42
3,5667,906.98,11.82
3,5668,874.16,12.26
3,5669,874.16,12.26
3,5670,887.22,12.31
3,5671,911.51,12.42
3,5672,916.08,12.43
3,5673,929.56,12.49
3,5674,935.43,12.52
3,5675,935.43,12.52
3,5676,935.43,12.52
3,5677,831.68,12.71
3,5678,834.5,12.76
3,5694,1128.13,12.51
3,5695,1127.09,12.5
3,5696,1127.09,12.5
3,5697,1258.99,11.84
3,5698,1258.99,11.84
3,5699,1258.99,11.84
3,5700,1258.99,11.84
3,5701,1258.99,11.84
3,5702,1019.04,10.84
3,5703,1019.04,10.84
3,5704,1019.04,10.84
3,5705,1007.84,10.79
3,5706,987.71,10.71
3,5707,916.08,10.41
3,5708,903.74,10.36
3,5709,883.76,10.28
3,5710,878.01,10.25
3,5711,835.1,10.07
3,5712,814.19,9.99
3,5713,765.38,9.78
3,5714,740.67,9.68
3,5715,686.92,9.38
3,5716,686.15,9.32
3,5717,677.57,9.09
3,5718,662.31,8.95
3,5719,691.22,9.21
3,5720,686.2,9.07
3,5721,701.66,9.1
3,5722,695.44,9.15
3,5723,690.01,9.29
3,5724,698.76,9.35
3,5725,689.47,9.5
3,5726,682.66,9.44
3,5727,709.54,9.51
3,5728,689.05,9.16
3,5729,643.96,9.04
3,5730,627.08,8.88
3,5731,619.27,8.76
3,5732,602.65,8.7
3,5733,639.16,8.97
3,5734,664.33,9.07
3,5735,688.73,9.17
3,5736,712.9,9.28
3,5737,723.57,10.79
3,5738,715.93,10.72
3,5739,710,10.76
3,5740,718.3,10.86
3,5741,720.64,10.93
3,5742,725.86,11.02
3,5743,731.38,11.11
3,5744,836.69,11.53
3,5745,836.69,11.53
3,5746,906.98,11.82
3,5747,906.98,11.82
3,5748,906.98,11.82
3,5749,924.62,12.47
3,5750,924.87,12.47
3,5751,932.37,12.5
3,5752,937.39,12.52
3,5753,939.85,12.53
3,5754,942.32,12.54
3,5755,943.97,12.55
3,5756,943.97,12.55
3,5757,943.97,12.55
3,5758,943.97,12.55
3,5782,1019.04,10.84
3,5783,1019.04,10.84
3,5784,1019.04,10.84
3,5785,1019.04,10.84
3,5786,993.65,10.73
3,5787,916.08,10.41
3,5788,862.75,10.19
3,5789,862.75,10.19
3,5790,858.46,10.17
3,5791,834.86,10.07
3,5792,794.57,9.91
3,5793,769.82,9.8
3,5794,762.75,9.77
3,5795,771.24,9.81
3,5796,667.02,9.16
3,5797,690.34,9.26
3,5798,655.78,8.86
3,5799,672.65,8.96
3,5800,675.26,8.98
3,5801,680.67,9.02
3,5802,700.07,9.34
3,5803,687.82,9.24
3,5804,687.31,9.22
3,5805,691.96,9.52
3,5806,670.08,9.35
3,5807,694.96,9.45
3,5808,667.4,9.07
3,5809,633.08,8.95
3,5810,620.73,8.81
3,5811,608.42,8.67
3,5812,606.48,8.79
3,5813,634.78,8.95
3,5814,659.63,9.05
3,5815,683.7,9.15
3,5816,708.09,9.26
3,5817,713.8,10.7
3,5818,706.16,10.64
3,5819,707.47,10.71
3,5820,728.92,10.93
3,5821,740.03,10.99
3,5822,748.97,11.04
3,5823,823.8,11.46
3,5824,836.69,11.53
3,5825,836.69,11.53
3,5826,903.72,11.81
3,5827,906.98,11.82
3,5828,906.98,11.82
3,5829,980.41,12.7
3,5830,963.45,12.63
3,5831,959.16,12.61
3,5832,951.89,12.58
3,5833,951.89,12.58
3,5834,951.89,12.58
3,5835,949.68,12.57
3,5836,947.47,12.57
3,5837,945.25,12.56
3,5862,1019.04,10.84
3,5863,1019.04,10.84
3,5864,1019.04,10.84
3,5865,1019.04,10.84
3,5866,998.74,10.76
3,5867,862.75,10.19
3,5868,862.75,10.19
3,5869,862.75,10.19
3,5870,841.78,10.1
3,5871,831.54,10.06
3,5872,821.39,10.02
3,5873,830.65,10.06
3,5874,784.29,9.86
3,5875,793.3,9.9
3,5876,656.57,9.06
3,5877,687.82,9.1
3,5878,693.14,9.13
3,5879,653.78,8.8
3,5880,665.91,8.9
3,5881,699,9.09
3,5882,697.59,9.3
3,5883,681.24,9.15
3,5884,680.85,9.09
3,5885,692.05,9.42
3,5886,658.96,9.26
3,5887,665.6,9.32
3,5888,645.59,8.97
3,5889,622.19,8.86
3,5890,609.84,8.72
3,5891,598.13,8.59
3,5892,588.15,8.44
3,5893,653.47,9.04
3,5894,667.11,9.12
3,5895,671.08,9.36
3,5896,688.91,10.4
3,5897,694.22,10.49
3,5898,699.54,10.58
3,5899,704.95,10.67
3,5900,743.75,11.01
3,5901,755.19,11.08
3,5902,774.94,11.19
3,5903,816.23,11.42
3,5904,832.37,11.51
3,5905,852.25,11.59
3,5906,895.72,11.78
3,5907,906.98,11.82
3,5908,906.98,11.82
3,5909,985.45,12.72
3,5910,983.88,12.72
3,5911,979.06,12.7
3,5912,971.72,12.67
3,5913,971.72,12.67
3,5914,967.63,12.65
3,5915,951.89,12.58
3,5916,951.89,12.58
3,5917,951.89,12.58
3,5942,1019.04,10.84
3,5943,1019.04,10.84
3,5944,1019.04,10.84
3,5945,1019.04,10.84
3,5946,1005.89,10.79
3,5947,862.75,10.19
3,5948,862.75,10.19
3,5949,862.75,10.19
3,5950,841.78,10.1
3,5951,878.74,10.26
3,5952,853.21,10.15
3,5953,852.11,10.15
3,5954,807.09,9.96
3,5955,814.1,9.99
3,5956,651.15,8.97
3,5957,684.66,8.88
3,5958,666.16,8.8
3,5959,640.11,8.64
3,5960,669.32,8.7
3,5961,689.04,8.84
3,5962,695.68,8.86
3,5963,689.7,9.12
3,5964,665.3,8.98
3,5965,683.6,9.33
3,5966,659.15,9.23
3,5967,655.08,9.23
3,5968,624.23,8.91
3,5969,618.21,8.83
3,5970,613.03,8.74
3,5971,617.3,8.78
3,5972,584.22,8.35
3,5973,636.2,9.17
3,5974,653.3,9.26
3,5975,679.68,9.41
3,5976,686.3,10.36
3,5977,691.62,10.45
3,5978,726.03,10.54
3,5979,833,11.43
3,5980,820.16,11.38
3,5981,801.21,11.3
3,5982,785.52,11.25
3,5983,808.66,11.37
3,5984,824.8,11.46
3,5985,867.69,11.66
3,5986,887.73,11.74
3,5987,906.98,11.82
3,5988,906.98,11.82
3,5989,1014.28,12.84
3,5990,1014.28,12.84
3,5991,1002.88,12.8
3,5992,998.84,12.78
3,5993,998.84,12.78
3,5994,998.11,12.78
3,5995,996.23,12.77
3,5996,971.72,12.67
3,5997,971.72,12.67
3,6012,1019.04,10.84
3,6013,1019.04,10.84
3,6014,1019.04,10.84
3,6015,1019.04,10.84
3,6016,862.75,10.19
3,6017,862.75,10.19
3,6018,862.75,10.19
3,6019,882.48,10.27
3,6020,882.48,10.27
3,6021,882.48,10.27
3,6022,863.54,10.19
3,6023,873.58,10.23
3,6024,814.1,9.99
3,6025,814.1,9.99
3,6026,645.73,8.88
3,6027,651.84,8.92
3,6028,650.63,8.73
3,6029,633.58,8.55
3,6030,650.1,8.63
3,6031,653.55,8.66
3,6032,707.4,8.91
3,6033,685.52,9.03
3,6034,658.08,8.89
3,6035,676.47,9.39
3,6036,641.73,9.14
3,6037,633.99,9.04
3,6038,645.34,9.04
3,6039,644.77,8.94
3,6040,642.05,8.92
3,6041,609.11,8.38
3,6042,584.74,8.28
3,6043,630.72,9.14
3,6044,703.42,10.29
3,6045,678.51,10.23
3,6046,693.46,10.36
3,6047,713.2,10.47
3,6048,728.09,10.56
3,6049,833,11.43
3,6050,833,11.43
3,6051,813.43,11.35
3,6052,793.17,11.29
3,6053,801.09,11.33
3,6054,862.07,11.64
3,6055,869.48,11.67
3,6056,879.73,11.71
3,6057,902.63,11.8
3,6058,1048.99,12.99
3,6059,1048.99,12.99
3,6060,1034.18,12.93
3,6061,1023.32,12.88
3,6062,1020.9,12.87
3,6063,1009.19,12.82
3,6064,1009.19,12.82
3,6065,1005.3,12.81
3,6066,1000.6,12.79
3,6067,1245.93,9.29
3,6082,1019.04,10.84
3,6083,1019.04,10.84
3,6084,1019.04,10.84
3,6085,1128.29,11.18
3,6086,1138.4,11.22
3,6087,1138.4,11.22
3,6088,882.48,10.27
3,6089,882.48,10.27
3,6090,882.48,10.27
3,6091,882.48,10.27
3,6092,878.84,10.26
3,6093,878.84,10.26
3,6094,878.84,10.26
3,6095,642.25,8.82
3,6096,640.19,8.79
3,6097,648.82,8.79
3,6098,658.36,8.64
3,6099,627.06,8.46
3,6100,634.65,8.51
3,6101,645.66,8.6
3,6102,646.47,8.61
3,6103,643.93,8.7
3,6104,650.94,8.8
3,6105,664.39,8.82
3,6106,656.06,8.89
3,6107,645.23,8.8
3,6108,665.18,8.83
3,6109,656,9.09
3,6110,638.56,8.5
3,6111,625.16,8.25
3,6112,576.28,8.16
3,6113,688.41,10.13
3,6114,670.61,10.1
3,6115,685.7,10.21
3,6116,700.22,10.31
3,6117,732.64,10.58
3,6118,742.52,10.64
3,6119,756.77,10.72
3,6120,833,11.43
3,6121,832.23,11.05
3,6122,859.52,11.16
3,6123,863.39,11.18
3,6124,893.41,11.3
3,6125,869.48,11.67
3,6126,871.73,11.68
3,6127,894.64,11.77
3,6128,1048.99,12.99
3,6129,1048.99,12.99
3,6130,1046.43,12.98
3,6131,1039.95,12.95
3,6132,1026.01,12.89
3,6133,1026.01,12.89
3,6134,1023.59,12.88
3,6135,1020.9,12.87
3,6136,1009.19,12.82
3,6137,1245.93,9.29
3,6152,1019.04,10.84
3,6153,1101.25,11.07
3,6154,1128.29,11.18
3,6155,1128.29,11.18
3,6156,1130.14,11.19
3,6157,1138.4,11.22
3,6158,1138.4,11.22
3,6159,1138.4,11.22
3,6160,882.48,10.27
3,6161,882.48,10.27
3,6162,878.84,10.26
3,6163,878.84,10.26
3,6164,878.84,10.26
3,6165,637.2,8.74
3,6166,634.9,8.7
3,6167,632.61,8.66
3,6168,639.17,8.54
3,6169,622.76,8.38
3,6170,620.47,8.37
3,6171,627.78,8.47
3,6172,642.89,8.59
3,6173,651.78,8.57
3,6174,647.94,8.74
3,6175,649.82,8.72
3,6176,679.38,8.9
3,6177,635.91,8.71
3,6178,672.5,8.86
3,6179,684.09,9.2
3,6180,618.95,8.28
3,6181,603.61,8.16
3,6182,572.35,8.07
3,6183,675.84,10.06
3,6184,672.29,10.06
3,6185,697.48,10.19
3,6186,710.39,10.24
3,6187,778.93,10.5
3,6188,787.42,10.86
3,6189,777.37,10.82
3,6190,803.24,10.93
3,6191,830.15,11.04
3,6192,854.2,11.14
3,6193,893.06,11.3
3,6194,893.41,11.3
3,6195,893.41,11.3
3,6196,964.35,11.6
3,6197,1048.99,12.99
3,6198,1048.99,12.99
3,6199,1048.99,12.99
3,6200,1048.99,12.99
3,6201,1039.95,12.95
3,6202,1039.95,12.95
3,6203,1026.01,12.89
3,6204,1026.01,12.89
3,6205,1026.01,12.89
3,6206,1199.4,9.1
3,6207,1245.93,9.29
3,6221,996.29,10.76
3,6222,996.29,10.76
3,6223,1099.73,11.06
3,6224,1101.25,11.07
3,6225,1127.24,11.18
3,6226,1128.29,11.18
3,6227,1138.01,11.22
3,6228,1138.4,11.22
3,6229,1138.4,11.22
3,6230,768.94,9.23
3,6231,755.9,9.18
3,6232,751.4,9.16
3,6233,727.59,9.06
3,6234,677.66,8.81
3,6235,659.36,8.71
3,6236,642.13,8.62
3,6237,627.68,8.57
3,6238,626.03,8.45
3,6239,618.68,8.35
3,6240,618.96,8.35
3,6241,624.88,8.34
3,6242,640.76,8.46
3,6243,649.37,8.55
3,6244,641.24,8.65
3,6245,639.88,8.64
3,6246,645.64,8.72
3,6247,623.5,8.62
3,6248,677.97,8.89
3,6249,632.65,8.38
3,6250,599.76,8.24
3,6251,581.5,8.07
3,6252,630.16,9.35
3,6253,658.69,9.9
3,6254,794.32,10.33
3,6255,708.62,10.21
3,6256,729.82,10.3
3,6257,769.62,10.46
3,6258,799.27,10.91
3,6259,799.15,10.91
3,6260,815.91,10.98
3,6261,838.48,11.08
3,6262,863.72,11.18
3,6263,888.14,11.28
3,6264,893.41,11.3
3,6265,964.35,11.6
3,6266,964.35,11.6
3,6267,966.67,11.61
3,6268,1048.99,12.99
3,6269,1048.99,12.99
3,6270,1048.99,12.99
3,6271,1046.28,12.98
3,6272,1039.95,12.95
3,6273,1039.95,12.95
3,6274,1026.01,12.89
3,6275,1195.62,9.08
3,6276,1199.4,9.1
3,6277,1245.93,9.29
3,6291,996.29,10.76
3,6292,996.29,10.76
3,6293,1082.41,10.99
3,6294,1096.07,11.05
3,6295,1101.25,11.07
3,6296,1123.65,11.16
3,6297,1128.29,11.18
3,6298,1138.4,11.22
3,6299,1138.4,11.22
3,6300,771.57,9.24
3,6301,755.9,9.18
3,6302,743.48,9.12
3,6303,719.02,9.02
3,6304,681.42,8.84
3,6305,663.12,8.73
3,6306,644.68,8.63
3,6307,621.8,8.48
3,6308,637.77,8.49
3,6309,626.78,8.29
3,6310,610.23,8.22
3,6311,613.57,8.21
3,6312,625.85,8.31
3,6313,638.1,8.41
3,6314,638.58,8.6
3,6315,626.29,8.49
3,6316,634.1,8.7
3,6317,612.63,8.53
3,6318,596.77,8.37
3,6319,589.39,8.26
3,6320,602.59,8.28
3,6321,622.05,8.36
3,6322,650.86,9.77
3,6323,670.08,9.92
3,6324,784.92,10.29
3,6325,768.35,10.22
3,6326,745.77,10.36
3,6327,762.44,10.43
3,6328,820.73,11
3,6329,842.66,11.09
3,6330,840.76,11.08
3,6331,850.28,11.12
3,6332,903.57,11.35
3,6333,896.49,11.32
3,6334,945.92,11.52
3,6335,964.35,11.6
3,6336,966.67,11.61
3,6337,966.67,11.61
3,6338,1048.99,12.99
3,6339,1048.99,12.99
3,6340,1048.99,12.99
3,6341,1048.99,12.99
3,6342,1039.95,12.95
3,6343,1039.95,12.95
3,6344,1131.25,8.81
3,6345,1185.83,9.04
3,6346,1199.4,9.1
3,6347,1199.84,9.1
3,6361,996.29,10.76
3,6362,996.29,10.76
3,6363,996.29,10.76
3,6364,1078.76,10.97
3,6365,1092.42,11.03
3,6366,1101.25,11.07
3,6367,1120.07,11.15
3,6368,1133.84,11.2
3,6369,1138.4,11.22
3,6370,771.57,9.24
3,6371,764.03,9.21
3,6372,735.55,9.09
3,6373,710.45,8.99
3,6374,685.18,8.86
3,6375,666.88,8.75
3,6376,649.45,8.66
3,6377,616.31,8.39
3,6378,632.28,8.46
3,6379,608.23,8.17
3,6380,598.98,8.09
3,6381,605.53,8.12
3,6382,617.71,8.22
3,6383,624.85,8.26
3,6384,635.39,8.55
3,6385,619.03,8.4
3,6386,612.9,8.59
3,6387,605.55,8.49
3,6388,598.21,8.39
3,6389,602.08,8.39
3,6390,618.07,8.34
3,6391,560.11,7.78
3,6392,655.13,9.75
3,6393,676.52,9.84
3,6394,708.28,9.97
3,6395,748.3,10.14
3,6396,779.35,10.27
3,6397,762.44,10.43
3,6398,829.03,11.04
3,6399,850.13,7.64
3,6400,871,7.73
3,6401,892.94,7.82
3,6402,918.23,11.41
3,6403,920.95,11.42
3,6404,945.45,11.52
3,6405,969.02,11.62
3,6406,969.02,11.62
3,6407,969.02,11.62
3,6408,969.02,11.62
3,6409,1048.99,12.99
3,6410,1048.99,12.99
3,6411,1048.99,12.99
3,6412,1041.59,8.44
3,6413,1125.84,8.79
3,6414,1131.25,8.81
3,6415,1176.05,9
3,6416,1197.77,9.09
3,6417,1199.4,9.1
3,6431,996.29,10.76
3,6432,996.29,10.76
3,6433,996.29,10.76
3,6434,1061.44,10.9
3,6435,1075.1,10.96
3,6436,1088.76,11.01
3,6437,1101.25,11.07
3,6438,1116.48,11.13
3,6439,1138.4,11.22
3,6440,771.57,9.24
3,6441,771.57,9.24
3,6442,726.95,9.05
3,6443,713.29,9.01
3,6444,709.73,8.99
3,6445,670.64,8.78
3,6446,612.96,8.33
3,6447,610.85,8.3
3,6448,616.07,8.34
3,6449,608.05,8.07
3,6450,589.22,7.97
3,6451,597.95,8.03
3,6452,604.91,8.07
3,6453,615.26,8.17
3,6454,604.93,8.21
3,6455,617.52,8.34
3,6456,629.02,8.69
3,6457,612.63,8.53
3,6458,612.66,7.7
3,6459,603.39,7.91
3,6460,576.75,7.77
3,6461,642.11,9.63
3,6462,670.02,9.81
3,6463,691.85,9.9
3,6464,716.3,10
3,6465,735.94,10.09
3,6466,794.93,10.33
3,6467,817.74,10.43
3,6468,830.02,7.56
3,6469,830.23,7.56
3,6470,866.29,7.71
3,6471,884.44,7.79
3,6472,872.36,7.74
3,6473,939.84,11.5
3,6474,953.96,11.56
3,6475,973.33,11.64
3,6476,973.11,11.64
3,6477,973.11,11.64
3,6478,966.78,8.13
3,6479,966.78,8.13
3,6480,999.06,8.26
3,6481,999.06,8.26
3,6482,1043.39,8.45
3,6483,1123.41,8.78
3,6484,1131.25,8.81
3,6485,1166.26,8.96
3,6486,1187.99,9.05
3,6501,994.09,10.75
3,6502,996.29,10.76
3,6503,996.29,10.76
3,6504,1046.89,10.84
3,6505,1059.47,10.89
3,6506,1071.44,10.94
3,6507,1085.1,11
3,6508,1106.24,11.09
3,6509,878.85,9.78
3,6510,862.63,9.71
3,6511,771.57,9.24
3,6512,732.76,9.12
3,6513,729.19,9.1
3,6514,725.63,9.08
3,6515,674.39,8.8
3,6516,607.38,8.24
3,6517,605.34,8.21
3,6518,603.89,8.17
3,6519,602.01,8.07
3,6520,584.45,7.9
3,6521,590.25,7.95
3,6522,588.8,7.99
3,6523,603.22,8.1
3,6524,603,7.61
3,6525,615.23,7.72
3,6526,626.41,7.83
3,6527,604.88,7.51
3,6528,601.8,7.61
3,6529,602.99,7.88
3,6530,551.39,7.58
3,6531,682.64,9.89
3,6532,714.31,10.02
3,6533,725.61,10.04
3,6534,734.71,10.08
3,6535,752.54,10.16
3,6536,810.52,10.4
3,6537,826.54,10.46
3,6538,841.69,7.61
3,6539,799.39,7.43
3,6540,810.77,7.48
3,6541,829.9,7.56
3,6542,866.41,7.71
3,6543,872.36,7.74
3,6544,953.96,11.56
3,6545,973.66,11.64
3,6546,973.11,11.64
3,6547,966.78,8.13
3,6548,966.78,8.13
3,6549,966.78,8.13
3,6550,999.06,8.26
3,6551,999.06,8.26
3,6552,1044.13,8.45
3,6553,1101.05,8.69
3,6554,1130.48,8.81
3,6555,1149.4,8.89
3,6556,1178.2,9.01
3,6571,994.09,10.75
3,6572,996.29,10.76
3,6573,996.29,10.76
3,6574,1035.59,10.79
3,6575,1041.5,10.82
3,6576,1054.08,10.87
3,6577,1067.78,10.93
3,6578,878.85,9.78
3,6579,871.49,9.75
3,6580,849.04,9.66
3,6581,762.52,9.29
3,6582,748.66,9.21
3,6583,745.09,9.19
3,6584,741.53,9.17
3,6585,737.97,9.15
3,6586,602.3,8.16
3,6587,606.63,8.19
3,6588,611.27,8.23
3,6589,586.78,7.96
3,6590,579.39,7.85
3,6591,580.02,7.86
3,6592,584.1,7.83
3,6593,590.46,7.5
3,6594,600.57,7.59
3,6595,598.54,7.66
3,6596,590.35,7.66
3,6597,595.65,7.45
3,6598,574.23,7.48
3,6599,545.88,7.45
3,6600,650.51,9.83
3,6601,684.43,9.89
3,6602,715.57,7.56
3,6603,736.61,7.65
3,6604,756.35,7.57
3,6605,773.48,10.24
3,6606,805.33,10.38
3,6607,830.07,10.48
3,6608,838.49,10.51
3,6609,768.47,7.3
3,6610,794.1,7.41
3,6611,841.78,7.61
3,6612,865.2,7.71
3,6613,891.08,7.81
3,6614,897.17,7.84
3,6615,880.95,7.77
3,6616,866.52,7.71
3,6617,966.78,8.13
3,6618,966.78,8.13
3,6619,999.06,8.26
3,6620,999.06,8.26
3,6621,1033.58,8.41
3,6622,1044.13,8.45
3,6623,1101.05,8.69
3,6624,1124.13,8.78
3,6625,1134,8.83
3,6626,1168.41,8.97
3,6641,974.46,10.67
3,6642,994.09,10.75
3,6643,996.29,10.76
3,6644,998.15,10.77
3,6645,1031.74,10.78
3,6646,1019.15,10.72
3,6647,1033.37,10.78
3,6648,878.85,9.78
3,6649,857.9,9.7
3,6650,835.51,9.6
3,6651,813.23,9.51
3,6652,764.94,9.3
3,6653,754.5,9.24
3,6654,749.93,9.22
3,6655,639.98,8.21
3,6656,639.98,8.21
3,6657,639.98,8.21
3,6658,622.22,8.32
3,6659,584.43,7.84
3,6660,592.02,7.83
3,6661,569.44,7.71
3,6662,581.68,7.81
3,6663,568.68,7.41
3,6664,563.38,7.43
3,6665,577.4,7.55
3,6666,616.99,7.54
3,6667,574.61,7.37
3,6668,555.89,7.4
3,6669,656.02,9.96
3,6670,659.89,7.33
3,6671,677.44,7.4
3,6672,711.72,7.54
3,6673,718.7,7.41
3,6674,742.41,7.51
3,6675,786.87,10.3
3,6676,799.72,10.35
3,6677,831.67,10.49
3,6678,743.94,7.2
3,6679,747.46,7.22
3,6680,808.29,7.47
3,6681,829.79,7.56
3,6682,819.62,7.52
3,6683,902.49,7.86
3,6684,886.13,7.79
3,6685,860.92,7.69
3,6686,871.24,7.73
3,6687,966.78,8.13
3,6688,966.78,8.13
3,6689,999.06,8.26
3,6690,999.06,8.26
3,6691,1033.58,8.41
3,6692,1044.13,8.45
3,6693,1087.57,8.63
3,6694,1107.77,8.72
3,6695,1133.54,8.82
3,6696,1159.03,8.93
3,6701,972.23,10.66
3,6702,977.62,10.69
3,6703,998.15,10.77
3,6704,998.15,10.77
3,6705,989.14,10.6
3,6706,1002.45,10.65
3,6707,1047.11,10.84
3,6708,1056.66,10.88
3,6709,866.51,9.73
3,6710,821.68,9.54
3,6711,799.41,9.45
3,6712,810.46,9.5
3,6713,810.46,9.5
3,6714,756.93,9.25
3,6715,639.98,8.21
3,6716,639.98,8.21
3,6717,639.98,8.21
3,6718,623.86,8.15
3,6719,583.97,7.81
3,6720,563.13,7.66
3,6721,556.01,7.56
3,6722,548.92,7.45
3,6723,541.81,7.34
3,6724,535.66,7.24
3,6725,559.03,7.26
3,6726,561.64,7.24
3,6727,567.36,7.34
3,6728,537.38,7.25
3,6729,651.53,7.29
3,6730,645.49,7.27
3,6731,667.08,7.19
3,6732,684.91,7.27
3,6733,710.53,7.37
3,6734,729.37,7.45
3,6735,792.93,10.32
3,6736,692.58,7.14
3,6737,692.58,7.14
3,6738,715.72,7.23
3,6739,720.58,7.1
3,6740,707.56,7.05
3,6741,831.32,7.56
3,6742,806.9,7.46
3,6743,781.87,7.36
3,6744,800.15,7.43
3,6745,847.05,7.63
3,6746,882.94,7.78
3,6747,912.47,7.9
3,6748,955.78,8.08
3,6749,992.04,8.23
3,6750,1005.17,8.29
3,6751,1024.81,8.37
3,6752,1050.95,8.48
3,6753,1078.51,8.59
3,6754,1104.07,8.7
3,6755,1129.8,8.81
3,6756,1152.1,8.9
3,6761,948.29,10.56
3,6762,963.01,10.62
3,6763,980.77,10.7
3,6764,957.47,10.47
3,6765,971.6,10.53
3,6766,984.91,10.58
3,6767,1056.66,10.88
3,6768,1056.66,10.88
3,6769,866.51,9.73
3,6770,826.07,9.56
3,6771,812.88,9.51
3,6772,810.46,9.5
3,6773,810.46,9.5
3,6774,952.21,10.07
3,6775,639.98,8.21
3,6776,639.98,8.21
3,6777,630.51,8.16
3,6778,612.64,8.06
3,6779,591.42,7.9
3,6780,581.94,7.69
3,6781,576.06,7.66
3,6782,548.52,7.44
3,6783,537.87,7.28
3,6784,531.84,7.19
3,6785,526.24,7.1
3,6786,544.32,7.13
3,6787,528.97,7.11
3,6788,664.5,10.16
3,6789,613.54,7.13
3,6790,653.65,7.14
3,6791,652.3,7.13
3,6792,682.44,7.26
3,6793,702.05,7.34
3,6794,709.98,7.37
3,6795,640.49,6.92
3,6796,677.28,7.07
3,6797,680.47,7.09
3,6798,700.43,7.17
3,6799,709.97,7.06
3,6800,692.1,6.98
3,6801,811.05,7.48
3,6802,789.53,7.39
3,6803,773.73,7.32
3,6804,816.7,7.5
3,6805,831.39,7.57
3,6806,901.22,7.86
3,6807,918.87,7.93
3,6808,944.33,8.04
3,6809,971.57,8.15
3,6810,998.05,8.26
3,6811,1025.32,8.37
3,6812,1074.65,8.58
3,6813,1086.38,8.63
3,6814,1111.37,8.73
3,6815,1126.99,8.8
3,6816,1128.88,8.8
3,6820,941.16,10.6
3,6821,929.08,10.5
3,6822,946.04,10.55
3,6823,927.51,10.34
3,6824,940.47,10.4
3,6825,954.63,10.46
3,6826,967.37,10.51
3,6827,936.18,10.19
3,6828,942.83,10.22
3,6829,942.83,10.22
3,6830,827.76,9.57
3,6831,827.76,9.57
3,6832,952.21,10.07
3,6833,952.21,10.07
3,6834,952.21,10.07
3,6835,661.73,8.41
3,6836,636.2,8.19
3,6837,605.88,8.06
3,6838,602.14,8.02
3,6839,630.56,8.15
3,6840,595.31,7.74
3,6841,662.82,7.61
3,6842,644.68,7.53
3,6843,534.04,7.22
3,6844,526.88,7.11
3,6845,523.95,7.03
3,6846,518.29,6.98
3,6847,674.55,10.29
3,6848,581.54,7
3,6849,582.09,7
3,6850,635.85,7.06
3,6851,617.59,6.99
3,6852,599.33,6.91
3,6853,580.82,6.83
3,6854,610.75,6.8
3,6855,625.13,6.86
3,6856,647.99,6.95
3,6857,670.25,7.04
3,6858,696.76,7.15
3,6859,674.15,6.91
3,6860,664.66,6.87
3,6861,656.81,6.84
3,6862,778.38,7.34
3,6863,743.57,7.2
3,6864,730.89,7.15
3,6865,716.45,7.09
3,6866,933.16,7.99
3,6867,941.79,8.03
3,6868,959.73,8.1
3,6869,984.64,8.2
3,6870,1019.85,8.35
3,6871,1098.67,8.68
3,6872,1080.31,8.6
3,6873,1105.43,8.71
3,6874,1113.53,8.74
3,6875,1123.42,8.78
3,6876,1124.78,8.79
3,6880,935.08,10.55
3,6881,922.36,10.45
3,6882,911.35,10.35
3,6883,909.92,10.27
3,6884,923.16,10.32
3,6885,937.63,10.38
3,6886,907.37,10.07
3,6887,921.31,10.13
3,6888,935.11,10.19
3,6889,942.83,10.22
3,6890,827.76,9.57
3,6891,931.26,9.98
3,6892,945.19,10.04
3,6893,952.21,10.07
3,6894,952.21,10.07
3,6895,661.73,8.41
3,6896,661.73,8.41
3,6897,615.72,8.14
3,6898,611.83,8.11
3,6899,639.12,8.18
3,6900,663.34,8.28
3,6901,658.06,7.59
3,6902,633.47,7.49
3,6903,592.34,7.32
3,6904,567.46,7.21
3,6905,543.61,7.11
3,6906,503.35,6.88
3,6907,560.35,6.91
3,6908,542.1,6.84
3,6909,550.01,6.87
3,6910,570.6,6.96
3,6911,589.38,7.03
3,6912,581.57,6.84
3,6913,575.69,6.81
3,6914,596.7,6.74
3,6915,614.65,6.81
3,6916,644.54,6.94
3,6917,665.33,7.02
3,6918,677.66,6.92
3,6919,661.15,6.86
3,6920,653.06,6.82
3,6921,656.81,6.84
3,6922,656.81,6.84
3,6923,738.15,7.18
3,6924,709.42,7.06
3,6925,705.81,7.04
3,6926,709.1,7.06
3,6927,947.35,8.05
3,6928,977.06,8.17
3,6929,987.59,8.22
3,6930,1113.05,8.74
3,6931,712.9,7.88
3,6932,715.36,7.89
3,6933,1110.82,8.73
3,6934,1110.82,8.73
3,6935,1123.42,8.78
3,6936,806.77,8.63
3,6940,924.54,10.46
3,6941,915.29,10.39
3,6942,904.45,10.3
3,6943,893.27,10.2
3,6944,882.24,10.11
3,6945,871.25,10.02
3,6946,890.19,10
3,6947,904.07,10.06
3,6948,929.01,10.16
3,6949,915.67,9.92
3,6950,900.18,9.85
3,6951,914.11,9.91
3,6952,928.04,9.97
3,6953,941.98,10.02
3,6954,661.73,8.41
3,6955,661.73,8.41
3,6956,661.73,8.41
3,6957,625.9,8.22
3,6958,621.64,8.19
3,6959,644.75,8.21
3,6960,668.86,8.31
3,6961,641.34,7.52
3,6962,617.35,7.42
3,6963,596.76,7.33
3,6964,572.5,7.23
3,6965,615.97,9.15
3,6966,505.4,6.86
3,6967,490.86,6.73
3,6968,524.16,6.76
3,6969,521.38,6.75
3,6970,557.07,6.9
3,6971,560.72,6.75
3,6972,561.06,6.75
3,6973,582.36,6.68
3,6974,582.47,6.68
3,6975,612.08,6.8
3,6976,631.31,6.58
3,6977,633.69,6.74
3,6978,614.05,6.66
3,6979,618.67,6.68
3,6980,629.81,6.73
3,6981,625.54,6.71
3,6982,613.55,6.66
3,6983,631.15,6.73
3,6984,658.35,6.84
3,6985,688.62,7.53
3,6986,670.5,7.46
3,6987,637.31,7.39
3,6988,645.86,7.46
3,6989,658.22,7.56
3,6990,670.38,7.66
3,6991,683.9,7.78
3,6992,696.45,7.88
3,6993,708.43,7.98
3,6994,721.11,8.09
3,6995,734.45,8.2
3,6996,788.65,8.55
3,7000,919.24,10.42
3,7001,908.45,10.33
3,7002,897.59,10.24
3,7003,886.15,10.14
3,7004,875.15,10.05
3,7005,864.16,9.96
3,7006,873.09,9.93
3,7007,886.89,9.99
3,7008,923.87,9.95
3,7009,901.71,9.86
3,7010,883.03,9.78
3,7011,896.97,9.84
3,7012,843.33,9.61
3,7013,843.33,9.61
3,7014,661.73,8.41
3,7015,661.73,8.41
3,7016,650.42,8.36
3,7017,635.87,8.31
3,7018,631.62,8.27
3,7019,651.4,8.23
3,7020,673.27,7.65
3,7021,618.53,7.43
3,7022,610.55,7.39
3,7023,600.41,7.35
3,7024,606.67,9.01
3,7025,516.16,6.99
3,7026,517.8,6.81
3,7027,486.1,6.66
3,7028,489.35,6.62
3,7029,525.27,6.77
3,7030,533.1,6.63
3,7031,529.16,6.62
3,7032,544.29,6.58
3,7033,564.53,6.6
3,7034,580.41,6.67
3,7035,598.06,6.74
3,7036,612.68,6.5
3,7037,582.24,6.53
3,7038,593.51,6.57
3,7039,589.58,6.56
3,7040,612.84,6.65
3,7041,575.83,6.5
3,7042,605.19,6.62
3,7043,626.47,6.71
3,7044,648.5,6.8
3,7045,670.67,7.46
3,7046,652.68,7.38
3,7047,632.5,7.35
3,7048,642.33,7.43
3,7049,653.91,7.53
3,7050,715.77,7.88
3,7051,707.71,7.9
3,7052,701.22,7.92
3,7053,713.48,8.02
3,7054,725.85,8.13
3,7055,738.65,8.23
3,7060,912.17,10.36
3,7061,901.91,10.28
3,7062,887.8,10.16
3,7063,879.06,10.08
3,7064,868.07,9.99
3,7065,857.07,9.9
3,7066,855.72,9.86
3,7067,835.14,9.72
3,7068,909.9,9.89
3,7069,887.74,9.8
3,7070,865.89,9.71
3,7071,879.82,9.77
3,7072,843.33,9.61
3,7073,843.33,9.61
3,7074,843.33,9.61
3,7075,654.39,8.46
3,7076,650.11,8.42
3,7077,645.83,8.39
3,7078,641.55,8.35
3,7079,637.28,8.32
3,7080,619.71,7.43
3,7081,615.17,7.41
3,7082,598.52,8.82
3,7083,601.13,8.88
3,7084,524.45,7.13
3,7085,552.38,6.88
3,7086,527.79,6.78
3,7087,549.78,6.9
3,7088,476.21,6.51
3,7089,471.12,6.43
3,7090,497.06,6.48
3,7091,534.49,6.48
3,7092,535.65,6.51
3,7093,536.63,6.49
3,7094,578.1,6.66
3,7095,579.45,6.36
3,7096,597.15,6.43
3,7097,578.79,6.41
3,7098,564.92,6.45
3,7099,553.77,6.41
3,7100,569.72,6.47
3,7101,564.67,6.45
3,7102,592.18,6.57
3,7103,615.69,7.06
3,7104,586.57,6.94
3,7105,591.36,7.01
3,7106,634.48,7.31
3,7107,624.81,7.28
3,7108,924.43,8.75
3,7109,911.71,8.7
3,7110,739.33,7.98
3,7111,722.97,7.97
3,7112,706.26,7.96
3,7113,718.22,8.06
3,7114,730.28,8.16
3,7115,747.98,8.29
3,7120,906.23,10.31
3,7121,938.52,10.19
3,7122,921.76,10.12
3,7123,901.06,10.04
3,7124,887.93,9.98
3,7125,870.07,9.91
3,7126,838.96,9.75
3,7127,828,9.66
3,7128,817.05,9.57
3,7129,834.79,9.58
3,7130,848.73,9.64
3,7131,826.15,9.51
3,7132,835.94,9.57
3,7133,843.33,9.61
3,7134,669,8.58
3,7135,664.56,8.54
3,7136,660.11,8.51
3,7137,655.8,8.47
3,7138,651.52,8.44
3,7139,647.24,8.4
3,7140,590.36,8.63
3,7141,592.98,8.69
3,7142,595.6,8.75
3,7143,598.22,8.81
3,7144,527.35,7.19
3,7145,554.72,6.93
3,7146,537.45,6.73
3,7147,512.85,6.62
3,7148,493.48,6.46
3,7149,468.36,6.36
3,7150,510.36,6.38
3,7151,492.26,6.3
3,7152,507.78,6.37
3,7153,526.5,6.44
3,7154,566.38,6.31
3,7155,547.45,6.23
3,7156,546.15,6.27
3,7157,565.03,6.35
3,7158,547.32,6.38
3,7159,529.13,6.31
3,7160,533.55,6.32
3,7161,551.98,6.4
3,7162,596.21,6.59
3,7163,598.44,6.99
3,7164,580.96,6.92
3,7165,596.07,7.04
3,7166,608.72,7.15
3,7167,940.62,8.82
3,7168,928.09,8.77
3,7169,899.76,8.65
3,7170,756.09,8.05
3,7171,774.15,8.13
3,7172,789.9,8.19
3,7173,722.97,8.1
3,7174,763.37,8.36
3,7175,769.61,8.38
3,7176,776.86,8.41
3,7177,779.81,8.52
3,7178,842.89,8.87
3,7179,823.99,8.79
3,7180,959.99,10.28
3,7181,949.57,10.24
3,7182,936.83,10.18
3,7183,920.07,10.11
3,7184,903.39,10.05
3,7185,879.27,9.94
3,7186,831.83,9.69
3,7187,820.87,9.6
3,7188,809.91,9.51
3,7189,817.65,9.51
3,7190,801.53,9.38
3,7191,812.05,9.44
3,7192,757.76,9.16
3,7193,743.47,9.08
3,7194,728.86,9
3,7195,674.45,8.63
3,7196,670,8.59
3,7197,665.56,8.55
3,7198,661.11,8.52
3,7199,584.83,8.5
3,7200,587.44,8.56
3,7201,590.06,8.62
3,7202,592.68,8.68
3,7203,532.92,7.33
3,7204,575.32,7.6
3,7205,552.55,6.79
3,7206,542.63,6.67
3,7207,522.23,6.58
3,7208,496.48,6.47
3,7209,478.93,6.3
3,7210,456.58,6.21
3,7211,472.48,6.22
3,7212,525.14,6.44
3,7213,543.86,6.52
3,7214,514.58,6.09
3,7215,532.41,6.16
3,7216,532.29,6.22
3,7217,529.67,6.23
3,7218,544.91,6.32
3,7219,501.6,6.19
3,7220,519.73,6.27
3,7221,539.89,6.35
3,7222,557.13,6.72
3,7223,564.75,6.78
3,7224,572.41,6.85
3,7225,599.97,7.08
3,7226,608.29,7.15
3,7227,949.33,8.86
3,7228,937.99,8.81
3,7229,879.99,8.57
3,7230,861.26,8.49
3,7231,794.81,8.21
3,7232,805.79,8.26
3,7233,807.2,8.26
3,7234,784.36,8.45
3,7235,790.76,8.47
3,7236,796.16,8.49
3,7237,844.31,8.88
3,7238,844.31,8.88
3,7239,844.82,8.88
3,7240,967.76,10.31
3,7241,961.43,10.29
3,7242,950.43,10.24
3,7243,935.15,10.18
3,7244,918.38,10.11
3,7245,905.71,10.05
3,7246,824.69,9.63
3,7247,813.73,9.54
3,7248,802.78,9.45
3,7249,791.81,9.36
3,7250,788.72,9.31
3,7251,799.23,9.36
3,7252,751.02,9.12
3,7253,735,9.03
3,7254,718.38,8.94
3,7255,684.43,8.71
3,7256,679.9,8.67
3,7257,675.45,8.64
3,7258,598.38,8.31
3,7259,581.91,8.43
3,7260,584.53,8.49
3,7261,587.14,8.55
3,7262,538.44,7.46
3,7263,553.73,7.5
3,7264,575.32,7.6
3,7265,552.55,6.79
3,7266,555.78,6.62
3,7267,532.71,6.52
3,7268,508.31,6.42
3,7269,500.55,6.39
3,7270,460.11,6.14
3,7271,446.72,6.06
3,7272,516.23,6.4
3,7273,547.67,6.53
3,7274,503.25,6.04
3,7275,504.95,6.05
3,7276,502.23,6.09
3,7277,483.88,6.02
3,7278,477.47,6.06
3,7279,492.74,6.18
3,7280,533.8,6.33
3,7281,555.12,6.41
3,7282,548.92,6.65
3,7283,556.42,6.71
3,7284,614.32,6.91
3,7285,614.32,6.91
3,7286,943.24,8.83
3,7287,932.58,8.79
3,7288,901.61,8.66
3,7289,875.98,8.55
3,7290,852.44,8.45
3,7291,824.96,8.34
3,7292,809.59,8.27
3,7293,807.2,8.26
3,7294,796.16,8.49
3,7295,796.16,8.49
3,7296,796.16,8.49
3,7297,844.31,8.88
3,7298,844.31,8.88
3,7299,869.38,8.98
3,7304,973.84,10.91
3,7305,963.71,10.86
3,7306,959.66,10.84
3,7307,954.81,10.82
3,7308,891,10.54
3,7309,890.88,10.53
3,7310,890.76,10.53
3,7311,890.64,10.53
3,7312,890.52,10.53
3,7313,890.4,10.53
3,7314,962.76,10.48
3,7315,962.76,10.48
3,7316,962.76,10.48
3,7317,962.76,10.48
3,7318,967.76,10.31
3,7319,967.76,10.31
3,7320,967.76,10.31
3,7321,967.76,10.31
3,7322,965.87,10.31
3,7323,951.3,10.24
3,7324,933.46,10.17
3,7325,916.7,10.1
3,7326,817.55,9.57
3,7327,806.6,9.48
3,7328,795.72,9.39
3,7329,793.55,9.33
3,7330,773.71,9.21
3,7331,762.79,9.12
3,7332,751.88,9.02
3,7333,724.52,8.97
3,7334,707.9,8.88
3,7335,693.21,8.78
3,7336,687.48,8.74
3,7337,649.11,8.39
3,7338,598.38,8.31
3,7339,598.38,8.31
3,7340,581.61,8.42
3,7341,584.23,8.48
3,7342,558.3,7.59
3,7343,568.03,7.58
3,7344,578.9,7.64
3,7345,561.65,6.64
3,7346,564.12,6.65
3,7347,600.13,6.8
3,7348,604.65,6.82
3,7349,521.86,6.29
3,7350,473.13,6.2
3,7351,441.95,5.98
3,7352,436.93,5.91
3,7353,538.6,6.5
3,7354,473.07,5.92
3,7355,495.71,6.01
3,7356,465.77,5.88
3,7357,466.23,5.94
3,7358,470.65,6
3,7359,501.64,6.26
3,7360,511.43,6.34
3,7361,544.28,6.56
3,7362,541.04,6.59
3,7363,568.59,6.72
3,7364,613.76,6.91
3,7365,614.32,6.91
3,7366,943.24,8.83
3,7367,913.05,8.71
3,7368,903.59,8.67
3,7369,876.39,8.55
3,7370,854.67,8.46
3,7371,826.36,8.34
3,7372,809.59,8.27
3,7373,809.59,8.27
3,7374,796.16,8.49
3,7375,796.16,8.49
3,7376,796.16,8.49
3,7377,844.31,8.88
3,7378,876.66,9.01
3,7379,891.9,9.08
3,7383,967.18,10.89
3,7384,953.55,10.83
3,7385,948.71,10.8
3,7386,944.06,10.78
3,7387,943.13,10.77
3,7388,879.95,10.44
3,7389,879.83,10.44
3,7390,879.71,10.44
3,7391,879.58,10.44
3,7392,879.46,10.44
3,7393,879.34,10.44
3,7394,962.76,10.48
3,7395,962.76,10.48
3,7396,962.76,10.48
3,7397,962.76,10.48
3,7398,971.2,10.33
3,7399,971.2,10.33
3,7400,971.2,10.33
3,7401,973.66,10.34
3,7402,981.18,10.37
3,7403,988.94,10.4
3,7404,990.31,10.41
3,7405,990.31,10.41
3,7406,838.28,9.58
3,7407,827.22,9.52
3,7408,816.92,9.46
3,7409,806.63,9.41
3,7410,766.52,9.15
3,7411,755.61,9.06
3,7412,744.69,8.97
3,7413,714.02,8.7
3,7414,707.28,8.64
3,7415,679.51,8.52
3,7416,657.42,8.42
3,7417,635.28,8.33
3,7418,598.38,8.31
3,7419,598.38,8.31
3,7420,578.69,8.35
3,7421,556.84,7.69
3,7422,578.53,7.77
3,7423,582.96,7.66
3,7424,593.83,7.72
3,7425,603.43,7.78
3,7426,600.73,6.81
3,7427,618.47,6.88
3,7428,634.57,6.95
3,7429,501.83,6.21
3,7430,478.19,6.11
3,7431,456.45,6.02
3,7432,432.11,5.83
3,7433,440.97,5.78
3,7434,471.82,5.91
3,7435,491.73,6
3,7436,452.27,5.82
3,7437,454.62,5.87
3,7438,463.83,5.94
3,7439,509.28,6.32
3,7440,515.67,6.37
3,7441,527.69,6.48
3,7442,573.12,6.74
3,7443,583.59,6.78
3,7444,600.24,6.85
3,7445,604.14,6.87
3,7446,934.83,8.8
3,7447,913.05,8.71
3,7448,903.59,8.67
3,7449,876.39,8.55
3,7450,854.67,8.46
3,7451,826.36,8.34
3,7452,809.59,8.27
3,7453,809.59,8.27
3,7454,796.16,8.49
3,7455,796.16,8.49
3,7456,796.16,8.49
3,7457,903.99,9.13
3,7458,904.38,9.13
3,7459,909.37,9.15
3,7463,922.68,10.83
3,7464,933.29,10.75
3,7465,920.75,10.68
3,7466,924.44,10.7
3,7467,925.55,10.7
3,7468,868.89,10.35
3,7469,868.77,10.35
3,7470,868.65,10.35
3,7471,868.53,10.35
3,7472,868.41,10.35
3,7473,962.76,10.48
3,7474,962.76,10.48
3,7475,962.76,10.48
3,7476,962.76,10.48
3,7477,962.76,10.48
3,7478,1005.66,10.47
3,7479,1005.66,10.47
3,7480,1005.66,10.47
3,7481,1005.66,10.47
3,7482,1005.66,10.47
3,7483,1005,10.47
3,7484,1001.88,10.46
3,7485,861.62,9.71
3,7486,851.06,9.65
3,7487,840.51,9.59
3,7488,829.88,9.54
3,7489,819.59,9.48
3,7490,759.33,9.09
3,7491,761.42,9
3,7492,747.12,8.94
3,7493,726.57,8.81
3,7494,709.32,8.67
3,7495,682.97,8.53
3,7496,643.48,8.37
3,7497,621.32,8.27
3,7498,598.38,8.31
3,7499,585.76,8.25
3,7500,552.43,7.79
3,7501,560.69,7.78
3,7502,593.27,7.83
3,7503,614.79,7.92
3,7504,607.09,7.8
3,7505,607.09,7.8
3,7506,606.6,6.83
3,7507,606.01,6.57
3,7508,601.32,6.61
3,7509,527.03,6.24
3,7510,490.21,6.09
3,7511,472.78,6.02
3,7512,440.94,5.78
3,7513,422.28,5.68
3,7514,417.2,5.6
3,7515,429.55,5.66
3,7516,450.5,5.78
3,7517,468.2,5.86
3,7518,484.86,5.93
3,7519,513.47,6.36
3,7520,524.44,6.45
3,7521,527.69,6.48
3,7522,579.73,6.76
3,7523,583.08,6.78
3,7524,599.4,6.85
3,7525,600.29,6.85
3,7526,934.83,8.8
3,7527,913.05,8.71
3,7528,903.59,8.67
3,7529,876.39,8.55
3,7530,854.67,8.46
3,7531,834.07,8.38
3,7532,813.19,8.29
3,7533,809.59,8.27
3,7534,796.16,8.49
3,7535,796.16,8.49
3,7536,796.16,8.49
3,7537,909.37,9.15
3,7538,911.41,9.16
3,7539,919.31,9.19
3,7543,918.23,10.79
3,7544,904.8,10.68
3,7545,899.33,10.6
3,7546,900.08,10.59
3,7547,900.17,10.6
3,7548,857.84,10.26
3,7549,857.72,10.26
3,7550,857.6,10.26
3,7551,857.48,10.26
3,7552,962.76,10.48
3,7553,962.76,10.48
3,7554,962.76,10.48
3,7555,962.76,10.48
3,7556,962.76,10.48
3,7557,962.76,10.48
3,7558,1005.66,10.47
3,7559,1005.66,10.47
3,7560,1005.66,10.47
3,7561,1005.66,10.47
3,7562,1005.66,10.47
3,7563,1005.66,10.47
3,7564,1005.66,10.47
3,7565,873.93,9.78
3,7566,863.85,9.72
3,7567,853.29,9.67
3,7568,842.73,9.61
3,7569,832.55,9.55
3,7570,757.8,10.02
3,7571,757.8,10.02
3,7572,760.46,10.01
3,7573,730.82,8.85
3,7574,715.53,8.67
3,7575,674.55,8.5
3,7576,629.51,8.31
3,7577,607.35,8.22
3,7578,585.45,8.12
3,7579,570.24,8.15
3,7580,575.22,7.94
3,7581,597.41,8.03
3,7582,642.71,8.22
3,7583,640.87,8.03
3,7584,651.07,8.07
3,7585,656.86,8.1
3,7586,594.17,6.52
3,7587,590.66,6.52
3,7588,543.91,6.31
3,7589,519.2,6.21
3,7590,521.26,6.22
3,7591,494.05,6.11
3,7592,456.07,5.85
3,7593,417.52,5.61
3,7594,412.44,5.53
3,7595,422.45,5.6
3,7596,468.8,5.86
3,7597,484.86,5.93
3,7598,484.86,5.93
3,7599,484.86,5.93
3,7600,525.07,6.45
3,7601,527.69,6.48
3,7602,579.73,6.76
3,7603,582.58,6.78
3,7604,599.4,6.85
3,7605,599.4,6.85
3,7606,913.05,8.71
3,7607,913.05,8.71
3,7608,903.59,8.67
3,7609,876.39,8.55
3,7610,854.67,8.46
3,7611,837,8.39
3,7612,817.26,8.31
3,7613,809.59,8.27
3,7614,796.16,8.49
3,7615,796.16,8.49
3,7616,909.37,9.15
3,7617,911.41,9.16
3,7618,918,9.19
3,7619,932.29,9.25
3,7623,912.76,10.75
3,7624,916.92,10.68
3,7625,883.81,10.5
3,7626,879.75,10.47
3,7627,872.72,10.41
3,7628,843.22,10.17
3,7629,843.17,10.17
3,7630,843.11,10.17
3,7631,843.05,10.17
3,7632,962.76,10.48
3,7633,962.76,10.48
3,7634,962.76,10.48
3,7635,962.76,10.48
3,7636,962.76,10.48
3,7637,958.28,10.46
3,7638,1005.66,10.47
3,7639,1005.66,10.47
3,7640,1005.66,10.47
3,7641,1005.66,10.47
3,7642,1005.66,10.47
3,7643,1005.66,10.47
3,7644,897.21,9.91
3,7645,886.85,9.85
3,7646,876.49,9.79
3,7647,866.08,9.74
3,7648,855.52,9.68
3,7649,844.96,9.62
3,7650,757.8,10.02
3,7651,750.52,9.98
3,7652,736.94,9.91
3,7653,710.84,9.79
3,7654,710.03,9.78
3,7655,692.93,8.59
3,7656,702.16,8.67
3,7657,593.04,8.16
3,7658,571.41,8.07
3,7659,576.42,8.09
3,7660,589.16,8
3,7661,611.22,8.09
3,7662,652.07,8.26
3,7663,657.46,8.1
3,7664,656.86,8.1
3,7665,622.16,6.64
3,7666,597.7,6.54
3,7667,584.22,6.48
3,7668,549.05,6.34
3,7669,532.95,6.03
3,7670,523.94,5.99
3,7671,475.54,5.79
3,7672,460.54,5.7
3,7673,437.01,5.61
3,7674,407.68,5.46
3,7675,402.61,5.38
3,7676,484.86,5.93
3,7677,484.86,5.93
3,7678,484.86,5.93
3,7679,484.86,5.93
3,7680,526.32,6.46
3,7681,527.69,6.48
3,7682,580.51,6.77
3,7683,582.07,6.77
3,7684,599.4,6.85
3,7685,599.4,6.85
3,7686,599.4,6.85
3,7687,913.05,8.71
3,7688,903.59,8.67
3,7689,876.39,8.55
3,7690,854.67,8.46
3,7691,839.93,8.4
3,7692,821.34,8.32
3,7693,809.59,8.27
3,7694,796.16,8.49
3,7695,796.16,8.49
3,7696,911.41,9.16
3,7697,916.69,9.18
3,7698,931.6,9.24
3,7699,951.87,9.33
3,7703,948.97,10.81
3,7704,927.8,10.72
3,7705,873.47,10.42
3,7706,867.82,10.37
3,7707,864.39,10.34
3,7708,832.17,10.07
3,7709,832.12,10.07
3,7710,832.06,10.07
3,7711,855.9,10.04
3,7712,962.76,10.48
3,7713,961.59,10.48
3,7714,957.42,10.46
3,7715,954.9,10.45
3,7716,943.74,10.4
3,7717,943.74,10.4
3,7718,943.74,10.4
3,7719,1005.66,10.47
3,7720,1005.66,10.47
3,7721,1005.66,10.47
3,7722,1005.66,10.47
3,7723,920.48,10.04
3,7724,910.12,9.98
3,7725,899.76,9.92
3,7726,889.41,9.87
3,7727,879.05,9.81
3,7728,868.31,9.75
3,7729,763.86,9.52
3,7730,759.4,10.1
3,7731,752.47,10.04
3,7732,745.54,9.98
3,7733,696.73,9.73
3,7734,674.17,9.63
3,7735,650.58,9.54
3,7736,702.16,8.67
3,7737,603.5,9.46
3,7738,566.43,8.12
3,7739,590.43,8.14
3,7740,612.56,8.24
3,7741,634.68,8.33
3,7742,647.91,8.24
3,7743,670.05,8.33
3,7744,633.42,6.69
3,7745,627.59,6.66
3,7746,602,6.56
3,7747,582.36,6.24
3,7748,561.82,6.15
3,7749,527.78,6.01
3,7750,504.16,5.91
3,7751,479.04,5.81
3,7752,454.87,5.66
3,7753,442.94,5.56
3,7754,418.18,5.46
3,7755,397.85,5.31
3,7756,392.78,5.23
3,7757,387.83,5.16
3,7758,382.73,5.08
3,7759,377.7,5
3,7760,372.62,4.92
3,7761,527.69,6.48
3,7762,580.51,6.77
3,7763,581.57,6.77
3,7764,588.09,6.8
3,7765,599.4,6.85
3,7766,599.4,6.85
3,7767,913.05,8.71
3,7768,903.59,8.67
3,7769,876.39,8.55
3,7770,854.67,8.46
3,7771,854.67,8.46
3,7772,824.2,8.33
3,7773,809.59,8.27
3,7774,796.16,8.49
3,7775,911.41,9.16
3,7776,915.38,9.17
3,7777,931.6,9.24
3,7778,951.87,9.33
3,7779,958.7,9.36
3,7783,959.36,10.85
3,7784,938.07,10.77
3,7785,861.98,10.32
3,7786,857.73,10.29
3,7787,853.49,10.25
3,7788,821.13,9.98
3,7789,821.07,9.98
3,7790,845.12,9.99
3,7791,866.22,10.08
3,7792,895.46,10.2
3,7793,932.49,10.36
3,7794,942.47,10.4
3,7795,943.74,10.4
3,7796,943.74,10.4
3,7797,943.74,10.4
3,7798,943.74,10.4
3,7799,1005.66,10.47
3,7800,1005.66,10.47
3,7801,1005.66,10.47
3,7802,943.76,10.17
3,7803,933.4,10.11
3,7804,923.04,10.05
3,7805,912.68,10
3,7806,902.32,9.94
3,7807,891.96,9.88
3,7808,881.6,9.82
3,7809,755.12,9.44
3,7810,762.19,9.5
3,7811,761.07,10.11
3,7812,754.14,10.05
3,7813,700.15,9.74
3,7814,662.31,9.58
3,7815,638.78,9.49
3,7816,615.03,9.39
3,7817,571.96,8.25
3,7818,574.64,8.18
3,7819,604.45,8.2
3,7820,626.58,8.3
3,7821,648.7,8.39
3,7822,670.82,8.48
3,7823,679.59,8.37
3,7824,679.59,8.37
3,7825,628.79,6.43
3,7826,605.19,6.33
3,7827,581.58,6.23
3,7828,556.71,6.13
3,7829,532.42,6.03
3,7830,525.91,6
3,7831,528.51,6.01
3,7832,467.51,5.65
3,7833,457.42,5.61
3,7834,425.29,5.41
3,7835,408.51,5.29
3,7836,388.03,5.16
3,7837,382.99,5.08
3,7838,377.95,5
3,7839,372.88,4.93
3,7840,367.48,4.84
3,7841,362.83,4.77
3,7842,441.12,4.59
3,7843,441.12,4.59
3,7844,441.12,4.59
3,7845,383.7,4.25
3,7846,383.7,4.25
3,7847,383.7,4.25
3,7848,383.7,4.25
3,7849,383.7,4.25
3,7850,409.67,4.41
3,7851,409.67,4.41
3,7852,824.2,8.33
3,7853,796.16,8.49
3,7854,796.16,8.49
3,7855,914.06,9.17
3,7856,931.6,9.24
3,7857,951.62,9.33
3,7858,952.14,9.33
3,7859,964.28,9.38
3,7860,1033.91,11.16
3,7861,1011.86,11.07
3,7862,989.88,10.98
3,7863,969.75,10.9
3,7864,855.33,10.27
3,7865,850.56,10.23
3,7866,846.96,10.2
3,7867,843.35,10.17
3,7868,810.07,9.89
3,7869,810.02,9.89
3,7870,841.52,9.98
3,7871,868.86,10.09
3,7872,891.13,10.18
3,7873,912.1,10.27
3,7874,932.26,10.35
3,7875,934.98,10.37
3,7876,938.26,10.38
3,7877,943.74,10.4
3,7878,943.74,10.4
3,7879,1005.66,10.47
3,7880,977.39,10.35
3,7881,967.03,10.3
3,7882,956.68,10.24
3,7883,946.32,10.18
3,7884,935.96,10.12
3,7885,925.6,10.07
3,7886,915.24,10.01
3,7887,773.75,9.43
3,7888,739.57,9.31
3,7889,746.58,9.37
3,7890,753.59,9.43
3,7891,760.53,9.49
3,7892,762.73,10.12
3,7893,700.15,9.74
3,7894,664.88,9.6
3,7895,664.88,9.6
3,7896,595.03,9.26
3,7897,574.94,8.32
3,7898,620.67,8.58
3,7899,618.47,8.26
3,7900,640.59,8.35
3,7901,662.72,8.45
3,7902,684.84,8.54
3,7903,702.01,6.74
3,7904,659.13,6.56
3,7905,635.53,6.46
3,7906,611.93,6.36
3,7907,587.62,6.26
3,7908,560.54,6.15
3,7909,528.51,6.01
3,7910,528.51,6.01
3,7911,528.51,6.01
3,7912,471.77,5.67
3,7913,446.3,5.52
3,7914,437.86,5.41
3,7915,413.65,5.23
3,7916,396.36,5.16
3,7917,378.2,5.01
3,7918,373.14,4.93
3,7919,367.89,4.85
3,7920,363.08,4.78
3,7921,358.04,4.7
3,7922,441.12,4.59
3,7923,441.12,4.59
3,7924,441.12,4.59
3,7925,383.7,4.25
3,7926,383.7,4.25
3,7927,383.7,4.25
3,7928,383.7,4.25
3,7929,400.72,4.36
3,7930,409.67,4.41
3,7931,409.67,4.41
3,7932,409.67,4.41
3,7933,409.67,4.41
3,7934,409.67,4.41
3,7940,1042.66,11.2
3,7941,1020.21,11.11
3,7942,999.31,11.02
3,7943,977.33,10.93
3,7944,843.16,10.17
3,7945,838.76,10.13
3,7946,836.02,10.11
3,7947,816.62,9.94
3,7948,803.35,9.83
3,7949,798.93,9.8
3,7950,812.95,9.87
3,7951,876.44,10.12
3,7952,890.64,10.18
3,7953,912.1,10.27
3,7954,912.1,10.27
3,7955,932.03,10.35
3,7956,934.98,10.37
3,7957,931.04,10.53
3,7958,951.32,10.64
3,7959,1000.67,10.48
3,7960,990.31,10.43
3,7961,979.95,10.37
3,7962,969.59,10.31
3,7963,959.23,10.25
3,7964,948.87,10.2
3,7965,938.51,10.14
3,7966,773.75,9.43
3,7967,773.75,9.43
3,7968,731.03,9.24
3,7969,738.04,9.3
3,7970,745.05,9.36
3,7971,752.06,9.42
3,7972,758.86,9.47
3,7973,664.88,9.6
3,7974,586.85,9.07
3,7975,589.47,9.13
3,7976,580.44,8.45
3,7977,608.99,8.54
3,7978,631.91,8.63
3,7979,663.52,8.76
3,7980,682.66,8.84
3,7981,676.74,8.5
3,7982,698.86,8.6
3,7983,688.36,6.68
3,7984,666.85,6.59
3,7985,642.27,6.49
3,7986,618.68,6.39
3,7987,593.66,6.28
3,7988,564.36,6.16
3,7989,528.51,6.01
3,7990,528.51,6.01
3,7991,471.77,5.67
3,7992,471.77,5.67
3,7993,441.67,5.43
3,7994,443.24,5.43
3,7995,426.03,5.28
3,7996,398.93,5.08
3,7997,373.4,4.94
3,7998,368.3,4.86
3,7999,363.33,4.78
3,8000,358.29,4.7
3,8001,441.12,4.59
3,8002,441.12,4.59
3,8003,441.12,4.59
3,8004,411.67,4.42
3,8005,383.7,4.25
3,8006,383.7,4.25
3,8007,383.7,4.25
3,8008,383.7,4.25
3,8009,406.65,4.4
3,8010,409.67,4.41
3,8011,409.67,4.41
3,8012,409.67,4.41
3,8013,409.67,4.41
3,8014,409.67,4.41
3,8020,1051.4,11.24
3,8021,856.29,10.28
3,8022,841.22,10.15
3,8023,825.33,10.02
3,8024,813.34,9.92
3,8025,830.84,10.06
3,8026,825.87,10.02
3,8027,815.22,9.93
3,8028,802.27,9.83
3,8029,787.88,9.71
3,8030,826.7,9.95
3,8031,843.84,10.04
3,8032,861.18,10.14
3,8033,878.52,10.24
3,8034,893.82,10.32
3,8035,902.56,10.37
3,8036,925.43,10.5
3,8037,944.71,10.6
3,8038,961.53,10.7
3,8039,1013.59,10.56
3,8040,1003.23,10.5
3,8041,992.87,10.44
3,8042,982.51,10.38
3,8043,972.15,10.33
3,8044,961.79,10.27
3,8045,756.83,9.33
3,8046,743.63,9.26
3,8047,730.75,9.16
3,8048,722.49,9.17
3,8049,729.5,9.23
3,8050,736.51,9.29
3,8051,743.52,9.35
3,8052,578.42,8.87
3,8053,581.32,8.94
3,8054,583.94,9
3,8055,585.96,8.58
3,8056,583.39,8.52
3,8057,621.07,8.59
3,8058,644.82,8.69
3,8059,669.96,8.79
3,8060,685.27,8.85
3,8061,689.51,8.88
3,8062,696.09,6.71
3,8063,680.7,6.65
3,8064,675.43,6.63
3,8065,649.02,6.52
3,8066,625.42,6.42
3,8067,599.69,6.31
3,8068,568.18,6.18
3,8069,590.68,5.76
3,8070,590.68,5.76
3,8071,584.59,5.73
3,8072,575.28,5.69
3,8073,405.62,5.17
3,8074,405.62,5.17
3,8075,402.5,5.14
3,8076,389.56,5.03
3,8077,383.4,4.88
3,8078,363.57,4.78
3,8079,358.54,4.71
3,8080,353.5,4.63
3,8081,441.12,4.59
3,8082,441.12,4.59
3,8083,441.12,4.59
3,8084,405.64,4.39
3,8085,383.7,4.25
3,8086,383.7,4.25
3,8087,383.7,4.25
3,8088,393.61,4.32
3,8089,409.67,4.41
3,8090,409.67,4.41
3,8091,409.67,4.41
3,8092,409.67,4.41
3,8093,409.67,4.41
3,8094,409.67,4.41
3,8114,1077.23,11.35
3,8115,1077.23,11.35
3,8116,1077.23,11.35
3,8117,1077.23,11.35
3,8118,1077.23,11.35
3,8119,1077.23,11.35
3,8120,856.29,10.28
3,8121,856.29,10.28
3,8122,840.28,10.14
3,8123,825.62,10.02
3,8124,813.22,9.92
3,8125,800.3,9.81
3,8126,789.48,9.72
3,8127,800.88,9.74
3,8128,776.94,9.61
3,8129,776.82,9.61
3,8130,835.96,10
3,8131,853.3,10.1
3,8132,870.64,10.19
3,8133,887.4,10.29
3,8134,900.25,10.36
3,8135,919.82,10.47
3,8136,938.11,10.57
3,8137,954.92,10.66
3,8138,971.74,10.75
3,8139,1027.06,10.63
3,8140,1016.14,10.57
3,8141,1005.78,10.51
3,8142,995.42,10.46
3,8143,985.07,10.4
3,8144,974.71,10.34
3,8145,748.45,9.29
3,8146,733.56,9.2
3,8147,720.1,9.1
3,8148,713.95,9.1
3,8149,720.96,9.16
3,8150,727.97,9.22
3,8151,734.98,9.28
3,8152,575.76,8.8
3,8153,578.29,8.86
3,8154,581.02,8.93
3,8155,603.6,8.68
3,8156,624.57,8.76
3,8157,645.67,8.85
3,8158,667.21,8.8
3,8159,677.97,8.86
3,8160,698.72,8.93
3,8161,702.78,8.95
3,8162,686.09,6.67
3,8163,679.99,6.64
3,8164,675.43,6.63
3,8165,655.76,6.54
3,8166,632.16,6.45
3,8167,608.56,6.35
3,8168,613.62,5.85
3,8169,600.26,5.8
3,8170,590.68,5.76
3,8171,584.59,5.73
3,8172,568.06,5.66
3,8173,546.34,5.57
3,8174,405.62,5.17
3,8175,402.23,5.14
3,8176,389.29,5.03
3,8177,383.4,4.88
3,8178,358.79,4.71
3,8179,353.75,4.63
3,8180,348.73,4.56
3,8181,445.48,4.58
3,8182,441.12,4.59
3,8183,418.6,4.46
3,8184,399.61,4.36
3,8185,383.7,4.25
3,8186,383.7,4.25
3,8187,369.64,4.18
3,8188,399.54,4.36
3,8189,409.67,4.41
3,8190,409.67,4.41
3,8191,409.67,4.41
3,8192,409.67,4.41
3,8193,409.67,4.41
3,8194,409.67,4.41
3,8214,1077.23,11.35
3,8215,1077.23,11.35
3,8216,1077.23,11.35
3,8217,981.16,10.57
3,8218,981.16,10.57
3,8219,969.34,10.54
3,8220,856.29,10.28
3,8221,854.86,10.26
3,8222,839.33,10.13
3,8223,825.91,10.02
3,8224,813.1,9.92
3,8225,800.18,9.81
3,8226,787.09,9.7
3,8227,784.26,9.65
3,8228,765.88,9.52
3,8229,781.93,9.53
3,8230,782.86,9.53
3,8231,862.76,10.15
3,8232,880.11,10.25
3,8233,897.94,10.34
3,8234,914.21,10.44
3,8235,930.59,10.53
3,8236,948.32,10.62
3,8237,965.14,10.72
3,8238,981.06,10.81
3,8239,1076.1,10.89
3,8240,1029.44,10.64
3,8241,1018.98,10.59
3,8242,1008.34,10.53
3,8243,997.98,10.47
3,8244,718.56,8.96
3,8245,734.64,9.2
3,8246,727.71,9.15
3,8247,717.67,9.09
3,8248,705.4,9.03
3,8249,712.42,9.09
3,8250,719.43,9.15
3,8251,570.22,8.67
3,8252,572.85,8.74
3,8253,575.48,8.8
3,8254,594.4,8.78
3,8255,619.14,8.74
3,8256,639.77,8.83
3,8257,660.87,8.92
3,8258,676.38,8.85
3,8259,685.56,8.9
3,8260,708.78,8.98
3,8261,708.78,8.98
3,8262,708.78,8.98
3,8263,679.99,6.64
3,8264,677.7,6.63
3,8265,675.43,6.63
3,8266,679.01,6.13
3,8267,663.03,6.06
3,8268,643.97,5.98
3,8269,617.77,5.87
3,8270,604.41,5.82
3,8271,579.27,5.71
3,8272,554.91,5.61
3,8273,532.59,5.52
3,8274,496.28,5.37
3,8275,485.96,5.31
3,8276,468.07,5.07
3,8277,410.57,4.83
3,8278,395.65,4.77
3,8279,361.86,4.63
3,8280,343.93,4.48
3,8281,445.48,4.58
3,8282,431.57,4.53
3,8283,412.69,4.43
3,8284,393.58,4.32
3,8285,383.7,4.25
3,8286,369.64,4.18
3,8287,385.36,4.28
3,8288,405.47,4.39
3,8289,409.67,4.41
3,8290,409.67,4.41
3,8291,409.67,4.41
3,8292,409.67,4.41
3,8293,409.67,4.41
3,8294,409.67,4.41
3,8314,1077.23,11.35
3,8315,981.16,10.57
3,8316,981.16,10.57
3,8317,981.16,10.57
3,8318,981.16,10.57
3,8319,981.16,10.57
3,8320,958.9,10.48
3,8321,939.89,10.37
3,8322,838.39,10.13
3,8323,826.19,10.02
3,8324,812.98,9.91
3,8325,842.18,9.83
3,8326,819.78,9.71
3,8327,768.83,9.55
3,8328,757.88,9.46
3,8329,758.8,9.43
3,8330,760.21,9.43
3,8331,731.58,9.19
3,8332,891.1,10.31
3,8333,910.38,10.41
3,8334,924.98,10.5
3,8335,941.72,10.59
3,8336,958.54,10.68
3,8337,975.35,10.77
3,8338,991.51,10.86
3,8339,1076.1,10.89
3,8340,1076.1,10.89
3,8341,1031.82,10.66
3,8342,1021.36,10.6
3,8343,714.96,8.94
3,8344,717.56,8.95
3,8345,718.56,8.96
3,8346,738.53,9.21
3,8347,689.8,8.9
3,8348,696.63,8.96
3,8349,703.87,9.02
3,8350,564.68,8.54
3,8351,567.31,8.6
3,8352,569.94,8.67
3,8353,599.95,8.91
3,8354,617.55,8.98
3,8355,633.44,9.07
3,8356,654.97,8.89
3,8357,676.31,8.98
3,8358,697.35,9.07
3,8359,718.9,9.16
3,8360,708.78,8.98
3,8361,708.78,8.98
3,8362,782.94,9.42
3,8363,804.28,9.51
3,8364,827.97,6.75
3,8365,798.62,6.63
3,8366,679.01,6.13
3,8367,676.65,6.12
3,8368,656.82,6.03
3,8369,639.64,5.96
3,8370,621.91,5.89
3,8371,640.51,5.97
3,8372,541.16,5.55
3,8373,518.83,5.46
3,8374,490.56,5.34
3,8375,479.11,5.25
3,8376,468.07,5.07
3,8377,408.88,4.82
3,8378,394.27,4.76
3,8379,377.17,4.69
3,8380,339.14,4.41
3,8381,412.62,4.38
3,8382,452.68,4.6
3,8383,433.34,4.51
3,8384,385.03,4.23
3,8385,368.48,4.18
3,8386,373.3,4.21
3,8387,392.44,4.32
3,8388,409.67,4.41
3,8389,409.67,4.41
3,8390,409.67,4.41
3,8391,409.67,4.41
3,8392,409.67,4.41
3,8393,409.67,4.41
3,8394,409.67,4.41
3,8414,981.16,10.57
3,8415,984.21,10.58
3,8416,984.21,10.58
3,8417,984.21,10.58
3,8418,986.14,10.59
3,8419,987.59,10.6
3,8420,996.42,10.65
3,8421,945.12,10.37
3,8422,926.12,10.26
3,8423,895.82,10.13
3,8424,876.75,10.02
3,8425,855.94,9.91
3,8426,850.61,9.84
3,8427,791.1,9.55
3,8428,774.65,9.46
3,8429,739.87,9.31
3,8430,728.99,9.21
3,8431,731.58,9.19
3,8432,736.39,9.14
3,8433,736.39,9.14
3,8434,935.11,10.55
3,8435,951.93,10.64
3,8436,968.75,10.74
3,8437,985.32,10.83
3,8438,1001.96,10.92
3,8439,1076.1,10.89
3,8440,1076.1,10.89
3,8441,1044.67,10.73
3,8442,1034.2,10.67
3,8443,698.82,8.85
3,8444,701.43,8.86
3,8445,667.48,8.71
3,8446,674.31,8.77
3,8447,681.14,8.83
3,8448,687.97,8.88
3,8449,694.81,8.94
3,8450,561.77,8.47
3,8451,564.4,8.54
3,8452,567.03,8.6
3,8453,608.85,8.98
3,8454,628.89,9.04
3,8455,644.78,9.13
3,8456,679.39,9.3
3,8457,691.88,9.04
3,8458,712.08,9.13
3,8459,733.61,9.22
3,8460,756.27,9.31
3,8461,778.68,9.41
3,8462,797.89,9.49
3,8463,819.22,9.58
3,8464,824.86,6.73
3,8465,796.35,6.62
3,8466,687.2,6.16
3,8467,680.26,6.13
3,8468,671.88,6.1
3,8469,653.49,6.02
3,8470,645.13,5.99
3,8471,660.16,6.05
3,8472,527.4,5.5
3,8473,516.53,5.45
3,8474,528.3,5.32
3,8475,472.26,5.19
3,8476,458.14,5.03
3,8477,435.59,4.94
3,8478,430.34,4.91
3,8479,466.95,5.07
3,8480,335.43,4.36
3,8481,329.58,4.27
3,8482,395.5,4.26
3,8483,372.24,4.16
3,8484,369.43,4.14
3,8485,343.52,4.05
3,8486,372.39,4.17
3,8487,415.83,4.39
3,8488,412.47,4.43
3,8489,409.67,4.41
3,8490,409.67,4.41
3,8491,409.67,4.41
3,8492,409.67,4.41
3,8493,409.67,4.41
3,8494,409.67,4.41
3,8514,986.14,10.59
3,8515,986.14,10.59
3,8516,986.14,10.59
3,8517,986.14,10.59
3,8518,1014,10.75
3,8519,1012.11,10.74
3,8520,1008.91,10.72
3,8521,939.29,10.33
3,8522,920.29,10.23
3,8523,901.29,10.12
3,8524,882.3,10.02
3,8525,863.32,9.91
3,8526,845.14,9.81
3,8527,828.76,9.72
3,8528,772.83,9.45
3,8529,774.02,9.45
3,8530,721.76,9.15
3,8531,730.11,9.15
3,8532,722.4,9.03
3,8533,722.4,9.03
3,8534,945.33,10.61
3,8535,962.15,10.7
3,8536,979.13,10.8
3,8537,995.77,10.89
3,8538,1013.58,10.99
3,8539,1040.01,11.13
3,8540,1074.22,10.88
3,8541,1057.52,10.8
3,8542,1047.05,10.74
3,8543,689.54,8.79
3,8544,677.8,8.73
3,8545,658.82,8.64
3,8546,665.66,8.7
3,8547,672.49,8.75
3,8548,679.32,8.81
3,8549,556.24,8.34
3,8550,558.86,8.41
3,8551,561.49,8.47
3,8552,619.91,9.13
3,8553,641.11,9.22
3,8554,662.32,9.31
3,8555,671.64,9.28
3,8556,672.01,9.28
3,8557,680.85,9.33
3,8558,726.8,9.19
3,8559,748.34,9.28
3,8560,769.93,9.37
3,8561,791.49,9.46
3,8562,812.83,9.55
3,8563,849.16,6.84
3,8564,821.75,6.72
3,8565,794.09,6.61
3,8566,768.08,6.5
3,8567,690.7,6.18
3,8568,685.13,6.15
3,8569,667.12,6.08
3,8570,665.49,6.05
3,8571,663.61,6.06
3,8572,663.61,6.06
3,8573,537.29,5.36
3,8574,514.79,5.27
3,8575,492.28,5.17
3,8576,469.77,5.08
3,8577,462.32,5.05
3,8578,456.67,5.02
3,8579,487.39,5.15
3,8580,491.53,5.17
3,8581,325.67,4.21
3,8582,319.74,4.12
3,8583,313.81,4.02
3,8584,341.23,4.01
3,8585,461.03,4.64
3,8586,418.64,4.43
3,8587,431.14,4.53
3,8588,425.06,4.5
3,8589,422.94,4.49
3,8590,420.12,4.47
3,8591,414.42,4.44
3,8592,409.95,4.41
3,8593,409.67,4.41
3,8614,1018.5,10.77
3,8615,1018.5,10.77
3,8616,1018.5,10.77
3,8617,1018.5,10.77
3,8618,1018.5,10.77
3,8619,1019.45,10.78
3,8620,1033.2,10.85
3,8621,1046.22,10.93
3,8622,1055.91,10.98
3,8623,895.46,10.09
3,8624,876.7,9.99
3,8625,857.65,9.88
3,8626,834.37,9.75
3,8627,805.66,9.59
3,8628,789.82,9.54
3,8629,788.29,9.23
3,8630,771.85,9.14
3,8631,703.66,9
3,8632,704.86,8.96
3,8633,710.75,8.97
3,8634,670.61,8.73
3,8635,679,8.71
3,8636,989.57,10.85
3,8637,1006.01,10.95
3,8638,1022.32,11.04
3,8639,1040.97,11.14
3,8640,1057.52,11.23
3,8641,1066.33,10.85
3,8642,710.55,8.91
3,8643,700.03,8.85
3,8644,689.72,8.79
3,8645,650.18,8.57
3,8646,657,8.63
3,8647,668.24,8.65
3,8648,550.81,8.21
3,8649,553.4,8.28
3,8650,555.95,8.34
3,8651,613.97,9.24
3,8652,635,9.2
3,8653,656.21,9.29
3,8654,677.41,9.37
3,8655,683.82,9.35
3,8656,697.22,9.42
3,8657,708.29,9.48
3,8658,741.52,9.25
3,8659,761.17,9.33
3,8660,785.09,9.43
3,8661,806.43,9.52
3,8662,827.77,9.61
3,8663,845.3,6.82
3,8664,818.63,6.71
3,8665,791.82,6.6
3,8666,765.82,6.49
3,8667,712.28,6.27
3,8668,705.38,6.24
3,8669,699.26,6.21
3,8670,663.61,6.06
3,8671,663.61,6.06
3,8672,663.61,6.06
3,8673,524.01,5.3
3,8674,509.38,5.24
3,8675,496.29,5.19
3,8676,473.57,5.09
3,8677,484.89,5.14
3,8678,483.58,5.14
3,8679,491.53,5.17
3,8680,491.53,5.17
3,8681,337.27,4.11
3,8682,337.27,4.11
3,8683,326.23,4.06
3,8684,310.2,3.91
3,8685,487.64,4.75
3,8686,285.35,3.69
3,8687,428.96,4.52
3,8688,426.04,4.5
3,8689,425.06,4.5
3,8690,425.06,4.5
3,8691,425.06,4.5
3,8692,254.81,3.27
3,8693,252.31,3.23
3,8714,1018.5,10.77
3,8715,1018.5,10.77
3,8716,1018.5,10.77
3,8717,1018.5,10.77
3,8718,1019.41,10.78
3,8719,1027.91,10.83
3,8720,1047.01,10.93
3,8721,1058.22,10.99
3,8722,1063.63,11.02
3,8723,1079.35,11.1
3,8724,1096.65,11.2
3,8725,856.64,9.85
3,8726,848.72,9.82
3,8727,815.41,9.64
3,8728,808.95,9.65
3,8729,809.85,9.34
3,8730,793.18,9.24
3,8731,744.82,8.99
3,8732,685.56,8.85
3,8733,674.55,8.76
3,8734,663.54,8.67
3,8735,679,8.71
3,8736,675.91,8.69
3,8737,686.2,8.59
3,8738,678,8.52
3,8739,1041.94,11.14
3,8740,1053.59,11.21
3,8741,679.23,8.59
3,8742,723.36,8.98
3,8743,712.84,8.92
3,8744,634.61,8.44
3,8745,654.76,8.57
3,8746,668.24,8.65
3,8747,668.24,8.65
3,8748,547.87,8.15
3,8749,550.45,8.21
3,8750,619.48,9.37
3,8751,632.47,9.4
3,8752,647.07,9.47
3,8753,713.26,9.52
3,8754,697.91,9.46
3,8755,713.78,9.53
3,8756,708.29,9.48
3,8757,708.29,9.48
3,8758,708.29,9.48
3,8759,774.83,9.39
3,8760,800.04,9.5
3,8761,821.38,9.58
3,8762,841.76,9.67
3,8763,841.53,6.8
3,8764,815.56,6.7
3,8765,789.56,6.59
3,8766,763.55,6.48
3,8767,737.15,6.37
3,8768,723.55,6.31
3,8769,718.46,6.29
3,8770,663.61,6.06
3,8771,663.61,6.06
3,8772,524.01,5.3
3,8773,524.01,5.3
3,8774,524.01,5.3
3,8775,504.83,5.22
3,8776,495.44,5.18
3,8777,504.78,5.22
3,8778,506.07,5.23
3,8779,496.43,5.19
3,8780,491.53,5.17
3,8781,337.27,4.11
3,8782,337.27,4.11
3,8783,319.61,3.96
3,8784,309.58,3.88
3,8785,287.67,3.72
3,8786,281.26,3.63
3,8787,274.92,3.55
3,8788,268.06,3.45
3,8789,270.74,3.38
3,8790,256.77,3.29
3,8791,254.81,3.27
3,8792,252.31,3.23
3,8793,250.35,3.2
3,8814,1018.5,10.77
3,8815,1018.5,10.77
3,8816,1018.5,10.77
3,8817,1019.37,10.78
3,8818,1022.62,10.8
3,8819,1047.8,10.94
3,8820,1073.05,11.08
3,8821,1073.44,11.08
3,8822,1073.69,11.08
3,8823,1073.95,11.07
3,8824,1088.72,11.16
3,8825,1105.6,11.25
3,8826,843.64,9.8
3,8827,847.92,9.82
3,8828,852.46,9.57
3,8829,799.44,9.28
3,8830,782.84,9.19
3,8831,766.53,9.1
3,8832,717.55,8.84
3,8833,701.09,8.75
3,8834,656.47,8.61
3,8835,666.57,8.64
3,8836,688.93,8.72
3,8837,679.19,8.55
3,8838,678,8.52
3,8839,654.84,8.46
3,8840,679.15,8.59
3,8841,679.23,8.59
3,8842,735.43,9.05
3,8843,619.04,8.31
3,8844,626.11,8.37
3,8845,620.08,8.21
3,8846,668.24,8.65
3,8847,562.96,8.05
3,8848,544.93,8.08
3,8849,547.51,8.14
3,8850,622.39,9.44
3,8851,664.65,9.54
3,8852,652.02,9.49
3,8853,729.43,9.59
3,8854,714.08,9.53
3,8855,728.72,9.59
3,8856,750.07,9.68
3,8857,771.41,9.77
3,8858,775.79,9.78
3,8859,775.79,9.78
3,8860,814.98,9.56
3,8861,831.14,9.63
3,8862,846.91,9.69
3,8863,838.42,6.79
3,8864,813.29,6.69
3,8865,787.29,6.58
3,8866,761.29,6.47
3,8867,733.41,6.35
3,8868,728.25,6.33
3,8869,723.55,6.31
3,8870,723.55,6.31
3,8871,663.61,6.06
3,8872,524.01,5.3
3,8873,524.01,5.3
3,8874,524.01,5.3
3,8875,525.85,5.31
3,8876,519.76,5.29
3,8877,526.95,5.32
3,8878,531.14,5.33
3,8879,506.07,5.23
3,8880,497.54,5.19
3,8881,337.27,4.11
3,8882,337.27,4.11
3,8883,333.15,3.98
3,8884,331.44,3.97
3,8885,297.09,3.72
3,8886,278.41,3.58
3,8887,270.39,3.48
3,8888,270.74,3.38
3,8889,257.82,3.31
3,8890,254.8,3.27
3,8891,252.31,3.23
3,8892,250.35,3.2
3,8893,250.35,3.2
3,8894,305.21,3.97
3,8895,306.11,3.98
3,8896,309.19,4.02
3,8897,337.42,4.21
3,8898,346,4.24
3,8899,381.75,4.39
3,8914,1018.5,10.77
3,8915,1018.5,10.77
3,8916,1019.34,10.78
3,8917,1021.57,10.79
3,8918,1060.89,11
3,8919,1060.89,11
3,8920,1060.89,11
3,8921,1056.99,10.98
3,8922,1050.14,10.94
3,8923,1065.94,11.03
3,8924,1082.14,11.12
3,8925,869.22,9.94
3,8926,853.18,9.85
3,8927,858.52,9.61
3,8928,841.94,9.51
3,8929,825.35,9.42
3,8930,817.79,9.38
3,8931,755.67,9.03
3,8932,739.36,8.94
3,8933,690.41,8.69
3,8934,673.58,8.6
3,8935,638.46,8.46
3,8936,652.84,8.5
3,8937,648.72,8.39
3,8938,658.51,8.43
3,8939,649.98,8.43
3,8940,667.09,8.52
3,8941,618.73,8.22
3,8942,603.65,8.18
3,8943,612.76,8.25
3,8944,606.41,8.14
3,8945,628.84,8.26
3,8946,642.72,8.34
3,8947,562.96,8.05
3,8948,541.98,8.01
3,8949,627.93,9.57
3,8950,670.67,7.73
3,8951,665.66,9.54
3,8952,760.95,9.72
3,8953,745.6,9.66
3,8954,730.25,9.59
3,8955,743.66,9.65
3,8956,764.99,9.74
3,8957,775.78,9.78
3,8958,775.78,9.78
3,8959,775.78,9.78
3,8960,829.7,9.62
3,8961,840.72,9.66
3,8962,850.68,9.71
3,8963,835.24,6.78
3,8964,811.03,6.68
3,8965,785.02,6.57
3,8966,749.53,6.42
3,8967,733.13,6.35
3,8968,728.25,6.33
3,8969,726.32,6.32
3,8970,723.54,6.31
3,8971,523.98,5.3
3,8972,523.98,5.3
3,8973,523.98,5.3
3,8974,522.35,5.3
3,8975,529.95,5.33
3,8976,551.24,5.42
3,8977,549.1,5.41
3,8978,549.1,5.41
3,8979,531.14,5.33
3,8980,391.99,4.23
3,8981,391.99,4.23
3,8982,391.99,4.23
3,8983,380.17,4.18
3,8984,353.29,4.07
3,8985,289.15,3.67
3,8986,288.56,3.55
3,8987,265.85,3.42
3,8988,259.45,3.33
3,8989,254.7,3.26
3,8990,251.29,3.22
3,8991,250.38,3.2
3,8992,247.82,3.17
3,8993,249.8,3.2
3,8994,305.25,3.97
3,8995,305.48,3.97
3,8996,307.3,4
3,8997,311.41,4.05
3,8998,340.2,4.22
3,8999,349.39,4.26
3,9013,1018.33,10.77
3,9014,1018.33,10.77
3,9015,1019.13,10.78
3,9016,1061.19,11
3,9017,1057.1,10.98
3,9018,1053.85,10.96
3,9019,1053.28,10.96
3,9020,1046.71,10.92
3,9021,1039.74,10.88
3,9022,1042.98,10.9
3,9023,1058.02,10.99
3,9024,892.59,10.07
3,9025,881.95,10.01
3,9026,853.48,9.85
3,9027,848,9.55
3,9028,831.42,9.46
3,9029,814.83,9.36
3,9030,802.96,9.3
3,9031,830.2,9.45
3,9032,728.51,8.88
3,9033,712.16,8.79
3,9034,663.03,8.54
3,9035,652.72,8.48
3,9036,620.29,8.31
3,9037,625.84,8.3
3,9038,626.79,8.3
3,9039,643.93,8.4
3,9040,620.98,8.23
3,9041,608.35,8.16
3,9042,595.02,8.11
3,9043,601.89,8.17
3,9044,590.74,8.05
3,9045,581.32,8
3,9046,642.72,8.34
3,9047,536.43,7.88
3,9048,633.47,9.7
3,9049,660.4,7.68
3,9050,662.72,7.69
3,9051,760.96,9.72
3,9052,760.96,9.72
3,9053,760.96,9.72
3,9054,681.35,7.91
3,9055,662.1,8.1
3,9056,775.78,9.78
3,9057,775.78,9.78
3,9058,775.78,9.78
3,9059,708.95,8.36
3,9060,723.96,8.44
3,9061,842.38,9.67
3,9062,851.08,9.71
3,9063,832.13,6.76
3,9064,808.76,6.67
3,9065,782.76,6.56
3,9066,743.02,6.39
3,9067,733.13,6.35
3,9068,728.25,6.33
3,9069,728.25,6.33
3,9070,723.54,6.31
3,9071,523.98,5.3
3,9072,523.98,5.3
3,9073,520.79,5.29
3,9074,526.72,5.32
3,9075,561.54,5.46
3,9076,562.87,5.47
3,9077,562.87,5.47
3,9078,562.87,5.47
3,9079,549.1,5.41
3,9080,428.59,4.13
3,9081,428.59,4.13
3,9082,391.99,4.23
3,9083,386.22,4.2
3,9084,374.79,4.15
3,9085,334.8,3.74
3,9086,306.07,3.62
3,9087,261.49,3.36
3,9088,254.59,3.26
3,9089,250.38,3.2
3,9090,247.59,3.17
3,9091,244.49,3.12
3,9092,247.65,3.17
3,9093,253.06,3.24
3,9094,294.72,3.64
3,9095,305.25,3.97
3,9096,306.14,3.98
3,9097,309.94,4.03
3,9098,330.23,4.18
3,9099,346.01,4.24
3,9113,1018.33,10.77
3,9114,1053.85,10.96
3,9115,1053.85,10.96
3,9116,1053.85,10.96
3,9117,1050.11,10.94
3,9118,1043.54,10.91
3,9119,1041.09,10.89
3,9120,1032.51,10.84
3,9121,1023.93,10.8
3,9122,1030.42,10.83
3,9123,916,10.2
3,9124,913.99,10.19
3,9125,919.72,10.22
3,9126,884.03,10.02
3,9127,837.48,9.49
3,9128,820.9,9.4
3,9129,803.95,9.3
3,9130,793.7,9.25
3,9131,771.22,9.12
3,9132,719.05,8.83
3,9133,700.59,8.73
3,9134,684.19,8.64
3,9135,665.33,8.53
3,9136,678.54,8.61
3,9137,602.18,8.16
3,9138,591.28,8.07
3,9139,580.38,7.98
3,9140,614.65,8.2
3,9141,579.35,7.98
3,9142,586.47,8.04
3,9143,593.25,8.09
3,9144,580.03,7.99
3,9145,563.56,7.9
3,9146,547.22,7.81
3,9147,533.51,7.81
3,9148,652.53,9.83
3,9149,639.95,7.6
3,9150,637.47,7.59
3,9151,658.06,7.81
3,9152,673.56,7.88
3,9153,681.35,7.91
3,9154,659.27,8.08
3,9155,662.34,8.1
3,9156,681.73,8.21
3,9157,692.88,8.27
3,9158,706.15,8.34
3,9159,721.16,8.43
3,9160,724.33,8.44
3,9161,725.2,8.45
3,9162,851.94,6.85
3,9163,829.01,6.75
3,9164,806.49,6.66
3,9165,780.49,6.55
3,9166,741.67,6.39
3,9167,733.13,6.35
3,9168,728.25,6.33
3,9169,728.25,6.33
3,9170,728.25,6.33
3,9171,499.15,4.86
3,9172,520.79,5.29
3,9173,525.69,5.31
3,9174,562.87,5.47
3,9175,562.87,5.47
3,9176,562.87,5.47
3,9177,562.87,5.47
3,9178,562.87,5.47
3,9179,562.87,5.47
3,9180,428.59,4.13
3,9181,428.59,4.13
3,9182,428.59,4.13
3,9183,407.62,4.05
3,9184,377.04,3.92
3,9185,336.69,3.75
3,9186,320.42,3.68
3,9187,266.41,3.15
3,9188,247.37,3.16
3,9189,244.27,3.12
3,9190,241.93,3.09
3,9191,243.01,3.1
3,9192,249.78,3.2
3,9193,255.35,3.27
3,9194,294.72,3.64
3,9195,304.51,3.96
3,9196,305.25,3.97
3,9197,308.37,4.01
3,9198,314.22,4.09
3,9199,336.1,4.2
3,9213,1053.85,10.96
3,9214,1053.51,10.96
3,9215,1046.94,10.92
3,9216,1043.06,10.9
3,9217,1042.43,10.9
3,9218,1033.86,10.85
3,9219,1025.28,10.8
3,9220,1011.72,10.73
3,9221,1006.47,10.7
3,9222,999.89,10.66
3,9223,928.69,10.27
3,9224,930.76,10.28
3,9225,937.53,10.32
3,9226,906.79,9.87
3,9227,900.72,9.84
3,9228,827.19,9.43
3,9229,816.94,9.38
3,9230,806.69,9.32
3,9231,760.54,9.06
3,9232,743.79,8.97
3,9233,727.39,8.88
3,9234,673.44,8.58
3,9235,657.04,8.49
3,9236,636.78,8.37
3,9237,594.97,8.1
3,9238,584.07,8.01
3,9239,573.16,7.92
3,9240,564.15,7.85
3,9241,570.86,7.91
3,9242,598.02,8.04
3,9243,619.73,8.13
3,9244,640.27,8.22
3,9245,552.73,7.84
3,9246,536.39,7.75
3,9247,641.96,9.9
3,9248,662.12,9.87
3,9249,614.98,7.49
3,9250,622.27,7.53
3,9251,648.79,7.77
3,9252,667.36,7.85
3,9253,681.35,7.91
3,9254,647.72,8.02
3,9255,662.59,8.1
3,9256,681.98,8.21
3,9257,703.34,8.33
3,9258,718.35,8.41
3,9259,724.33,8.44
3,9260,725.2,8.45
3,9261,725.2,8.45
3,9262,725.2,8.45
3,9263,552.67,5.57
3,9264,552.67,5.57
3,9265,552.67,5.57
3,9266,552.67,5.57
3,9267,552.67,5.57
3,9268,728.25,6.33
3,9269,499.15,4.86
3,9270,499.15,4.86
3,9271,499.15,4.86
3,9272,499.15,4.86
3,9273,499.15,4.86
3,9274,562.87,5.47
3,9275,562.87,5.47
3,9276,562.87,5.47
3,9277,562.87,5.47
3,9278,562.87,5.47
3,9279,432.59,4.15
3,9280,432.59,4.15
3,9281,432.59,4.15
3,9282,431.91,4.15
3,9283,413.26,4.07
3,9284,361.69,3.36
3,9285,345.49,3.29
3,9286,328.66,3.22
3,9287,266.41,3.15
3,9288,258.79,3.1
3,9289,237.91,3.03
3,9290,238.55,3.04
3,9291,245.81,3.14
3,9292,252.35,3.23
3,9293,271.6,3.43
3,9294,294.72,3.64
3,9295,294.72,3.64
3,9296,303.46,3.94
3,9297,305.99,3.98
3,9298,317.93,4.08
3,9299,338.64,4.31
3,9313,1042.1,10.59
3,9314,1042.1,10.59
3,9315,1042.1,10.59
3,9316,1042.1,10.59
3,9317,1042.1,10.59
3,9318,1042.1,10.59
3,9319,1042.1,10.59
3,9320,998.3,10.65
3,9321,991.01,10.61
3,9322,983.73,10.57
3,9323,948.84,10.38
3,9324,946.94,10.37
3,9325,952.26,10.4
3,9326,906.29,9.87
3,9327,895.87,9.81
3,9328,840.18,9.5
3,9329,829.92,9.45
3,9330,864.7,9.64
3,9331,748.17,8.99
3,9332,733.05,8.91
3,9333,716.64,8.82
3,9334,699.95,8.73
3,9335,660.11,8.5
3,9336,650.82,8.45
3,9337,596.91,8.07
3,9338,599.21,8.08
3,9339,565.96,7.86
3,9340,560.85,7.8
3,9341,562.13,7.83
3,9342,612.43,8.1
3,9343,634.4,8.19
3,9344,540.46,7.54
3,9345,522.48,7.55
3,9346,600.88,7.46
3,9347,584.56,7.39
3,9348,585.65,7.37
3,9349,597.49,7.42
3,9350,615.32,7.63
3,9351,630.05,7.7
3,9352,641.7,7.74
3,9353,627.65,7.91
3,9354,636.18,7.95
3,9355,648.45,8.02
3,9356,682.23,8.21
3,9357,715.55,8.39
3,9358,723.94,8.44
3,9359,722.05,8.43
3,9360,720.16,8.42
3,9361,718.26,8.41
3,9362,576.12,6.06
3,9363,552.67,5.57
3,9364,552.67,5.57
3,9365,552.67,5.57
3,9366,552.67,5.57
3,9367,546.36,5.53
3,9368,530.27,5.44
3,9369,499.15,4.86
3,9370,499.15,4.86
3,9371,499.15,4.86
3,9372,499.15,4.86
3,9373,499.15,4.86
3,9374,499.15,4.86
3,9375,562.87,5.47
3,9376,562.87,5.47
3,9377,562.87,5.47
3,9378,562.87,5.47
3,9379,434.88,4.16
3,9380,434.88,4.16
3,9381,434.88,4.16
3,9382,434.88,4.16
3,9383,380.54,3.43
3,9384,379.57,3.43
3,9385,326.83,3.21
3,9386,308.84,3.14
3,9387,266.41,3.15
3,9388,249.57,3.05
3,9389,231.6,2.94
3,9390,241.18,3.08
3,9391,248.61,3.18
3,9392,255.34,3.27
3,9393,271.6,3.43
3,9394,294.72,3.64
3,9395,294.72,3.64
3,9396,296.52,3.85
3,9397,318.3,3.92
3,9398,338.94,4.01
3,9399,373.18,4.5
3,9413,1042.1,10.59
3,9414,1042.1,10.59
3,9415,1042.1,10.59
3,9416,1042.1,10.59
3,9417,1042.1,10.59
3,9418,1042.1,10.59
3,9419,1042.1,10.59
3,9420,1042.1,10.59
3,9421,975.92,10.53
3,9422,968.13,10.49
3,9423,965.61,10.2
3,9424,953.04,10.13
3,9425,923.6,9.97
3,9426,904.44,9.86
3,9427,887.46,9.77
3,9428,853.15,9.58
3,9429,859.07,9.61
3,9430,868.3,9.66
3,9431,743.12,8.97
3,9432,732.54,8.91
3,9433,717.05,8.82
3,9434,689.45,8.67
3,9435,672.82,8.57
3,9436,620.96,8.24
3,9437,611.81,8.19
3,9438,602.54,8.02
3,9439,572.79,7.87
3,9440,562.21,7.77
3,9441,533.47,7.61
3,9442,534.27,7.57
3,9443,555.34,7.68
3,9444,535.43,7.52
3,9445,519.52,7.48
3,9446,581.91,7.38
3,9447,565.72,7.31
3,9448,576.29,7.33
3,9449,567.97,7.3
3,9450,603.5,7.45
3,9451,580.61,7.49
3,9452,568.82,7.44
3,9453,618.18,7.85
3,9454,616.51,7.84
3,9455,614.84,7.84
3,9456,711.04,8.37
3,9457,709.14,8.36
3,9458,707.25,8.35
3,9459,705.36,8.34
3,9460,703.46,8.33
3,9461,576.12,6.06
3,9462,576.12,6.06
3,9463,554.72,5.58
3,9464,552.67,5.57
3,9465,552.67,5.57
3,9466,551.87,5.56
3,9467,535.7,5.47
3,9468,519.4,5.38
3,9469,499.15,4.86
3,9470,499.15,4.86
3,9471,499.15,4.86
3,9472,499.15,4.86
3,9473,499.15,4.86
3,9474,499.15,4.86
3,9475,499.15,4.86
3,9476,562.87,5.47
3,9477,562.87,5.47
3,9478,434.88,4.16
3,9479,434.88,4.16
3,9480,434.88,4.16
3,9481,434.88,4.16
3,9482,434.88,4.16
3,9483,379.62,3.43
3,9484,353.57,3.32
3,9485,334.88,3.24
3,9486,295.67,3.08
3,9487,321.76,3.19
3,9488,224.05,2.84
3,9489,225.16,2.85
3,9490,263.29,2.95
3,9491,268.02,3.32
3,9492,258.79,3.32
3,9493,271.6,3.43
3,9494,286.51,3.61
3,9495,284.91,3.68
3,9496,292.11,3.78
3,9497,312.37,3.9
3,9498,384.73,4.21
3,9499,385.93,4.55
3,9513,1042.1,10.59
3,9514,1042.1,10.59
3,9515,1042.1,10.59
3,9516,1042.1,10.59
3,9517,1042.1,10.59
3,9518,1042.1,10.59
3,9519,1042.1,10.59
3,9520,1041.4,10.59
3,9521,1012.97,10.46
3,9522,987.19,10.32
3,9523,965.95,10.2
3,9524,947.27,10.1
3,9525,927.27,9.99
3,9526,892.05,9.79
3,9527,876.15,9.7
3,9528,838.85,9.5
3,9529,868.3,9.66
3,9530,868.3,9.66
3,9531,743.12,8.97
3,9532,735.53,8.92
3,9533,713.19,8.8
3,9534,696.15,8.7
3,9535,644.25,8.47
3,9536,620.96,8.24
3,9537,608.76,8.17
3,9538,591.64,8.08
3,9539,566.35,7.88
3,9540,573.58,7.82
3,9541,545.25,7.61
3,9542,523.6,7.46
3,9543,528.58,7.39
3,9544,514,7.35
3,9545,655.96,10.23
3,9546,562.43,7.3
3,9547,546.91,7.23
3,9548,534.05,7.16
3,9549,527.39,7.16
3,9550,539.82,7.27
3,9551,564.35,7.42
3,9552,580.68,7.49
3,9553,601.49,7.76
3,9554,599.82,7.75
3,9555,612.62,7.82
3,9556,671.67,8.15
3,9557,683.97,8.22
3,9558,693.71,8.27
3,9559,693.71,8.27
3,9560,693.71,8.27
3,9561,576.12,6.06
3,9562,576.12,6.06
3,9563,557.71,5.6
3,9564,552.67,5.57
3,9565,552.67,5.57
3,9566,543.28,5.52
3,9567,524.83,5.41
3,9568,510.72,5.34
3,9569,473.43,4.75
3,9570,491.78,4.83
3,9571,499.15,4.86
3,9572,499.15,4.86
3,9573,499.15,4.86
3,9574,499.15,4.86
3,9575,499.15,4.86
3,9576,580.07,5.19
3,9577,610.87,5.32
3,9578,610.87,5.32
3,9579,434.88,4.16
3,9580,434.88,4.16
3,9581,434.88,4.16
3,9582,379.7,3.43
3,9583,379.7,3.43
3,9584,324.61,3.24
3,9585,317.3,3.2
3,9586,278.43,3.03
3,9587,253.96,2.91
3,9588,228.2,2.8
3,9589,230.97,2.81
3,9590,282.24,3.37
3,9591,281.02,3.37
3,9592,263.31,3.38
3,9593,269.45,3.47
3,9594,290.76,3.56
3,9595,330.85,3.73
3,9596,302.99,3.79
3,9597,348.37,4.06
3,9598,361.11,4.12
3,9599,380.85,4.2
3,9613,1042.1,10.59
3,9614,1042.1,10.59
3,9615,1042.1,10.59
3,9616,1042.1,10.59
3,9617,1041.51,10.59
3,9618,1035.98,10.56
3,9619,1030.44,10.53
3,9620,1035.77,10.56
3,9621,1001.97,10.4
3,9622,987.59,10.32
3,9623,968.04,10.21
3,9624,952.07,10.13
3,9625,930.93,10.01
3,9626,880.74,9.73
3,9627,844.94,9.53
3,9628,828.35,9.44
3,9629,811.3,9.34
3,9630,794.99,9.25
3,9631,747.93,8.99
3,9632,734.86,8.92
3,9633,719.49,8.83
3,9634,658.25,8.76
3,9635,642.1,8.46
3,9636,625.42,8.36
3,9637,609.02,8.27
3,9638,575.65,8.01
3,9639,584.69,8.02
3,9640,576.09,7.74
3,9641,562.8,7.68
3,9642,519.73,7.4
3,9643,513.75,7.3
3,9644,661.47,10.36
3,9645,500.28,7.12
3,9646,518.33,7.1
3,9647,516.04,7.06
3,9648,505,7.04
3,9649,563.39,7.06
3,9650,557.81,7
3,9651,566.02,7.43
3,9652,568.17,7.5
3,9653,625.35,7.86
3,9654,609.36,7.8
3,9655,632.78,7.93
3,9656,652.2,8.04
3,9657,672.43,8.16
3,9658,684.72,8.22
3,9659,692.59,8.27
3,9660,576.12,6.06
3,9661,576.12,6.06
3,9662,576.12,6.06
3,9663,569.88,5.66
3,9664,557.71,5.6
3,9665,546.55,5.53
3,9666,530.27,5.44
3,9667,512.11,5.34
3,9668,510.72,5.34
3,9669,473.43,4.75
3,9670,472.37,4.75
3,9671,484.92,4.8
3,9672,496.41,4.85
3,9673,499.15,4.86
3,9674,499.15,4.86
3,9675,501.51,4.87
3,9676,580.07,5.19
3,9677,610.87,5.32
3,9678,612.84,5.33
3,9679,612.84,5.33
3,9680,379.7,3.43
3,9681,379.7,3.43
3,9682,379.7,3.43
3,9683,379.7,3.43
3,9684,325.61,3.25
3,9685,337.34,3.3
3,9686,286.45,3.07
3,9687,248.15,2.88
3,9688,211.16,2.66
3,9689,212.09,2.67
3,9690,282.24,3.37
3,9691,282.24,3.37
3,9692,265.51,3.42
3,9693,298.89,3.6
3,9694,307.55,3.63
3,9695,302.12,3.82
3,9696,310.71,3.89
3,9697,336.52,4.01
3,9698,336.92,4.11
3,9699,348.5,4.21
3,9713,1042.1,10.59
3,9714,1041.62,10.59
3,9715,1036.09,10.56
3,9716,1030.56,10.53
3,9717,1035.66,10.56
3,9718,1041.19,10.59
3,9719,1046.73,10.62
3,9720,1052.26,10.65
3,9721,1057.62,10.68
3,9722,1021.79,10.51
3,9723,1030.25,10.56
3,9724,952.51,10.13
3,9725,946.95,10.1
3,9726,851.03,9.56
3,9727,834.43,9.47
3,9728,817.84,9.38
3,9729,803.92,9.3
3,9730,784.25,9.19
3,9731,758.36,9.05
3,9732,742.75,8.96
3,9733,732.45,8.91
3,9734,650.69,8.72
3,9735,635.99,8.64
3,9736,614.22,8.3
3,9737,598.03,8.21
3,9738,580.84,8.08
3,9739,607.08,8.12
3,9740,597.37,7.83
3,9741,623.55,7.94
3,9742,565.92,8.53
3,9743,568.4,8.58
3,9744,511.22,7.19
3,9745,495.46,7.06
3,9746,508.54,7.06
3,9747,501.86,6.98
3,9748,515.13,6.94
3,9749,529.67,6.89
3,9750,546.54,6.96
3,9751,546.97,6.96
3,9752,576.58,7.08
3,9753,557.67,6.86
3,9754,574.85,6.96
3,9755,623.25,6.32
3,9756,652.67,8.05
3,9757,661.04,8.09
3,9758,563.49,5.99
3,9759,548.2,5.91
3,9760,566.49,6.01
3,9761,576.12,6.06
3,9762,587.45,6.13
3,9763,580.29,5.72
3,9764,568.56,5.66
3,9765,535.7,5.47
3,9766,519.4,5.38
3,9767,510.72,5.34
3,9768,510.72,5.34
3,9769,473.43,4.75
3,9770,466.38,4.72
3,9771,465.15,4.72
3,9772,478.55,4.77
3,9773,485.44,4.8
3,9774,498.21,4.85
3,9775,511.57,4.91
3,9776,580.07,5.19
3,9777,610.87,5.32
3,9778,612.84,5.33
3,9779,612.84,5.33
3,9780,618.42,5.35
3,9781,379.7,3.43
3,9782,379.7,3.43
3,9783,337.34,3.3
3,9784,337.34,3.3
3,9785,337.34,3.3
3,9786,224.22,2.56
3,9787,203.24,2.55
3,9788,204.7,2.57
3,9789,205.96,2.59
3,9790,282.24,3.37
3,9791,282.24,3.37
3,9792,298.89,3.6
3,9793,308.97,3.64
3,9794,313.26,3.66
3,9795,309.39,3.88
3,9796,316.35,3.94
3,9797,327.88,4.04
3,9798,340.51,4.14
3,9799,352.79,4.24
3,9813,1030.67,10.53
3,9814,1035.55,10.56
3,9815,1041.08,10.59
3,9816,1046.62,10.62
3,9817,1052.15,10.65
3,9818,1060.58,10.7
3,9819,1056.46,10.67
3,9820,1051.99,10.65
3,9821,1047.57,10.61
3,9822,1038.41,10.61
3,9823,1066.92,10.76
3,9824,1066.92,10.76
3,9825,915.93,9.93
3,9826,908.34,9.88
3,9827,823.92,9.41
3,9828,812.23,9.35
3,9829,789.91,9.23
3,9830,773.51,9.13
3,9831,764.64,9.08
3,9832,755.7,9.04
3,9833,670.25,8.87
3,9834,653.81,8.78
3,9835,625.46,8.57
3,9836,615.84,8.49
3,9837,590.12,8.21
3,9838,630.9,8.4
3,9839,602.45,8.27
3,9840,617.85,8.35
3,9841,632.84,7.98
3,9842,562.89,8.45
3,9843,538.12,7.41
3,9844,530.78,7.27
3,9845,506.29,7.1
3,9846,483.38,6.91
3,9847,490.37,6.91
3,9848,494.43,6.85
3,9849,508.83,6.8
3,9850,525.15,6.87
3,9851,543.18,6.94
3,9852,549.41,6.8
3,9853,549.85,6.82
3,9854,578.99,6.98
3,9855,610.68,6.25
3,9856,592.67,6.15
3,9857,574.11,6.05
3,9858,555.79,5.95
3,9859,542.04,5.87
3,9860,555.84,5.95
3,9861,569.16,6.02
3,9862,598.52,6.19
3,9863,592.39,5.79
3,9864,580.94,5.73
3,9865,478.54,5.16
3,9866,503.32,5.29
3,9867,505.83,5.31
3,9868,485.82,4.82
3,9869,475.7,4.76
3,9870,462.8,4.71
3,9871,447.35,4.64
3,9872,467.26,4.72
3,9873,491.67,4.83
3,9874,507.16,4.89
3,9875,559.07,5.11
3,9876,580.07,5.19
3,9912,1040.97,10.59
3,9913,1046.51,10.62
3,9914,1052.04,10.65
3,9915,1057.71,10.68
3,9916,1053.24,10.65
3,9917,1048.84,10.62
3,9918,1038.09,10.56
3,9919,1035.91,10.54
3,9920,1033.73,10.53
3,9921,1031.55,10.52
3,9922,1060.59,10.73
3,9923,1066.92,10.76
3,9924,931.27,10.01
3,9925,915.23,9.92
3,9926,905.89,9.87
3,9927,869.92,9.67
3,9928,850.44,9.56
3,9929,830.14,9.45
3,9930,789.43,9.22
3,9931,778.97,9.16
3,9932,768.51,9.11
3,9933,679.09,8.9
3,9934,646.34,8.74
3,9935,616.98,8.5
3,9936,607.37,8.42
3,9937,600.02,8.32
3,9938,632.2,8.53
3,9939,619.89,8.36
3,9940,580.08,8.45
3,9941,569.36,8.39
3,9942,521.33,7.52
3,9943,558.01,7.5
3,9944,523.91,7.11
3,9945,515.19,7.07
3,9946,508.8,6.93
3,9947,471.31,6.76
3,9948,532.3,6.9
3,9949,481.12,6.68
3,9950,500.15,6.78
3,9951,539.22,6.93
3,9952,537.64,6.75
3,9953,523.13,6.68
3,9954,540.27,6.51
3,9955,559.39,6.59
3,9956,522.77,6.34
3,9957,566.42,6.01
3,9958,547.64,5.9
3,9959,528.27,5.8
3,9960,545.25,5.89
3,9961,595.97,6.17
3,9962,611.3,6.26
3,9963,606.19,5.87
3,9964,454.55,5.02
3,9965,474.83,5.14
3,9966,499.92,5.28
3,9967,523.24,5.4
3,9968,535.6,5.1
3,9969,488.91,4.84
3,9970,421.87,4.54
3,9971,429.14,4.57
3,9972,472.82,4.75
3,9973,502.74,4.87
3,9974,523.11,4.96
3,9975,560.09,5.11
3,9976,583.66,5.21
3,10012,1034.48,10.54
3,10013,1032.3,10.52
3,10014,1030.12,10.51
3,10015,1025.12,10.48
3,10016,1023.43,10.47
3,10017,1021.74,10.46
3,10018,1020.05,10.46
3,10019,1018.36,10.45
3,10020,1016.67,10.44
3,10021,1014.98,10.43
3,10022,969.14,10.22
3,10023,949.67,10.11
3,10024,930.2,10
3,10025,911.75,9.9
3,10026,896.74,9.82
3,10027,868.78,9.66
3,10028,849.3,9.56
3,10029,829.44,9.44
3,10030,802.76,9.3
3,10031,791.82,9.24
3,10032,668.6,8.93
3,10033,661.83,8.87
3,10034,666.88,8.87
3,10035,652.08,8.77
3,10036,604.6,8.41
3,10037,612.66,8.46
3,10038,621.04,8.49
3,10039,629.13,8.57
3,10040,645.79,8.64
3,10041,554.4,8.25
3,10042,541.56,7.66
3,10043,579.84,7.59
3,10044,554.57,7.15
3,10045,531.52,7.06
3,10046,506.06,6.92
3,10047,479.36,6.77
3,10048,456.59,6.61
3,10049,450.01,6.52
3,10050,511.17,6.84
3,10051,530.98,6.67
3,10052,507.96,6.58
3,10053,515.43,6.4
3,10054,508.68,6.38
3,10055,514.9,6.4
3,10056,522.77,6.34
3,10057,508.51,6.27
3,10058,520.59,6.33
3,10059,519.47,5.75
3,10060,504.72,5.67
3,10061,488.5,5.58
3,10062,610.84,5.89
3,10063,429.5,4.88
3,10064,440.61,4.95
3,10065,472.17,5.12
3,10066,511.16,5.34
3,10067,529.01,5.44
3,10068,524.26,5.03
3,10069,501.82,4.91
3,10070,398.06,4.44
3,10071,407.41,4.48
3,10072,397.5,4.27
3,10073,518.7,4.94
3,10074,535.83,5.01
3,10075,561.11,5.12
3,10076,587.38,5.23
3,10112,1013.51,10.42
3,10113,1011.82,10.41
3,10114,1010.13,10.4
3,10115,1008.44,10.39
3,10116,1006.75,10.38
3,10117,1005.06,10.37
3,10118,1003.4,10.36
3,10119,1003.4,10.36
3,10120,1003.4,10.36
3,10121,993.87,10.32
3,10122,968.08,10.22
3,10123,948.61,10.11
3,10124,929.14,10
3,10125,905.13,9.87
3,10126,887.59,9.77
3,10127,867.64,9.66
3,10128,848.16,9.55
3,10129,828.73,9.44
3,10130,812.18,9.35
3,10131,803.18,9.3
3,10132,677.3,9
3,10133,690.09,9
3,10134,636.17,8.68
3,10135,613.91,8.54
3,10136,630.44,8.62
3,10137,638.65,8.61
3,10138,623.66,8.55
3,10139,640.03,8.62
3,10140,548.87,8.12
3,10141,529.82,7.72
3,10142,562.44,7.74
3,10143,590.6,7.6
3,10144,554.57,7.15
3,10145,539.14,7.09
3,10146,497.68,6.92
3,10147,468.82,6.78
3,10148,469.51,6.59
3,10149,445.73,6.46
3,10150,439.16,6.37
3,10151,443.8,6.31
3,10152,470.89,6.42
3,10153,485.3,6.48
3,10154,494.61,6.32
3,10155,514.9,6.4
3,10156,495.68,6.2
3,10157,491.34,6.18
3,10158,489.8,6.17
3,10159,508.92,5.69
3,10160,491.7,5.59
3,10161,437.06,4.9
3,10162,422.46,4.84
3,10163,407.94,4.78
3,10164,401.78,4.75
3,10165,500.86,4.86
3,10166,472.14,4.74
3,10167,444.82,4.63
3,10168,516.24,4.99
3,10169,371.7,4.33
3,10170,377.76,4.35
3,10171,362.27,4.12
3,10172,376.36,4.18
3,10173,385.9,4.18
3,10174,384.41,4.17
3,10175,562.13,5.12
3,10176,589,5.23
3,10192,1003.4,10.36
3,10193,1003.4,10.36
3,10194,1003.4,10.36
3,10195,1003.4,10.36
3,10196,1003.4,10.36
3,10197,1003.4,10.36
3,10198,1003.4,10.36
3,10199,1003.4,10.36
3,10200,1003.4,10.36
3,10201,992.14,10.32
3,10202,967.01,10.21
3,10203,947.54,10.1
3,10204,928.07,9.99
3,10205,895.97,9.81
3,10206,882.37,9.74
3,10207,866.5,9.65
3,10208,862.48,9.63
3,10209,840.59,9.51
3,10210,830.26,9.45
3,10211,687.2,9.12
3,10212,682.98,9.09
3,10213,685.05,9.08
3,10214,648.3,8.74
3,10215,623.34,8.64
3,10216,637.08,8.65
3,10217,654.65,8.68
3,10218,640.1,8.62
3,10219,543.34,7.99
3,10220,535.33,7.85
3,10221,532.8,7.8
3,10222,581.1,7.56
3,10223,562.74,7.48
3,10224,571.78,7.28
3,10225,558.36,7.2
3,10226,512.82,6.98
3,10227,474.24,6.85
3,10228,486.54,6.66
3,10229,453.97,6.42
3,10230,443.29,6.36
3,10231,428.31,6.22
3,10232,465.16,6.4
3,10233,471.46,6.22
3,10234,449.32,6.13
3,10235,447.25,6.12
3,10236,475.24,6.09
3,10237,473.52,6.08
3,10238,448.95,5.35
3,10239,449.92,5.36
3,10240,467.52,5.46
3,10241,437.06,4.9
3,10242,410.31,4.79
3,10243,385.83,4.69
3,10244,362.04,4.59
3,10245,351.47,4.54
3,10246,467.41,4.73
3,10247,422.56,4.54
3,10248,407.86,4.48
3,10249,377.73,4.35
3,10250,350.2,4.24
3,10251,345.67,4.05
3,10252,353.15,4.08
3,10253,359.53,4.07
3,10254,369.66,4.11
3,10255,379.79,4.15
3,10272,1003.4,10.36
3,10273,1003.4,10.36
3,10274,1003.4,10.36
3,10275,1003.4,10.36
3,10276,1003.4,10.36
3,10277,1003.4,10.36
3,10278,1003.4,10.36
3,10279,1003.4,10.36
3,10280,1003.4,10.36
3,10281,990.41,10.31
3,10282,965.95,10.2
3,10283,946.48,10.1
3,10284,927.01,9.99
3,10285,886.82,9.76
3,10286,882.09,9.74
3,10287,874.24,9.69
3,10288,863.86,9.64
3,10289,853.53,9.58
3,10290,671.8,9.5
3,10291,678.64,9.56
3,10292,685.48,9.62
3,10293,654.5,8.93
3,10294,628.26,8.74
3,10295,645.44,8.78
3,10296,647.98,8.8
3,10297,668.41,8.88
3,10298,597.89,9.28
3,10299,600.41,9.34
3,10300,559.13,8.03
3,10301,587.59,8.15
3,10302,613.02,8.26
3,10303,543.04,7.4
3,10304,579.25,7.32
3,10305,503.81,7.14
3,10306,483.23,6.98
3,10307,502.8,7.02
3,10308,497.15,6.7
3,10309,466.3,6.49
3,10310,455.99,6.43
3,10311,437.68,6.22
3,10312,417.45,6.07
3,10313,410.86,5.97
3,10314,429.17,6.04
3,10315,440.19,5.91
3,10316,452.89,5.96
3,10317,462.33,6.02
3,10318,444.52,5.33
3,10319,427.26,5.26
3,10320,431.39,5.27
3,10321,432.9,5.28
3,10322,390.66,4.71
3,10323,382.49,4.67
3,10324,348.54,4.53
3,10325,331.23,4.46
3,10326,300.38,4.29
3,10327,426.75,4.56
3,10328,438.29,4.6
3,10329,326.1,4.17
3,10330,339.14,4.19
3,10331,321.11,3.95
3,10332,343.37,4
3,10333,339.32,3.98
3,10334,375.48,4.13
3,10335,273.38,3.37
3,10352,1003.4,10.36
3,10353,1003.4,10.36
3,10354,1003.4,10.36
3,10355,1003.4,10.36
3,10356,1003.4,10.36
3,10357,1003.4,10.36
3,10358,1003.4,10.36
3,10359,1003.4,10.36
3,10360,1003.4,10.36
3,10361,988.69,10.31
3,10362,972.09,12.42
3,10363,969,12.4
3,10364,969,12.4
3,10365,967.85,12.39
3,10366,897.52,9.82
3,10367,887.14,9.77
3,10368,876.76,9.71
3,10369,866.38,9.65
3,10370,663.15,9.43
3,10371,669.99,9.49
3,10372,665.65,9.38
3,10373,665.36,8.99
3,10374,637.79,8.83
3,10375,646.78,9.32
3,10376,679.59,9.49
3,10377,690.08,9.54
3,10378,594.91,9.21
3,10379,543.81,8.06
3,10380,565.54,8.06
3,10381,592.39,8.17
3,10382,616.48,7.71
3,10383,522.33,7.31
3,10384,505.74,7.23
3,10385,492.32,7.11
3,10386,485.64,7.01
3,10387,506.26,7.04
3,10388,536.29,6.63
3,10389,501.67,6.49
3,10390,479.46,6.39
3,10391,437.16,6.14
3,10392,441.87,6.09
3,10393,406.6,5.92
3,10394,409.89,5.84
3,10395,421.91,5.83
3,10396,434.76,5.89
3,10397,409.46,5.74
3,10398,391.14,5.11
3,10399,394.66,5.12
3,10400,363.2,4.92
3,10401,353.33,4.88
3,10402,339.77,4.76
3,10403,317.15,4.57
3,10404,320.81,4.5
3,10405,310.89,4.4
3,10406,298.7,4.27
3,10407,304.93,4.21
3,10408,452.89,4.66
3,10409,306.21,4.08
3,10410,310.73,4.07
3,10411,299.13,3.86
3,10412,301.85,3.83
3,10413,349.25,4.02
3,10414,367.04,4.1
3,10415,265.55,3.34
3,10432,846.28,11.77
3,10433,1003.4,10.36
3,10434,1003.4,10.36
3,10435,1003.4,10.36
3,10436,1003.4,10.36
3,10437,1003.4,10.36
3,10438,1003.4,10.36
3,10439,1003.4,10.36
3,10440,1003.4,10.36
3,10441,948.71,12.29
3,10442,948.71,12.29
3,10443,972.09,12.42
3,10444,969,12.4
3,10445,967.58,12.39
3,10446,910.43,9.89
3,10447,900.05,9.84
3,10448,889.66,9.78
3,10449,675.88,9.54
3,10450,668.99,9.48
3,10451,651.72,9.33
3,10452,652.67,9.31
3,10453,644.79,9.25
3,10454,631.22,9.19
3,10455,650.03,9.32
3,10456,666.48,9.41
3,10457,602.27,9.09
3,10458,549.32,8.19
3,10459,546.8,8.13
3,10460,569.87,8.08
3,10461,597.61,8.19
3,10462,619.89,7.72
3,10463,882.45,9.57
3,10464,515.43,7.33
3,10465,538.42,7.39
3,10466,561.21,7.49
3,10467,584.74,7.59
3,10468,558.47,6.72
3,10469,503.04,6.49
3,10470,485.65,6.42
3,10471,461.24,6.17
3,10472,449.94,6.12
3,10473,426.5,5.97
3,10474,395.73,5.76
3,10475,400.21,5.74
3,10476,401.63,5.7
3,10477,419.24,5.34
3,10478,403.87,5.28
3,10479,377.36,5.07
3,10480,355.77,4.96
3,10481,338.17,4.81
3,10482,326.52,4.7
3,10483,317.87,4.59
3,10484,374.03,4.79
3,10485,375.84,4.8
3,10486,297.03,4.24
3,10487,290.61,4.13
3,10488,284.22,4.02
3,10489,277.82,3.92
3,10490,271.41,3.81
3,10491,275.14,3.76
3,10492,282.77,3.75
3,10493,250.99,3.47
3,10494,244.43,3.36
3,10495,237.99,3.25
3,10512,846.28,11.77
3,10513,846.28,11.77
3,10514,846.28,11.77
3,10515,846.28,11.77
3,10516,846.28,11.77
3,10517,846.28,11.77
3,10518,846.28,11.77
3,10519,948.71,12.29
3,10520,948.71,12.29
3,10521,948.71,12.29
3,10522,948.71,12.29
3,10523,948.71,12.29
3,10524,960.42,12.35
3,10525,933.71,10.02
3,10526,923.33,9.97
3,10527,912.95,9.91
3,10528,691.39,9.66
3,10529,684.5,9.61
3,10530,677.89,9.49
3,10531,667.43,9.39
3,10532,635.89,9.19
3,10533,652.11,9.31
3,10534,622.64,9.12
3,10535,674.99,9.46
3,10536,600.26,9
3,10537,586.41,9.01
3,10538,552.3,8.26
3,10539,549.78,8.2
3,10540,572.57,8.09
3,10541,841.51,9.4
3,10542,852.38,9.45
3,10543,513.02,7.39
3,10544,542.64,7.44
3,10545,550.21,7.47
3,10546,573.16,7.54
3,10547,596.04,7.63
3,10548,570.96,6.77
3,10549,519.37,6.56
3,10550,499.45,6.33
3,10551,480.59,6.25
3,10552,472.51,6.22
3,10553,434.4,5.95
3,10554,463.16,6.1
3,10555,392.57,5.64
3,10556,378.33,5.52
3,10557,394.9,5.55
3,10558,389.5,5.22
3,10559,371.71,5.08
3,10560,337.45,4.91
3,10561,337.57,4.82
3,10562,358.56,4.91
3,10563,383.58,5.01
3,10564,351.88,4.7
3,10565,374.37,4.79
3,10566,393.01,4.87
3,10567,334.3,4.17
3,10568,313.55,4.08
3,10569,302.74,4.04
3,10570,269.76,3.78
3,10571,263.35,3.68
3,10572,256.98,3.57
3,10573,250.9,3.47
3,10574,244.5,3.36
3,10575,238.06,3.26
3,10592,846.28,11.77
3,10593,846.28,11.77
3,10594,846.28,11.77
3,10595,846.28,11.77
3,10596,846.28,11.77
3,10597,846.28,11.77
3,10598,846.28,11.77
3,10599,846.28,11.77
3,10600,948.71,12.29
3,10601,948.71,12.29
3,10602,948.71,12.29
3,10603,948.46,12.29
3,10604,931.92,12.19
3,10605,924.72,12.15
3,10606,935.1,12.21
3,10607,925.85,9.98
3,10608,700.04,9.74
3,10609,694.32,9.68
3,10610,688.66,9.55
3,10611,662.61,9.37
3,10612,638.18,9.22
3,10613,613.58,9.04
3,10614,601.58,8.94
3,10615,623.84,8.96
3,10616,580.91,8.88
3,10617,557.81,8.39
3,10618,555.28,8.33
3,10619,552.76,8.27
3,10620,813.6,9.28
3,10621,822.62,9.32
3,10622,833.49,9.37
3,10623,518.81,7.47
3,10624,563.89,7.53
3,10625,599.54,7.68
3,10626,597.23,7.67
3,10627,593.3,6.87
3,10628,543.75,6.66
3,10629,543.36,6.66
3,10630,511.64,6.38
3,10631,488.33,6.17
3,10632,478.95,6.13
3,10633,451.04,6.03
3,10634,462.26,6.1
3,10635,456.38,5.79
3,10636,374.02,5.46
3,10637,367.43,5.37
3,10638,368.54,5.34
3,10639,352.98,5.07
3,10640,351.2,5.01
3,10641,374.61,5.11
3,10642,372.82,4.97
3,10643,396.21,5.06
3,10644,417.97,5.15
3,10645,388.73,4.85
3,10646,410.54,4.94
3,10647,346.58,4.22
3,10648,363.99,4.29
3,10649,324.39,4.13
3,10650,342.86,4.21
3,10651,342.86,4.21
3,10652,263.78,3.59
3,10653,263.78,3.59
3,10654,285.91,2.44
3,10655,280.3,2.43
3,10671,846.28,11.77
3,10672,846.28,11.77
3,10673,846.28,11.77
3,10674,846.28,11.77
3,10675,846.28,11.77
3,10676,846.28,11.77
3,10677,846.28,11.77
3,10678,846.28,11.77
3,10679,846.28,11.77
3,10680,837.55,11.72
3,10681,948.71,12.29
3,10682,948.71,12.29
3,10683,937.68,12.23
3,10684,921.23,12.14
3,10685,899.97,12.04
3,10686,895.08,12.02
3,10687,715.53,9.87
3,10688,708.7,9.81
3,10689,713.8,9.69
3,10690,683.77,9.53
3,10691,653.66,9.35
3,10692,627.54,9.16
3,10693,617.7,9.08
3,10694,594.34,8.88
3,10695,588.56,8.81
3,10696,563.31,8.52
3,10697,560.79,8.46
3,10698,653.6,9.01
3,10699,648.92,8.99
3,10700,794.31,9.2
3,10701,804.35,9.25
3,10702,814.39,9.29
3,10703,524.47,7.55
3,10704,597.6,7.67
3,10705,598.85,7.67
3,10706,604.54,7.7
3,10707,607.66,7.71
3,10708,543.75,6.66
3,10709,543.75,6.66
3,10710,506.74,6.25
3,10711,514.96,6.28
3,10712,498.26,6.21
3,10713,472.28,5.85
3,10714,472.28,5.85
3,10715,453.18,5.77
3,10716,428.61,5.67
3,10717,377.65,5.38
3,10718,356.6,5.22
3,10719,349.21,5.11
3,10720,365.67,5.07
3,10721,388.16,5.17
3,10722,410.64,5.26
3,10723,423.77,5.18
3,10724,431.46,5.21
3,10725,435.07,5.22
3,10726,427.85,5.01
3,10727,440.48,5.07
3,10728,367.19,4.31
3,10729,350.19,4.24
3,10730,355.92,4.26
3,10731,427.39,1.78
3,10732,427.39,1.78
3,10733,285.91,2.44
3,10734,283.07,2.41
3,10735,268.1,2.25
3,10736,264.5,2.29
3,10737,253.38,2.2
3,10738,237.6,2.03
3,10739,223.2,1.94
3,10751,831.94,11.69
3,10752,838.36,11.73
3,10753,844.78,11.76
3,10754,846.28,11.77
3,10755,846.28,11.77
3,10756,846.28,11.77
3,10757,846.28,11.77
3,10758,846.28,11.77
3,10759,846.28,11.77
3,10760,837.55,11.72
3,10761,854.3,11.82
3,10762,876.93,11.92
3,10763,876.93,11.92
3,10764,884.49,11.96
3,10765,885.42,11.96
3,10766,745.37,10.29
3,10767,724.23,9.94
3,10768,727.91,9.85
3,10769,705.97,9.69
3,10770,683.06,9.54
3,10771,662.27,9.42
3,10772,636.15,9.23
3,10773,616.12,9.06
3,10774,599.65,8.92
3,10775,572.42,8.68
3,10776,589.12,8.74
3,10777,671.15,9.08
3,10778,650.36,8.99
3,10779,645.47,8.97
3,10780,775.02,9.12
3,10781,785.06,9.17
3,10782,533.54,7.68
3,10783,529.85,7.63
3,10784,617.02,7.75
3,10785,632.5,7.81
3,10786,644.96,7.87
3,10787,660.61,7.93
3,10788,668.32,7.96
3,10789,556.86,6.46
3,10790,552.3,6.44
3,10791,527.79,6.34
3,10792,557.51,6.46
3,10793,472.28,5.85
3,10794,462.33,5.81
3,10795,433.36,5.69
3,10796,402.13,5.56
3,10797,398.62,5.55
3,10798,357.13,5.24
3,10799,376.39,5.27
3,10800,397.88,5.36
3,10801,431.4,5.5
3,10802,424.55,5.32
3,10803,446.66,5.41
3,10804,468.77,5.5
3,10805,491.82,5.6
3,10806,464.43,5.17
3,10807,454.18,5.12
3,10808,416.27,1.73
3,10809,400.3,1.67
3,10810,389.09,1.62
3,10811,414.05,1.73
3,10812,382.45,1.59
3,10813,363.19,1.51
3,10814,365.67,1.52
3,10815,264.98,2.26
3,10816,250,2.1
3,10817,239.05,2.01
3,10818,239.98,2.09
3,10819,212.04,1.88
3,10831,816.99,11.61
3,10832,823.41,11.65
3,10833,829.83,11.68
3,10834,836.25,11.72
3,10835,842.67,11.75
3,10836,846.28,11.77
3,10837,846.28,11.77
3,10838,846.28,11.77
3,10839,846.28,11.77
3,10840,839.64,11.74
3,10841,858.91,11.84
3,10842,852.34,11.78
3,10843,874.21,11.9
3,10844,862.18,11.83
3,10845,767.27,10.41
3,10846,757.03,10.35
3,10847,723.62,10.17
3,10848,714.09,9.77
3,10849,700,9.69
3,10850,677.8,9.55
3,10851,668.01,9.41
3,10852,631.64,9.19
3,10853,626.67,9.09
3,10854,605.26,8.97
3,10855,601.02,8.79
3,10856,602.18,8.79
3,10857,626.7,8.9
3,10858,645.47,8.97
3,10859,676.93,9.1
3,10860,758.37,9.05
3,10861,765.77,9.08
3,10862,539.4,7.76
3,10863,634.46,8.37
3,10864,636.51,7.83
3,10865,651.95,7.89
3,10866,653.14,7.9
3,10867,658.95,7.92
3,10868,707.11,8.12
3,10869,710.91,8.14
3,10870,557.93,6.46
3,10871,539.68,6.39
3,10872,590.55,6.6
3,10873,485.6,5.91
3,10874,446.28,5.75
3,10875,426.03,5.66
3,10876,390.51,5.51
3,10877,364.98,5.37
3,10878,381.56,5.37
3,10879,391.17,5.33
3,10880,412.66,5.42
3,10881,434.27,5.51
3,10882,489.32,5.74
3,10883,460.7,5.47
3,10884,482.81,5.56
3,10885,505.28,5.65
3,10886,467.01,5.18
3,10887,446.21,1.86
3,10888,432.71,1.8
3,10889,386.53,1.61
3,10890,366.33,1.53
3,10891,385.82,1.61
3,10892,390.07,1.63
3,10893,334.91,1.4
3,10894,362.44,1.51
3,10895,257.92,2.2
3,10896,246.9,2.11
3,10897,235.02,1.98
3,10898,220.9,1.86
3,10899,225.87,1.91
3,10911,857.2,11.79
3,10912,857.2,11.79
3,10913,815.81,11.6
3,10914,821.3,11.63
3,10915,827.72,11.67
3,10916,834.14,11.7
3,10917,840.56,11.74
3,10918,846.28,11.77
3,10919,834.25,11.71
3,10920,844.23,11.76
3,10921,863.51,11.87
3,10922,847.74,11.75
3,10923,838.92,11.7
3,10924,849.23,11.76
3,10925,780.26,10.48
3,10926,739.17,10.3
3,10927,706.41,10.03
3,10928,704.99,9.98
3,10929,688.59,9.65
3,10930,670.36,9.53
3,10931,660.27,9.43
3,10932,640.27,9.26
3,10933,620.85,9.1
3,10934,577.31,8.85
3,10935,617.97,8.86
3,10936,611.43,8.83
3,10937,639.41,8.95
3,10938,660.45,9.04
3,10939,686.09,9.14
3,10940,739.72,8.98
3,10941,548.2,7.88
3,10942,634.46,8.37
3,10943,634.46,8.37
3,10944,655.96,7.91
3,10945,671.41,7.98
3,10946,686.54,8.04
3,10947,696.15,8.08
3,10948,715.67,8.16
3,10949,730.61,8.22
3,10950,557.93,6.46
3,10951,594.16,6.61
3,10952,594.16,6.61
3,10953,504.66,5.99
3,10954,447.53,5.75
3,10955,425.27,5.66
3,10956,372.64,5.5
3,10957,389.81,5.51
3,10958,403.27,5.46
3,10959,436.92,5.59
3,10960,430.54,5.54
3,10961,449.08,5.57
3,10962,470.65,5.66
3,10963,491.29,5.74
3,10964,496.18,5.62
3,10965,519.31,5.71
3,10966,541.27,5.8
3,10967,464.06,1.93
3,10968,422.63,1.76
3,10969,375.87,1.57
3,10970,354.29,1.48
3,10971,359.68,1.5
3,10972,335.17,1.4
3,10973,316.64,1.32
3,10974,265.86,1.11
3,10975,246.09,1.03
3,10976,239.83,2.05
3,10977,228.93,1.96
3,10978,217.76,1.87
3,10979,202.86,1.71
3,10991,857.2,11.79
3,10992,857.2,11.79
3,10993,857.2,11.79
3,10994,815.81,11.6
3,10995,815.81,11.6
3,10996,819.19,11.62
3,10997,825.61,11.66
3,10998,832.04,11.69
3,10999,822.17,11.64
3,11000,845.07,11.74
3,11001,862.41,11.84
3,11002,843.13,11.73
3,11003,825.99,11.63
3,11004,770.86,10.89
3,11005,732.81,10.34
3,11006,739.8,10.4
3,11007,695.37,9.93
3,11008,680.71,9.83
3,11009,683.54,9.85
3,11010,670.8,9.5
3,11011,639.05,9.36
3,11012,615.57,9.28
3,11013,591.71,9.09
3,11014,645.92,9.33
3,11015,710.55,9.6
3,11016,651.17,9
3,11017,661,9.04
3,11018,679.84,9.13
3,11019,697.57,9.19
3,11020,718.97,8.89
3,11021,554.84,7.97
3,11022,626.94,8.34
3,11023,634.46,8.37
3,11024,735.53,8.24
3,11025,718.35,8.17
3,11026,706.05,8.12
3,11027,708.17,8.13
3,11028,720.48,8.18
3,11029,732.59,8.23
3,11030,732.59,8.23
3,11031,594.16,6.61
3,11032,517.04,6.04
3,11033,527.02,6.08
3,11034,455.75,5.78
3,11035,382.09,5.66
3,11036,403.03,5.57
3,11037,403.03,5.57
3,11038,406.46,5.47
3,11039,445.86,5.67
3,11040,439.48,5.61
3,11041,464.36,5.63
3,11042,480.39,5.7
3,11043,491.29,5.74
3,11044,512.83,5.68
3,11045,532.56,5.77
3,11046,464.67,2.18
3,11047,457.21,2.15
3,11048,406.84,1.7
3,11049,389.98,1.62
3,11050,327.9,1.37
3,11051,312.56,1.3
3,11052,323.45,1.35
3,11053,294.52,1.23
3,11054,293.07,1.22
3,11055,230,0.96
3,11056,213.36,0.89
3,11057,222.07,1.9
3,11058,210.89,1.81
3,11059,199.72,1.72
3,11071,857.2,11.79
3,11072,857.2,11.79
3,11073,857.2,11.79
3,11074,857.2,11.79
3,11075,857.2,11.79
3,11076,814.4,11.6
3,11077,814.64,11.6
3,11078,809.71,11.57
3,11079,806.88,11.55
3,11080,843.34,11.73
3,11081,792.28,11.45
3,11082,802.7,11.5
3,11083,827.92,11.62
3,11084,757.87,10.82
3,11085,723.81,10.27
3,11086,712.64,10.17
3,11087,702.03,9.99
3,11088,678.54,9.81
3,11089,662.54,9.68
3,11090,650.94,9.48
3,11091,644.04,9.42
3,11092,602.42,9.2
3,11093,614.59,9.2
3,11094,680.91,9.48
3,11095,701.14,9.56
3,11096,719.97,9.64
3,11097,719.97,9.64
3,11098,686.69,9.17
3,11099,712,9.29
3,11100,697.33,8.8
3,11101,578.06,8.13
3,11102,604.36,8.24
3,11103,614.82,8.29
3,11104,746.47,8.29
3,11105,732.18,8.23
3,11106,712.62,8.15
3,11107,720.22,8.18
3,11108,724.91,8.2
3,11109,732.59,8.23
3,11110,732.59,8.23
3,11111,517.04,6.04
3,11112,522.33,6.06
3,11113,532.98,6.11
3,11114,389.75,5.78
3,11115,386.91,5.74
3,11116,403.03,5.57
3,11117,403.03,5.57
3,11118,461.38,5.8
3,11119,454.57,5.74
3,11120,448,5.68
3,11121,479.56,5.7
3,11122,480.39,5.7
3,11123,483.23,5.71
3,11124,543.39,3.23
3,11125,460.61,2.17
3,11126,457.61,2.16
3,11127,434.67,2.06
3,11128,421.29,2
3,11129,370.63,1.54
3,11130,344.72,1.44
3,11131,291.4,1.21
3,11132,266.35,1.11
3,11133,236.07,0.98
3,11134,336.08,1.4
3,11135,352.46,1.47
3,11136,197.39,0.82
3,11137,152.62,0.64
3,11138,159.58,0.66
3,11139,192.85,1.66
3,11151,857.2,11.79
3,11152,857.2,11.79
3,11153,857.2,11.79
3,11154,857.2,11.79
3,11155,857.2,11.79
3,11156,857.2,11.79
3,11157,797.77,11.47
3,11158,798.73,11.51
3,11159,782.51,11.42
3,11160,773.59,11.37
3,11161,778.64,11.37
3,11162,804.56,11.49
3,11163,734.64,10.69
3,11164,721.78,10.62
3,11165,717.23,10.55
3,11166,707.92,10.12
3,11167,697,10.04
3,11168,687.15,9.88
3,11169,665.79,9.7
3,11170,644.45,9.53
3,11171,627.19,9.38
3,11172,591.31,9.18
3,11173,619.53,9.22
3,11174,663.5,9.4
3,11175,709.27,9.59
3,11176,719.97,9.64
3,11177,719.97,9.64
3,11178,717.11,9.31
3,11179,717.11,9.31
3,11180,675.55,8.71
3,11181,567.99,8.16
3,11182,598.28,8.22
3,11183,725.34,8.48
3,11184,734.53,8.52
3,11185,783.6,8.67
3,11186,796.85,8.71
3,11187,686.11,7.76
3,11188,686.11,7.76
3,11189,686.11,7.76
3,11190,686.11,7.76
3,11191,403.2,6.01
3,11192,400.25,5.96
3,11193,397.31,5.91
3,11194,405.03,5.92
3,11195,427.15,6.02
3,11196,449.63,6.11
3,11197,466.7,5.84
3,11198,466.7,5.84
3,11199,463.23,5.81
3,11200,456.42,5.75
3,11201,662.47,6.99
3,11202,480.39,5.7
3,11203,550.05,3.26
3,11204,543.39,3.23
3,11205,542.37,3.23
3,11206,476.06,2.23
3,11207,426.71,2.03
3,11208,402.39,1.92
3,11209,385.16,1.85
3,11210,363.94,1.52
3,11211,332.9,1.39
3,11212,257.27,1.07
3,11213,239.29,1
3,11214,203.03,0.85
3,11215,177.72,0.74
3,11216,136.91,0.57
3,11217,144.5,0.6
3,11218,152.27,0.63
3,11219,175.72,0.73
3,11231,857.2,11.79
3,11232,857.2,11.79
3,11233,857.2,11.79
3,11234,857.2,11.79
3,11235,857.2,11.79
3,11236,857.2,11.79
3,11237,797.77,11.47
3,11238,782.54,11.39
3,11239,761.91,11.3
3,11240,753.25,11.26
3,11241,767.01,11.31
3,11242,729.15,10.66
3,11243,712.69,10.55
3,11244,712.47,10.54
3,11245,701.49,10.45
3,11246,694.44,10.37
3,11247,695.28,10.02
3,11248,678.88,9.89
3,11249,664.13,9.66
3,11250,642.8,9.51
3,11251,615.46,9.56
3,11252,642.55,9.32
3,11253,652.79,9.36
3,11254,693.96,9.22
3,11255,697.11,9.23
3,11256,648.1,8.81
3,11257,648.1,8.81
3,11258,659.2,8.64
3,11259,650.98,8.61
3,11260,575.27,8.26
3,11261,574.51,8.25
3,11262,699.62,8.37
3,11263,706.85,8.4
3,11264,714.82,8.43
3,11265,767.04,8.6
3,11266,790.22,8.69
3,11267,686.11,7.76
3,11268,686.11,7.76
3,11269,686.11,7.76
3,11270,510.72,6.78
3,11271,510.72,6.78
3,11272,404.86,6.04
3,11273,401.92,5.99
3,11274,418.23,5.98
3,11275,440.71,6.07
3,11276,465.31,6.17
3,11277,502.73,6.33
3,11278,561.87,6.57
3,11279,550.4,6.52
3,11280,662.47,6.99
3,11281,660.95,6.98
3,11282,648.67,6.93
3,11283,569.73,3.34
3,11284,553.25,3.27
3,11285,538.54,3.21
3,11286,471,2.21
3,11287,440.54,2.08
3,11288,402.94,1.93
3,11289,364.8,1.77
3,11290,340.09,1.67
3,11291,323.14,1.59
3,11292,327,1.61
3,11293,223.22,0.93
3,11294,186.64,0.78
3,11295,162.49,0.68
3,11296,133.57,0.56
3,11297,122.7,0.51
3,11298,142.6,0.59
3,11299,103.87,0.43
3,11311,824.76,11.61
3,11312,824.76,11.61
3,11313,824.76,11.61
3,11314,851.53,11.76
3,11315,850.65,11.76
3,11316,849.77,11.75
3,11317,845.87,11.73
3,11318,772.04,11.33
3,11319,755.44,11.24
3,11320,741.28,11.19
3,11321,744.22,11.21
3,11322,734.88,10.77
3,11323,711.24,10.64
3,11324,694.59,10.4
3,11325,695.33,10.38
3,11326,684.68,10.31
3,11327,674.34,10.22
3,11328,664.73,9.84
3,11329,641.08,9.72
3,11330,615.09,9.67
3,11331,635.67,9.66
3,11332,652.68,9.76
3,11333,669.73,9.43
3,11334,674.19,9.14
3,11335,687.95,9.2
3,11336,648.1,8.81
3,11337,648.1,8.81
3,11338,660.96,8.65
3,11339,637.39,8.55
3,11340,581.75,8.35
3,11341,606.93,8.5
3,11342,681.32,8.29
3,11343,686.85,8.32
3,11344,709.52,8.41
3,11345,742.02,8.55
3,11346,658.58,7.65
3,11347,667.12,7.68
3,11348,678.06,7.73
3,11349,678.06,7.73
3,11350,508.66,6.77
3,11351,510.72,6.78
3,11352,409.45,6.11
3,11353,415.63,6.09
3,11354,421.38,6.11
3,11355,455.26,6.13
3,11356,476.76,6.22
3,11357,505.86,6.34
3,11358,543.22,6.49
3,11359,594.68,6.7
3,11360,662.47,6.99
3,11361,650.35,6.94
3,11362,652.98,6.95
3,11363,576.63,3.37
3,11364,571.74,3.35
3,11365,530.16,3.18
3,11366,507.58,3.08
3,11367,480.46,2.97
3,11368,410.45,1.96
3,11369,368.98,1.79
3,11370,334.02,1.64
3,11371,304.04,1.52
3,11372,325.68,1.61
3,11373,221.21,0.92
3,11374,212.78,0.89
3,11375,178.13,0.99
3,11376,159.85,0.91
3,11377,87.89,0.37
3,11378,70.3,0.29
3,11379,32.23,0.13
3,11391,816.34,11.56
3,11392,819.18,11.58
3,11393,822.02,11.6
3,11394,824.77,11.61
3,11395,824.77,11.61
3,11396,829.74,11.64
3,11397,794.92,11.46
3,11398,789.58,11.37
3,11399,770.54,11.3
3,11400,718.55,11.06
3,11401,726.23,11.01
3,11402,715.37,10.95
3,11403,709.18,10.6
3,11404,690.73,10.47
3,11405,676.51,10.25
3,11406,665.54,10.15
3,11407,659.73,10.11
3,11408,657.36,10.09
3,11409,626.89,9.66
3,11410,605.34,9.51
3,11411,614.07,9.59
3,11412,642.83,9.75
3,11413,643.18,9.01
3,11414,629.4,8.87
3,11415,620.64,8.76
3,11416,631.98,8.74
3,11417,640.12,8.78
3,11418,680.09,8.73
3,11419,608.33,8.43
3,11420,598.13,8.46
3,11421,626.09,8.63
3,11422,661.88,8.21
3,11423,665.83,8.23
3,11424,733.69,8.51
3,11425,743.12,8.55
3,11426,646.83,7.6
3,11427,650.22,7.61
3,11428,669.22,7.69
3,11429,671.85,7.7
3,11430,486.55,6.68
3,11431,498.48,6.73
3,11432,414.07,6.19
3,11433,443.56,6.35
3,11434,466.11,6.45
3,11435,463.39,6.17
3,11436,493.4,6.28
3,11437,515.09,6.37
3,11438,538.06,6.47
3,11439,593.51,6.7
3,11440,628.1,6.84
3,11441,652.4,6.94
3,11442,680.75,7.06
3,11443,583.94,3.4
3,11444,577.04,3.37
3,11445,550.65,3.26
3,11446,501.58,3.06
3,11447,481,2.97
3,11448,443.83,2.82
3,11449,373.05,1.8
3,11450,372.89,1.8
3,11451,301.73,1.51
3,11452,258.94,1.33
3,11453,234.43,1.23
3,11454,207.34,1.11
3,11455,221.24,1.17
3,11456,144.75,0.85
3,11457,131.15,0.76
3,11458,55.41,0.23
3,11459,30.92,0.13
3,11470,817.78,11.57
3,11471,815.25,11.56
3,11472,812.72,11.54
3,11473,810.19,11.53
3,11474,808.77,11.52
3,11475,811.6,11.54
3,11476,802,11.48
3,11477,782.72,11.38
3,11478,772.76,11.3
3,11479,728.72,11.12
3,11480,714.27,11.01
3,11481,700.69,10.86
3,11482,695.01,10.77
3,11483,715.02,10.86
3,11484,698.41,10.51
3,11485,671.49,10.31
3,11486,660.89,10.11
3,11487,643,9.97
3,11488,631.83,9.87
3,11489,622.88,9.82
3,11490,633.5,9.65
3,11491,628.61,9.69
3,11492,631.72,9.76
3,11493,645.62,8.86
3,11494,633.12,8.9
3,11495,619.35,8.74
3,11496,620.28,8.69
3,11497,608.08,8.58
3,11498,598.41,8.47
3,11499,588.61,8.36
3,11500,644.34,8.51
3,11501,635.24,8.66
3,11502,629.05,8.19
3,11503,644.74,8.14
3,11504,686.74,8.32
3,11505,698.4,8.37
3,11506,620.85,7.49
3,11507,629.19,7.52
3,11508,635.31,7.55
3,11509,568.53,7.27
3,11510,468.53,6.6
3,11511,480.24,6.65
3,11512,426.45,6.27
3,11513,453.67,6.39
3,11514,472.13,6.48
3,11515,485.7,6.56
3,11516,507.3,6.34
3,11517,529.58,6.43
3,11518,551.87,6.52
3,11519,573.89,6.62
3,11520,612.89,6.78
3,11521,668.22,7.01
3,11522,695.67,7.12
3,11523,593.31,3.44
3,11524,576.64,3.37
3,11525,537.77,3.21
3,11526,511.4,3.1
3,11527,513.07,3.11
3,11528,429.57,2.76
3,11529,407.61,2.67
3,11530,336.98,1.65
3,11531,337.02,1.65
3,11532,282.14,1.42
3,11533,270.05,1.37
3,11534,250.57,1.29
3,11535,268.11,1.81
3,11536,213.79,0.89
3,11537,124.49,0.7
3,11538,113.17,0.61
3,11539,16.73,0.07
3,11550,827.81,11.65
3,11551,830.34,11.66
3,11552,828.88,11.63
3,11553,826.35,11.62
3,11554,823.82,11.61
3,11555,821.29,11.59
3,11556,818.77,11.58
3,11557,785.41,11.41
3,11558,769.33,11.27
3,11559,771.36,11.29
3,11560,718.77,10.93
3,11561,706.83,10.85
3,11562,686.99,10.71
3,11563,685.98,10.66
3,11564,692.72,10.72
3,11565,672.78,10.31
3,11566,653.4,10.16
3,11567,642.42,10.07
3,11568,624.96,9.82
3,11569,651.73,9.93
3,11570,654.25,9.07
3,11571,653.86,9.07
3,11572,646.62,9.81
3,11573,639.3,8.87
3,11574,630.33,8.68
3,11575,608.96,8.58
3,11576,615.08,8.51
3,11577,611.97,8.4
3,11578,597.25,8.46
3,11579,578.37,8.25
3,11580,648.96,8.53
3,11581,666.44,8.63
3,11582,611.09,8.12
3,11583,643.33,8.14
3,11584,667.86,8.24
3,11585,669.82,8.25
3,11586,600.89,7.41
3,11587,565.78,7.26
3,11588,560.38,7.24
3,11589,568.53,7.27
3,11590,453.16,6.54
3,11591,426.22,6.39
3,11592,453.04,6.49
3,11593,478.83,6.5
3,11594,488.54,6.56
3,11595,485.7,6.56
3,11596,639.82,7.32
3,11597,639.82,7.32
3,11598,741.21,7.75
3,11599,755.81,7.81
3,11600,610.39,6.77
3,11601,652.87,6.95
3,11602,662.41,6.99
3,11603,625.47,4.06
3,11604,592.35,3.44
3,11605,562.23,3.27
3,11606,535.12,3.2
3,11607,525.69,3.16
3,11608,483.94,2.95
3,11609,407.33,2.66
3,11610,383.4,2.57
3,11611,361.21,1.75
3,11612,331.37,2.35
3,11613,316.37,1.57
3,11614,289.6,1.89
3,11615,265.7,1.79
3,11616,232.13,1.66
3,11617,177.4,0.74
3,11618,154.8,0.65
3,11619,95.18,0.46
3,11630,827.99,11.65
3,11631,827.62,11.64
3,11632,827.25,11.64
3,11633,826.87,11.64
3,11634,826.5,11.64
3,11635,826.13,11.64
3,11636,806.12,11.55
3,11637,803.02,11.49
3,11638,780.42,11.37
3,11639,782.49,11.38
3,11640,723.78,10.93
3,11641,707.55,10.8
3,11642,694.28,10.69
3,11643,681.71,10.58
3,11644,664.33,10.47
3,11645,676.1,10.35
3,11646,693.17,10.41
3,11647,635.33,10.01
3,11648,619.3,9.84
3,11649,634.81,9.86
3,11650,640.73,9.09
3,11651,636.21,9
3,11652,605.69,8.76
3,11653,598.85,8.66
3,11654,600.46,8.56
3,11655,589.05,8.47
3,11656,596.22,8.39
3,11657,589.92,8.31
3,11658,568.9,8.14
3,11659,578.1,8.21
3,11660,580.05,8.03
3,11661,581.12,7.99
3,11662,597.53,7.95
3,11663,584.65,7.89
3,11664,603.88,7.91
3,11665,571.3,7.28
3,11666,571.99,7.29
3,11667,565.03,7.26
3,11668,554.59,7.21
3,11669,457.54,6.69
3,11670,440.24,6.52
3,11671,444.22,6.51
3,11672,473.87,6.63
3,11673,485.33,6.68
3,11674,554.87,6.97
3,11675,554.87,6.97
3,11676,638.8,7.32
3,11677,639.82,7.32
3,11678,723.95,7.68
3,11679,737.71,7.73
3,11680,624.81,6.83
3,11681,640.1,6.89
3,11682,603.97,3.97
3,11683,615.46,4.01
3,11684,600.02,3.95
3,11685,565.32,3.28
3,11686,525.92,3.12
3,11687,503.01,3.02
3,11688,451.64,2.81
3,11689,409.45,2.64
3,11690,400.05,2.6
3,11691,344.88,2.4
3,11692,313.14,2.27
3,11693,324.77,2.32
3,11694,309.93,1.98
3,11695,333.12,2.08
3,11696,218.24,1.6
3,11697,195.95,1.5
3,11698,165.06,1.39
3,11699,119.25,0.5
3,11710,827.98,11.65
3,11711,827.98,11.65
3,11712,827.98,11.65
3,11713,827.98,11.65
3,11714,827.98,11.65
3,11715,827.98,11.65
3,11716,809.46,11.61
3,11717,816.18,11.63
3,11718,796.52,11.48
3,11719,793.32,11.47
3,11720,731.82,10.93
3,11721,718.38,10.87
3,11722,707.08,10.77
3,11723,701.88,10.73
3,11724,667.11,10.45
3,11725,647.47,10.31
3,11726,656.3,10.34
3,11727,625.41,9.98
3,11728,631,10.06
3,11729,626.6,9.08
3,11730,649.12,9.05
3,11731,642.92,9.02
3,11732,627.03,8.81
3,11733,624.19,8.72
3,11734,625.46,8.72
3,11735,592.47,8.45
3,11736,576.44,8.32
3,11737,569.29,8.21
3,11738,562.28,8.1
3,11739,587.42,8.3
3,11740,557.3,7.94
3,11741,557.77,7.9
3,11742,581.63,7.88
3,11743,554.21,7.76
3,11744,584.69,7.78
3,11745,580.32,7.32
3,11746,547.65,7.18
3,11747,536.26,7.14
3,11748,555.56,7.22
3,11749,455.54,6.67
3,11750,445.8,6.59
3,11751,503.35,6.87
3,11752,480.48,6.66
3,11753,502.52,6.75
3,11754,546.64,6.94
3,11755,554.87,6.97
3,11756,621.91,7.25
3,11757,635.64,7.31
3,11758,706.7,7.6
3,11759,720.46,7.66
3,11760,607.03,3.98
3,11761,607.03,3.98
3,11762,578.04,3.86
3,11763,563.41,3.8
3,11764,552.09,3.75
3,11765,571.55,3.83
3,11766,530.56,3.14
3,11767,489.79,2.97
3,11768,467.04,2.88
3,11769,417.3,2.67
3,11770,387.39,2.54
3,11771,350.26,2.39
3,11772,317.37,2.29
3,11773,329.74,2.12
3,11774,321.62,2.05
3,11775,345.8,2.13
3,11776,356.19,2.17
3,11777,189.04,1.48
3,11778,162.61,1.35
3,11779,147.02,1.24
3,11780,109.61,0.49
3,11781,101.99,0.51
3,11782,101.1,0.82
3,11783,75.89,0.67
3,11784,137.29,1.02
3,11785,162.56,1.13
3,11786,187.33,1.23
3,11787,212.18,1.33
3,11788,250.6,1.49
3,11789,264.44,1.55
3,11800,827.98,11.65
3,11801,827.98,11.65
3,11802,827.98,11.65
3,11803,827.98,11.65
3,11804,827.98,11.65
3,11805,819.1,11.69
3,11806,819.92,11.7
3,11807,825.02,11.68
3,11808,815.45,11.66
3,11809,815,11.63
3,11810,748.37,11.02
3,11811,727.67,10.95
3,11812,722.3,10.91
3,11813,710.03,10.69
3,11814,690.23,10.44
3,11815,676.33,10.38
3,11816,633.24,10.16
3,11817,631.1,10.1
3,11818,659.59,10.23
3,11819,663.61,10.34
3,11820,658.21,9.12
3,11821,651.91,8.98
3,11822,638.93,8.87
3,11823,633.17,8.76
3,11824,631.65,8.66
3,11825,614.15,8.54
3,11826,574.17,8.28
3,11827,567.2,8.17
3,11828,588.54,8.34
3,11829,560.63,8.05
3,11830,540.42,7.84
3,11831,538,7.78
3,11832,546.79,7.72
3,11833,538.55,7.65
3,11834,567.35,7.66
3,11835,565.55,7.63
3,11836,558.21,7.34
3,11837,509.55,7.27
3,11838,492.5,6.95
3,11839,454.89,6.72
3,11840,465.98,6.72
3,11841,492.72,6.83
3,11842,537.88,7.35
3,11843,569.71,6.71
3,11844,538.76,6.9
3,11845,590.74,7.12
3,11846,604.16,7.18
3,11847,665.42,7.43
3,11848,679.21,7.49
3,11849,704.5,7.59
3,11850,738.3,7.74
3,11851,607.02,3.98
3,11852,581.37,3.87
3,11853,542.08,3.71
3,11854,526.54,3.64
3,11855,516.55,3.6
3,11856,507.22,3.56
3,11857,482.14,2.94
3,11858,470.77,2.89
3,11859,430.92,2.72
3,11860,391.9,2.56
3,11861,346.32,2.39
3,11862,346.61,2.37
3,11863,302.93,2.11
3,11864,293.69,1.97
3,11865,255.49,1.86
3,11866,263.58,1.81
3,11867,263.64,1.58
3,11868,168.21,1.32
3,11869,162.84,1.28
3,11870,128.98,1.09
3,11871,99.12,0.92
3,11872,83.17,0.78
3,11873,109.39,0.91
3,11874,135.47,1.02
3,11875,160.4,1.12
3,11876,188.11,1.23
3,11877,247.93,1.48
3,11878,258.1,1.53
3,11879,283.95,1.63
3,11890,947.07,12.01
3,11891,947.07,12.01
3,11892,947.07,12.01
3,11893,827.98,11.65
3,11894,820.65,11.71
3,11895,820.65,11.71
3,11896,825.77,11.75
3,11897,836.27,11.71
3,11898,842.27,11.78
3,11899,827.98,11.69
3,11900,760.18,10.97
3,11901,742.27,10.85
3,11902,736.64,10.82
3,11903,701.23,10.63
3,11904,689.59,10.44
3,11905,684.96,10.42
3,11906,636.85,10.18
3,11907,654.85,10.37
3,11908,641.86,10.25
3,11909,655.41,10.37
3,11910,669.25,10.47
3,11911,666.52,8.95
3,11912,653.62,8.84
3,11913,643.82,8.75
3,11914,627.84,8.63
3,11915,628.25,8.6
3,11916,602,8.41
3,11917,605.91,8.4
3,11918,580.45,8.25
3,11919,556.03,8.02
3,11920,566.07,7.88
3,11921,538.77,7.69
3,11922,524.39,7.59
3,11923,526.26,7.58
3,11924,535.29,7.5
3,11925,496.23,7.22
3,11926,488.35,7.15
3,11927,473.59,7
3,11928,466.59,6.89
3,11929,463.47,6.84
3,11930,471.77,6.88
3,11931,494.88,6.84
3,11932,530.34,7.31
3,11933,550.6,6.63
3,11934,609.22,6.88
3,11935,575.06,7.06
3,11936,597.21,7.15
3,11937,648.18,7.36
3,11938,684.65,7.51
3,11939,724.55,7.68
3,11940,631.27,4.16
3,11941,598.99,4.02
3,11942,550.83,3.88
3,11943,552.71,3.75
3,11944,550.3,3.74
3,11945,483.43,3.46
3,11946,480.55,3.45
3,11947,458.39,3.36
3,11948,453.65,3.34
3,11949,434.8,2.74
3,11950,394.83,2.57
3,11951,364.43,2.45
3,11952,360.28,2.29
3,11953,335.64,2.15
3,11954,302.73,2.01
3,11955,283.42,1.95
3,11956,237.42,1.7
3,11957,251.68,1.67
3,11958,229.43,1.44
3,11959,155.9,1.22
3,11960,144.78,1.13
3,11961,115.36,0.96
3,11962,88.93,0.87
3,11963,149.42,1.07
3,11964,156.13,1.1
3,11965,169.83,1.16
3,11966,194.42,1.26
3,11967,219.7,1.37
3,11968,239.6,1.45
3,11969,308.47,1.74
3,11980,947.07,12.01
3,11981,947.07,12.01
3,11982,947.07,12.01
3,11983,947.07,12.01
3,11984,947.07,12.01
3,11985,822.63,11.72
3,11986,828.04,11.66
3,11987,831.27,11.67
3,11988,812.11,11.62
3,11989,795,11.14
3,11990,782.04,11.39
3,11991,752.78,10.96
3,11992,775.12,10.98
3,11993,728.17,10.93
3,11994,706.33,10.51
3,11995,689.97,10.86
3,11996,642.46,10.25
3,11997,650.39,10.31
3,11998,667.9,10.54
3,11999,652.73,10.4
3,12000,698.52,9.11
3,12001,690.13,9
3,12002,671.65,8.93
3,12003,655.17,8.79
3,12004,634.89,8.62
3,12005,624.45,8.55
3,12006,611.51,8.44
3,12007,586.45,8.28
3,12008,642.91,8.69
3,12009,564.04,8.1
3,12010,573.01,7.95
3,12011,552.5,7.75
3,12012,537.88,7.6
3,12013,514.59,7.44
3,12014,498.32,7.32
3,12015,495.28,7.27
3,12016,513.58,7.37
3,12017,544.13,7.51
3,12018,575.75,7.68
3,12019,590.94,7.78
3,12020,474.32,6.99
3,12021,498.69,7.18
3,12022,520.56,6.51
3,12023,523.6,6.52
3,12024,537.99,6.37
3,12025,535.43,6.36
3,12026,593.54,6.37
3,12027,633.28,7.3
3,12028,667.23,7.44
3,12029,707.1,7.61
3,12030,607.59,6.26
3,12031,598.44,4.02
3,12032,576.16,3.93
3,12033,533.22,3.73
3,12034,516.31,3.6
3,12035,455.33,3.5
3,12036,447.46,3.31
3,12037,432.71,3.25
3,12038,429.7,3.24
3,12039,423.29,3.21
3,12040,397.76,2.59
3,12041,394.04,2.57
3,12042,407.95,2.63
3,12043,357.18,2.27
3,12044,303.05,2.01
3,12045,296.43,1.86
3,12046,301.1,2.1
3,12047,219.35,1.55
3,12048,215.07,1.38
3,12049,192.82,1.29
3,12050,160.44,1.15
3,12051,125.4,1.01
3,12052,94.68,0.95
3,12053,149.42,1.07
3,12054,156.13,1.1
3,12055,181.73,1.21
3,12056,202.38,1.29
3,12057,246.49,1.48
3,12058,237.07,1.44
3,12059,306.86,1.73
3,12070,947.07,12.01
3,12071,947.07,12.01
3,12072,947.07,12.01
3,12073,947.07,12.01
3,12074,947.07,12.01
3,12075,913.78,11.87
3,12076,883.06,11.75
3,12077,853.54,11.76
3,12078,819,11.61
3,12079,777.47,11.37
3,12080,773.56,11.32
3,12081,760.79,11.25
3,12082,716.18,10.8
3,12083,762.75,11.07
3,12084,686.09,10.75
3,12085,670.79,10.44
3,12086,704.43,10.64
3,12087,815.23,11.33
3,12088,663.47,10.48
3,12089,694.68,10.91
3,12090,688.1,10.82
3,12091,670.15,10.64
3,12092,686.43,8.92
3,12093,671.95,8.86
3,12094,654.75,8.71
3,12095,665.1,8.78
3,12096,635.17,8.54
3,12097,627.52,8.54
3,12098,576.93,8.26
3,12099,599.58,8.35
3,12100,607.51,8.38
3,12101,565.11,7.78
3,12102,553.59,7.58
3,12103,534.83,7.51
3,12104,547.17,7.61
3,12105,523.41,7.48
3,12106,532.45,7.58
3,12107,539.35,7.51
3,12108,560.3,7.62
3,12109,586.38,7.74
3,12110,478.63,7.05
3,12111,485.18,7.14
3,12112,504.71,6.44
3,12113,501.99,6.22
3,12114,530.39,6.34
3,12115,517.4,6.28
3,12116,530.45,6.22
3,12117,557.4,6.22
3,12118,669.84,7.45
3,12119,591.08,6.19
3,12120,567.84,6.15
3,12121,571.58,6.11
3,12122,582,3.87
3,12123,565.96,3.81
3,12124,529.01,3.65
3,12125,450.43,3.46
3,12126,431.19,3.33
3,12127,411.2,3.16
3,12128,396.59,3.1
3,12129,385.35,3.05
3,12130,384.13,3.05
3,12131,419.33,3.2
3,12132,439.46,2.76
3,12133,332.02,2.15
3,12134,375.02,2.42
3,12135,386.56,2.51
3,12136,277.44,1.72
3,12137,246.83,1.62
3,12138,209.85,1.43
3,12139,190.13,1.31
3,12140,161.77,1.16
3,12141,101.83,1.06
3,12142,100.44,1.04
3,12143,148.55,1.33
3,12144,169.99,1.42
3,12145,276.24,1.6
3,12146,272.03,1.58
3,12147,267.83,1.57
3,12148,263.63,1.55
3,12149,305.36,1.72
3,12160,947.07,12.01
3,12161,947.07,12.01
3,12162,947.07,12.01
3,12163,947.07,12.01
3,12164,947.07,12.01
3,12165,922.15,11.91
3,12166,893.44,11.79
3,12167,891.2,11.78
3,12168,833.57,11.54
3,12169,799.2,11.46
3,12170,752.92,11.21
3,12171,758.86,11.19
3,12172,775.23,11.28
3,12173,673.42,10.62
3,12174,664.3,10.53
3,12175,683.59,10.55
3,12176,704.43,10.64
3,12177,815.23,11.33
3,12178,793.84,11.24
3,12179,690.41,10.85
3,12180,683.83,10.76
3,12181,679.48,9.64
3,12182,681.01,10.79
3,12183,687.56,10.88
3,12184,701.45,9.73
3,12185,715.66,9.82
3,12186,648.8,8.58
3,12187,662.53,8.69
3,12188,584.16,8.35
3,12189,613.84,8.41
3,12190,595.8,7.95
3,12191,581.79,7.89
3,12192,562.13,7.63
3,12193,561.55,7.61
3,12194,557.21,7.62
3,12195,549.32,7.62
3,12196,561.6,7.73
3,12197,560.24,6.94
3,12198,539.89,6.81
3,12199,527.61,6.71
3,12200,515.33,6.61
3,12201,501.47,6.4
3,12202,476.49,6.24
3,12203,500.03,6.21
3,12204,486.67,6.15
3,12205,514.12,6.27
3,12206,499.75,6.06
3,12207,506.45,6.01
3,12208,519.25,6.03
3,12209,521.15,6
3,12210,555.06,6.04
3,12211,559.14,6.07
3,12212,581.42,6.21
3,12213,555.61,3.76
3,12214,529.88,3.66
3,12215,472.18,3.5
3,12216,447.26,3.39
3,12217,420.16,3.22
3,12218,375.45,3.01
3,12219,360.58,2.95
3,12220,384.73,3.05
3,12221,408.88,2.81
3,12222,395.41,2.75
3,12223,382.87,2.7
3,12224,314.49,2
3,12225,303.41,1.91
3,12226,404.59,2.66
3,12227,244.63,1.58
3,12228,223.87,1.45
3,12229,197.78,1.29
3,12230,142.79,1.42
3,12231,107.59,1.15
3,12232,132.66,1.26
3,12233,157.5,1.37
3,12234,180.57,1.46
3,12235,204.34,1.56
3,12236,286.5,1.9
3,12237,286.18,1.64
3,12238,281.65,1.62
3,12239,280.77,1.62
3,12249,961.76,12.07
3,12250,961.76,12.07
3,12251,947.07,12.01
3,12252,947.07,12.01
3,12253,947.07,12.01
3,12254,937.08,11.97
3,12255,911.46,11.86
3,12256,880.01,11.73
3,12257,853.92,11.63
3,12258,823.64,11.5
3,12259,783.28,11.33
3,12260,767.21,11.21
3,12261,750.49,11.14
3,12262,732.49,11.03
3,12263,727.93,11.07
3,12264,681.98,10.62
3,12265,694.89,10.71
3,12266,706.93,10.79
3,12267,802.59,11.28
3,12268,780.18,11.19
3,12269,773.59,10
3,12270,715.58,9.77
3,12271,707.01,9.73
3,12272,668.63,9.48
3,12273,677.34,9.54
3,12274,690.93,9.66
3,12275,693.84,9.43
3,12276,670.59,8.67
3,12277,655.67,9.25
3,12278,610.17,8.51
3,12279,625.86,8.57
3,12280,597.93,7.96
3,12281,594.48,7.94
3,12282,587.85,7.72
3,12283,591.8,7.74
3,12284,571.86,7.68
3,12285,592.95,7.77
3,12286,581.12,7.83
3,12287,569.82,6.96
3,12288,555.75,6.86
3,12289,542.52,6.72
3,12290,512.91,6.57
3,12291,525.63,6.5
3,12292,490.05,6.24
3,12293,465.61,6.08
3,12294,459.06,5.99
3,12295,472.21,5.98
3,12296,482.25,5.98
3,12297,488.97,5.94
3,12298,504.95,5.93
3,12299,515.03,6
3,12300,522.31,5.91
3,12301,554.63,6.1
3,12302,574.55,6.18
3,12303,558.22,3.77
3,12304,519.86,3.62
3,12305,487.46,3.48
3,12306,439.82,3.28
3,12307,427.34,3.23
3,12308,388.57,3.07
3,12309,351.7,2.9
3,12310,327.98,2.75
3,12311,329.38,2.71
3,12312,373.55,2.66
3,12313,349.54,2.56
3,12314,336.4,2.51
3,12315,323.76,2.46
3,12316,285.31,1.76
3,12317,265.45,1.63
3,12318,238.78,1.46
3,12319,167.68,1.53
3,12320,122.73,1.32
3,12321,113.32,1.24
3,12322,141.69,1.3
3,12323,166.65,1.4
3,12324,191.48,1.51
3,12325,213.11,1.6
3,12326,266.92,1.82
3,12327,272.21,1.84
3,12328,277.51,1.87
3,12329,286.86,1.65
3,12339,961.76,12.07
3,12340,961.76,12.07
3,12341,961.76,12.07
3,12342,961.76,12.07
3,12343,966.1,12.09
3,12344,948.23,12.02
3,12345,915.47,11.88
3,12346,879.75,11.73
3,12347,853.89,9.56
3,12348,829.47,11.45
3,12349,808.78,11.37
3,12350,759.09,11.15
3,12351,726.38,10.99
3,12352,728.93,11.01
3,12353,717.38,10.83
3,12354,710.79,10.76
3,12355,703.8,10.77
3,12356,714.72,10.86
3,12357,734.74,11
3,12358,760.27,11.1
3,12359,759.76,9.94
3,12360,730.32,9.84
3,12361,724.1,9.75
3,12362,713.43,9.69
3,12363,664.36,9.35
3,12364,688.2,9.69
3,12365,692.03,9.28
3,12366,670.32,9.19
3,12367,642.91,9.11
3,12368,627.13,8.6
3,12369,627.68,8.57
3,12370,597.93,7.96
3,12371,612.67,7.83
3,12372,619.97,7.86
3,12373,603.89,7.81
3,12374,611.23,7.84
3,12375,622.21,8
3,12376,604.86,7.12
3,12377,596.22,7.03
3,12378,589.45,7
3,12379,557.09,6.75
3,12380,556.99,6.75
3,12381,547.76,6.71
3,12382,550.24,6.72
3,12383,485.59,6.11
3,12384,483.82,6.1
3,12385,451.11,5.85
3,12386,459.81,5.84
3,12387,480.57,5.83
3,12388,478.1,5.83
3,12389,491.02,5.78
3,12390,518.45,5.92
3,12391,539.61,6.05
3,12392,555.09,3.96
3,12393,546.47,3.73
3,12394,517.78,3.61
3,12395,472.87,3.42
3,12396,450.91,3.33
3,12397,414.08,3.22
3,12398,384.55,3.05
3,12399,389.65,3.07
3,12400,377.95,2.94
3,12401,343.67,2.83
3,12402,298.41,2.5
3,12403,299.84,2.47
3,12404,314.48,2.42
3,12405,294.47,2.33
3,12406,306.66,1.75
3,12407,267.21,1.61
3,12408,245.73,1.49
3,12409,160.6,1.5
3,12410,120.51,1.35
3,12411,119.08,1.33
3,12412,150.91,1.34
3,12413,177.65,1.45
3,12414,202.14,1.55
3,12415,227.17,1.66
3,12416,247.22,1.74
3,12417,251.16,1.76
3,12418,256.46,1.78
3,12419,261.76,1.8
3,12429,961.76,12.07
3,12430,961.76,12.07
3,12431,961.76,12.07
3,12432,961.76,12.07
3,12433,961.76,12.07
3,12434,939.49,11.98
3,12435,940.08,11.98
3,12436,874.24,9.65
3,12437,851.55,9.55
3,12438,826.95,9.45
3,12439,796.84,9.32
3,12440,769.14,11.19
3,12441,730.4,11.02
3,12442,711.41,10.85
3,12443,717.88,10.88
3,12444,719.44,10.79
3,12445,710.27,10.82
3,12446,721.12,10.91
3,12447,733.66,10.99
3,12448,759.33,11.1
3,12449,765.33,9.96
3,12450,754.34,9.86
3,12451,730.01,9.76
3,12452,727.72,9.78
3,12453,685.09,9.44
3,12454,656.92,9.21
3,12455,643.05,9.1
3,12456,649.68,9.11
3,12457,635.69,9.02
3,12458,663.24,8.97
3,12459,674.18,9.03
3,12460,642.76,7.95
3,12461,630.93,7.9
3,12462,631.57,7.96
3,12463,636.46,7.95
3,12464,654.16,8.13
3,12465,638.98,8.07
3,12466,634.64,7.22
3,12467,612.5,7.09
3,12468,601.41,7.09
3,12469,561.38,6.77
3,12470,571.11,6.81
3,12471,540.71,6.34
3,12472,518,6.24
3,12473,509.01,6.24
3,12474,503.93,6.18
3,12475,464.35,5.91
3,12476,433.7,5.69
3,12477,443.33,5.67
3,12478,467.45,5.67
3,12479,481.42,5.75
3,12480,503.14,5.88
3,12481,533.18,5.86
3,12482,533.65,3.86
3,12483,533.35,3.82
3,12484,510.22,3.57
3,12485,479.04,3.45
3,12486,442.13,3.29
3,12487,418.08,3.19
3,12488,420.24,3.2
3,12489,387.89,2.98
3,12490,358.9,2.83
3,12491,354.85,2.76
3,12492,350.91,2.58
3,12493,280.9,2.36
3,12494,268.84,2.26
3,12495,270.24,2.22
3,12496,282.56,2.19
3,12497,271.31,2.14
3,12498,207.06,1.87
3,12499,180.14,1.58
3,12500,126.25,1.44
3,12501,124.82,1.41
3,12502,123.39,1.39
3,12503,266.21,2.28
3,12504,279.14,2.33
3,12505,243.79,1.73
3,12506,252.88,1.76
3,12507,252.88,1.76
3,12508,252.88,1.76
3,12509,252.88,1.76
3,12519,961.76,12.07
3,12520,961.76,12.07
3,12521,961.76,12.07
3,12522,967.99,10.04
3,12523,967.99,10.04
3,12524,937.94,9.91
3,12525,906.19,9.78
3,12526,883.08,9.68
3,12527,843.7,9.52
3,12528,828.41,9.45
3,12529,795.41,9.32
3,12530,758.05,9.16
3,12531,735.86,10.99
3,12532,729.77,9.08
3,12533,724.32,10.94
3,12534,713.22,8.9
3,12535,715.87,10.87
3,12536,727.44,10.97
3,12537,732.58,10.99
3,12538,758.38,11.1
3,12539,762.13,9.89
3,12540,760.35,9.89
3,12541,767.53,9.92
3,12542,713.61,9.56
3,12543,725.04,9.6
3,12544,657.05,9.21
3,12545,636.09,9.03
3,12546,629.48,8.94
3,12547,613.93,8.73
3,12548,650.68,8.9
3,12549,663.56,8.96
3,12550,660.85,8.03
3,12551,685.21,8.13
3,12552,651.01,8.01
3,12553,671.09,8.09
3,12554,662.58,8.17
3,12555,661.8,8.18
3,12556,648.28,7.25
3,12557,632.33,7.07
3,12558,607.73,6.96
3,12559,595.94,6.92
3,12560,572.43,6.47
3,12561,553.18,6.39
3,12562,547.47,6.36
3,12563,513.95,6.28
3,12564,533.57,5.95
3,12565,467.39,5.82
3,12566,453.87,5.76
3,12567,439.22,5.64
3,12568,443.4,5.57
3,12569,473.77,5.61
3,12570,483.72,5.65
3,12571,508.55,5.75
3,12572,526.25,5.69
3,12573,520.48,5.68
3,12574,508.79,3.62
3,12575,474.06,3.42
3,12576,447.9,3.32
3,12577,455.1,3.35
3,12578,461.53,3.37
3,12579,455.71,3.35
3,12580,371.39,2.83
3,12581,367.85,2.73
3,12582,329.38,2.59
3,12583,315.35,2.44
3,12584,285.11,2.32
3,12585,251.21,2.11
3,12586,239.35,2.01
3,12587,208.32,1.88
3,12588,186.05,1.78
3,12589,170.14,1.72
3,12590,132,1.52
3,12591,130.56,1.5
3,12592,236.3,2.15
3,12593,260.29,2.25
3,12594,279.14,2.33
3,12595,301.41,2.42
3,12596,316.03,2.48
3,12597,252.88,1.76
3,12598,252.88,1.76
3,12599,252.88,1.76
3,12609,956.12,9.99
3,12610,956.12,9.99
3,12611,956.12,9.99
3,12612,956.12,9.99
3,12613,956.12,9.99
3,12614,943.38,9.93
3,12615,926.7,9.86
3,12616,905.79,9.78
3,12617,903.5,9.77
3,12618,813.52,9.39
3,12619,792.11,9.3
3,12620,759.53,9.17
3,12621,730.92,9.01
3,12622,737.66,9.09
3,12623,715.68,8.93
3,12624,708.41,8.84
3,12625,701.32,8.75
3,12626,736.88,8.6
3,12627,736.88,8.6
3,12628,736.88,8.6
3,12629,762.13,9.89
3,12630,770.87,9.93
3,12631,742.9,9.68
3,12632,732.09,9.63
3,12633,733.28,8.41
3,12634,713.4,8.33
3,12635,678.1,8.26
3,12636,645.6,8.21
3,12637,620.81,8.82
3,12638,645.51,8.9
3,12639,671,9.01
3,12640,694.67,9.09
3,12641,720.24,9.19
3,12642,671.65,8.1
3,12643,679.65,8.18
3,12644,684.17,8.26
3,12645,679.09,7.42
3,12646,668.37,7.33
3,12647,649.59,7.14
3,12648,661.37,7.19
3,12649,608.99,6.97
3,12650,573.26,6.47
3,12651,604.76,6.36
3,12652,565.56,6.15
3,12653,556.83,6.11
3,12654,521.85,5.9
3,12655,486.03,5.75
3,12656,451.03,5.6
3,12657,424.83,5.49
3,12658,447.27,5.59
3,12659,443.87,5.48
3,12660,466.22,5.58
3,12661,493.17,5.56
3,12662,491.58,5.55
3,12663,523.03,5.68
3,12664,513.47,3.64
3,12665,494.9,3.51
3,12666,490.81,3.55
3,12667,481.92,3.51
3,12668,508.23,3.62
3,12669,496.1,3.52
3,12670,436.73,2.83
3,12671,356.02,2.69
3,12672,345.68,2.64
3,12673,311.6,2.44
3,12674,315.51,2.47
3,12675,276.85,2.16
3,12676,246.36,2.03
3,12677,214.55,1.95
3,12678,203.51,1.86
3,12679,139.34,1.64
3,12680,137.64,1.61
3,12681,206.38,2.03
3,12682,230.38,2.13
3,12683,254.38,2.23
3,12684,286.47,2.36
3,12685,311.12,2.46
3,12686,317.89,2.49
3,12687,317.89,2.49
3,12688,317.89,2.49
3,12699,956.12,9.99
3,12700,956.12,9.99
3,12701,956.12,9.99
3,12702,956.12,9.99
3,12703,958.42,10
3,12704,957.37,9.99
3,12705,938.51,9.91
3,12706,926.32,9.86
3,12707,835.99,9.54
3,12708,834.79,9.53
3,12709,777.36,9.24
3,12710,767.22,9.21
3,12711,742.67,9.01
3,12712,718.86,8.86
3,12713,726.03,8.92
3,12714,703.61,8.78
3,12715,696.42,8.69
3,12716,736.88,8.6
3,12717,736.88,8.6
3,12718,725.55,8.55
3,12719,847.42,8.83
3,12720,842.98,8.81
3,12721,742.9,9.68
3,12722,774.99,8.53
3,12723,702.91,8.28
3,12724,696.09,8.25
3,12725,670.71,8.23
3,12726,646.27,8.12
3,12727,627.82,8.92
3,12728,641.72,8.88
3,12729,677.9,9.03
3,12730,711.26,9.17
3,12731,809.01,9.58
3,12732,773.95,9.44
3,12733,780.22,9.46
3,12734,803.72,7.78
3,12735,778.29,7.67
3,12736,697.76,7.45
3,12737,682.63,7.28
3,12738,700.97,7.35
3,12739,623.33,6.57
3,12740,612.3,6.47
3,12741,592.8,6.31
3,12742,539.38,6.07
3,12743,527.03,5.98
3,12744,502.25,5.82
3,12745,504.89,5.84
3,12746,470.92,5.57
3,12747,446,5.46
3,12748,406.61,5.32
3,12749,428.85,5.39
3,12750,456.5,5.4
3,12751,464.04,5.43
3,12752,483.67,5.52
3,12753,525.42,5.69
3,12754,527.92,3.65
3,12755,508.9,3.57
3,12756,496.82,3.57
3,12757,483.29,3.02
3,12758,457.43,2.91
3,12759,431.48,2.81
3,12760,405.4,2.7
3,12761,379.41,2.59
3,12762,353.34,2.48
3,12763,327.27,2.37
3,12764,301.59,2.26
3,12765,279.38,2.17
3,12766,267.25,2.12
3,12767,224.8,2.03
3,12768,203.51,1.86
3,12769,144.92,1.72
3,12770,176.48,1.9
3,12771,200.46,2
3,12772,224.46,2.1
3,12773,296.67,2.4
3,12774,317.35,2.49
3,12775,331.99,2.55
3,12776,319.71,2.5
3,12777,319.71,2.5
3,12778,317.89,2.49
3,12789,956.12,9.99
3,12790,956.12,9.99
3,12791,956.12,9.99
3,12792,958.42,10
3,12793,958.42,10
3,12794,958.42,10
3,12795,938.51,9.91
3,12796,938.51,9.91
3,12797,839.19,9.55
3,12798,820.8,9.47
3,12799,790.67,9.32
3,12800,795.49,9.32
3,12801,759.08,9.03
3,12802,732.44,8.86
3,12803,709.89,8.72
3,12804,699.54,8.62
3,12805,691.52,8.63
3,12806,684.27,8.54
3,12807,715.95,8.51
3,12808,702.93,8.46
3,12809,853.55,8.86
3,12810,838.54,8.8
3,12811,800.11,8.64
3,12812,774.55,8.53
3,12813,763.42,8.48
3,12814,677.96,8.18
3,12815,658.66,8.1
3,12816,631.02,8.01
3,12817,634.33,9.01
3,12818,690.44,8.08
3,12819,731.73,8.25
3,12820,725.14,9.23
3,12821,806.48,9.57
3,12822,807.46,9.57
3,12823,757.25,7.2
3,12824,798.24,7.37
3,12825,770.27,7.26
3,12826,744.84,7.15
3,12827,735.24,7.11
3,12828,641.34,6.6
3,12829,616.6,6.5
3,12830,587.19,6.37
3,12831,574.69,6.27
3,12832,561.52,6.18
3,12833,543.72,5.99
3,12834,523.44,5.79
3,12835,505.03,5.71
3,12836,458.14,5.51
3,12837,444.41,5.46
3,12838,427.41,5.39
3,12839,410.53,5.19
3,12840,422.89,5.26
3,12841,445.88,5.36
3,12842,478.27,5.51
3,12843,526.21,5.69
3,12844,548,5.78
3,12845,430.85,4.2
3,12846,485.22,4.27
3,12847,515.15,4.39
3,12848,517.58,4.4
3,12849,462.08,4.17
3,12850,496.22,4.31
3,12851,520.49,4.41
3,12852,555.54,4.56
3,12853,562.68,4.59
3,12854,305.06,2.28
3,12855,250.76,2.72
3,12856,276.01,2.16
3,12857,187.06,2.13
3,12858,174.79,1.9
3,12859,150.68,1.81
3,12860,188.01,1.95
3,12861,233.24,2.12
3,12862,241.42,2.17
3,12863,285.47,2.36
3,12864,306.19,2.44
3,12865,326.87,2.53
3,12866,325.01,2.52
3,12867,319.71,2.5
3,12868,319.71,2.5
3,12879,956.12,9.99
3,12880,956.12,9.99
3,12881,958.42,10
3,12882,958.42,10
3,12883,958.42,10
3,12884,938.51,9.91
3,12885,938.51,9.91
3,12886,839.19,9.55
3,12887,839.19,9.55
3,12888,809.11,9.42
3,12889,801.85,9.38
3,12890,771.76,9.13
3,12891,788.02,9.2
3,12892,741.16,8.85
3,12893,752.69,8.9
3,12894,694.71,8.56
3,12895,691.03,8.49
3,12896,679.45,8.48
3,12897,672.18,8.39
3,12898,684.49,8.38
3,12899,694.8,8.35
3,12900,715.85,8.36
3,12901,739.2,8.46
3,12902,726.45,8.33
3,12903,724.75,8.22
3,12904,718.39,8.14
3,12905,647.21,8.05
3,12906,624.53,7.92
3,12907,678.75,9.28
3,12908,690.44,8.08
3,12909,791.71,7.59
3,12910,779.63,7.54
3,12911,807.14,9.57
3,12912,807.46,9.57
3,12913,736.56,7.12
3,12914,715.88,7.08
3,12915,727.06,7.13
3,12916,722.16,7.06
3,12917,718.69,7.04
3,12918,633.68,6.57
3,12919,619.62,6.51
3,12920,598.85,6.43
3,12921,586.79,6.28
3,12922,587.34,6.29
3,12923,539.75,5.85
3,12924,520.89,5.64
3,12925,502.37,5.7
3,12926,474.07,5.44
3,12927,446.93,5.33
3,12928,407.24,5.22
3,12929,390.55,5.09
3,12930,402.61,5.18
3,12931,456.59,5.4
3,12932,488.69,5.57
3,12933,496.21,5.61
3,12934,562.49,5.84
3,12935,428.96,4.19
3,12936,418.56,4.1
3,12937,431.59,4.04
3,12938,428.79,4.03
3,12939,445.21,4.1
3,12940,451.21,4.12
3,12941,534.63,4.47
3,12942,537.73,4.48
3,12943,544.22,4.51
3,12944,225.87,2.61
3,12945,228.71,2.62
3,12946,216.2,2.53
3,12947,193.95,2.16
3,12948,177.45,2.07
3,12949,156.64,1.9
3,12950,189.81,2.08
3,12951,221.96,2.09
3,12952,257.39,2.24
3,12953,273.99,2.31
3,12954,295.04,2.4
3,12955,315.71,2.48
3,12956,333.62,2.56
3,12957,323.93,2.52
3,12958,319.71,2.5
3,12969,956.12,9.99
3,12970,958.42,10
3,12971,958.42,10
3,12972,958.42,10
3,12973,958.42,10
3,12974,938.51,9.91
3,12975,938.51,9.91
3,12976,839.19,9.55
3,12977,814.98,9.45
3,12978,804.37,9.39
3,12979,832.56,9.47
3,12980,839.56,9.5
3,12981,776.36,9
3,12982,768.03,8.99
3,12983,743.89,8.76
3,12984,724.11,8.61
3,12985,682.64,8.41
3,12986,681.4,8.34
3,12987,672.18,8.33
3,12988,660.14,8.24
3,12989,680.43,8.29
3,12990,687.43,8.21
3,12991,689.73,8.18
3,12992,695.17,8.12
3,12993,714.44,8.12
3,12994,718.23,8.14
3,12995,617.28,7.82
3,12996,648.12,9.2
3,12997,663.77,7.97
3,12998,691.57,8.09
3,12999,715.05,8.18
3,13000,761.72,7.47
3,13001,734.86,7.36
3,13002,714.72,7.27
3,13003,716.33,7.03
3,13004,700.32,7.01
3,13005,728.24,7.14
3,13006,700.58,6.97
3,13007,694.38,6.94
3,13008,619.62,6.51
3,13009,619.62,6.51
3,13010,619.62,6.51
3,13011,596.27,5.98
3,13012,587.44,5.93
3,13013,582.72,5.9
3,13014,599.78,6
3,13015,518.45,5.63
3,13016,466.81,5.41
3,13017,441.08,5.31
3,13018,417.48,5.21
3,13019,384.07,5
3,13020,417.48,5.24
3,13021,417.48,5.24
3,13022,496.21,5.61
3,13023,496.21,5.61
3,13024,569.78,5.88
3,13025,421.21,4.12
3,13026,410.8,4.04
3,13027,400.29,3.95
3,13028,412.15,3.96
3,13029,440.58,4.08
3,13030,466.46,4.19
3,13031,491.51,4.29
3,13032,513.63,4.38
3,13033,529.97,4.45
3,13034,249.39,2.7
3,13035,218.61,2.55
3,13036,208.32,2.47
3,13037,207.3,2.22
3,13038,170.75,2.03
3,13039,162.6,1.99
3,13040,193.65,2.09
3,13041,219.47,2.2
3,13042,219.86,2.2
3,13043,262.5,2.26
3,13044,282.9,2.35
3,13045,304.56,2.44
3,13046,325.24,2.52
3,13047,325.01,2.52
3,13048,319.71,2.5
3,13058,956.12,9.99
3,13059,958.42,10
3,13060,958.42,10
3,13061,958.42,10
3,13062,958.42,10
3,13063,938.51,9.91
3,13064,938.51,9.91
3,13065,938.51,9.91
3,13066,839.19,9.55
3,13067,806.92,9.41
3,13068,845.9,9.53
3,13069,853.8,9.56
3,13070,859.66,9.22
3,13071,788.13,9.05
3,13072,771.95,8.85
3,13073,750.41,8.72
3,13074,725.64,8.62
3,13075,710.73,8.46
3,13076,670.53,8.25
3,13077,673.46,8.27
3,13078,665.65,8.23
3,13079,648.04,8.08
3,13080,658.08,8.06
3,13081,676.93,8.05
3,13082,681.41,8.04
3,13083,682.11,7.99
3,13084,721.36,8.15
3,13085,610.7,7.73
3,13086,626.95,7.82
3,13087,670.18,8.06
3,13088,688.48,8.13
3,13089,721.12,8.21
3,13090,728.12,7.53
3,13091,731.71,7.34
3,13092,698.84,7.21
3,13093,694.23,6.94
3,13094,682.76,6.89
3,13095,674.4,6.86
3,13096,669.99,6.84
3,13097,674.89,6.86
3,13098,686.4,6.23
3,13099,660.86,6.13
3,13100,652.31,6.09
3,13101,596.27,5.98
3,13102,596.27,5.98
3,13103,586.19,5.92
3,13104,521.27,5.64
3,13105,523.1,5.65
3,13106,497.64,5.32
3,13107,453.57,5.36
3,13108,402.28,5.03
3,13109,384.03,4.95
3,13110,375.18,4.88
3,13111,438.78,4.95
3,13112,438.78,4.95
3,13113,438.78,4.95
3,13114,439.04,5.07
3,13115,403.14,3.96
3,13116,401.67,3.95
3,13117,380.15,3.83
3,13118,398.35,3.9
3,13119,437.49,4.07
3,13120,462.78,4.17
3,13121,486.82,4.27
3,13122,261.59,3.06
3,13123,249.78,2.96
3,13124,249.39,2.7
3,13125,238.05,2.61
3,13126,216.91,2.49
3,13127,190.18,2.32
3,13128,170.7,2.12
3,13129,167.49,2.07
3,13130,197.48,2.11
3,13131,219.86,2.2
3,13132,219.86,2.2
3,13133,261.08,2.25
3,13134,271.42,2.3
3,13135,293.41,2.39
3,13136,314.09,2.48
3,13137,334.76,2.56
3,13138,325.01,2.52
3,13148,958.42,10
3,13149,958.42,10
3,13150,958.42,10
3,13151,958.42,10
3,13152,958.42,10
3,13153,938.51,9.91
3,13154,938.51,9.91
3,13155,839.19,9.55
3,13156,813.55,9.44
3,13157,859.9,9.59
3,13158,853.56,9.19
3,13159,845.66,9.16
3,13160,837.76,9.13
3,13161,810.36,9.01
3,13162,794.46,8.87
3,13163,755.19,8.7
3,13164,732.3,8.57
3,13165,717.22,8.49
3,13166,682.86,8.27
3,13167,662.8,8.13
3,13168,636.91,8
3,13169,648.8,8.02
3,13170,635.94,7.93
3,13171,628.64,7.84
3,13172,658.79,7.9
3,13173,663.9,7.95
3,13174,639.25,7.69
3,13175,612.07,7.64
3,13176,636.83,7.92
3,13177,656.21,8
3,13178,703.85,8.2
3,13179,695.04,7.39
3,13180,714.25,7.47
3,13181,692.16,7.18
3,13182,676.25,7.11
3,13183,691.76,6.93
3,13184,661.32,6.8
3,13185,653.37,6.77
3,13186,648.82,6.75
3,13187,686.4,6.23
3,13188,672.34,6.17
3,13189,654.59,6.1
3,13190,650.59,6.08
3,13191,596.27,5.98
3,13192,596.27,5.98
3,13193,508.96,5.49
3,13194,542.05,5.73
3,13195,545.96,5.74
3,13196,482.37,5.26
3,13197,428.07,5.03
3,13198,403.04,4.93
3,13199,377.71,4.82
3,13200,368.6,4.79
3,13201,414.52,4.85
3,13202,437.7,4.94
3,13203,435.63,4.94
3,13204,440.33,5.08
3,13205,358.6,4.02
3,13206,397.44,3.93
3,13207,360.52,3.75
3,13208,352.25,3.71
3,13209,285.53,3.39
3,13210,289.76,3.28
3,13211,288.07,3.27
3,13212,262.01,3.06
3,13213,251.64,2.98
3,13214,236.91,2.85
3,13215,221.67,2.7
3,13216,219.09,2.43
3,13217,182.29,2.25
3,13218,175.02,2.18
3,13219,170.7,2.12
3,13220,167.96,2.07
3,13221,219.86,2.2
3,13222,219.86,2.2
3,13223,219.86,2.2
3,13224,261.08,2.25
3,13225,280.34,2.33
3,13226,302.93,2.43
3,13227,323.61,2.51
3,13228,325.72,2.52
3,13246,895.5,9.29
3,13247,895.5,9.29
3,13248,895.5,9.29
3,13249,895.5,9.29
3,13250,847.34,9.17
3,13251,839.09,9.13
3,13252,798.95,8.89
3,13253,774.93,8.71
3,13254,740.78,8.57
3,13255,714.18,8.42
3,13256,688.57,8.24
3,13257,679.47,8.15
3,13258,648.95,8.02
3,13259,626,7.85
3,13260,621.62,7.78
3,13261,624.06,7.78
3,13262,643.36,7.83
3,13263,641.26,7.75
3,13264,620.73,7.62
3,13265,602.33,7.56
3,13266,619.16,7.64
3,13267,635.43,7.71
3,13268,664.29,7.26
3,13269,671.96,7.14
3,13270,654.71,7.07
3,13271,647.27,6.99
3,13272,660.82,7.05
3,13273,690.22,6.92
3,13274,641.61,6.72
3,13275,632.17,6.68
3,13276,630.21,6.67
3,13277,667.77,6.16
3,13278,673.33,6.18
3,13279,642.26,6.05
3,13280,589.65,5.83
3,13281,567.4,5.74
3,13282,544,5.64
3,13283,508.96,5.49
3,13284,508.96,5.49
3,13285,560.59,5.8
3,13286,460.53,5.17
3,13287,431.36,5.05
3,13288,406.33,4.94
3,13289,374.94,4.75
3,13290,375.64,4.71
3,13291,396.69,4.77
3,13292,397.25,4.84
3,13293,422.39,4.98
3,13294,440.33,5.08
3,13295,355.86,4
3,13296,336.97,3.81
3,13297,345.54,3.85
3,13298,331.2,3.62
3,13299,285.53,3.39
3,13300,271.52,3.21
3,13301,264.89,3.18
3,13302,239,2.97
3,13303,238.44,2.87
3,13304,219.16,2.74
3,13305,209.23,2.62
3,13306,205.07,2.5
3,13307,183.79,2.32
3,13308,179.65,2.25
3,13309,175.02,2.18
3,13310,170.7,2.12
3,13336,895.5,9.29
3,13337,895.5,9.29
3,13338,895.5,9.29
3,13339,895.5,9.29
3,13340,855.85,9.12
3,13341,835.13,9.04
3,13342,803.34,8.9
3,13343,774.79,8.71
3,13344,752.62,8.56
3,13345,722.94,8.45
3,13346,703.05,8.33
3,13347,680.12,8.15
3,13348,662.41,8.01
3,13349,643.65,7.91
3,13350,612.73,7.7
3,13351,611.25,7.66
3,13352,611.98,7.63
3,13353,622.24,7.68
3,13354,613.88,7.62
3,13355,591.2,7.46
3,13356,630.13,7.73
3,13357,627.96,7.13
3,13358,637.19,7.16
3,13359,630.65,7.12
3,13360,633.87,6.99
3,13361,624.18,6.9
3,13362,622.56,6.89
3,13363,648.53,6.75
3,13364,625.13,6.65
3,13365,601.57,6.55
3,13366,637.7,6.71
3,13367,652,6.09
3,13368,626.62,5.98
3,13369,601.19,5.88
3,13370,585.89,5.81
3,13371,559.21,5.7
3,13372,532.6,5.59
3,13373,506.1,5.48
3,13374,490.32,5.42
3,13375,498.72,5.5
3,13376,469.06,5.15
3,13377,428.85,4.98
3,13378,404.07,4.88
3,13379,371.89,4.67
3,13380,363.4,4.64
3,13381,373.68,4.71
3,13382,387.3,4.78
3,13383,384.97,4.11
3,13384,392.26,4.15
3,13385,338.44,3.91
3,13386,315.88,3.73
3,13387,328.02,3.61
3,13388,305.67,3.5
3,13389,269.14,3.3
3,13390,257.24,3.19
3,13391,244.49,3.08
3,13392,240.82,2.98
3,13393,224.43,2.85
3,13394,212.98,2.67
3,13395,199.42,2.54
3,13396,205.71,2.45
3,13397,186.79,2.36
3,13398,183.55,2.31
3,13399,180.14,2.26
3,13426,895.5,9.29
3,13427,895.5,9.29
3,13428,895.5,9.29
3,13429,885.07,9.24
3,13430,867.91,9.17
3,13431,834.59,9.03
3,13432,827.47,8.84
3,13433,794.58,8.8
3,13434,777.07,8.63
3,13435,734.33,8.46
3,13436,722.92,8.35
3,13437,679.75,8.15
3,13438,674.21,8.05
3,13439,636.15,7.87
3,13440,615.98,7.7
3,13441,600.69,7.55
3,13442,593.49,7.46
3,13443,610.97,7.48
3,13444,610.57,7.43
3,13445,616.3,7.77
3,13446,630.22,7.14
3,13447,607.45,7.04
3,13448,618.18,7.08
3,13449,610.75,7.04
3,13450,602.51,7.04
3,13451,613.16,6.87
3,13452,629.27,6.92
3,13453,616.63,6.62
3,13454,591.18,6.51
3,13455,585.12,6.49
3,13456,610.65,6.59
3,13457,664.21,6.14
3,13458,618.96,5.95
3,13459,577.11,5.78
3,13460,562.55,5.72
3,13461,542.88,5.64
3,13462,517.06,5.53
3,13463,486.82,5.4
3,13464,469.42,5.33
3,13465,479.37,5.41
3,13466,462.15,5.07
3,13467,425.32,4.89
3,13468,394.65,4.76
3,13469,370.09,4.66
3,13470,344.73,4.51
3,13471,379.09,4.64
3,13472,372.37,4.61
3,13473,370.51,4.15
3,13474,354.32,3.96
3,13475,319.98,3.82
3,13476,294.56,3.64
3,13477,280.76,3.52
3,13478,272.6,3.45
3,13479,290.39,3.45
3,13480,247.55,3.17
3,13481,233.52,2.99
3,13482,222.92,2.86
3,13483,221.9,2.83
3,13484,223.36,2.71
3,13485,230.99,2.61
3,13486,208.87,2.51
3,13487,200.96,2.43
3,13488,185.86,2.35
3,13489,183.32,2.31
3,13516,895.5,9.29
3,13517,895.5,9.29
3,13518,883.77,9.24
3,13519,863.9,9.11
3,13520,850.32,9.05
3,13521,833.62,8.98
3,13522,820.61,8.87
3,13523,811.36,8.78
3,13524,784.78,8.67
3,13525,757.23,8.49
3,13526,722.46,8.35
3,13527,694.95,8.18
3,13528,667.34,8
3,13529,657.42,7.96
3,13530,632.7,7.71
3,13531,608.2,7.59
3,13532,595.63,7.42
3,13533,581.35,7.31
3,13534,592.73,7.32
3,13535,594.82,7.43
3,13536,580.68,7.04
3,13537,584.61,6.98
3,13538,578.88,6.95
3,13539,591.21,7.05
3,13540,577.93,6.93
3,13541,589.72,6.78
3,13542,573.6,6.68
3,13543,609.27,6.59
3,13544,553.81,6.36
3,13545,580.99,6.47
3,13546,587.22,6.28
3,13547,561.72,6.18
3,13548,561.47,6.17
3,13549,565.08,5.96
3,13550,546.47,5.65
3,13551,522.88,5.55
3,13552,497.63,5.45
3,13553,469.57,5.33
3,13554,446.18,5.23
3,13555,466.58,5.32
3,13556,448.39,4.98
3,13557,380.62,4.81
3,13558,368.19,4.7
3,13559,355.79,4.6
3,13560,337.4,4.42
3,13561,347.2,4.49
3,13562,363.55,4.12
3,13563,347.31,4.06
3,13564,320.54,3.88
3,13565,299.86,3.74
3,13566,287.36,3.63
3,13567,272.78,3.51
3,13568,258.33,3.33
3,13569,246.45,3.19
3,13570,318.84,3.66
3,13571,336.56,3.75
3,13572,251.41,2.99
3,13573,236.3,2.93
3,13574,239.23,2.78
3,13575,230.9,2.73
3,13576,218.09,2.55
3,13577,202.95,2.44
3,13578,197.68,2.42
3,13579,185.86,2.35
3,13606,884.58,9.25
3,13607,884.58,9.25
3,13608,884.58,9.25
3,13609,879.8,9.23
3,13610,865.33,9.16
3,13611,856.3,9.08
3,13612,819.08,8.86
3,13613,825.72,8.84
3,13614,782.44,8.66
3,13615,753.5,8.48
3,13616,736.45,8.35
3,13617,715.22,8.2
3,13618,692.19,8.11
3,13619,679.57,8.05
3,13620,654.78,7.8
3,13621,634.16,7.71
3,13622,608.52,7.45
3,13623,583.79,7.32
3,13624,577.7,7.23
3,13625,581.54,7.24
3,13626,562.73,6.97
3,13627,559.97,6.89
3,13628,563.61,6.88
3,13629,576.48,6.98
3,13630,577.77,6.93
3,13631,554.08,6.6
3,13632,553.4,6.6
3,13633,542.45,6.55
3,13634,532.62,6.27
3,13635,545.43,6.32
3,13636,542.46,6.2
3,13637,527.01,6.03
3,13638,541.34,6.13
3,13639,558.54,5.94
3,13640,518.6,5.77
3,13641,509.02,5.49
3,13642,483.67,5.39
3,13643,458.03,5.28
3,13644,424.1,5.14
3,13645,407.38,5.03
3,13646,404.45,4.88
3,13647,379.86,4.71
3,13648,360.82,4.6
3,13649,348.49,4.5
3,13650,330.1,4.33
3,13651,335.51,4.35
3,13652,338.99,4.06
3,13653,326.39,4.13
3,13654,324.86,3.8
3,13655,285.89,3.64
3,13656,269.94,3.52
3,13657,262.5,3.41
3,13658,259.96,3.34
3,13659,293.61,3.52
3,13660,308.15,3.38
3,13661,259.13,3.17
3,13662,260.86,3.03
3,13663,238.89,2.94
3,13664,248.04,2.82
3,13665,227.95,2.71
3,13666,227.31,2.59
3,13667,205.18,2.5
3,13668,202.95,2.44
3,13669,197.68,2.42
3,13696,884.58,9.25
3,13697,886.98,9.26
3,13698,888.16,9.27
3,13699,888.16,9.27
3,13700,898.15,9.08
3,13701,866.74,8.95
3,13702,841.44,8.84
3,13703,815.7,8.74
3,13704,789.74,8.63
3,13705,763.61,8.46
3,13706,737.62,8.35
3,13707,710.09,8.18
3,13708,720.67,7.92
3,13709,696.49,7.65
3,13710,670.07,7.54
3,13711,644.01,7.43
3,13712,617.93,7.32
3,13713,591.95,7.21
3,13714,564.85,7.1
3,13715,552.39,6.99
3,13716,542.2,6.88
3,13717,536.65,6.79
3,13718,546.31,6.81
3,13719,546.44,6.79
3,13720,546.52,6.64
3,13721,533.56,6.54
3,13722,554.48,6.6
3,13723,528.08,6.47
3,13724,511.39,6.18
3,13725,522.76,6.09
3,13726,514.63,5.98
3,13727,505.75,5.94
3,13728,540.13,6.09
3,13729,511.36,5.74
3,13730,497.43,5.68
3,13731,532.55,5.83
3,13732,494.63,5.33
3,13733,474.46,5.24
3,13734,432.53,5.18
3,13735,415.62,4.93
3,13736,390.88,4.83
3,13737,375.29,4.72
3,13738,366.7,4.58
3,13739,340.64,4.4
3,13740,328.27,4.29
3,13741,333.48,4.34
3,13742,314.26,4.02
3,13743,293.46,3.84
3,13744,289.05,3.74
3,13745,278.58,3.64
3,13746,293.59,3.64
3,13747,282.66,3.58
3,13748,270.88,3.43
3,13749,297.18,3.54
3,13750,290.22,3.3
3,13751,267.52,3.21
3,13752,255.59,3.16
3,13753,248.33,2.98
3,13754,241.01,2.95
3,13755,234.39,2.76
3,13756,234.61,2.74
3,13757,214.37,2.54
3,13758,202.78,2.44
3,13759,202.78,2.44
3,13786,888.1,9.27
3,13787,888.1,9.27
3,13788,888.1,9.27
3,13789,889.81,9.27
3,13790,897.94,9.25
3,13791,857.22,8.91
3,13792,842.37,8.85
3,13793,818.16,8.75
3,13794,790.36,8.63
3,13795,761.59,8.45
3,13796,735.59,8.35
3,13797,707.11,8.17
3,13798,712.4,7.88
3,13799,691.25,7.62
3,13800,667.93,7.53
3,13801,642.24,7.42
3,13802,617.64,7.32
3,13803,594.92,7.22
3,13804,560.15,7.07
3,13805,550.53,6.97
3,13806,539.86,6.85
3,13807,531.4,6.74
3,13808,522.81,6.63
3,13809,515.15,6.54
3,13810,506.69,6.43
3,13811,497.82,6.32
3,13812,522.37,6.56
3,13813,511.69,6.38
3,13814,492.55,6.11
3,13815,488.18,5.96
3,13816,507.77,5.95
3,13817,496.92,5.91
3,13818,488.18,5.72
3,13819,484.21,5.63
3,13820,476.3,5.59
3,13821,482.68,5.47
3,13822,480.92,5.47
3,13823,459.13,5.18
3,13824,434.22,5.08
3,13825,389.88,4.82
3,13826,377.44,4.72
3,13827,364.95,4.61
3,13828,355.17,4.5
3,13829,330.92,4.33
3,13830,316.98,4.17
3,13831,309.52,4.07
3,13832,312.03,3.98
3,13833,312.64,3.92
3,13834,314.78,3.86
3,13835,319.93,3.86
3,13836,306.43,3.67
3,13837,289.62,3.65
3,13838,297.3,3.58
3,13839,293.55,3.56
3,13840,298.65,3.34
3,13841,275.9,3.24
3,13842,253.24,3.15
3,13843,257.78,3.02
3,13844,235.81,2.93
3,13845,243.2,2.8
3,13846,225.73,2.7
3,13847,223.59,2.57
3,13848,202.72,2.49
3,13849,202.78,2.44
3,13876,888.1,9.27
3,13877,889.74,9.27
3,13878,889.81,9.27
3,13879,892.25,9.28
3,13880,897.09,9.25
3,13881,853.55,8.89
3,13882,842.52,8.85
3,13883,820.63,8.76
3,13884,790.98,8.63
3,13885,759.54,8.45
3,13886,730.18,8.27
3,13887,715.38,8.2
3,13888,704.12,7.85
3,13889,685.9,7.6
3,13890,665.71,7.52
3,13891,640.39,7.41
3,13892,617.27,7.32
3,13893,597.41,7.23
3,13894,559.95,7.07
3,13895,548.64,6.95
3,13896,537.52,6.82
3,13897,528.9,6.71
3,13898,521.2,6.61
3,13899,512.96,6.51
3,13900,504.43,6.41
3,13901,495.48,6.29
3,13902,486.97,6.19
3,13903,478.09,6.08
3,13904,470.22,5.97
3,13905,462.57,5.86
3,13906,454.92,5.76
3,13907,474.68,5.71
3,13908,461.88,5.61
3,13909,449.14,5.5
3,13910,446.68,5.39
3,13911,453.53,5.37
3,13912,463.84,5.51
3,13913,473.59,5.56
3,13914,410.64,4.98
3,13915,377.57,4.77
3,13916,365.16,4.67
3,13917,340.48,4.5
3,13918,333.04,4.39
3,13919,325.6,4.29
3,13920,338.45,4.39
3,13921,343.52,4.18
3,13922,335.5,4.07
3,13923,333.89,4.01
3,13924,423.52,4.24
3,13925,443.74,4.33
3,13926,325.1,3.83
3,13927,300.98,3.73
3,13928,305.23,3.61
3,13929,285.12,3.53
3,13930,307.08,3.37
3,13931,284.28,3.28
3,13932,261.62,3.18
3,13933,258.66,3.17
3,13934,245.26,2.97
3,13935,245.76,2.97
3,13936,229.85,2.72
3,13937,232.8,2.61
3,13938,210.68,2.52
3,13939,202.78,2.44
3,13965,888.1,9.27
3,13966,889.81,9.27
3,13967,889.81,9.27
3,13968,889.81,9.27
3,13969,892.25,9.28
3,13970,857.53,8.91
3,13971,852.42,8.89
3,13972,842.66,8.85
3,13973,821.73,8.76
3,13974,791.6,8.64
3,13975,757.5,8.44
3,13976,726.68,8.25
3,13977,721.02,7.92
3,13978,700.72,7.66
3,13979,684.78,7.6
3,13980,663.49,7.51
3,13981,638.53,7.4
3,13982,616.9,7.31
3,13983,599.91,7.24
3,13984,559.45,7.06
3,13985,544.13,6.9
3,13986,535.18,6.79
3,13987,526.49,6.68
3,13988,518.76,6.58
3,13989,510.7,6.48
3,13990,501.64,6.37
3,13991,493.14,6.26
3,13992,484.2,6.15
3,13993,475.56,6.04
3,13994,468.1,5.94
3,13995,460.45,5.83
3,13996,452.8,5.73
3,13997,445.23,5.62
3,13998,437.57,5.51
3,13999,429.92,5.41
3,14000,422.11,5.3
3,14001,422.92,5.23
3,14002,445.54,5.41
3,14003,439.72,5.36
3,14004,376.13,4.83
3,14005,369.96,4.84
3,14006,349.08,4.62
3,14007,357.49,4.6
3,14008,382,4.7
3,14009,382.78,4.41
3,14010,366.67,4.31
3,14011,362.03,4.29
3,14012,362.99,4.15
3,14013,386.36,4.23
3,14014,378.94,4.06
3,14015,353.9,3.95
3,14016,329.35,3.85
3,14017,307.3,3.76
3,14018,308.45,3.76
3,14019,290.23,3.55
3,14020,299.32,3.59
3,14021,292.87,3.31
3,14022,269.99,3.22
3,14023,250.93,3.14
3,14024,254.7,3.01
3,14025,236.95,2.93
3,14026,238.45,2.78
3,14027,229.07,2.72
3,14028,219.9,2.56
3,14029,204.93,2.5
3,14055,889.81,9.27
3,14056,889.81,9.27
3,14057,889.81,9.27
3,14058,890.38,9.27
3,14059,892.25,9.28
3,14060,855.86,8.9
3,14061,852.42,8.89
3,14062,842.81,8.85
3,14063,822.24,8.76
3,14064,792.21,8.64
3,14065,755.46,8.43
3,14066,718.33,8.22
3,14067,712.75,7.89
3,14068,698.26,7.65
3,14069,682.07,7.59
3,14070,661.27,7.5
3,14071,636.67,7.4
3,14072,616.53,7.31
3,14073,602.4,7.25
3,14074,559.45,7.06
3,14075,541.34,6.87
3,14076,533.06,6.76
3,14077,524.09,6.65
3,14078,516.32,6.55
3,14079,508.44,6.46
3,14080,499.3,6.34
3,14081,490.8,6.23
3,14082,481.89,6.12
3,14083,473.63,6.02
3,14084,465.98,5.91
3,14085,458.33,5.8
3,14086,450.69,5.7
3,14087,443.1,5.59
3,14088,435.45,5.49
3,14089,427.81,5.38
3,14090,420.04,5.27
3,14091,412.57,5.17
3,14092,403.23,5.06
3,14093,393.57,4.95
3,14094,405.76,4.91
3,14095,382.63,4.82
3,14096,408.71,4.92
3,14097,430.99,5.07
3,14098,445.63,4.68
3,14099,419.63,4.57
3,14100,393.4,4.46
3,14101,375.25,4.38
3,14102,378.76,4.2
3,14103,413.73,4.2
3,14104,400.04,4.15
3,14105,357.16,3.97
3,14106,330.74,3.86
3,14107,313.63,3.79
3,14108,300.52,3.73
3,14109,298.15,3.58
3,14110,290.9,3.55
3,14111,301.3,3.35
3,14112,278.37,3.25
3,14113,255.71,3.16
3,14114,261.74,3.18
3,14115,242.18,2.96
3,14116,247.26,2.81
3,14117,225.73,2.7
3,14118,229.12,2.6
3,14119,207,2.51
3,14185,387.24,4.83
3,14186,412.51,4.94
3,14187,434.48,5.09
3,14188,443.29,4.67
3,14189,417.29,4.56
3,14190,393.32,4.46
3,14191,373.62,4.38
3,14192,383.48,4.22
3,14275,390.34,4.85
3,14276,412.26,5
3,14277,437.97,5.1
3,14278,440.95,4.66
3,14279,416.1,4.55
3,14280,393.25,4.46
3,14281,371.98,4.37
3,14282,388.19,4.24
3,14365,394.15,4.86
3,14366,415.47,5.01
3,14367,441.46,5.12
3,14368,438.61,4.65
3,14369,415.8,4.55
3,14370,393.17,4.46
3,14371,371.39,4.37
3,14372,385.32,4.42
3,14455,397.96,4.88
3,14456,418.96,5.02
3,14457,444.96,5.13
3,14458,436.27,4.64
3,14459,414.59,4.55
3,14460,393.1,4.46
3,14461,371.39,4.37
3,14462,384.35,4.42
3,14545,401.77,4.89
3,14546,422.45,5.04
3,14547,448.45,5.15
3,14548,433.93,4.63
3,14549,413.38,4.54
3,14550,393.02,4.46
3,14551,371.49,4.37
3,14552,384.35,4.42
3,14635,405.58,4.91
3,14636,425.95,5.05
3,14637,450.88,4.7
3,14638,431.6,4.62
3,14639,412.17,4.54
3,14640,392.94,4.46
3,14641,372.25,4.37
3,14642,384.35,4.42
3,14725,409.39,4.93
3,14726,429.44,5.07
3,14727,447.43,4.68
3,14728,429.26,4.61
3,14729,410.96,4.53
3,14730,392.87,4.46
3,14731,373.02,4.37
3,14732,384.35,4.42
3,14815,413.2,4.94
3,14816,432.93,5.08
3,14817,447.43,4.68
3,14818,426.92,4.6
3,14819,409.74,4.53
3,14820,392.79,4.46
3,14821,373.78,4.38
3,14822,384.35,4.42
3,14905,412.26,5
3,14906,436.42,5.1
3,14907,447.43,4.68
3,14908,424.58,4.59
3,14909,408.53,4.52
3,14910,392.71,4.46
3,14911,374.54,4.38
3,14912,384.35,4.42
3,14994,394.83,4.87
3,14995,413.92,5
3,14996,439.91,5.11
3,14997,447.43,4.68
3,14998,422.24,4.58
3,14999,407.32,4.52
3,15000,392.64,4.45
3,15001,375.31,4.38
