longitude,latitude,lon_min,lon_max,lat_min,lat_max,result,focused
-0.3787499761033233,5.8787501792424415,-0.3829166427534868,-0.3745833094531599,5.874583512592544,5.882916845892339,0,1
-0.37041664280299647,5.8787501792424415,-0.3745833094531599,-0.36624997615283295,5.874583512592544,5.882916845892339,1,0
-0.36208330950266954,5.8787501792424415,-0.36624997615283295,-0.357916642852506,5.874583512592544,5.882916845892339,0,1
-0.3537499762023425,5.8787501792424415,-0.357916642852506,-0.3495833095521791,5.874583512592544,5.882916845892339,0,0
-0.1787499768954772,5.878750179242442,-0.18291664354564063,-0.17458331024531376,5.874583512592544,5.882916845892339,2,0
-0.1704166435951503,5.8787501792424415,-0.17458331024531376,-0.16624997694498683,5.874583512592544,5.882916845892339,1,0
-0.16208331029482337,5.8787501792424415,-0.16624997694498683,-0.1579166436446599,5.874583512592544,5.882916845892339,1,0
-0.1537499769944964,5.8787501792424415,-0.1579166436446599,-0.14958331034433298,5.874583512592544,5.882916845892339,1,1
-0.1454166436941695,5.8787501792424415,-0.14958331034433298,-0.14124997704400605,5.874583512592544,5.882916845892339,2,1
-0.13708331039384258,5.8787501792424415,-0.14124997704400605,-0.13291664374367912,5.874583512592544,5.882916845892339,2,1
-0.12874997709351568,5.8787501792424415,-0.13291664374367912,-0.12458331044335219,5.874583512592544,5.882916845892339,1,1
-0.3787499761033233,5.870416845942647,-0.3829166427534868,-0.3745833094531599,5.866250179292749,5.874583512592544,0,0
-0.37041664280299647,5.870416845942647,-0.3745833094531599,-0.36624997615283295,5.866250179292749,5.874583512592544,0,0
-0.36208330950266954,5.870416845942647,-0.36624997615283295,-0.357916642852506,5.866250179292749,5.874583512592544,2,1
-0.3537499762023425,5.870416845942647,-0.357916642852506,-0.3495833095521791,5.866250179292749,5.874583512592544,1,0
-0.3454166429020157,5.870416845942647,-0.3495833095521791,-0.34124997625185216,5.866250179292749,5.874583512592544,2,0
-0.3370833096016887,5.870416845942646,-0.34124997625185216,-0.3329166429515253,5.866250179292749,5.874583512592544,2,0
-0.1870833101958041,5.870416845942647,-0.19124997684596756,-0.18291664354564063,5.866250179292749,5.874583512592544,1,1
-0.1787499768954772,5.870416845942646,-0.18291664354564063,-0.17458331024531376,5.866250179292749,5.874583512592544,0,1
-0.1704166435951503,5.870416845942647,-0.17458331024531376,-0.16624997694498683,5.866250179292749,5.874583512592544,2,0
-0.16208331029482337,5.870416845942647,-0.16624997694498683,-0.1579166436446599,5.866250179292749,5.874583512592544,1,0
-0.1537499769944964,5.870416845942647,-0.1579166436446599,-0.14958331034433298,5.866250179292749,5.874583512592544,0,0
-0.1454166436941695,5.870416845942647,-0.14958331034433298,-0.14124997704400605,5.866250179292749,5.874583512592544,1,1
-0.13708331039384258,5.870416845942647,-0.14124997704400605,-0.13291664374367912,5.866250179292749,5.874583512592544,2,0
-0.12874997709351568,5.870416845942647,-0.13291664374367912,-0.12458331044335219,5.866250179292749,5.874583512592544,2,0
-0.12041664379318873,5.870416845942647,-0.12458331044335219,-0.11624997714302526,5.866250179292749,5.874583512592544,2,1
-0.11208331049286178,5.870416845942647,-0.11624997714302526,-0.10791664384269833,5.866250179292749,5.874583512592544,2,0
-0.10374997719253487,5.870416845942647,-0.10791664384269833,-0.0995833105423714,5.866250179292749,5.874583512592544,0,1
-0.3787499761033233,5.862083512642851,-0.3829166427534868,-0.3745833094531599,5.857916845992954,5.866250179292749,0,1
-0.37041664280299647,5.862083512642851,-0.3745833094531599,-0.36624997615283295,5.857916845992954,5.866250179292749,2,1
-0.3620833095026695,5.862083512642851,-0.36624997615283295,-0.357916642852506,5.857916845992954,5.866250179292749,2,0
-0.35374997620234255,5.862083512642851,-0.357916642852506,-0.3495833095521791,5.857916845992954,5.866250179292749,0,0
-0.3454166429020156,5.862083512642851,-0.3495833095521791,-0.34124997625185216,5.857916845992954,5.866250179292749,0,1
-0.3370833096016887,5.862083512642852,-0.34124997625185216,-0.3329166429515253,5.857916845992954,5.866250179292749,2,0
-0.32874997630136177,5.862083512642851,-0.3329166429515253,-0.32458330965119836,5.857916845992954,5.866250179292749,0,1
-0.20374997679645793,5.862083512642851,-0.20791664344662142,-0.1995833101462945,5.857916845992954,5.866250179292749,1,1
-0.195416643496131,5.862083512642851,-0.1995833101462945,-0.19124997684596756,5.857916845992954,5.866250179292749,2,0
-0.1870833101958041,5.862083512642851,-0.19124997684596756,-0.18291664354564063,5.857916845992954,5.866250179292749,0,0
-0.1787499768954772,5.862083512642852,-0.18291664354564063,-0.17458331024531376,5.857916845992954,5.866250179292749,2,1
-0.1704166435951503,5.862083512642851,-0.17458331024531376,-0.16624997694498683,5.857916845992954,5.866250179292749,2,1
-0.16208331029482337,5.862083512642851,-0.16624997694498683,-0.1579166436446599,5.857916845992954,5.866250179292749,1,0
-0.1537499769944964,5.862083512642851,-0.1579166436446599,-0.14958331034433298,5.857916845992954,5.866250179292749,2,0
-0.1454166436941695,5.862083512642851,-0.14958331034433298,-0.14124997704400605,5.857916845992954,5.866250179292749,2,1
-0.13708331039384258,5.862083512642851,-0.14124997704400605,-0.13291664374367912,5.857916845992954,5.866250179292749,0,0
-0.12874997709351566,5.862083512642851,-0.13291664374367912,-0.12458331044335219,5.857916845992954,5.866250179292749,0,0
-0.12041664379318873,5.862083512642851,-0.12458331044335219,-0.11624997714302526,5.857916845992954,5.866250179292749,0,0
-0.1120833104928618,5.862083512642851,-0.11624997714302526,-0.10791664384269833,5.857916845992954,5.866250179292749,0,0
-0.10374997719253486,5.862083512642851,-0.10791664384269833,-0.0995833105423714,5.857916845992954,5.866250179292749,0,0
-0.09541664389220796,5.862083512642852,-0.0995833105423714,-0.09124997724204453,5.857916845992954,5.866250179292749,1,1
-0.08708331059188108,5.862083512642851,-0.09124997724204453,-0.0829166439417176,5.857916845992954,5.866250179292749,1,1
-0.07874997729155414,5.862083512642851,-0.0829166439417176,-0.07458331064139068,5.857916845992954,5.866250179292749,1,0
-0.07041664399122723,5.862083512642851,-0.07458331064139068,-0.06624997734106375,5.857916845992954,5.866250179292749,1,1
-0.3787499761033233,5.853750179343057,-0.3829166427534868,-0.3745833094531599,5.849583512693159,5.857916845992954,0,0
-0.37041664280299647,5.853750179343057,-0.3745833094531599,-0.36624997615283295,5.849583512693159,5.857916845992954,0,1
-0.36208330950266954,5.853750179343057,-0.36624997615283295,-0.357916642852506,5.849583512693159,5.857916845992954,0,0
-0.3537499762023425,5.853750179343057,-0.357916642852506,-0.3495833095521791,5.849583512693159,5.857916845992954,0,0
-0.3454166429020157,5.853750179343057,-0.3495833095521791,-0.34124997625185216,5.849583512693159,5.857916845992954,0,1
-0.3370833096016887,5.853750179343056,-0.34124997625185216,-0.3329166429515253,5.849583512693159,5.857916845992954,1,1
-0.3287499763013618,5.853750179343057,-0.3329166429515253,-0.32458330965119836,5.849583512693159,5.857916845992954,1,1
-0.32041664300103495,5.853750179343057,-0.32458330965119836,-0.31624997635087143,5.849583512693159,5.857916845992954,0,1
-0.2120833100967849,5.853750179343057,-0.21624997674694835,-0.20791664344662142,5.849583512693159,5.857916845992954,0,1
-0.20374997679645795,5.853750179343057,-0.20791664344662142,-0.1995833101462945,5.849583512693159,5.857916845992954,2,0
-0.19541664349613103,5.853750179343057,-0.1995833101462945,-0.19124997684596756,5.849583512693159,5.857916845992954,0,0
-0.1870833101958041,5.853750179343057,-0.19124997684596756,-0.18291664354564063,5.849583512693159,5.857916845992954,2,0
-0.1787499768954772,5.853750179343056,-0.18291664354564063,-0.17458331024531376,5.849583512693159,5.857916845992954,2,0
-0.1704166435951503,5.853750179343057,-0.17458331024531376,-0.16624997694498683,5.849583512693159,5.857916845992954,1,1
-0.16208331029482337,5.853750179343057,-0.16624997694498683,-0.1579166436446599,5.849583512693159,5.857916845992954,0,0
-0.1537499769944964,5.853750179343057,-0.1579166436446599,-0.14958331034433298,5.849583512693159,5.857916845992954,1,1
-0.1454166436941695,5.853750179343057,-0.14958331034433298,-0.14124997704400605,5.849583512693159,5.857916845992954,1,1
-0.13708331039384258,5.853750179343057,-0.14124997704400605,-0.13291664374367912,5.849583512693159,5.857916845992954,1,1
-0.12874997709351568,5.853750179343057,-0.13291664374367912,-0.12458331044335219,5.849583512693159,5.857916845992954,0,1
-0.12041664379318873,5.853750179343057,-0.12458331044335219,-0.11624997714302526,5.849583512693159,5.857916845992954,2,1
-0.11208331049286178,5.853750179343057,-0.11624997714302526,-0.10791664384269833,5.849583512693159,5.857916845992954,1,1
-0.10374997719253487,5.853750179343057,-0.10791664384269833,-0.0995833105423714,5.849583512693159,5.857916845992954,2,0
-0.09541664389220797,5.853750179343056,-0.0995833105423714,-0.09124997724204453,5.849583512693159,5.857916845992954,0,0
-0.08708331059188107,5.853750179343057,-0.09124997724204453,-0.0829166439417176,5.849583512693159,5.857916845992954,0,1
-0.07874997729155414,5.853750179343057,-0.0829166439417176,-0.07458331064139068,5.849583512693159,5.857916845992954,0,0
-0.07041664399122721,5.853750179343057,-0.07458331064139068,-0.06624997734106375,5.849583512693159,5.857916845992954,1,1
-0.06208331069090029,5.853750179343057,-0.06624997734106375,-0.05791664404073682,5.849583512693159,5.857916845992954,0,1
-0.053749977390573356,5.853750179343057,-0.05791664404073682,-0.04958331074040989,5.849583512693159,5.857916845992954,0,0
-0.045416644090246434,5.853750179343057,-0.04958331074040989,-0.04124997744008296,5.849583512693159,5.857916845992954,1,0
-0.0370833107899195,5.853750179343057,-0.04124997744008296,-0.032916644139756035,5.849583512693159,5.857916845992954,1,0
-0.3787499761033233,5.8454168460432605,-0.3829166427534868,-0.3745833094531599,5.841250179393364,5.849583512693159,2,0
-0.37041664280299647,5.8454168460432605,-0.3745833094531599,-0.36624997615283295,5.841250179393364,5.849583512693159,0,0
-0.36208330950266954,5.8454168460432605,-0.36624997615283295,-0.357916642852506,5.841250179393364,5.849583512693159,1,0
-0.3537499762023425,5.8454168460432605,-0.357916642852506,-0.3495833095521791,5.841250179393364,5.849583512693159,0,0
-0.3454166429020157,5.8454168460432605,-0.3495833095521791,-0.34124997625185216,5.841250179393364,5.849583512693159,2,0
-0.3370833096016887,5.845416846043262,-0.34124997625185216,-0.3329166429515253,5.841250179393364,5.849583512693159,2,0
-0.3287499763013618,5.8454168460432605,-0.3329166429515253,-0.32458330965119836,5.841250179393364,5.849583512693159,1,0
-0.32041664300103495,5.8454168460432605,-0.32458330965119836,-0.31624997635087143,5.841250179393364,5.849583512693159,1,1
-0.22874997669743877,5.8454168460432605,-0.2329166433476022,-0.22458331004727528,5.841250179393364,5.849583512693159,2,0
-0.2204166433971118,5.8454168460432605,-0.22458331004727528,-0.21624997674694835,5.841250179393364,5.849583512693159,1,1
-0.2120833100967849,5.8454168460432605,-0.21624997674694835,-0.20791664344662142,5.841250179393364,5.849583512693159,0,0
-0.20374997679645795,5.8454168460432605,-0.20791664344662142,-0.1995833101462945,5.841250179393364,5.849583512693159,0,1
-0.19541664349613103,5.8454168460432605,-0.1995833101462945,-0.19124997684596756,5.841250179393364,5.849583512693159,1,0
-0.1870833101958041,5.8454168460432605,-0.19124997684596756,-0.18291664354564063,5.841250179393364,5.849583512693159,1,1
-0.1787499768954772,5.845416846043262,-0.18291664354564063,-0.17458331024531376,5.841250179393364,5.849583512693159,1,1
-0.1704166435951503,5.8454168460432605,-0.17458331024531376,-0.16624997694498683,5.841250179393364,5.849583512693159,1,1
-0.16208331029482337,5.8454168460432605,-0.16624997694498683,-0.1579166436446599,5.841250179393364,5.849583512693159,0,0
-0.1537499769944964,5.8454168460432605,-0.1579166436446599,-0.14958331034433298,5.841250179393364,5.849583512693159,1,0
-0.1454166436941695,5.8454168460432605,-0.14958331034433298,-0.14124997704400605,5.841250179393364,5.849583512693159,2,0
-0.13708331039384258,5.8454168460432605,-0.14124997704400605,-0.13291664374367912,5.841250179393364,5.849583512693159,1,0
-0.12874997709351568,5.8454168460432605,-0.13291664374367912,-0.12458331044335219,5.841250179393364,5.849583512693159,1,1
-0.12041664379318873,5.8454168460432605,-0.12458331044335219,-0.11624997714302526,5.841250179393364,5.849583512693159,0,1
-0.11208331049286178,5.8454168460432605,-0.11624997714302526,-0.10791664384269833,5.841250179393364,5.849583512693159,0,1
-0.10374997719253487,5.8454168460432605,-0.10791664384269833,-0.0995833105423714,5.841250179393364,5.849583512693159,0,0
-0.09541664389220797,5.845416846043262,-0.0995833105423714,-0.09124997724204453,5.841250179393364,5.849583512693159,0,0
-0.08708331059188107,5.8454168460432605,-0.09124997724204453,-0.0829166439417176,5.841250179393364,5.849583512693159,1,0
-0.07874997729155414,5.8454168460432605,-0.0829166439417176,-0.07458331064139068,5.841250179393364,5.849583512693159,1,0
-0.07041664399122721,5.8454168460432605,-0.07458331064139068,-0.06624997734106375,5.841250179393364,5.849583512693159,2,0
-0.06208331069090029,5.8454168460432605,-0.06624997734106375,-0.05791664404073682,5.841250179393364,5.849583512693159,2,0
-0.053749977390573356,5.8454168460432605,-0.05791664404073682,-0.04958331074040989,5.841250179393364,5.849583512693159,0,1
-0.045416644090246434,5.8454168460432605,-0.04958331074040989,-0.04124997744008296,5.841250179393364,5.849583512693159,2,1
-0.0370833107899195,5.8454168460432605,-0.04124997744008296,-0.032916644139756035,5.841250179393364,5.849583512693159,2,1
-0.028749977489592574,5.8454168460432605,-0.032916644139756035,-0.024583310839429107,5.841250179393364,5.849583512693159,1,0
-0.020416644189265646,5.8454168460432605,-0.024583310839429107,-0.01624997753910218,5.841250179393364,5.849583512693159,1,1
-0.012083310888938714,5.8454168460432605,-0.01624997753910218,-0.00791664423877525,5.841250179393364,5.849583512693159,1,1
-0.3787499761033233,5.837083512743466,-0.3829166427534868,-0.3745833094531599,5.8329168460935685,5.841250179393364,1,0
-0.37041664280299647,5.837083512743466,-0.3745833094531599,-0.36624997615283295,5.8329168460935685,5.841250179393364,1,1
-0.36208330950266954,5.837083512743466,-0.36624997615283295,-0.357916642852506,5.8329168460935685,5.841250179393364,2,0
-0.3537499762023425,5.837083512743466,-0.357916642852506,-0.3495833095521791,5.8329168460935685,5.841250179393364,2,1
-0.3454166429020157,5.837083512743466,-0.3495833095521791,-0.34124997625185216,5.8329168460935685,5.841250179393364,1,0
-0.3370833096016887,5.837083512743467,-0.34124997625185216,-0.3329166429515253,5.8329168460935685,5.841250179393364,1,1
-0.3287499763013618,5.837083512743466,-0.3329166429515253,-0.32458330965119836,5.8329168460935685,5.841250179393364,0,1
-0.32041664300103495,5.837083512743466,-0.32458330965119836,-0.31624997635087143,5.8329168460935685,5.841250179393364,2,0
-0.31208330970070797,5.837083512743466,-0.31624997635087143,-0.3079166430505445,5.8329168460935685,5.841250179393364,1,1
-0.23708330999776567,5.837083512743466,-0.24124997664792913,-0.2329166433476022,5.8329168460935685,5.841250179393364,0,0
-0.22874997669743877,5.837083512743466,-0.2329166433476022,-0.22458331004727528,5.8329168460935685,5.841250179393364,1,1
-0.2204166433971118,5.837083512743466,-0.22458331004727528,-0.21624997674694835,5.8329168460935685,5.841250179393364,0,1
-0.2120833100967849,5.837083512743466,-0.21624997674694835,-0.20791664344662142,5.8329168460935685,5.841250179393364,1,1
-0.20374997679645795,5.837083512743466,-0.20791664344662142,-0.1995833101462945,5.8329168460935685,5.841250179393364,1,1
-0.19541664349613103,5.837083512743466,-0.1995833101462945,-0.19124997684596756,5.8329168460935685,5.841250179393364,1,1
-0.1870833101958041,5.837083512743466,-0.19124997684596756,-0.18291664354564063,5.8329168460935685,5.841250179393364,1,1
-0.1787499768954772,5.837083512743467,-0.18291664354564063,-0.17458331024531376,5.8329168460935685,5.841250179393364,0,0
-0.1704166435951503,5.837083512743466,-0.17458331024531376,-0.16624997694498683,5.8329168460935685,5.841250179393364,2,0
-0.16208331029482337,5.837083512743466,-0.16624997694498683,-0.1579166436446599,5.8329168460935685,5.841250179393364,1,0
-0.1537499769944964,5.837083512743466,-0.1579166436446599,-0.14958331034433298,5.8329168460935685,5.841250179393364,1,1
-0.1454166436941695,5.837083512743466,-0.14958331034433298,-0.14124997704400605,5.8329168460935685,5.841250179393364,1,0
-0.13708331039384258,5.837083512743466,-0.14124997704400605,-0.13291664374367912,5.8329168460935685,5.841250179393364,2,1
-0.12874997709351568,5.837083512743466,-0.13291664374367912,-0.12458331044335219,5.8329168460935685,5.841250179393364,2,1
-0.12041664379318873,5.837083512743466,-0.12458331044335219,-0.11624997714302526,5.8329168460935685,5.841250179393364,2,0
-0.11208331049286178,5.837083512743466,-0.11624997714302526,-0.10791664384269833,5.8329168460935685,5.841250179393364,2,0
-0.10374997719253487,5.837083512743466,-0.10791664384269833,-0.0995833105423714,5.8329168460935685,5.841250179393364,2,1
-0.09541664389220797,5.837083512743467,-0.0995833105423714,-0.09124997724204453,5.8329168460935685,5.841250179393364,1,0
-0.08708331059188107,5.837083512743466,-0.09124997724204453,-0.0829166439417176,5.8329168460935685,5.841250179393364,1,1
-0.07874997729155414,5.837083512743466,-0.0829166439417176,-0.07458331064139068,5.8329168460935685,5.841250179393364,0,0
-0.07041664399122721,5.837083512743466,-0.07458331064139068,-0.06624997734106375,5.8329168460935685,5.841250179393364,1,0
-0.06208331069090029,5.837083512743466,-0.06624997734106375,-0.05791664404073682,5.8329168460935685,5.841250179393364,0,1
-0.053749977390573356,5.837083512743466,-0.05791664404073682,-0.04958331074040989,5.8329168460935685,5.841250179393364,1,1
-0.045416644090246434,5.837083512743466,-0.04958331074040989,-0.04124997744008296,5.8329168460935685,5.841250179393364,0,1
-0.0370833107899195,5.837083512743466,-0.04124997744008296,-0.032916644139756035,5.8329168460935685,5.841250179393364,0,1
-0.028749977489592574,5.837083512743466,-0.032916644139756035,-0.024583310839429107,5.8329168460935685,5.841250179393364,0,1
-0.020416644189265646,5.837083512743466,-0.024583310839429107,-0.01624997753910218,5.8329168460935685,5.841250179393364,2,1
-0.012083310888938714,5.837083512743466,-0.01624997753910218,-0.00791664423877525,5.8329168460935685,5.841250179393364,2,1
-0.003749977588611786,5.837083512743466,-0.00791664423877525,0.0004166890615516783,5.8329168460935685,5.841250179393364,2,0
0.0045833557117151424,5.837083512743466,0.0004166890615516783,0.008750022361878607,5.8329168460935685,5.841250179393364,0,0
0.01291668901204207,5.837083512743466,0.008750022361878607,0.017083355662205535,5.8329168460935685,5.841250179393364,2,0
-0.3787499761033233,5.828750179443672,-0.3829166427534868,-0.3745833094531599,5.824583512793774,5.8329168460935685,0,0
-0.37041664280299647,5.828750179443672,-0.3745833094531599,-0.36624997615283295,5.824583512793774,5.8329168460935685,0,1
-0.3620833095026695,5.828750179443672,-0.36624997615283295,-0.357916642852506,5.824583512793774,5.8329168460935685,0,0
-0.35374997620234255,5.828750179443672,-0.357916642852506,-0.3495833095521791,5.824583512793774,5.8329168460935685,2,1
-0.3454166429020156,5.828750179443672,-0.3495833095521791,-0.34124997625185216,5.824583512793774,5.8329168460935685,1,1
-0.3370833096016887,5.828750179443671,-0.34124997625185216,-0.3329166429515253,5.824583512793774,5.8329168460935685,1,0
-0.32874997630136177,5.828750179443672,-0.3329166429515253,-0.32458330965119836,5.824583512793774,5.8329168460935685,2,0
-0.3204166430010349,5.828750179443672,-0.32458330965119836,-0.31624997635087143,5.824583512793774,5.8329168460935685,0,1
-0.31208330970070797,5.828750179443672,-0.31624997635087143,-0.3079166430505445,5.824583512793774,5.8329168460935685,1,1
-0.26208330989874645,5.828750179443672,-0.2662499765489099,-0.257916643248583,5.824583512793774,5.8329168460935685,0,0
-0.2537499765984195,5.828750179443672,-0.257916643248583,-0.24958330994825606,5.824583512793774,5.8329168460935685,0,0
-0.2454166432980926,5.828750179443672,-0.24958330994825606,-0.24124997664792913,5.824583512793774,5.8329168460935685,0,1
-0.2370833099977657,5.828750179443672,-0.24124997664792913,-0.2329166433476022,5.824583512793774,5.8329168460935685,2,1
-0.22874997669743874,5.828750179443672,-0.2329166433476022,-0.22458331004727528,5.824583512793774,5.8329168460935685,0,0
-0.22041664339711184,5.828750179443672,-0.22458331004727528,-0.21624997674694835,5.824583512793774,5.8329168460935685,0,0
-0.21208331009678488,5.828750179443672,-0.21624997674694835,-0.20791664344662142,5.824583512793774,5.8329168460935685,0,1
-0.20374997679645793,5.828750179443672,-0.20791664344662142,-0.1995833101462945,5.824583512793774,5.8329168460935685,2,1
-0.195416643496131,5.828750179443672,-0.1995833101462945,-0.19124997684596756,5.824583512793774,5.8329168460935685,0,0
-0.1870833101958041,5.828750179443672,-0.19124997684596756,-0.18291664354564063,5.824583512793774,5.8329168460935685,1,1
-0.1787499768954772,5.828750179443671,-0.18291664354564063,-0.17458331024531376,5.824583512793774,5.8329168460935685,2,1
-0.1704166435951503,5.828750179443672,-0.17458331024531376,-0.16624997694498683,5.824583512793774,5.8329168460935685,0,0
-0.16208331029482337,5.828750179443672,-0.16624997694498683,-0.1579166436446599,5.824583512793774,5.8329168460935685,2,1
-0.1537499769944964,5.828750179443672,-0.1579166436446599,-0.14958331034433298,5.824583512793774,5.8329168460935685,2,1
-0.1454166436941695,5.828750179443672,-0.14958331034433298,-0.14124997704400605,5.824583512793774,5.8329168460935685,1,0
-0.13708331039384258,5.828750179443672,-0.14124997704400605,-0.13291664374367912,5.824583512793774,5.8329168460935685,1,1
-0.12874997709351566,5.828750179443672,-0.13291664374367912,-0.12458331044335219,5.824583512793774,5.8329168460935685,2,1
-0.12041664379318873,5.828750179443672,-0.12458331044335219,-0.11624997714302526,5.824583512793774,5.8329168460935685,0,0
-0.1120833104928618,5.828750179443672,-0.11624997714302526,-0.10791664384269833,5.824583512793774,5.8329168460935685,0,0
-0.10374997719253486,5.828750179443672,-0.10791664384269833,-0.0995833105423714,5.824583512793774,5.8329168460935685,0,1
-0.09541664389220796,5.828750179443671,-0.0995833105423714,-0.09124997724204453,5.824583512793774,5.8329168460935685,0,0
-0.08708331059188108,5.828750179443672,-0.09124997724204453,-0.0829166439417176,5.824583512793774,5.8329168460935685,2,1
-0.07874997729155414,5.828750179443672,-0.0829166439417176,-0.07458331064139068,5.824583512793774,5.8329168460935685,1,0
-0.07041664399122723,5.828750179443672,-0.07458331064139068,-0.06624997734106375,5.824583512793774,5.8329168460935685,1,0
-0.062083310690900284,5.828750179443672,-0.06624997734106375,-0.05791664404073682,5.824583512793774,5.8329168460935685,1,0
-0.05374997739057336,5.828750179443672,-0.05791664404073682,-0.04958331074040989,5.824583512793774,5.8329168460935685,2,1
-0.04541664409024643,5.828750179443672,-0.04958331074040989,-0.04124997744008296,5.824583512793774,5.8329168460935685,1,1
-0.0370833107899195,5.828750179443672,-0.04124997744008296,-0.032916644139756035,5.824583512793774,5.8329168460935685,0,0
-0.02874997748959257,5.828750179443672,-0.032916644139756035,-0.024583310839429107,5.824583512793774,5.8329168460935685,0,0
-0.020416644189265643,5.828750179443672,-0.024583310839429107,-0.01624997753910218,5.824583512793774,5.8329168460935685,2,1
-0.012083310888938714,5.828750179443672,-0.01624997753910218,-0.00791664423877525,5.824583512793774,5.8329168460935685,0,1
-0.0037499775886117863,5.828750179443672,-0.00791664423877525,0.0004166890615516783,5.824583512793774,5.8329168460935685,1,0
0.0045833557117151424,5.828750179443672,0.0004166890615516783,0.008750022361878607,5.824583512793774,5.8329168460935685,1,0
0.01291668901204207,5.828750179443672,0.008750022361878607,0.017083355662205535,5.824583512793774,5.8329168460935685,1,0
0.021250022312369,5.828750179443672,0.017083355662205535,0.025416688962532463,5.824583512793774,5.8329168460935685,2,0
-0.3787499761033233,5.820416846143878,-0.3829166427534868,-0.3745833094531599,5.816250179493979,5.824583512793774,0,1
-0.37041664280299647,5.820416846143878,-0.3745833094531599,-0.36624997615283295,5.816250179493979,5.824583512793774,1,1
-0.36208330950266954,5.820416846143878,-0.36624997615283295,-0.357916642852506,5.816250179493979,5.824583512793774,1,1
-0.3537499762023425,5.820416846143878,-0.357916642852506,-0.3495833095521791,5.816250179493979,5.824583512793774,2,0
-0.3454166429020157,5.820416846143878,-0.3495833095521791,-0.34124997625185216,5.816250179493979,5.824583512793774,1,1
-0.3370833096016887,5.8204168461438766,-0.34124997625185216,-0.3329166429515253,5.816250179493979,5.824583512793774,0,1
-0.3287499763013618,5.820416846143878,-0.3329166429515253,-0.32458330965119836,5.816250179493979,5.824583512793774,2,0
-0.32041664300103495,5.820416846143878,-0.32458330965119836,-0.31624997635087143,5.816250179493979,5.824583512793774,2,0
-0.31208330970070797,5.820416846143878,-0.31624997635087143,-0.3079166430505445,5.816250179493979,5.824583512793774,1,1
-0.2787499764994002,5.820416846143878,-0.2829166431495637,-0.2745833098492368,5.816250179493979,5.824583512793774,0,0
-0.2704166431990733,5.8204168461438766,-0.2745833098492368,-0.2662499765489099,5.816250179493979,5.824583512793774,0,0
-0.26208330989874645,5.820416846143878,-0.2662499765489099,-0.257916643248583,5.816250179493979,5.824583512793774,1,1
-0.2537499765984195,5.820416846143878,-0.257916643248583,-0.24958330994825606,5.816250179493979,5.824583512793774,2,0
-0.2454166432980926,5.820416846143878,-0.24958330994825606,-0.24124997664792913,5.816250179493979,5.824583512793774,0,0
-0.23708330999776567,5.820416846143878,-0.24124997664792913,-0.2329166433476022,5.816250179493979,5.824583512793774,1,0
-0.22874997669743877,5.820416846143878,-0.2329166433476022,-0.22458331004727528,5.816250179493979,5.824583512793774,1,0
-0.2204166433971118,5.820416846143878,-0.22458331004727528,-0.21624997674694835,5.816250179493979,5.824583512793774,1,1
-0.2120833100967849,5.820416846143878,-0.21624997674694835,-0.20791664344662142,5.816250179493979,5.824583512793774,1,0
-0.20374997679645795,5.820416846143878,-0.20791664344662142,-0.1995833101462945,5.816250179493979,5.824583512793774,0,1
-0.19541664349613103,5.820416846143878,-0.1995833101462945,-0.19124997684596756,5.816250179493979,5.824583512793774,2,1
-0.1870833101958041,5.820416846143878,-0.19124997684596756,-0.18291664354564063,5.816250179493979,5.824583512793774,1,1
-0.1787499768954772,5.8204168461438766,-0.18291664354564063,-0.17458331024531376,5.816250179493979,5.824583512793774,0,1
-0.1704166435951503,5.820416846143878,-0.17458331024531376,-0.16624997694498683,5.816250179493979,5.824583512793774,2,1
-0.16208331029482337,5.820416846143878,-0.16624997694498683,-0.1579166436446599,5.816250179493979,5.824583512793774,1,1
-0.1537499769944964,5.820416846143878,-0.1579166436446599,-0.14958331034433298,5.816250179493979,5.824583512793774,2,0
-0.1454166436941695,5.820416846143878,-0.14958331034433298,-0.14124997704400605,5.816250179493979,5.824583512793774,0,1
-0.13708331039384258,5.820416846143878,-0.14124997704400605,-0.13291664374367912,5.816250179493979,5.824583512793774,1,0
-0.12874997709351568,5.820416846143878,-0.13291664374367912,-0.12458331044335219,5.816250179493979,5.824583512793774,2,1
-0.12041664379318873,5.820416846143878,-0.12458331044335219,-0.11624997714302526,5.816250179493979,5.824583512793774,1,1
-0.11208331049286178,5.820416846143878,-0.11624997714302526,-0.10791664384269833,5.816250179493979,5.824583512793774,2,0
-0.10374997719253487,5.820416846143878,-0.10791664384269833,-0.0995833105423714,5.816250179493979,5.824583512793774,1,1
-0.09541664389220797,5.8204168461438766,-0.0995833105423714,-0.09124997724204453,5.816250179493979,5.824583512793774,1,0
-0.08708331059188107,5.820416846143878,-0.09124997724204453,-0.0829166439417176,5.816250179493979,5.824583512793774,2,0
-0.07874997729155414,5.820416846143878,-0.0829166439417176,-0.07458331064139068,5.816250179493979,5.824583512793774,0,1
-0.07041664399122721,5.820416846143878,-0.07458331064139068,-0.06624997734106375,5.816250179493979,5.824583512793774,0,1
-0.06208331069090029,5.820416846143878,-0.06624997734106375,-0.05791664404073682,5.816250179493979,5.824583512793774,0,0
-0.053749977390573356,5.820416846143878,-0.05791664404073682,-0.04958331074040989,5.816250179493979,5.824583512793774,1,0
-0.045416644090246434,5.820416846143878,-0.04958331074040989,-0.04124997744008296,5.816250179493979,5.824583512793774,1,1
-0.0370833107899195,5.820416846143878,-0.04124997744008296,-0.032916644139756035,5.816250179493979,5.824583512793774,0,0
-0.028749977489592574,5.820416846143878,-0.032916644139756035,-0.024583310839429107,5.816250179493979,5.824583512793774,0,1
-0.020416644189265646,5.820416846143878,-0.024583310839429107,-0.01624997753910218,5.816250179493979,5.824583512793774,2,0
-0.012083310888938714,5.820416846143878,-0.01624997753910218,-0.00791664423877525,5.816250179493979,5.824583512793774,0,1
-0.003749977588611786,5.820416846143878,-0.00791664423877525,0.0004166890615516783,5.816250179493979,5.824583512793774,1,1
0.0045833557117151424,5.820416846143878,0.0004166890615516783,0.008750022361878607,5.816250179493979,5.824583512793774,0,0
0.01291668901204207,5.820416846143878,0.008750022361878607,0.017083355662205535,5.816250179493979,5.824583512793774,0,1
0.021250022312369003,5.820416846143878,0.017083355662205535,0.025416688962532463,5.816250179493979,5.824583512793774,1,1
0.029583355612695927,5.820416846143878,0.025416688962532463,0.03375002226285939,5.816250179493979,5.824583512793774,1,1
-0.3787499761033233,5.812083512844082,-0.3829166427534868,-0.3745833094531599,5.807916846194184,5.816250179493979,1,0
-0.37041664280299647,5.812083512844082,-0.3745833094531599,-0.36624997615283295,5.807916846194184,5.816250179493979,0,1
-0.36208330950266954,5.812083512844082,-0.36624997615283295,-0.357916642852506,5.807916846194184,5.816250179493979,2,1
-0.3537499762023425,5.812083512844082,-0.357916642852506,-0.3495833095521791,5.807916846194184,5.816250179493979,1,0
-0.3454166429020157,5.812083512844082,-0.3495833095521791,-0.34124997625185216,5.807916846194184,5.816250179493979,2,1
-0.3370833096016887,5.812083512844082,-0.34124997625185216,-0.3329166429515253,5.807916846194184,5.816250179493979,2,0
-0.3287499763013618,5.812083512844082,-0.3329166429515253,-0.32458330965119836,5.807916846194184,5.816250179493979,1,0
-0.32041664300103495,5.812083512844082,-0.32458330965119836,-0.31624997635087143,5.807916846194184,5.816250179493979,2,1
-0.31208330970070797,5.812083512844082,-0.31624997635087143,-0.3079166430505445,5.807916846194184,5.816250179493979,1,1
-0.30374997640038104,5.812083512844082,-0.3079166430505445,-0.2995833097502176,5.807916846194184,5.816250179493979,2,0
-0.2954166431000541,5.812083512844082,-0.2995833097502176,-0.29124997644989065,5.807916846194184,5.816250179493979,1,0
-0.2870833097997272,5.812083512844082,-0.29124997644989065,-0.2829166431495637,5.807916846194184,5.816250179493979,0,1
-0.2787499764994002,5.812083512844082,-0.2829166431495637,-0.2745833098492368,5.807916846194184,5.816250179493979,0,0
-0.2704166431990733,5.812083512844082,-0.2745833098492368,-0.2662499765489099,5.807916846194184,5.816250179493979,0,0
-0.26208330989874645,5.812083512844082,-0.2662499765489099,-0.257916643248583,5.807916846194184,5.816250179493979,1,0
-0.2537499765984195,5.812083512844082,-0.257916643248583,-0.24958330994825606,5.807916846194184,5.816250179493979,2,1
-0.2454166432980926,5.812083512844082,-0.24958330994825606,-0.24124997664792913,5.807916846194184,5.816250179493979,1,0
-0.23708330999776567,5.812083512844082,-0.24124997664792913,-0.2329166433476022,5.807916846194184,5.816250179493979,2,1
-0.22874997669743877,5.812083512844082,-0.2329166433476022,-0.22458331004727528,5.807916846194184,5.816250179493979,1,1
-0.2204166433971118,5.812083512844082,-0.22458331004727528,-0.21624997674694835,5.807916846194184,5.816250179493979,2,0
-0.2120833100967849,5.812083512844082,-0.21624997674694835,-0.20791664344662142,5.807916846194184,5.816250179493979,0,0
-0.20374997679645795,5.812083512844082,-0.20791664344662142,-0.1995833101462945,5.807916846194184,5.816250179493979,1,0
-0.19541664349613103,5.812083512844082,-0.1995833101462945,-0.19124997684596756,5.807916846194184,5.816250179493979,0,0
-0.1870833101958041,5.812083512844082,-0.19124997684596756,-0.18291664354564063,5.807916846194184,5.816250179493979,0,0
-0.1787499768954772,5.812083512844082,-0.18291664354564063,-0.17458331024531376,5.807916846194184,5.816250179493979,2,1
-0.1704166435951503,5.812083512844082,-0.17458331024531376,-0.16624997694498683,5.807916846194184,5.816250179493979,0,0
-0.16208331029482337,5.812083512844082,-0.16624997694498683,-0.1579166436446599,5.807916846194184,5.816250179493979,1,0
-0.1537499769944964,5.812083512844082,-0.1579166436446599,-0.14958331034433298,5.807916846194184,5.816250179493979,1,1
-0.1454166436941695,5.812083512844082,-0.14958331034433298,-0.14124997704400605,5.807916846194184,5.816250179493979,0,0
-0.13708331039384258,5.812083512844082,-0.14124997704400605,-0.13291664374367912,5.807916846194184,5.816250179493979,2,1
-0.12874997709351568,5.812083512844082,-0.13291664374367912,-0.12458331044335219,5.807916846194184,5.816250179493979,1,1
-0.12041664379318873,5.812083512844082,-0.12458331044335219,-0.11624997714302526,5.807916846194184,5.816250179493979,2,1
-0.11208331049286178,5.812083512844082,-0.11624997714302526,-0.10791664384269833,5.807916846194184,5.816250179493979,1,0
-0.10374997719253487,5.812083512844082,-0.10791664384269833,-0.0995833105423714,5.807916846194184,5.816250179493979,0,1
-0.09541664389220797,5.812083512844082,-0.0995833105423714,-0.09124997724204453,5.807916846194184,5.816250179493979,0,1
-0.08708331059188107,5.812083512844082,-0.09124997724204453,-0.0829166439417176,5.807916846194184,5.816250179493979,1,1
-0.07874997729155414,5.812083512844082,-0.0829166439417176,-0.07458331064139068,5.807916846194184,5.816250179493979,0,1
-0.07041664399122721,5.812083512844082,-0.07458331064139068,-0.06624997734106375,5.807916846194184,5.816250179493979,1,0
-0.06208331069090029,5.812083512844082,-0.06624997734106375,-0.05791664404073682,5.807916846194184,5.816250179493979,0,1
-0.053749977390573356,5.812083512844082,-0.05791664404073682,-0.04958331074040989,5.807916846194184,5.816250179493979,2,1
-0.045416644090246434,5.812083512844082,-0.04958331074040989,-0.04124997744008296,5.807916846194184,5.816250179493979,2,1
-0.0370833107899195,5.812083512844082,-0.04124997744008296,-0.032916644139756035,5.807916846194184,5.816250179493979,0,1
-0.028749977489592574,5.812083512844082,-0.032916644139756035,-0.024583310839429107,5.807916846194184,5.816250179493979,0,1
-0.020416644189265646,5.812083512844082,-0.024583310839429107,-0.01624997753910218,5.807916846194184,5.816250179493979,2,0
-0.012083310888938714,5.812083512844082,-0.01624997753910218,-0.00791664423877525,5.807916846194184,5.816250179493979,0,1
-0.003749977588611786,5.812083512844082,-0.00791664423877525,0.0004166890615516783,5.807916846194184,5.816250179493979,2,0
0.0045833557117151424,5.812083512844082,0.0004166890615516783,0.008750022361878607,5.807916846194184,5.816250179493979,1,1
0.01291668901204207,5.812083512844082,0.008750022361878607,0.017083355662205535,5.807916846194184,5.816250179493979,0,0
0.021250022312369003,5.812083512844082,0.017083355662205535,0.025416688962532463,5.807916846194184,5.816250179493979,1,0
0.029583355612695927,5.812083512844082,0.025416688962532463,0.03375002226285939,5.807916846194184,5.816250179493979,2,0
0.03791668891302281,5.812083512844081,0.03375002226285939,0.04208335556318621,5.807916846194184,5.816250179493979,0,1
-0.3787499761033233,5.803750179544286,-0.3829166427534868,-0.3745833094531599,5.7995835128943884,5.807916846194184,0,1
-0.37041664280299647,5.803750179544286,-0.3745833094531599,-0.36624997615283295,5.7995835128943884,5.807916846194184,2,1
-0.36208330950266954,5.803750179544286,-0.36624997615283295,-0.357916642852506,5.7995835128943884,5.807916846194184,0,0
-0.3537499762023425,5.803750179544286,-0.357916642852506,-0.3495833095521791,5.7995835128943884,5.807916846194184,0,0
-0.3454166429020157,5.803750179544286,-0.3495833095521791,-0.34124997625185216,5.7995835128943884,5.807916846194184,1,1
-0.3370833096016887,5.803750179544287,-0.34124997625185216,-0.3329166429515253,5.7995835128943884,5.807916846194184,0,1
-0.3287499763013618,5.803750179544286,-0.3329166429515253,-0.32458330965119836,5.7995835128943884,5.807916846194184,0,0
-0.32041664300103495,5.803750179544286,-0.32458330965119836,-0.31624997635087143,5.7995835128943884,5.807916846194184,1,1
-0.31208330970070797,5.803750179544286,-0.31624997635087143,-0.3079166430505445,5.7995835128943884,5.807916846194184,0,1
-0.30374997640038104,5.803750179544286,-0.3079166430505445,-0.2995833097502176,5.7995835128943884,5.807916846194184,0,0
-0.2954166431000541,5.803750179544286,-0.2995833097502176,-0.29124997644989065,5.7995835128943884,5.807916846194184,1,1
-0.2870833097997272,5.803750179544286,-0.29124997644989065,-0.2829166431495637,5.7995835128943884,5.807916846194184,1,0
-0.2787499764994002,5.803750179544286,-0.2829166431495637,-0.2745833098492368,5.7995835128943884,5.807916846194184,0,0
-0.2704166431990733,5.803750179544287,-0.2745833098492368,-0.2662499765489099,5.7995835128943884,5.807916846194184,1,0
-0.26208330989874645,5.803750179544286,-0.2662499765489099,-0.257916643248583,5.7995835128943884,5.807916846194184,2,1
-0.2537499765984195,5.803750179544286,-0.257916643248583,-0.24958330994825606,5.7995835128943884,5.807916846194184,2,0
-0.2454166432980926,5.803750179544286,-0.24958330994825606,-0.24124997664792913,5.7995835128943884,5.807916846194184,2,0
-0.23708330999776567,5.803750179544286,-0.24124997664792913,-0.2329166433476022,5.7995835128943884,5.807916846194184,1,0
-0.22874997669743877,5.803750179544286,-0.2329166433476022,-0.22458331004727528,5.7995835128943884,5.807916846194184,2,0
-0.2204166433971118,5.803750179544286,-0.22458331004727528,-0.21624997674694835,5.7995835128943884,5.807916846194184,0,0
-0.2120833100967849,5.803750179544286,-0.21624997674694835,-0.20791664344662142,5.7995835128943884,5.807916846194184,2,0
-0.20374997679645795,5.803750179544286,-0.20791664344662142,-0.1995833101462945,5.7995835128943884,5.807916846194184,1,0
-0.19541664349613103,5.803750179544286,-0.1995833101462945,-0.19124997684596756,5.7995835128943884,5.807916846194184,1,0
-0.1870833101958041,5.803750179544286,-0.19124997684596756,-0.18291664354564063,5.7995835128943884,5.807916846194184,0,1
-0.1787499768954772,5.803750179544287,-0.18291664354564063,-0.17458331024531376,5.7995835128943884,5.807916846194184,1,1
-0.1704166435951503,5.803750179544286,-0.17458331024531376,-0.16624997694498683,5.7995835128943884,5.807916846194184,0,0
-0.16208331029482337,5.803750179544286,-0.16624997694498683,-0.1579166436446599,5.7995835128943884,5.807916846194184,1,0
-0.1537499769944964,5.803750179544286,-0.1579166436446599,-0.14958331034433298,5.7995835128943884,5.807916846194184,0,1
-0.1454166436941695,5.803750179544286,-0.14958331034433298,-0.14124997704400605,5.7995835128943884,5.807916846194184,2,1
-0.13708331039384258,5.803750179544286,-0.14124997704400605,-0.13291664374367912,5.7995835128943884,5.807916846194184,1,1
-0.12874997709351568,5.803750179544286,-0.13291664374367912,-0.12458331044335219,5.7995835128943884,5.807916846194184,0,0
-0.12041664379318873,5.803750179544286,-0.12458331044335219,-0.11624997714302526,5.7995835128943884,5.807916846194184,0,0
-0.11208331049286178,5.803750179544286,-0.11624997714302526,-0.10791664384269833,5.7995835128943884,5.807916846194184,1,1
-0.10374997719253487,5.803750179544286,-0.10791664384269833,-0.0995833105423714,5.7995835128943884,5.807916846194184,1,1
-0.09541664389220797,5.803750179544287,-0.0995833105423714,-0.09124997724204453,5.7995835128943884,5.807916846194184,1,0
-0.08708331059188107,5.803750179544286,-0.09124997724204453,-0.0829166439417176,5.7995835128943884,5.807916846194184,2,1
-0.07874997729155414,5.803750179544286,-0.0829166439417176,-0.07458331064139068,5.7995835128943884,5.807916846194184,1,0
-0.07041664399122721,5.803750179544286,-0.07458331064139068,-0.06624997734106375,5.7995835128943884,5.807916846194184,0,1
-0.06208331069090029,5.803750179544286,-0.06624997734106375,-0.05791664404073682,5.7995835128943884,5.807916846194184,0,1
-0.053749977390573356,5.803750179544286,-0.05791664404073682,-0.04958331074040989,5.7995835128943884,5.807916846194184,2,0
-0.045416644090246434,5.803750179544286,-0.04958331074040989,-0.04124997744008296,5.7995835128943884,5.807916846194184,2,1
-0.0370833107899195,5.803750179544286,-0.04124997744008296,-0.032916644139756035,5.7995835128943884,5.807916846194184,1,1
-0.028749977489592574,5.803750179544286,-0.032916644139756035,-0.024583310839429107,5.7995835128943884,5.807916846194184,1,0
-0.020416644189265646,5.803750179544286,-0.024583310839429107,-0.01624997753910218,5.7995835128943884,5.807916846194184,2,1
-0.012083310888938714,5.803750179544286,-0.01624997753910218,-0.00791664423877525,5.7995835128943884,5.807916846194184,0,0
-0.003749977588611786,5.803750179544286,-0.00791664423877525,0.0004166890615516783,5.7995835128943884,5.807916846194184,0,1
0.0045833557117151424,5.803750179544286,0.0004166890615516783,0.008750022361878607,5.7995835128943884,5.807916846194184,0,0
0.01291668901204207,5.803750179544286,0.008750022361878607,0.017083355662205535,5.7995835128943884,5.807916846194184,0,0
0.021250022312369003,5.803750179544286,0.017083355662205535,0.025416688962532463,5.7995835128943884,5.807916846194184,1,1
0.029583355612695927,5.803750179544286,0.025416688962532463,0.03375002226285939,5.7995835128943884,5.807916846194184,0,0
0.03791668891302281,5.803750179544286,0.03375002226285939,0.04208335556318621,5.7995835128943884,5.807916846194184,0,0
0.04625002221334968,5.803750179544286,0.04208335556318621,0.05041668886351314,5.7995835128943884,5.807916846194184,2,1
-0.3787499761033233,5.795416846244491,-0.3829166427534868,-0.3745833094531599,5.791250179594594,5.7995835128943884,2,0
-0.37041664280299647,5.795416846244491,-0.3745833094531599,-0.36624997615283295,5.791250179594594,5.7995835128943884,2,0
-0.3620833095026695,5.795416846244491,-0.36624997615283295,-0.357916642852506,5.791250179594594,5.7995835128943884,2,1
-0.35374997620234255,5.795416846244491,-0.357916642852506,-0.3495833095521791,5.791250179594594,5.7995835128943884,1,0
-0.3454166429020156,5.795416846244491,-0.3495833095521791,-0.34124997625185216,5.791250179594594,5.7995835128943884,0,0
-0.3370833096016887,5.795416846244492,-0.34124997625185216,-0.3329166429515253,5.791250179594594,5.7995835128943884,2,0
-0.32874997630136177,5.795416846244491,-0.3329166429515253,-0.32458330965119836,5.791250179594594,5.7995835128943884,2,0
-0.3204166430010349,5.795416846244491,-0.32458330965119836,-0.31624997635087143,5.791250179594594,5.7995835128943884,0,0
-0.31208330970070797,5.795416846244491,-0.31624997635087143,-0.3079166430505445,5.791250179594594,5.7995835128943884,0,0
-0.30374997640038104,5.795416846244491,-0.3079166430505445,-0.2995833097502176,5.791250179594594,5.7995835128943884,1,1
-0.2954166431000541,5.795416846244491,-0.2995833097502176,-0.29124997644989065,5.791250179594594,5.7995835128943884,1,0
-0.28708330979972724,5.795416846244491,-0.29124997644989065,-0.2829166431495637,5.791250179594594,5.7995835128943884,2,1
-0.27874997649940025,5.795416846244491,-0.2829166431495637,-0.2745833098492368,5.791250179594594,5.7995835128943884,1,1
-0.2704166431990733,5.795416846244492,-0.2745833098492368,-0.2662499765489099,5.791250179594594,5.7995835128943884,2,1
-0.26208330989874645,5.795416846244491,-0.2662499765489099,-0.257916643248583,5.791250179594594,5.7995835128943884,2,1
-0.2537499765984195,5.795416846244491,-0.257916643248583,-0.24958330994825606,5.791250179594594,5.7995835128943884,2,0
-0.2454166432980926,5.795416846244491,-0.24958330994825606,-0.24124997664792913,5.791250179594594,5.7995835128943884,2,0
-0.2370833099977657,5.795416846244491,-0.24124997664792913,-0.2329166433476022,5.791250179594594,5.7995835128943884,2,1
-0.22874997669743874,5.795416846244491,-0.2329166433476022,-0.22458331004727528,5.791250179594594,5.7995835128943884,0,1
-0.22041664339711184,5.795416846244491,-0.22458331004727528,-0.21624997674694835,5.791250179594594,5.7995835128943884,2,0
-0.21208331009678488,5.795416846244491,-0.21624997674694835,-0.20791664344662142,5.791250179594594,5.7995835128943884,2,0
-0.20374997679645793,5.795416846244491,-0.20791664344662142,-0.1995833101462945,5.791250179594594,5.7995835128943884,2,0
-0.195416643496131,5.795416846244491,-0.1995833101462945,-0.19124997684596756,5.791250179594594,5.7995835128943884,2,1
-0.1870833101958041,5.795416846244491,-0.19124997684596756,-0.18291664354564063,5.791250179594594,5.7995835128943884,2,0
-0.1787499768954772,5.795416846244492,-0.18291664354564063,-0.17458331024531376,5.791250179594594,5.7995835128943884,0,1
-0.1704166435951503,5.795416846244491,-0.17458331024531376,-0.16624997694498683,5.791250179594594,5.7995835128943884,0,1
-0.16208331029482337,5.795416846244491,-0.16624997694498683,-0.1579166436446599,5.791250179594594,5.7995835128943884,2,1
-0.1537499769944964,5.795416846244491,-0.1579166436446599,-0.14958331034433298,5.791250179594594,5.7995835128943884,1,1
-0.1454166436941695,5.795416846244491,-0.14958331034433298,-0.14124997704400605,5.791250179594594,5.7995835128943884,0,0
-0.13708331039384258,5.795416846244491,-0.14124997704400605,-0.13291664374367912,5.791250179594594,5.7995835128943884,1,1
-0.12874997709351566,5.795416846244491,-0.13291664374367912,-0.12458331044335219,5.791250179594594,5.7995835128943884,1,1
-0.12041664379318873,5.795416846244491,-0.12458331044335219,-0.11624997714302526,5.791250179594594,5.7995835128943884,2,1
-0.1120833104928618,5.795416846244491,-0.11624997714302526,-0.10791664384269833,5.791250179594594,5.7995835128943884,2,1
-0.10374997719253486,5.795416846244491,-0.10791664384269833,-0.0995833105423714,5.791250179594594,5.7995835128943884,2,1
-0.09541664389220796,5.795416846244492,-0.0995833105423714,-0.09124997724204453,5.791250179594594,5.7995835128943884,1,0
-0.08708331059188108,5.795416846244491,-0.09124997724204453,-0.0829166439417176,5.791250179594594,5.7995835128943884,1,0
-0.07874997729155414,5.795416846244491,-0.0829166439417176,-0.07458331064139068,5.791250179594594,5.7995835128943884,0,1
-0.07041664399122723,5.795416846244491,-0.07458331064139068,-0.06624997734106375,5.791250179594594,5.7995835128943884,2,0
-0.062083310690900284,5.795416846244491,-0.06624997734106375,-0.05791664404073682,5.791250179594594,5.7995835128943884,0,0
-0.05374997739057336,5.795416846244491,-0.05791664404073682,-0.04958331074040989,5.791250179594594,5.7995835128943884,0,0
-0.04541664409024643,5.795416846244491,-0.04958331074040989,-0.04124997744008296,5.791250179594594,5.7995835128943884,1,0
-0.0370833107899195,5.795416846244491,-0.04124997744008296,-0.032916644139756035,5.791250179594594,5.7995835128943884,1,1
-0.02874997748959257,5.795416846244491,-0.032916644139756035,-0.024583310839429107,5.791250179594594,5.7995835128943884,1,1
-0.020416644189265643,5.795416846244491,-0.024583310839429107,-0.01624997753910218,5.791250179594594,5.7995835128943884,2,0
-0.012083310888938714,5.795416846244491,-0.01624997753910218,-0.00791664423877525,5.791250179594594,5.7995835128943884,0,0
-0.0037499775886117863,5.795416846244491,-0.00791664423877525,0.0004166890615516783,5.791250179594594,5.7995835128943884,0,1
0.0045833557117151424,5.795416846244491,0.0004166890615516783,0.008750022361878607,5.791250179594594,5.7995835128943884,1,0
0.01291668901204207,5.795416846244491,0.008750022361878607,0.017083355662205535,5.791250179594594,5.7995835128943884,1,1
0.021250022312369,5.795416846244491,0.017083355662205535,0.025416688962532463,5.791250179594594,5.7995835128943884,2,1
0.02958335561269593,5.795416846244491,0.025416688962532463,0.03375002226285939,5.791250179594594,5.7995835128943884,2,1
0.0379166889130228,5.795416846244492,0.03375002226285939,0.04208335556318621,5.791250179594594,5.7995835128943884,0,1
0.04625002221334968,5.795416846244491,0.04208335556318621,0.05041668886351314,5.791250179594594,5.7995835128943884,1,1
0.054583355513676594,5.795416846244491,0.05041668886351314,0.058750022163840065,5.791250179594594,5.7995835128943884,2,0
0.06291668881400353,5.795416846244491,0.058750022163840065,0.067083355464167,5.791250179594594,5.7995835128943884,0,1
-0.3787499761033233,5.7870835129446965,-0.3829166427534868,-0.3745833094531599,5.782916846294799,5.791250179594594,0,0
-0.37041664280299647,5.7870835129446965,-0.3745833094531599,-0.36624997615283295,5.782916846294799,5.791250179594594,1,1
-0.36208330950266954,5.7870835129446965,-0.36624997615283295,-0.357916642852506,5.782916846294799,5.791250179594594,1,0
-0.3537499762023425,5.7870835129446965,-0.357916642852506,-0.3495833095521791,5.782916846294799,5.791250179594594,1,0
-0.3454166429020157,5.7870835129446965,-0.3495833095521791,-0.34124997625185216,5.782916846294799,5.791250179594594,0,1
-0.3370833096016887,5.787083512944696,-0.34124997625185216,-0.3329166429515253,5.782916846294799,5.791250179594594,1,0
-0.3287499763013618,5.7870835129446965,-0.3329166429515253,-0.32458330965119836,5.782916846294799,5.791250179594594,1,1
-0.32041664300103495,5.7870835129446965,-0.32458330965119836,-0.31624997635087143,5.782916846294799,5.791250179594594,1,0
-0.31208330970070797,5.7870835129446965,-0.31624997635087143,-0.3079166430505445,5.782916846294799,5.791250179594594,2,0
-0.30374997640038104,5.7870835129446965,-0.3079166430505445,-0.2995833097502176,5.782916846294799,5.791250179594594,0,0
-0.2954166431000541,5.7870835129446965,-0.2995833097502176,-0.29124997644989065,5.782916846294799,5.791250179594594,1,1
-0.2870833097997272,5.7870835129446965,-0.29124997644989065,-0.2829166431495637,5.782916846294799,5.791250179594594,0,0
-0.2787499764994002,5.7870835129446965,-0.2829166431495637,-0.2745833098492368,5.782916846294799,5.791250179594594,1,1
-0.2704166431990733,5.787083512944696,-0.2745833098492368,-0.2662499765489099,5.782916846294799,5.791250179594594,2,0
-0.26208330989874645,5.7870835129446965,-0.2662499765489099,-0.257916643248583,5.782916846294799,5.791250179594594,1,0
-0.2537499765984195,5.7870835129446965,-0.257916643248583,-0.24958330994825606,5.782916846294799,5.791250179594594,1,0
-0.2454166432980926,5.7870835129446965,-0.24958330994825606,-0.24124997664792913,5.782916846294799,5.791250179594594,0,1
-0.23708330999776567,5.7870835129446965,-0.24124997664792913,-0.2329166433476022,5.782916846294799,5.791250179594594,0,0
-0.22874997669743877,5.7870835129446965,-0.2329166433476022,-0.22458331004727528,5.782916846294799,5.791250179594594,1,0
-0.2204166433971118,5.7870835129446965,-0.22458331004727528,-0.21624997674694835,5.782916846294799,5.791250179594594,2,0
-0.2120833100967849,5.7870835129446965,-0.21624997674694835,-0.20791664344662142,5.782916846294799,5.791250179594594,0,1
-0.20374997679645795,5.7870835129446965,-0.20791664344662142,-0.1995833101462945,5.782916846294799,5.791250179594594,0,0
-0.19541664349613103,5.7870835129446965,-0.1995833101462945,-0.19124997684596756,5.782916846294799,5.791250179594594,0,0
-0.1870833101958041,5.7870835129446965,-0.19124997684596756,-0.18291664354564063,5.782916846294799,5.791250179594594,0,0
-0.1787499768954772,5.787083512944696,-0.18291664354564063,-0.17458331024531376,5.782916846294799,5.791250179594594,1,1
-0.1704166435951503,5.7870835129446965,-0.17458331024531376,-0.16624997694498683,5.782916846294799,5.791250179594594,1,1
-0.16208331029482337,5.7870835129446965,-0.16624997694498683,-0.1579166436446599,5.782916846294799,5.791250179594594,2,0
-0.1537499769944964,5.7870835129446965,-0.1579166436446599,-0.14958331034433298,5.782916846294799,5.791250179594594,0,1
-0.1454166436941695,5.7870835129446965,-0.14958331034433298,-0.14124997704400605,5.782916846294799,5.791250179594594,2,1
-0.13708331039384258,5.7870835129446965,-0.14124997704400605,-0.13291664374367912,5.782916846294799,5.791250179594594,2,0
-0.12874997709351568,5.7870835129446965,-0.13291664374367912,-0.12458331044335219,5.782916846294799,5.791250179594594,2,0
-0.12041664379318873,5.7870835129446965,-0.12458331044335219,-0.11624997714302526,5.782916846294799,5.791250179594594,2,1
-0.11208331049286178,5.7870835129446965,-0.11624997714302526,-0.10791664384269833,5.782916846294799,5.791250179594594,1,0
-0.10374997719253487,5.7870835129446965,-0.10791664384269833,-0.0995833105423714,5.782916846294799,5.791250179594594,1,0
-0.09541664389220797,5.787083512944696,-0.0995833105423714,-0.09124997724204453,5.782916846294799,5.791250179594594,0,1
-0.08708331059188107,5.7870835129446965,-0.09124997724204453,-0.0829166439417176,5.782916846294799,5.791250179594594,1,1
-0.07874997729155414,5.7870835129446965,-0.0829166439417176,-0.07458331064139068,5.782916846294799,5.791250179594594,0,0
-0.07041664399122721,5.7870835129446965,-0.07458331064139068,-0.06624997734106375,5.782916846294799,5.791250179594594,2,0
-0.06208331069090029,5.7870835129446965,-0.06624997734106375,-0.05791664404073682,5.782916846294799,5.791250179594594,1,1
-0.053749977390573356,5.7870835129446965,-0.05791664404073682,-0.04958331074040989,5.782916846294799,5.791250179594594,0,0
-0.045416644090246434,5.7870835129446965,-0.04958331074040989,-0.04124997744008296,5.782916846294799,5.791250179594594,0,1
-0.0370833107899195,5.7870835129446965,-0.04124997744008296,-0.032916644139756035,5.782916846294799,5.791250179594594,2,1
-0.028749977489592574,5.7870835129446965,-0.032916644139756035,-0.024583310839429107,5.782916846294799,5.791250179594594,0,0
-0.020416644189265646,5.7870835129446965,-0.024583310839429107,-0.01624997753910218,5.782916846294799,5.791250179594594,0,1
-0.012083310888938714,5.7870835129446965,-0.01624997753910218,-0.00791664423877525,5.782916846294799,5.791250179594594,0,1
-0.003749977588611786,5.7870835129446965,-0.00791664423877525,0.0004166890615516783,5.782916846294799,5.791250179594594,1,0
0.0045833557117151424,5.7870835129446965,0.0004166890615516783,0.008750022361878607,5.782916846294799,5.791250179594594,1,0
0.01291668901204207,5.7870835129446965,0.008750022361878607,0.017083355662205535,5.782916846294799,5.791250179594594,0,1
0.021250022312369003,5.7870835129446965,0.017083355662205535,0.025416688962532463,5.782916846294799,5.791250179594594,2,0
0.029583355612695927,5.7870835129446965,0.025416688962532463,0.03375002226285939,5.782916846294799,5.791250179594594,2,0
0.03791668891302281,5.7870835129446965,0.03375002226285939,0.04208335556318621,5.782916846294799,5.791250179594594,0,1
0.04625002221334968,5.7870835129446965,0.04208335556318621,0.05041668886351314,5.782916846294799,5.791250179594594,1,1
0.0545833555136766,5.7870835129446965,0.05041668886351314,0.058750022163840065,5.782916846294799,5.791250179594594,1,1
0.06291668881400353,5.7870835129446965,0.058750022163840065,0.067083355464167,5.782916846294799,5.791250179594594,2,1
0.07125002211433044,5.7870835129446965,0.067083355464167,0.07541668876449392,5.782916846294799,5.791250179594594,1,0
-0.37041664280299647,5.7787501796449,-0.3745833094531599,-0.36624997615283295,5.774583512995004,5.782916846294799,1,1
-0.36208330950266954,5.7787501796449,-0.36624997615283295,-0.357916642852506,5.774583512995004,5.782916846294799,1,1
-0.3537499762023425,5.7787501796449,-0.357916642852506,-0.3495833095521791,5.774583512995004,5.782916846294799,0,1
-0.3454166429020157,5.7787501796449,-0.3495833095521791,-0.34124997625185216,5.774583512995004,5.782916846294799,2,0
-0.3370833096016887,5.778750179644901,-0.34124997625185216,-0.3329166429515253,5.774583512995004,5.782916846294799,2,0
-0.3287499763013618,5.7787501796449,-0.3329166429515253,-0.32458330965119836,5.774583512995004,5.782916846294799,1,0
-0.32041664300103495,5.7787501796449,-0.32458330965119836,-0.31624997635087143,5.774583512995004,5.782916846294799,1,0
-0.31208330970070797,5.7787501796449,-0.31624997635087143,-0.3079166430505445,5.774583512995004,5.782916846294799,0,0
-0.30374997640038104,5.7787501796449,-0.3079166430505445,-0.2995833097502176,5.774583512995004,5.782916846294799,1,1
-0.2954166431000541,5.7787501796449,-0.2995833097502176,-0.29124997644989065,5.774583512995004,5.782916846294799,2,0
-0.2870833097997272,5.7787501796449,-0.29124997644989065,-0.2829166431495637,5.774583512995004,5.782916846294799,2,1
-0.2787499764994002,5.7787501796449,-0.2829166431495637,-0.2745833098492368,5.774583512995004,5.782916846294799,2,0
-0.2704166431990733,5.778750179644901,-0.2745833098492368,-0.2662499765489099,5.774583512995004,5.782916846294799,1,1
-0.26208330989874645,5.7787501796449,-0.2662499765489099,-0.257916643248583,5.774583512995004,5.782916846294799,2,1
-0.2537499765984195,5.7787501796449,-0.257916643248583,-0.24958330994825606,5.774583512995004,5.782916846294799,2,1
-0.2454166432980926,5.7787501796449,-0.24958330994825606,-0.24124997664792913,5.774583512995004,5.782916846294799,0,1
-0.23708330999776567,5.7787501796449,-0.24124997664792913,-0.2329166433476022,5.774583512995004,5.782916846294799,2,1
-0.22874997669743877,5.7787501796449,-0.2329166433476022,-0.22458331004727528,5.774583512995004,5.782916846294799,2,0
-0.2204166433971118,5.7787501796449,-0.22458331004727528,-0.21624997674694835,5.774583512995004,5.782916846294799,0,0
-0.2120833100967849,5.7787501796449,-0.21624997674694835,-0.20791664344662142,5.774583512995004,5.782916846294799,0,0
-0.20374997679645795,5.7787501796449,-0.20791664344662142,-0.1995833101462945,5.774583512995004,5.782916846294799,0,0
-0.19541664349613103,5.7787501796449,-0.1995833101462945,-0.19124997684596756,5.774583512995004,5.782916846294799,2,0
-0.1870833101958041,5.7787501796449,-0.19124997684596756,-0.18291664354564063,5.774583512995004,5.782916846294799,2,0
-0.1787499768954772,5.778750179644901,-0.18291664354564063,-0.17458331024531376,5.774583512995004,5.782916846294799,1,1
-0.1704166435951503,5.7787501796449,-0.17458331024531376,-0.16624997694498683,5.774583512995004,5.782916846294799,2,1
-0.16208331029482337,5.7787501796449,-0.16624997694498683,-0.1579166436446599,5.774583512995004,5.782916846294799,0,1
-0.1537499769944964,5.7787501796449,-0.1579166436446599,-0.14958331034433298,5.774583512995004,5.782916846294799,0,0
-0.1454166436941695,5.7787501796449,-0.14958331034433298,-0.14124997704400605,5.774583512995004,5.782916846294799,1,0
-0.13708331039384258,5.7787501796449,-0.14124997704400605,-0.13291664374367912,5.774583512995004,5.782916846294799,0,1
-0.12874997709351568,5.7787501796449,-0.13291664374367912,-0.12458331044335219,5.774583512995004,5.782916846294799,2,1
-0.12041664379318873,5.7787501796449,-0.12458331044335219,-0.11624997714302526,5.774583512995004,5.782916846294799,2,0
-0.11208331049286178,5.7787501796449,-0.11624997714302526,-0.10791664384269833,5.774583512995004,5.782916846294799,1,1
-0.10374997719253487,5.7787501796449,-0.10791664384269833,-0.0995833105423714,5.774583512995004,5.782916846294799,2,1
-0.09541664389220797,5.778750179644901,-0.0995833105423714,-0.09124997724204453,5.774583512995004,5.782916846294799,1,1
-0.08708331059188107,5.7787501796449,-0.09124997724204453,-0.0829166439417176,5.774583512995004,5.782916846294799,0,1
-0.07874997729155414,5.7787501796449,-0.0829166439417176,-0.07458331064139068,5.774583512995004,5.782916846294799,1,0
-0.07041664399122721,5.7787501796449,-0.07458331064139068,-0.06624997734106375,5.774583512995004,5.782916846294799,1,1
-0.06208331069090029,5.7787501796449,-0.06624997734106375,-0.05791664404073682,5.774583512995004,5.782916846294799,2,0
-0.053749977390573356,5.7787501796449,-0.05791664404073682,-0.04958331074040989,5.774583512995004,5.782916846294799,2,0
-0.045416644090246434,5.7787501796449,-0.04958331074040989,-0.04124997744008296,5.774583512995004,5.782916846294799,2,1
-0.0370833107899195,5.7787501796449,-0.04124997744008296,-0.032916644139756035,5.774583512995004,5.782916846294799,1,0
-0.028749977489592574,5.7787501796449,-0.032916644139756035,-0.024583310839429107,5.774583512995004,5.782916846294799,1,0
-0.020416644189265646,5.7787501796449,-0.024583310839429107,-0.01624997753910218,5.774583512995004,5.782916846294799,0,1
-0.012083310888938714,5.7787501796449,-0.01624997753910218,-0.00791664423877525,5.774583512995004,5.782916846294799,2,1
-0.003749977588611786,5.7787501796449,-0.00791664423877525,0.0004166890615516783,5.774583512995004,5.782916846294799,1,0
0.0045833557117151424,5.7787501796449,0.0004166890615516783,0.008750022361878607,5.774583512995004,5.782916846294799,0,1
0.01291668901204207,5.7787501796449,0.008750022361878607,0.017083355662205535,5.774583512995004,5.782916846294799,0,0
0.021250022312369003,5.7787501796449,0.017083355662205535,0.025416688962532463,5.774583512995004,5.782916846294799,1,0
0.029583355612695927,5.7787501796449,0.025416688962532463,0.03375002226285939,5.774583512995004,5.782916846294799,0,0
0.03791668891302281,5.778750179644901,0.03375002226285939,0.04208335556318621,5.774583512995004,5.782916846294799,1,0
0.04625002221334968,5.7787501796449,0.04208335556318621,0.05041668886351314,5.774583512995004,5.782916846294799,2,1
0.0545833555136766,5.7787501796449,0.05041668886351314,0.058750022163840065,5.774583512995004,5.782916846294799,0,0
0.06291668881400353,5.7787501796449,0.058750022163840065,0.067083355464167,5.774583512995004,5.782916846294799,2,1
0.07125002211433044,5.7787501796449,0.067083355464167,0.07541668876449392,5.774583512995004,5.782916846294799,1,0
0.07958335541465739,5.7787501796449,0.07541668876449392,0.08375002206482085,5.774583512995004,5.782916846294799,1,1
0.08791668871498433,5.7787501796449,0.08375002206482085,0.09208335536514778,5.774583512995004,5.782916846294799,1,0
-0.36208330950266954,5.770416846345106,-0.36624997615283295,-0.357916642852506,5.766250179695208,5.774583512995004,0,1
-0.3537499762023425,5.770416846345106,-0.357916642852506,-0.3495833095521791,5.766250179695208,5.774583512995004,2,0
-0.3454166429020157,5.770416846345106,-0.3495833095521791,-0.34124997625185216,5.766250179695208,5.774583512995004,0,0
-0.3370833096016887,5.770416846345105,-0.34124997625185216,-0.3329166429515253,5.766250179695208,5.774583512995004,0,0
-0.3287499763013618,5.770416846345106,-0.3329166429515253,-0.32458330965119836,5.766250179695208,5.774583512995004,1,0
-0.32041664300103495,5.770416846345106,-0.32458330965119836,-0.31624997635087143,5.766250179695208,5.774583512995004,1,0
-0.31208330970070797,5.770416846345106,-0.31624997635087143,-0.3079166430505445,5.766250179695208,5.774583512995004,0,1
-0.30374997640038104,5.770416846345106,-0.3079166430505445,-0.2995833097502176,5.766250179695208,5.774583512995004,1,0
-0.2954166431000541,5.770416846345106,-0.2995833097502176,-0.29124997644989065,5.766250179695208,5.774583512995004,2,1
-0.2870833097997272,5.770416846345106,-0.29124997644989065,-0.2829166431495637,5.766250179695208,5.774583512995004,1,1
-0.2787499764994002,5.770416846345106,-0.2829166431495637,-0.2745833098492368,5.766250179695208,5.774583512995004,2,1
-0.2704166431990733,5.770416846345105,-0.2745833098492368,-0.2662499765489099,5.766250179695208,5.774583512995004,2,0
-0.26208330989874645,5.770416846345106,-0.2662499765489099,-0.257916643248583,5.766250179695208,5.774583512995004,0,1
-0.2537499765984195,5.770416846345106,-0.257916643248583,-0.24958330994825606,5.766250179695208,5.774583512995004,1,0
-0.2454166432980926,5.770416846345106,-0.24958330994825606,-0.24124997664792913,5.766250179695208,5.774583512995004,2,1
-0.23708330999776567,5.770416846345106,-0.24124997664792913,-0.2329166433476022,5.766250179695208,5.774583512995004,2,1
-0.22874997669743877,5.770416846345106,-0.2329166433476022,-0.22458331004727528,5.766250179695208,5.774583512995004,0,1
-0.2204166433971118,5.770416846345106,-0.22458331004727528,-0.21624997674694835,5.766250179695208,5.774583512995004,1,0
-0.2120833100967849,5.770416846345106,-0.21624997674694835,-0.20791664344662142,5.766250179695208,5.774583512995004,0,1
-0.20374997679645795,5.770416846345106,-0.20791664344662142,-0.1995833101462945,5.766250179695208,5.774583512995004,1,0
-0.19541664349613103,5.770416846345106,-0.1995833101462945,-0.19124997684596756,5.766250179695208,5.774583512995004,2,0
-0.1870833101958041,5.770416846345106,-0.19124997684596756,-0.18291664354564063,5.766250179695208,5.774583512995004,1,1
-0.1787499768954772,5.770416846345105,-0.18291664354564063,-0.17458331024531376,5.766250179695208,5.774583512995004,2,0
-0.1704166435951503,5.770416846345106,-0.17458331024531376,-0.16624997694498683,5.766250179695208,5.774583512995004,0,0
-0.16208331029482337,5.770416846345106,-0.16624997694498683,-0.1579166436446599,5.766250179695208,5.774583512995004,2,0
-0.1537499769944964,5.770416846345106,-0.1579166436446599,-0.14958331034433298,5.766250179695208,5.774583512995004,0,0
-0.1454166436941695,5.770416846345106,-0.14958331034433298,-0.14124997704400605,5.766250179695208,5.774583512995004,0,0
-0.13708331039384258,5.770416846345106,-0.14124997704400605,-0.13291664374367912,5.766250179695208,5.774583512995004,1,0
-0.12874997709351568,5.770416846345106,-0.13291664374367912,-0.12458331044335219,5.766250179695208,5.774583512995004,0,0
-0.12041664379318873,5.770416846345106,-0.12458331044335219,-0.11624997714302526,5.766250179695208,5.774583512995004,2,0
-0.11208331049286178,5.770416846345106,-0.11624997714302526,-0.10791664384269833,5.766250179695208,5.774583512995004,2,0
-0.10374997719253487,5.770416846345106,-0.10791664384269833,-0.0995833105423714,5.766250179695208,5.774583512995004,2,0
-0.09541664389220797,5.770416846345105,-0.0995833105423714,-0.09124997724204453,5.766250179695208,5.774583512995004,2,1
-0.08708331059188107,5.770416846345106,-0.09124997724204453,-0.0829166439417176,5.766250179695208,5.774583512995004,2,0
-0.07874997729155414,5.770416846345106,-0.0829166439417176,-0.07458331064139068,5.766250179695208,5.774583512995004,1,1
-0.07041664399122721,5.770416846345106,-0.07458331064139068,-0.06624997734106375,5.766250179695208,5.774583512995004,1,0
-0.06208331069090029,5.770416846345106,-0.06624997734106375,-0.05791664404073682,5.766250179695208,5.774583512995004,0,0
-0.053749977390573356,5.770416846345106,-0.05791664404073682,-0.04958331074040989,5.766250179695208,5.774583512995004,2,0
-0.045416644090246434,5.770416846345106,-0.04958331074040989,-0.04124997744008296,5.766250179695208,5.774583512995004,0,1
-0.0370833107899195,5.770416846345106,-0.04124997744008296,-0.032916644139756035,5.766250179695208,5.774583512995004,0,1
-0.028749977489592574,5.770416846345106,-0.032916644139756035,-0.024583310839429107,5.766250179695208,5.774583512995004,0,0
-0.020416644189265646,5.770416846345106,-0.024583310839429107,-0.01624997753910218,5.766250179695208,5.774583512995004,1,0
-0.012083310888938714,5.770416846345106,-0.01624997753910218,-0.00791664423877525,5.766250179695208,5.774583512995004,0,0
-0.003749977588611786,5.770416846345106,-0.00791664423877525,0.0004166890615516783,5.766250179695208,5.774583512995004,1,1
0.0045833557117151424,5.770416846345106,0.0004166890615516783,0.008750022361878607,5.766250179695208,5.774583512995004,0,0
0.01291668901204207,5.770416846345106,0.008750022361878607,0.017083355662205535,5.766250179695208,5.774583512995004,1,0
0.021250022312369003,5.770416846345106,0.017083355662205535,0.025416688962532463,5.766250179695208,5.774583512995004,1,0
0.029583355612695927,5.770416846345106,0.025416688962532463,0.03375002226285939,5.766250179695208,5.774583512995004,1,1
0.03791668891302281,5.770416846345106,0.03375002226285939,0.04208335556318621,5.766250179695208,5.774583512995004,2,1
0.04625002221334968,5.770416846345106,0.04208335556318621,0.05041668886351314,5.766250179695208,5.774583512995004,1,0
0.0545833555136766,5.770416846345106,0.05041668886351314,0.058750022163840065,5.766250179695208,5.774583512995004,0,0
0.06291668881400353,5.770416846345106,0.058750022163840065,0.067083355464167,5.766250179695208,5.774583512995004,0,1
0.07125002211433044,5.770416846345106,0.067083355464167,0.07541668876449392,5.766250179695208,5.774583512995004,1,1
0.07958335541465739,5.770416846345106,0.07541668876449392,0.08375002206482085,5.766250179695208,5.774583512995004,1,1
0.08791668871498433,5.770416846345106,0.08375002206482085,0.09208335536514778,5.766250179695208,5.774583512995004,1,1
0.09625002201531126,5.770416846345106,0.09208335536514778,0.10041668866547471,5.766250179695208,5.774583512995004,1,0
-0.37041664280299647,5.762083513045311,-0.3745833094531599,-0.36624997615283295,5.757916846395413,5.766250179695208,2,1
-0.36208330950266954,5.762083513045311,-0.36624997615283295,-0.357916642852506,5.757916846395413,5.766250179695208,2,1
-0.3537499762023425,5.762083513045311,-0.357916642852506,-0.3495833095521791,5.757916846395413,5.766250179695208,0,0
-0.3454166429020157,5.762083513045311,-0.3495833095521791,-0.34124997625185216,5.757916846395413,5.766250179695208,0,1
-0.3370833096016887,5.762083513045311,-0.34124997625185216,-0.3329166429515253,5.757916846395413,5.766250179695208,2,1
-0.3287499763013618,5.762083513045311,-0.3329166429515253,-0.32458330965119836,5.757916846395413,5.766250179695208,2,1
-0.32041664300103495,5.762083513045311,-0.32458330965119836,-0.31624997635087143,5.757916846395413,5.766250179695208,0,1
-0.31208330970070797,5.762083513045311,-0.31624997635087143,-0.3079166430505445,5.757916846395413,5.766250179695208,0,0
-0.30374997640038104,5.762083513045311,-0.3079166430505445,-0.2995833097502176,5.757916846395413,5.766250179695208,2,1
-0.2954166431000541,5.762083513045311,-0.2995833097502176,-0.29124997644989065,5.757916846395413,5.766250179695208,2,0
-0.2870833097997272,5.762083513045311,-0.29124997644989065,-0.2829166431495637,5.757916846395413,5.766250179695208,1,0
-0.2787499764994002,5.762083513045311,-0.2829166431495637,-0.2745833098492368,5.757916846395413,5.766250179695208,0,0
-0.2704166431990733,5.762083513045311,-0.2745833098492368,-0.2662499765489099,5.757916846395413,5.766250179695208,0,0
-0.26208330989874645,5.762083513045311,-0.2662499765489099,-0.257916643248583,5.757916846395413,5.766250179695208,0,1
-0.2537499765984195,5.762083513045311,-0.257916643248583,-0.24958330994825606,5.757916846395413,5.766250179695208,2,0
-0.2454166432980926,5.762083513045311,-0.24958330994825606,-0.24124997664792913,5.757916846395413,5.766250179695208,2,1
-0.23708330999776567,5.762083513045311,-0.24124997664792913,-0.2329166433476022,5.757916846395413,5.766250179695208,2,1
-0.22874997669743877,5.762083513045311,-0.2329166433476022,-0.22458331004727528,5.757916846395413,5.766250179695208,1,0
-0.2204166433971118,5.762083513045311,-0.22458331004727528,-0.21624997674694835,5.757916846395413,5.766250179695208,1,1
-0.2120833100967849,5.762083513045311,-0.21624997674694835,-0.20791664344662142,5.757916846395413,5.766250179695208,2,1
-0.20374997679645795,5.762083513045311,-0.20791664344662142,-0.1995833101462945,5.757916846395413,5.766250179695208,1,1
-0.19541664349613103,5.762083513045311,-0.1995833101462945,-0.19124997684596756,5.757916846395413,5.766250179695208,2,1
-0.1870833101958041,5.762083513045311,-0.19124997684596756,-0.18291664354564063,5.757916846395413,5.766250179695208,2,0
-0.1787499768954772,5.762083513045311,-0.18291664354564063,-0.17458331024531376,5.757916846395413,5.766250179695208,2,0
-0.1704166435951503,5.762083513045311,-0.17458331024531376,-0.16624997694498683,5.757916846395413,5.766250179695208,1,0
-0.16208331029482337,5.762083513045311,-0.16624997694498683,-0.1579166436446599,5.757916846395413,5.766250179695208,1,0
-0.1537499769944964,5.762083513045311,-0.1579166436446599,-0.14958331034433298,5.757916846395413,5.766250179695208,1,0
-0.1454166436941695,5.762083513045311,-0.14958331034433298,-0.14124997704400605,5.757916846395413,5.766250179695208,1,1
-0.13708331039384258,5.762083513045311,-0.14124997704400605,-0.13291664374367912,5.757916846395413,5.766250179695208,0,1
-0.12874997709351568,5.762083513045311,-0.13291664374367912,-0.12458331044335219,5.757916846395413,5.766250179695208,0,1
-0.12041664379318873,5.762083513045311,-0.12458331044335219,-0.11624997714302526,5.757916846395413,5.766250179695208,0,1
-0.11208331049286178,5.762083513045311,-0.11624997714302526,-0.10791664384269833,5.757916846395413,5.766250179695208,0,1
-0.10374997719253487,5.762083513045311,-0.10791664384269833,-0.0995833105423714,5.757916846395413,5.766250179695208,2,1
-0.09541664389220797,5.762083513045311,-0.0995833105423714,-0.09124997724204453,5.757916846395413,5.766250179695208,1,1
-0.08708331059188107,5.762083513045311,-0.09124997724204453,-0.0829166439417176,5.757916846395413,5.766250179695208,0,1
-0.07874997729155414,5.762083513045311,-0.0829166439417176,-0.07458331064139068,5.757916846395413,5.766250179695208,2,1
-0.07041664399122721,5.762083513045311,-0.07458331064139068,-0.06624997734106375,5.757916846395413,5.766250179695208,0,0
-0.06208331069090029,5.762083513045311,-0.06624997734106375,-0.05791664404073682,5.757916846395413,5.766250179695208,1,0
-0.053749977390573356,5.762083513045311,-0.05791664404073682,-0.04958331074040989,5.757916846395413,5.766250179695208,0,0
-0.045416644090246434,5.762083513045311,-0.04958331074040989,-0.04124997744008296,5.757916846395413,5.766250179695208,2,1
-0.0370833107899195,5.762083513045311,-0.04124997744008296,-0.032916644139756035,5.757916846395413,5.766250179695208,1,0
-0.028749977489592574,5.762083513045311,-0.032916644139756035,-0.024583310839429107,5.757916846395413,5.766250179695208,2,0
-0.020416644189265646,5.762083513045311,-0.024583310839429107,-0.01624997753910218,5.757916846395413,5.766250179695208,2,1
-0.012083310888938714,5.762083513045311,-0.01624997753910218,-0.00791664423877525,5.757916846395413,5.766250179695208,0,0
-0.003749977588611786,5.762083513045311,-0.00791664423877525,0.0004166890615516783,5.757916846395413,5.766250179695208,1,0
0.0045833557117151424,5.762083513045311,0.0004166890615516783,0.008750022361878607,5.757916846395413,5.766250179695208,2,0
0.01291668901204207,5.762083513045311,0.008750022361878607,0.017083355662205535,5.757916846395413,5.766250179695208,0,0
0.021250022312369003,5.762083513045311,0.017083355662205535,0.025416688962532463,5.757916846395413,5.766250179695208,1,1
0.029583355612695927,5.762083513045311,0.025416688962532463,0.03375002226285939,5.757916846395413,5.766250179695208,1,0
0.03791668891302281,5.762083513045311,0.03375002226285939,0.04208335556318621,5.757916846395413,5.766250179695208,0,1
0.04625002221334968,5.762083513045311,0.04208335556318621,0.05041668886351314,5.757916846395413,5.766250179695208,0,0
0.0545833555136766,5.762083513045311,0.05041668886351314,0.058750022163840065,5.757916846395413,5.766250179695208,1,1
0.06291668881400353,5.762083513045311,0.058750022163840065,0.067083355464167,5.757916846395413,5.766250179695208,0,0
0.07125002211433044,5.762083513045311,0.067083355464167,0.07541668876449392,5.757916846395413,5.766250179695208,0,1
0.07958335541465739,5.762083513045311,0.07541668876449392,0.08375002206482085,5.757916846395413,5.766250179695208,0,1
0.08791668871498433,5.762083513045311,0.08375002206482085,0.09208335536514778,5.757916846395413,5.766250179695208,1,1
0.09625002201531126,5.762083513045311,0.09208335536514778,0.10041668866547471,5.757916846395413,5.766250179695208,1,0
-0.3787499761033233,5.753750179745516,-0.3829166427534868,-0.3745833094531599,5.749583513095619,5.757916846395413,0,0
-0.37041664280299647,5.753750179745516,-0.3745833094531599,-0.36624997615283295,5.749583513095619,5.757916846395413,2,1
-0.3620833095026695,5.753750179745516,-0.36624997615283295,-0.357916642852506,5.749583513095619,5.757916846395413,1,1
-0.35374997620234255,5.753750179745516,-0.357916642852506,-0.3495833095521791,5.749583513095619,5.757916846395413,0,1
-0.3454166429020156,5.753750179745516,-0.3495833095521791,-0.34124997625185216,5.749583513095619,5.757916846395413,1,1
-0.3370833096016887,5.753750179745517,-0.34124997625185216,-0.3329166429515253,5.749583513095619,5.757916846395413,1,0
-0.32874997630136177,5.753750179745516,-0.3329166429515253,-0.32458330965119836,5.749583513095619,5.757916846395413,2,1
-0.3204166430010349,5.753750179745516,-0.32458330965119836,-0.31624997635087143,5.749583513095619,5.757916846395413,0,0
-0.31208330970070797,5.753750179745516,-0.31624997635087143,-0.3079166430505445,5.749583513095619,5.757916846395413,1,1
-0.30374997640038104,5.753750179745516,-0.3079166430505445,-0.2995833097502176,5.749583513095619,5.757916846395413,2,0
-0.2954166431000541,5.753750179745516,-0.2995833097502176,-0.29124997644989065,5.749583513095619,5.757916846395413,0,0
-0.28708330979972724,5.753750179745516,-0.29124997644989065,-0.2829166431495637,5.749583513095619,5.757916846395413,1,0
-0.27874997649940025,5.753750179745516,-0.2829166431495637,-0.2745833098492368,5.749583513095619,5.757916846395413,0,0
-0.2704166431990733,5.753750179745517,-0.2745833098492368,-0.2662499765489099,5.749583513095619,5.757916846395413,0,0
-0.26208330989874645,5.753750179745516,-0.2662499765489099,-0.257916643248583,5.749583513095619,5.757916846395413,1,0
-0.2537499765984195,5.753750179745516,-0.257916643248583,-0.24958330994825606,5.749583513095619,5.757916846395413,2,1
-0.2454166432980926,5.753750179745516,-0.24958330994825606,-0.24124997664792913,5.749583513095619,5.757916846395413,2,0
-0.2370833099977657,5.753750179745516,-0.24124997664792913,-0.2329166433476022,5.749583513095619,5.757916846395413,1,1
-0.22874997669743874,5.753750179745516,-0.2329166433476022,-0.22458331004727528,5.749583513095619,5.757916846395413,1,0
-0.22041664339711184,5.753750179745516,-0.22458331004727528,-0.21624997674694835,5.749583513095619,5.757916846395413,2,1
-0.21208331009678488,5.753750179745516,-0.21624997674694835,-0.20791664344662142,5.749583513095619,5.757916846395413,2,1
-0.20374997679645793,5.753750179745516,-0.20791664344662142,-0.1995833101462945,5.749583513095619,5.757916846395413,1,0
-0.195416643496131,5.753750179745516,-0.1995833101462945,-0.19124997684596756,5.749583513095619,5.757916846395413,1,0
-0.1870833101958041,5.753750179745516,-0.19124997684596756,-0.18291664354564063,5.749583513095619,5.757916846395413,1,0
-0.1787499768954772,5.753750179745517,-0.18291664354564063,-0.17458331024531376,5.749583513095619,5.757916846395413,0,1
-0.1704166435951503,5.753750179745516,-0.17458331024531376,-0.16624997694498683,5.749583513095619,5.757916846395413,0,1
-0.16208331029482337,5.753750179745516,-0.16624997694498683,-0.1579166436446599,5.749583513095619,5.757916846395413,0,1
-0.1537499769944964,5.753750179745516,-0.1579166436446599,-0.14958331034433298,5.749583513095619,5.757916846395413,2,1
-0.1454166436941695,5.753750179745516,-0.14958331034433298,-0.14124997704400605,5.749583513095619,5.757916846395413,1,1
-0.13708331039384258,5.753750179745516,-0.14124997704400605,-0.13291664374367912,5.749583513095619,5.757916846395413,2,1
-0.12874997709351566,5.753750179745516,-0.13291664374367912,-0.12458331044335219,5.749583513095619,5.757916846395413,2,0
-0.12041664379318873,5.753750179745516,-0.12458331044335219,-0.11624997714302526,5.749583513095619,5.757916846395413,2,1
-0.1120833104928618,5.753750179745516,-0.11624997714302526,-0.10791664384269833,5.749583513095619,5.757916846395413,1,1
-0.10374997719253486,5.753750179745516,-0.10791664384269833,-0.0995833105423714,5.749583513095619,5.757916846395413,1,1
-0.09541664389220796,5.753750179745517,-0.0995833105423714,-0.09124997724204453,5.749583513095619,5.757916846395413,2,0
-0.08708331059188108,5.753750179745516,-0.09124997724204453,-0.0829166439417176,5.749583513095619,5.757916846395413,1,0
-0.07874997729155414,5.753750179745516,-0.0829166439417176,-0.07458331064139068,5.749583513095619,5.757916846395413,2,0
-0.07041664399122723,5.753750179745516,-0.07458331064139068,-0.06624997734106375,5.749583513095619,5.757916846395413,2,0
-0.062083310690900284,5.753750179745516,-0.06624997734106375,-0.05791664404073682,5.749583513095619,5.757916846395413,0,0
-0.05374997739057336,5.753750179745516,-0.05791664404073682,-0.04958331074040989,5.749583513095619,5.757916846395413,0,0
-0.04541664409024643,5.753750179745516,-0.04958331074040989,-0.04124997744008296,5.749583513095619,5.757916846395413,2,1
-0.0370833107899195,5.753750179745516,-0.04124997744008296,-0.032916644139756035,5.749583513095619,5.757916846395413,1,1
-0.02874997748959257,5.753750179745516,-0.032916644139756035,-0.024583310839429107,5.749583513095619,5.757916846395413,0,0
-0.020416644189265643,5.753750179745516,-0.024583310839429107,-0.01624997753910218,5.749583513095619,5.757916846395413,1,1
-0.012083310888938714,5.753750179745516,-0.01624997753910218,-0.00791664423877525,5.749583513095619,5.757916846395413,0,1
-0.0037499775886117863,5.753750179745516,-0.00791664423877525,0.0004166890615516783,5.749583513095619,5.757916846395413,2,0
0.0045833557117151424,5.753750179745516,0.0004166890615516783,0.008750022361878607,5.749583513095619,5.757916846395413,1,0
0.01291668901204207,5.753750179745516,0.008750022361878607,0.017083355662205535,5.749583513095619,5.757916846395413,2,0
0.021250022312369,5.753750179745516,0.017083355662205535,0.025416688962532463,5.749583513095619,5.757916846395413,0,1
0.02958335561269593,5.753750179745516,0.025416688962532463,0.03375002226285939,5.749583513095619,5.757916846395413,2,1
0.0379166889130228,5.753750179745516,0.03375002226285939,0.04208335556318621,5.749583513095619,5.757916846395413,1,0
0.04625002221334968,5.753750179745516,0.04208335556318621,0.05041668886351314,5.749583513095619,5.757916846395413,1,0
0.054583355513676594,5.753750179745516,0.05041668886351314,0.058750022163840065,5.749583513095619,5.757916846395413,0,0
0.06291668881400353,5.753750179745516,0.058750022163840065,0.067083355464167,5.749583513095619,5.757916846395413,2,1
0.07125002211433046,5.753750179745516,0.067083355464167,0.07541668876449392,5.749583513095619,5.757916846395413,1,1
0.07958335541465739,5.753750179745516,0.07541668876449392,0.08375002206482085,5.749583513095619,5.757916846395413,0,1
0.08791668871498433,5.753750179745516,0.08375002206482085,0.09208335536514778,5.749583513095619,5.757916846395413,1,1
0.09625002201531124,5.753750179745516,0.09208335536514778,0.10041668866547471,5.749583513095619,5.757916846395413,0,1
-0.3870833094036502,5.745416846445721,-0.39124997605381373,-0.3829166427534868,5.7412501797958235,5.749583513095619,0,1
-0.3787499761033233,5.745416846445721,-0.3829166427534868,-0.3745833094531599,5.7412501797958235,5.749583513095619,1,0
-0.37041664280299647,5.745416846445721,-0.3745833094531599,-0.36624997615283295,5.7412501797958235,5.749583513095619,2,1
-0.36208330950266954,5.745416846445721,-0.36624997615283295,-0.357916642852506,5.7412501797958235,5.749583513095619,0,1
-0.3537499762023425,5.745416846445721,-0.357916642852506,-0.3495833095521791,5.7412501797958235,5.749583513095619,2,0
-0.3454166429020157,5.745416846445721,-0.3495833095521791,-0.34124997625185216,5.7412501797958235,5.749583513095619,1,1
-0.3370833096016887,5.745416846445722,-0.34124997625185216,-0.3329166429515253,5.7412501797958235,5.749583513095619,1,0
-0.3287499763013618,5.745416846445721,-0.3329166429515253,-0.32458330965119836,5.7412501797958235,5.749583513095619,0,0
-0.32041664300103495,5.745416846445721,-0.32458330965119836,-0.31624997635087143,5.7412501797958235,5.749583513095619,0,1
-0.31208330970070797,5.745416846445721,-0.31624997635087143,-0.3079166430505445,5.7412501797958235,5.749583513095619,2,0
-0.30374997640038104,5.745416846445721,-0.3079166430505445,-0.2995833097502176,5.7412501797958235,5.749583513095619,1,1
-0.2954166431000541,5.745416846445721,-0.2995833097502176,-0.29124997644989065,5.7412501797958235,5.749583513095619,1,1
-0.2870833097997272,5.745416846445721,-0.29124997644989065,-0.2829166431495637,5.7412501797958235,5.749583513095619,0,0
-0.2787499764994002,5.745416846445721,-0.2829166431495637,-0.2745833098492368,5.7412501797958235,5.749583513095619,1,0
-0.2704166431990733,5.745416846445722,-0.2745833098492368,-0.2662499765489099,5.7412501797958235,5.749583513095619,1,0
-0.26208330989874645,5.745416846445721,-0.2662499765489099,-0.257916643248583,5.7412501797958235,5.749583513095619,1,1
-0.2537499765984195,5.745416846445721,-0.257916643248583,-0.24958330994825606,5.7412501797958235,5.749583513095619,0,1
-0.2454166432980926,5.745416846445721,-0.24958330994825606,-0.24124997664792913,5.7412501797958235,5.749583513095619,2,1
-0.23708330999776567,5.745416846445721,-0.24124997664792913,-0.2329166433476022,5.7412501797958235,5.749583513095619,2,0
-0.22874997669743877,5.745416846445721,-0.2329166433476022,-0.22458331004727528,5.7412501797958235,5.749583513095619,1,0
-0.2204166433971118,5.745416846445721,-0.22458331004727528,-0.21624997674694835,5.7412501797958235,5.749583513095619,1,0
-0.2120833100967849,5.745416846445721,-0.21624997674694835,-0.20791664344662142,5.7412501797958235,5.749583513095619,0,1
-0.20374997679645795,5.745416846445721,-0.20791664344662142,-0.1995833101462945,5.7412501797958235,5.749583513095619,0,1
-0.19541664349613103,5.745416846445721,-0.1995833101462945,-0.19124997684596756,5.7412501797958235,5.749583513095619,2,0
-0.1870833101958041,5.745416846445721,-0.19124997684596756,-0.18291664354564063,5.7412501797958235,5.749583513095619,0,1
-0.1787499768954772,5.745416846445722,-0.18291664354564063,-0.17458331024531376,5.7412501797958235,5.749583513095619,1,0
-0.1704166435951503,5.745416846445721,-0.17458331024531376,-0.16624997694498683,5.7412501797958235,5.749583513095619,2,1
-0.16208331029482337,5.745416846445721,-0.16624997694498683,-0.1579166436446599,5.7412501797958235,5.749583513095619,2,1
-0.1537499769944964,5.745416846445721,-0.1579166436446599,-0.14958331034433298,5.7412501797958235,5.749583513095619,0,1
-0.1454166436941695,5.745416846445721,-0.14958331034433298,-0.14124997704400605,5.7412501797958235,5.749583513095619,1,0
-0.13708331039384258,5.745416846445721,-0.14124997704400605,-0.13291664374367912,5.7412501797958235,5.749583513095619,0,0
-0.12874997709351568,5.745416846445721,-0.13291664374367912,-0.12458331044335219,5.7412501797958235,5.749583513095619,0,0
-0.12041664379318873,5.745416846445721,-0.12458331044335219,-0.11624997714302526,5.7412501797958235,5.749583513095619,1,1
-0.11208331049286178,5.745416846445721,-0.11624997714302526,-0.10791664384269833,5.7412501797958235,5.749583513095619,2,0
-0.10374997719253487,5.745416846445721,-0.10791664384269833,-0.0995833105423714,5.7412501797958235,5.749583513095619,2,1
-0.09541664389220797,5.745416846445722,-0.0995833105423714,-0.09124997724204453,5.7412501797958235,5.749583513095619,2,0
-0.08708331059188107,5.745416846445721,-0.09124997724204453,-0.0829166439417176,5.7412501797958235,5.749583513095619,0,1
-0.07874997729155414,5.745416846445721,-0.0829166439417176,-0.07458331064139068,5.7412501797958235,5.749583513095619,1,1
-0.07041664399122721,5.745416846445721,-0.07458331064139068,-0.06624997734106375,5.7412501797958235,5.749583513095619,0,0
-0.06208331069090029,5.745416846445721,-0.06624997734106375,-0.05791664404073682,5.7412501797958235,5.749583513095619,0,0
-0.053749977390573356,5.745416846445721,-0.05791664404073682,-0.04958331074040989,5.7412501797958235,5.749583513095619,2,0
-0.045416644090246434,5.745416846445721,-0.04958331074040989,-0.04124997744008296,5.7412501797958235,5.749583513095619,2,0
-0.0370833107899195,5.745416846445721,-0.04124997744008296,-0.032916644139756035,5.7412501797958235,5.749583513095619,0,1
-0.028749977489592574,5.745416846445721,-0.032916644139756035,-0.024583310839429107,5.7412501797958235,5.749583513095619,2,1
-0.020416644189265646,5.745416846445721,-0.024583310839429107,-0.01624997753910218,5.7412501797958235,5.749583513095619,2,1
-0.012083310888938714,5.745416846445721,-0.01624997753910218,-0.00791664423877525,5.7412501797958235,5.749583513095619,0,1
-0.003749977588611786,5.745416846445721,-0.00791664423877525,0.0004166890615516783,5.7412501797958235,5.749583513095619,2,0
0.0045833557117151424,5.745416846445721,0.0004166890615516783,0.008750022361878607,5.7412501797958235,5.749583513095619,2,1
0.01291668901204207,5.745416846445721,0.008750022361878607,0.017083355662205535,5.7412501797958235,5.749583513095619,0,1
0.021250022312369003,5.745416846445721,0.017083355662205535,0.025416688962532463,5.7412501797958235,5.749583513095619,1,0
0.029583355612695927,5.745416846445721,0.025416688962532463,0.03375002226285939,5.7412501797958235,5.749583513095619,1,1
0.03791668891302281,5.74541684644572,0.03375002226285939,0.04208335556318621,5.7412501797958235,5.749583513095619,0,0
0.04625002221334968,5.745416846445721,0.04208335556318621,0.05041668886351314,5.7412501797958235,5.749583513095619,1,0
0.0545833555136766,5.745416846445721,0.05041668886351314,0.058750022163840065,5.7412501797958235,5.749583513095619,1,1
0.06291668881400353,5.745416846445721,0.058750022163840065,0.067083355464167,5.7412501797958235,5.749583513095619,0,0
0.07125002211433044,5.745416846445721,0.067083355464167,0.07541668876449392,5.7412501797958235,5.749583513095619,0,0
0.07958335541465739,5.745416846445721,0.07541668876449392,0.08375002206482085,5.7412501797958235,5.749583513095619,2,0
0.08791668871498433,5.745416846445721,0.08375002206482085,0.09208335536514778,5.7412501797958235,5.749583513095619,2,1
0.09625002201531126,5.745416846445721,0.09208335536514778,0.10041668866547471,5.7412501797958235,5.749583513095619,1,1
-0.4037499760043041,5.737083513145925,-0.4079166426544676,-0.39958330935414066,5.732916846496028,5.7412501797958235,2,0
-0.3954166427039772,5.737083513145925,-0.39958330935414066,-0.39124997605381373,5.732916846496028,5.7412501797958235,2,0
-0.3870833094036502,5.737083513145925,-0.39124997605381373,-0.3829166427534868,5.732916846496028,5.7412501797958235,2,1
-0.3787499761033233,5.737083513145925,-0.3829166427534868,-0.3745833094531599,5.732916846496028,5.7412501797958235,1,0
-0.37041664280299647,5.737083513145925,-0.3745833094531599,-0.36624997615283295,5.732916846496028,5.7412501797958235,0,0
-0.36208330950266954,5.737083513145925,-0.36624997615283295,-0.357916642852506,5.732916846496028,5.7412501797958235,0,1
-0.3537499762023425,5.737083513145925,-0.357916642852506,-0.3495833095521791,5.732916846496028,5.7412501797958235,1,0
-0.3454166429020157,5.737083513145925,-0.3495833095521791,-0.34124997625185216,5.732916846496028,5.7412501797958235,1,0
-0.3370833096016887,5.737083513145926,-0.34124997625185216,-0.3329166429515253,5.732916846496028,5.7412501797958235,2,0
-0.3287499763013618,5.737083513145925,-0.3329166429515253,-0.32458330965119836,5.732916846496028,5.7412501797958235,1,1
-0.32041664300103495,5.737083513145925,-0.32458330965119836,-0.31624997635087143,5.732916846496028,5.7412501797958235,1,1
-0.31208330970070797,5.737083513145925,-0.31624997635087143,-0.3079166430505445,5.732916846496028,5.7412501797958235,2,1
-0.30374997640038104,5.737083513145925,-0.3079166430505445,-0.2995833097502176,5.732916846496028,5.7412501797958235,2,1
-0.2954166431000541,5.737083513145925,-0.2995833097502176,-0.29124997644989065,5.732916846496028,5.7412501797958235,0,1
-0.2870833097997272,5.737083513145925,-0.29124997644989065,-0.2829166431495637,5.732916846496028,5.7412501797958235,2,0
-0.2787499764994002,5.737083513145925,-0.2829166431495637,-0.2745833098492368,5.732916846496028,5.7412501797958235,2,1
-0.2704166431990733,5.737083513145926,-0.2745833098492368,-0.2662499765489099,5.732916846496028,5.7412501797958235,2,0
-0.26208330989874645,5.737083513145925,-0.2662499765489099,-0.257916643248583,5.732916846496028,5.7412501797958235,2,0
-0.2537499765984195,5.737083513145925,-0.257916643248583,-0.24958330994825606,5.732916846496028,5.7412501797958235,0,0
-0.2454166432980926,5.737083513145925,-0.24958330994825606,-0.24124997664792913,5.732916846496028,5.7412501797958235,2,0
-0.23708330999776567,5.737083513145925,-0.24124997664792913,-0.2329166433476022,5.732916846496028,5.7412501797958235,2,0
-0.22874997669743877,5.737083513145925,-0.2329166433476022,-0.22458331004727528,5.732916846496028,5.7412501797958235,0,1
-0.2204166433971118,5.737083513145925,-0.22458331004727528,-0.21624997674694835,5.732916846496028,5.7412501797958235,0,1
-0.2120833100967849,5.737083513145925,-0.21624997674694835,-0.20791664344662142,5.732916846496028,5.7412501797958235,0,0
-0.20374997679645795,5.737083513145925,-0.20791664344662142,-0.1995833101462945,5.732916846496028,5.7412501797958235,2,1
-0.19541664349613103,5.737083513145925,-0.1995833101462945,-0.19124997684596756,5.732916846496028,5.7412501797958235,2,0
-0.1870833101958041,5.737083513145925,-0.19124997684596756,-0.18291664354564063,5.732916846496028,5.7412501797958235,0,1
-0.1787499768954772,5.737083513145926,-0.18291664354564063,-0.17458331024531376,5.732916846496028,5.7412501797958235,2,1
-0.1704166435951503,5.737083513145925,-0.17458331024531376,-0.16624997694498683,5.732916846496028,5.7412501797958235,0,0
-0.16208331029482337,5.737083513145925,-0.16624997694498683,-0.1579166436446599,5.732916846496028,5.7412501797958235,1,0
-0.1537499769944964,5.737083513145925,-0.1579166436446599,-0.14958331034433298,5.732916846496028,5.7412501797958235,1,1
-0.1454166436941695,5.737083513145925,-0.14958331034433298,-0.14124997704400605,5.732916846496028,5.7412501797958235,0,1
-0.13708331039384258,5.737083513145925,-0.14124997704400605,-0.13291664374367912,5.732916846496028,5.7412501797958235,0,0
-0.12874997709351568,5.737083513145925,-0.13291664374367912,-0.12458331044335219,5.732916846496028,5.7412501797958235,0,0
-0.12041664379318873,5.737083513145925,-0.12458331044335219,-0.11624997714302526,5.732916846496028,5.7412501797958235,2,0
-0.11208331049286178,5.737083513145925,-0.11624997714302526,-0.10791664384269833,5.732916846496028,5.7412501797958235,2,1
-0.10374997719253487,5.737083513145925,-0.10791664384269833,-0.0995833105423714,5.732916846496028,5.7412501797958235,1,0
-0.09541664389220797,5.737083513145926,-0.0995833105423714,-0.09124997724204453,5.732916846496028,5.7412501797958235,1,1
-0.08708331059188107,5.737083513145925,-0.09124997724204453,-0.0829166439417176,5.732916846496028,5.7412501797958235,0,0
-0.07874997729155414,5.737083513145925,-0.0829166439417176,-0.07458331064139068,5.732916846496028,5.7412501797958235,2,0
-0.07041664399122721,5.737083513145925,-0.07458331064139068,-0.06624997734106375,5.732916846496028,5.7412501797958235,1,1
-0.06208331069090029,5.737083513145925,-0.06624997734106375,-0.05791664404073682,5.732916846496028,5.7412501797958235,2,1
-0.053749977390573356,5.737083513145925,-0.05791664404073682,-0.04958331074040989,5.732916846496028,5.7412501797958235,0,0
-0.045416644090246434,5.737083513145925,-0.04958331074040989,-0.04124997744008296,5.732916846496028,5.7412501797958235,0,0
-0.0370833107899195,5.737083513145925,-0.04124997744008296,-0.032916644139756035,5.732916846496028,5.7412501797958235,0,1
-0.028749977489592574,5.737083513145925,-0.032916644139756035,-0.024583310839429107,5.732916846496028,5.7412501797958235,0,1
-0.020416644189265646,5.737083513145925,-0.024583310839429107,-0.01624997753910218,5.732916846496028,5.7412501797958235,0,0
-0.012083310888938714,5.737083513145925,-0.01624997753910218,-0.00791664423877525,5.732916846496028,5.7412501797958235,1,0
-0.003749977588611786,5.737083513145925,-0.00791664423877525,0.0004166890615516783,5.732916846496028,5.7412501797958235,1,1
0.0045833557117151424,5.737083513145925,0.0004166890615516783,0.008750022361878607,5.732916846496028,5.7412501797958235,2,1
0.01291668901204207,5.737083513145925,0.008750022361878607,0.017083355662205535,5.732916846496028,5.7412501797958235,1,1
0.021250022312369003,5.737083513145925,0.017083355662205535,0.025416688962532463,5.732916846496028,5.7412501797958235,0,0
0.029583355612695927,5.737083513145925,0.025416688962532463,0.03375002226285939,5.732916846496028,5.7412501797958235,2,1
0.03791668891302281,5.737083513145927,0.03375002226285939,0.04208335556318621,5.732916846496028,5.7412501797958235,0,1
0.04625002221334968,5.737083513145925,0.04208335556318621,0.05041668886351314,5.732916846496028,5.7412501797958235,1,0
0.0545833555136766,5.737083513145925,0.05041668886351314,0.058750022163840065,5.732916846496028,5.7412501797958235,0,1
0.06291668881400353,5.737083513145925,0.058750022163840065,0.067083355464167,5.732916846496028,5.7412501797958235,1,0
0.07125002211433044,5.737083513145925,0.067083355464167,0.07541668876449392,5.732916846496028,5.7412501797958235,2,1
0.07958335541465739,5.737083513145925,0.07541668876449392,0.08375002206482085,5.732916846496028,5.7412501797958235,0,1
0.08791668871498433,5.737083513145925,0.08375002206482085,0.09208335536514778,5.732916846496028,5.7412501797958235,2,1
0.09625002201531126,5.737083513145925,0.09208335536514778,0.10041668866547471,5.732916846496028,5.7412501797958235,1,1
-0.41208330930463105,5.728750179846131,-0.4162499759547945,-0.4079166426544676,5.724583513196233,5.732916846496028,0,1
-0.4037499760043041,5.728750179846131,-0.4079166426544676,-0.39958330935414066,5.724583513196233,5.732916846496028,2,1
-0.3954166427039772,5.728750179846131,-0.39958330935414066,-0.39124997605381373,5.724583513196233,5.732916846496028,0,0
-0.3870833094036502,5.728750179846131,-0.39124997605381373,-0.3829166427534868,5.724583513196233,5.732916846496028,0,1
-0.3787499761033233,5.728750179846131,-0.3829166427534868,-0.3745833094531599,5.724583513196233,5.732916846496028,2,0
-0.37041664280299647,5.728750179846131,-0.3745833094531599,-0.36624997615283295,5.724583513196233,5.732916846496028,1,0
-0.36208330950266954,5.728750179846131,-0.36624997615283295,-0.357916642852506,5.724583513196233,5.732916846496028,2,1
-0.3537499762023425,5.728750179846131,-0.357916642852506,-0.3495833095521791,5.724583513196233,5.732916846496028,2,1
-0.3454166429020157,5.728750179846131,-0.3495833095521791,-0.34124997625185216,5.724583513196233,5.732916846496028,2,0
-0.3370833096016887,5.72875017984613,-0.34124997625185216,-0.3329166429515253,5.724583513196233,5.732916846496028,0,0
-0.3287499763013618,5.728750179846131,-0.3329166429515253,-0.32458330965119836,5.724583513196233,5.732916846496028,2,1
-0.32041664300103495,5.728750179846131,-0.32458330965119836,-0.31624997635087143,5.724583513196233,5.732916846496028,0,1
-0.31208330970070797,5.728750179846131,-0.31624997635087143,-0.3079166430505445,5.724583513196233,5.732916846496028,2,0
-0.30374997640038104,5.728750179846131,-0.3079166430505445,-0.2995833097502176,5.724583513196233,5.732916846496028,0,0
-0.2954166431000541,5.728750179846131,-0.2995833097502176,-0.29124997644989065,5.724583513196233,5.732916846496028,0,1
-0.2870833097997272,5.728750179846131,-0.29124997644989065,-0.2829166431495637,5.724583513196233,5.732916846496028,1,1
-0.2787499764994002,5.728750179846131,-0.2829166431495637,-0.2745833098492368,5.724583513196233,5.732916846496028,0,1
-0.2704166431990733,5.72875017984613,-0.2745833098492368,-0.2662499765489099,5.724583513196233,5.732916846496028,0,0
-0.26208330989874645,5.728750179846131,-0.2662499765489099,-0.257916643248583,5.724583513196233,5.732916846496028,2,0
-0.2537499765984195,5.728750179846131,-0.257916643248583,-0.24958330994825606,5.724583513196233,5.732916846496028,0,1
-0.2454166432980926,5.728750179846131,-0.24958330994825606,-0.24124997664792913,5.724583513196233,5.732916846496028,0,1
-0.23708330999776567,5.728750179846131,-0.24124997664792913,-0.2329166433476022,5.724583513196233,5.732916846496028,0,0
-0.22874997669743877,5.728750179846131,-0.2329166433476022,-0.22458331004727528,5.724583513196233,5.732916846496028,2,0
-0.2204166433971118,5.728750179846131,-0.22458331004727528,-0.21624997674694835,5.724583513196233,5.732916846496028,2,1
-0.2120833100967849,5.728750179846131,-0.21624997674694835,-0.20791664344662142,5.724583513196233,5.732916846496028,0,0
-0.20374997679645795,5.728750179846131,-0.20791664344662142,-0.1995833101462945,5.724583513196233,5.732916846496028,0,1
-0.19541664349613103,5.728750179846131,-0.1995833101462945,-0.19124997684596756,5.724583513196233,5.732916846496028,0,0
-0.1870833101958041,5.728750179846131,-0.19124997684596756,-0.18291664354564063,5.724583513196233,5.732916846496028,2,1
-0.1787499768954772,5.72875017984613,-0.18291664354564063,-0.17458331024531376,5.724583513196233,5.732916846496028,0,0
-0.1704166435951503,5.728750179846131,-0.17458331024531376,-0.16624997694498683,5.724583513196233,5.732916846496028,0,0
-0.16208331029482337,5.728750179846131,-0.16624997694498683,-0.1579166436446599,5.724583513196233,5.732916846496028,1,0
-0.1537499769944964,5.728750179846131,-0.1579166436446599,-0.14958331034433298,5.724583513196233,5.732916846496028,1,1
-0.1454166436941695,5.728750179846131,-0.14958331034433298,-0.14124997704400605,5.724583513196233,5.732916846496028,2,1
-0.13708331039384258,5.728750179846131,-0.14124997704400605,-0.13291664374367912,5.724583513196233,5.732916846496028,0,1
-0.12874997709351568,5.728750179846131,-0.13291664374367912,-0.12458331044335219,5.724583513196233,5.732916846496028,1,0
-0.12041664379318873,5.728750179846131,-0.12458331044335219,-0.11624997714302526,5.724583513196233,5.732916846496028,1,0
-0.11208331049286178,5.728750179846131,-0.11624997714302526,-0.10791664384269833,5.724583513196233,5.732916846496028,1,1
-0.10374997719253487,5.728750179846131,-0.10791664384269833,-0.0995833105423714,5.724583513196233,5.732916846496028,2,0
-0.09541664389220797,5.72875017984613,-0.0995833105423714,-0.09124997724204453,5.724583513196233,5.732916846496028,0,0
-0.08708331059188107,5.728750179846131,-0.09124997724204453,-0.0829166439417176,5.724583513196233,5.732916846496028,2,0
-0.07874997729155414,5.728750179846131,-0.0829166439417176,-0.07458331064139068,5.724583513196233,5.732916846496028,0,0
-0.07041664399122721,5.728750179846131,-0.07458331064139068,-0.06624997734106375,5.724583513196233,5.732916846496028,2,1
-0.06208331069090029,5.728750179846131,-0.06624997734106375,-0.05791664404073682,5.724583513196233,5.732916846496028,1,1
-0.053749977390573356,5.728750179846131,-0.05791664404073682,-0.04958331074040989,5.724583513196233,5.732916846496028,2,0
-0.045416644090246434,5.728750179846131,-0.04958331074040989,-0.04124997744008296,5.724583513196233,5.732916846496028,0,1
-0.0370833107899195,5.728750179846131,-0.04124997744008296,-0.032916644139756035,5.724583513196233,5.732916846496028,1,0
-0.028749977489592574,5.728750179846131,-0.032916644139756035,-0.024583310839429107,5.724583513196233,5.732916846496028,0,1
-0.020416644189265646,5.728750179846131,-0.024583310839429107,-0.01624997753910218,5.724583513196233,5.732916846496028,2,0
-0.012083310888938714,5.728750179846131,-0.01624997753910218,-0.00791664423877525,5.724583513196233,5.732916846496028,2,1
-0.003749977588611786,5.728750179846131,-0.00791664423877525,0.0004166890615516783,5.724583513196233,5.732916846496028,1,0
0.0045833557117151424,5.728750179846131,0.0004166890615516783,0.008750022361878607,5.724583513196233,5.732916846496028,2,1
0.01291668901204207,5.728750179846131,0.008750022361878607,0.017083355662205535,5.724583513196233,5.732916846496028,1,1
0.021250022312369003,5.728750179846131,0.017083355662205535,0.025416688962532463,5.724583513196233,5.732916846496028,2,0
0.029583355612695927,5.728750179846131,0.025416688962532463,0.03375002226285939,5.724583513196233,5.732916846496028,2,0
0.03791668891302281,5.728750179846131,0.03375002226285939,0.04208335556318621,5.724583513196233,5.732916846496028,1,1
0.04625002221334968,5.728750179846131,0.04208335556318621,0.05041668886351314,5.724583513196233,5.732916846496028,0,0
0.0545833555136766,5.728750179846131,0.05041668886351314,0.058750022163840065,5.724583513196233,5.732916846496028,0,1
0.06291668881400353,5.728750179846131,0.058750022163840065,0.067083355464167,5.724583513196233,5.732916846496028,0,1
0.07125002211433044,5.728750179846131,0.067083355464167,0.07541668876449392,5.724583513196233,5.732916846496028,2,0
0.07958335541465739,5.728750179846131,0.07541668876449392,0.08375002206482085,5.724583513196233,5.732916846496028,2,1
0.08791668871498433,5.728750179846131,0.08375002206482085,0.09208335536514778,5.724583513196233,5.732916846496028,2,1
-0.4204166426049579,5.720416846546335,-0.42458330925512144,-0.4162499759547945,5.716250179896439,5.724583513196233,0,1
-0.41208330930463105,5.720416846546335,-0.4162499759547945,-0.4079166426544676,5.716250179896439,5.724583513196233,2,0
-0.4037499760043042,5.720416846546335,-0.4079166426544676,-0.39958330935414066,5.716250179896439,5.724583513196233,0,1
-0.3954166427039772,5.720416846546335,-0.39958330935414066,-0.39124997605381373,5.716250179896439,5.724583513196233,0,0
-0.38708330940365027,5.720416846546335,-0.39124997605381373,-0.3829166427534868,5.716250179896439,5.724583513196233,2,0
-0.3787499761033233,5.720416846546335,-0.3829166427534868,-0.3745833094531599,5.716250179896439,5.724583513196233,2,1
-0.37041664280299647,5.720416846546335,-0.3745833094531599,-0.36624997615283295,5.716250179896439,5.724583513196233,1,0
-0.3620833095026695,5.720416846546335,-0.36624997615283295,-0.357916642852506,5.716250179896439,5.724583513196233,2,1
-0.35374997620234255,5.720416846546335,-0.357916642852506,-0.3495833095521791,5.716250179896439,5.724583513196233,0,1
-0.3454166429020156,5.720416846546335,-0.3495833095521791,-0.34124997625185216,5.716250179896439,5.724583513196233,1,0
-0.3370833096016887,5.720416846546335,-0.34124997625185216,-0.3329166429515253,5.716250179896439,5.724583513196233,2,0
-0.32874997630136177,5.720416846546335,-0.3329166429515253,-0.32458330965119836,5.716250179896439,5.724583513196233,0,0
-0.3204166430010349,5.720416846546335,-0.32458330965119836,-0.31624997635087143,5.716250179896439,5.724583513196233,0,0
-0.31208330970070797,5.720416846546335,-0.31624997635087143,-0.3079166430505445,5.716250179896439,5.724583513196233,1,1
-0.30374997640038104,5.720416846546335,-0.3079166430505445,-0.2995833097502176,5.716250179896439,5.724583513196233,2,1
-0.2954166431000541,5.720416846546335,-0.2995833097502176,-0.29124997644989065,5.716250179896439,5.724583513196233,1,1
-0.28708330979972724,5.720416846546335,-0.29124997644989065,-0.2829166431495637,5.716250179896439,5.724583513196233,2,0
-0.27874997649940025,5.720416846546335,-0.2829166431495637,-0.2745833098492368,5.716250179896439,5.724583513196233,0,0
-0.2704166431990733,5.720416846546335,-0.2745833098492368,-0.2662499765489099,5.716250179896439,5.724583513196233,1,0
-0.26208330989874645,5.720416846546335,-0.2662499765489099,-0.257916643248583,5.716250179896439,5.724583513196233,0,0
-0.2537499765984195,5.720416846546335,-0.257916643248583,-0.24958330994825606,5.716250179896439,5.724583513196233,2,0
-0.2454166432980926,5.720416846546335,-0.24958330994825606,-0.24124997664792913,5.716250179896439,5.724583513196233,2,1
-0.2370833099977657,5.720416846546335,-0.24124997664792913,-0.2329166433476022,5.716250179896439,5.724583513196233,1,1
-0.22874997669743874,5.720416846546335,-0.2329166433476022,-0.22458331004727528,5.716250179896439,5.724583513196233,0,0
-0.22041664339711184,5.720416846546335,-0.22458331004727528,-0.21624997674694835,5.716250179896439,5.724583513196233,2,0
-0.21208331009678488,5.720416846546335,-0.21624997674694835,-0.20791664344662142,5.716250179896439,5.724583513196233,1,1
-0.20374997679645793,5.720416846546335,-0.20791664344662142,-0.1995833101462945,5.716250179896439,5.724583513196233,1,1
-0.195416643496131,5.720416846546335,-0.1995833101462945,-0.19124997684596756,5.716250179896439,5.724583513196233,2,1
-0.1870833101958041,5.720416846546335,-0.19124997684596756,-0.18291664354564063,5.716250179896439,5.724583513196233,0,1
-0.1787499768954772,5.720416846546335,-0.18291664354564063,-0.17458331024531376,5.716250179896439,5.724583513196233,1,1
-0.1704166435951503,5.720416846546335,-0.17458331024531376,-0.16624997694498683,5.716250179896439,5.724583513196233,1,1
-0.16208331029482337,5.720416846546335,-0.16624997694498683,-0.1579166436446599,5.716250179896439,5.724583513196233,1,0
-0.1537499769944964,5.720416846546335,-0.1579166436446599,-0.14958331034433298,5.716250179896439,5.724583513196233,0,1
-0.1454166436941695,5.720416846546335,-0.14958331034433298,-0.14124997704400605,5.716250179896439,5.724583513196233,1,0
-0.13708331039384258,5.720416846546335,-0.14124997704400605,-0.13291664374367912,5.716250179896439,5.724583513196233,2,1
-0.12874997709351566,5.720416846546335,-0.13291664374367912,-0.12458331044335219,5.716250179896439,5.724583513196233,1,0
-0.12041664379318873,5.720416846546335,-0.12458331044335219,-0.11624997714302526,5.716250179896439,5.724583513196233,0,1
-0.1120833104928618,5.720416846546335,-0.11624997714302526,-0.10791664384269833,5.716250179896439,5.724583513196233,0,1
-0.10374997719253486,5.720416846546335,-0.10791664384269833,-0.0995833105423714,5.716250179896439,5.724583513196233,1,1
-0.09541664389220796,5.720416846546335,-0.0995833105423714,-0.09124997724204453,5.716250179896439,5.724583513196233,2,1
-0.08708331059188108,5.720416846546335,-0.09124997724204453,-0.0829166439417176,5.716250179896439,5.724583513196233,1,1
-0.07874997729155414,5.720416846546335,-0.0829166439417176,-0.07458331064139068,5.716250179896439,5.724583513196233,2,1
-0.07041664399122723,5.720416846546335,-0.07458331064139068,-0.06624997734106375,5.716250179896439,5.724583513196233,0,0
-0.062083310690900284,5.720416846546335,-0.06624997734106375,-0.05791664404073682,5.716250179896439,5.724583513196233,0,1
-0.05374997739057336,5.720416846546335,-0.05791664404073682,-0.04958331074040989,5.716250179896439,5.724583513196233,1,1
-0.04541664409024643,5.720416846546335,-0.04958331074040989,-0.04124997744008296,5.716250179896439,5.724583513196233,0,0
-0.0370833107899195,5.720416846546335,-0.04124997744008296,-0.032916644139756035,5.716250179896439,5.724583513196233,1,0
-0.02874997748959257,5.720416846546335,-0.032916644139756035,-0.024583310839429107,5.716250179896439,5.724583513196233,2,1
-0.020416644189265643,5.720416846546335,-0.024583310839429107,-0.01624997753910218,5.716250179896439,5.724583513196233,2,0
-0.012083310888938714,5.720416846546335,-0.01624997753910218,-0.00791664423877525,5.716250179896439,5.724583513196233,1,0
-0.0037499775886117863,5.720416846546335,-0.00791664423877525,0.0004166890615516783,5.716250179896439,5.724583513196233,1,0
0.0045833557117151424,5.720416846546335,0.0004166890615516783,0.008750022361878607,5.716250179896439,5.724583513196233,0,0
0.01291668901204207,5.720416846546335,0.008750022361878607,0.017083355662205535,5.716250179896439,5.724583513196233,2,0
0.021250022312369,5.720416846546335,0.017083355662205535,0.025416688962532463,5.716250179896439,5.724583513196233,1,1
0.02958335561269593,5.720416846546335,0.025416688962532463,0.03375002226285939,5.716250179896439,5.724583513196233,2,0
0.0379166889130228,5.720416846546335,0.03375002226285939,0.04208335556318621,5.716250179896439,5.724583513196233,1,1
0.04625002221334968,5.720416846546335,0.04208335556318621,0.05041668886351314,5.716250179896439,5.724583513196233,0,1
0.054583355513676594,5.720416846546335,0.05041668886351314,0.058750022163840065,5.716250179896439,5.724583513196233,2,0
0.06291668881400353,5.720416846546335,0.058750022163840065,0.067083355464167,5.716250179896439,5.724583513196233,2,1
0.07125002211433046,5.720416846546335,0.067083355464167,0.07541668876449392,5.716250179896439,5.724583513196233,2,0
0.07958335541465739,5.720416846546335,0.07541668876449392,0.08375002206482085,5.716250179896439,5.724583513196233,1,0
0.08791668871498433,5.720416846546335,0.08375002206482085,0.09208335536514778,5.716250179896439,5.724583513196233,1,1
-0.42874997590528496,5.712083513246542,-0.43291664255544837,-0.42458330925512144,5.7079168465966434,5.716250179896439,0,0
-0.420416642604958,5.712083513246542,-0.42458330925512144,-0.4162499759547945,5.7079168465966434,5.716250179896439,2,1
-0.41208330930463105,5.712083513246542,-0.4162499759547945,-0.4079166426544676,5.7079168465966434,5.716250179896439,1,0
-0.4037499760043041,5.712083513246542,-0.4079166426544676,-0.39958330935414066,5.7079168465966434,5.716250179896439,0,1
-0.3954166427039772,5.712083513246542,-0.39958330935414066,-0.39124997605381373,5.7079168465966434,5.716250179896439,2,0
-0.3870833094036502,5.712083513246542,-0.39124997605381373,-0.3829166427534868,5.7079168465966434,5.716250179896439,0,1
-0.3787499761033233,5.712083513246542,-0.3829166427534868,-0.3745833094531599,5.7079168465966434,5.716250179896439,0,1
-0.37041664280299647,5.712083513246542,-0.3745833094531599,-0.36624997615283295,5.7079168465966434,5.716250179896439,0,1
-0.36208330950266954,5.712083513246542,-0.36624997615283295,-0.357916642852506,5.7079168465966434,5.716250179896439,1,1
-0.3537499762023425,5.712083513246542,-0.357916642852506,-0.3495833095521791,5.7079168465966434,5.716250179896439,0,0
-0.3454166429020157,5.712083513246542,-0.3495833095521791,-0.34124997625185216,5.7079168465966434,5.716250179896439,2,1
-0.3370833096016887,5.712083513246541,-0.34124997625185216,-0.3329166429515253,5.7079168465966434,5.716250179896439,2,1
-0.3287499763013618,5.712083513246542,-0.3329166429515253,-0.32458330965119836,5.7079168465966434,5.716250179896439,0,0
-0.32041664300103495,5.712083513246542,-0.32458330965119836,-0.31624997635087143,5.7079168465966434,5.716250179896439,0,1
-0.31208330970070797,5.712083513246542,-0.31624997635087143,-0.3079166430505445,5.7079168465966434,5.716250179896439,0,1
-0.30374997640038104,5.712083513246542,-0.3079166430505445,-0.2995833097502176,5.7079168465966434,5.716250179896439,2,1
-0.2954166431000541,5.712083513246542,-0.2995833097502176,-0.29124997644989065,5.7079168465966434,5.716250179896439,2,1
-0.2870833097997272,5.712083513246542,-0.29124997644989065,-0.2829166431495637,5.7079168465966434,5.716250179896439,1,1
-0.2787499764994002,5.712083513246542,-0.2829166431495637,-0.2745833098492368,5.7079168465966434,5.716250179896439,0,1
-0.2704166431990733,5.712083513246541,-0.2745833098492368,-0.2662499765489099,5.7079168465966434,5.716250179896439,2,0
-0.26208330989874645,5.712083513246542,-0.2662499765489099,-0.257916643248583,5.7079168465966434,5.716250179896439,0,1
-0.2537499765984195,5.712083513246542,-0.257916643248583,-0.24958330994825606,5.7079168465966434,5.716250179896439,1,1
-0.2454166432980926,5.712083513246542,-0.24958330994825606,-0.24124997664792913,5.7079168465966434,5.716250179896439,2,0
-0.23708330999776567,5.712083513246542,-0.24124997664792913,-0.2329166433476022,5.7079168465966434,5.716250179896439,1,1
-0.22874997669743877,5.712083513246542,-0.2329166433476022,-0.22458331004727528,5.7079168465966434,5.716250179896439,2,0
-0.2204166433971118,5.712083513246542,-0.22458331004727528,-0.21624997674694835,5.7079168465966434,5.716250179896439,2,1
-0.2120833100967849,5.712083513246542,-0.21624997674694835,-0.20791664344662142,5.7079168465966434,5.716250179896439,1,1
-0.20374997679645795,5.712083513246542,-0.20791664344662142,-0.1995833101462945,5.7079168465966434,5.716250179896439,2,1
-0.19541664349613103,5.712083513246542,-0.1995833101462945,-0.19124997684596756,5.7079168465966434,5.716250179896439,1,0
-0.1870833101958041,5.712083513246542,-0.19124997684596756,-0.18291664354564063,5.7079168465966434,5.716250179896439,0,0
-0.1787499768954772,5.712083513246541,-0.18291664354564063,-0.17458331024531376,5.7079168465966434,5.716250179896439,2,1
-0.1704166435951503,5.712083513246542,-0.17458331024531376,-0.16624997694498683,5.7079168465966434,5.716250179896439,2,1
-0.16208331029482337,5.712083513246542,-0.16624997694498683,-0.1579166436446599,5.7079168465966434,5.716250179896439,1,0
-0.1537499769944964,5.712083513246542,-0.1579166436446599,-0.14958331034433298,5.7079168465966434,5.716250179896439,1,1
-0.1454166436941695,5.712083513246542,-0.14958331034433298,-0.14124997704400605,5.7079168465966434,5.716250179896439,2,1
-0.13708331039384258,5.712083513246542,-0.14124997704400605,-0.13291664374367912,5.7079168465966434,5.716250179896439,2,0
-0.12874997709351568,5.712083513246542,-0.13291664374367912,-0.12458331044335219,5.7079168465966434,5.716250179896439,2,0
-0.12041664379318873,5.712083513246542,-0.12458331044335219,-0.11624997714302526,5.7079168465966434,5.716250179896439,2,1
-0.11208331049286178,5.712083513246542,-0.11624997714302526,-0.10791664384269833,5.7079168465966434,5.716250179896439,1,1
-0.10374997719253487,5.712083513246542,-0.10791664384269833,-0.0995833105423714,5.7079168465966434,5.716250179896439,2,1
-0.09541664389220797,5.712083513246541,-0.0995833105423714,-0.09124997724204453,5.7079168465966434,5.716250179896439,2,1
-0.08708331059188107,5.712083513246542,-0.09124997724204453,-0.0829166439417176,5.7079168465966434,5.716250179896439,2,0
-0.07874997729155414,5.712083513246542,-0.0829166439417176,-0.07458331064139068,5.7079168465966434,5.716250179896439,0,1
-0.07041664399122721,5.712083513246542,-0.07458331064139068,-0.06624997734106375,5.7079168465966434,5.716250179896439,1,0
-0.06208331069090029,5.712083513246542,-0.06624997734106375,-0.05791664404073682,5.7079168465966434,5.716250179896439,1,0
-0.053749977390573356,5.712083513246542,-0.05791664404073682,-0.04958331074040989,5.7079168465966434,5.716250179896439,1,0
-0.045416644090246434,5.712083513246542,-0.04958331074040989,-0.04124997744008296,5.7079168465966434,5.716250179896439,1,1
-0.0370833107899195,5.712083513246542,-0.04124997744008296,-0.032916644139756035,5.7079168465966434,5.716250179896439,2,1
-0.028749977489592574,5.712083513246542,-0.032916644139756035,-0.024583310839429107,5.7079168465966434,5.716250179896439,2,1
-0.020416644189265646,5.712083513246542,-0.024583310839429107,-0.01624997753910218,5.7079168465966434,5.716250179896439,1,0
-0.012083310888938714,5.712083513246542,-0.01624997753910218,-0.00791664423877525,5.7079168465966434,5.716250179896439,0,0
-0.003749977588611786,5.712083513246542,-0.00791664423877525,0.0004166890615516783,5.7079168465966434,5.716250179896439,2,1
0.0045833557117151424,5.712083513246542,0.0004166890615516783,0.008750022361878607,5.7079168465966434,5.716250179896439,1,0
0.01291668901204207,5.712083513246542,0.008750022361878607,0.017083355662205535,5.7079168465966434,5.716250179896439,0,1
0.021250022312369003,5.712083513246542,0.017083355662205535,0.025416688962532463,5.7079168465966434,5.716250179896439,0,0
0.029583355612695927,5.712083513246542,0.025416688962532463,0.03375002226285939,5.7079168465966434,5.716250179896439,2,0
0.03791668891302281,5.712083513246541,0.03375002226285939,0.04208335556318621,5.7079168465966434,5.716250179896439,2,0
0.04625002221334968,5.712083513246542,0.04208335556318621,0.05041668886351314,5.7079168465966434,5.716250179896439,1,0
0.0545833555136766,5.712083513246542,0.05041668886351314,0.058750022163840065,5.7079168465966434,5.716250179896439,0,1
0.06291668881400353,5.712083513246542,0.058750022163840065,0.067083355464167,5.7079168465966434,5.716250179896439,0,1
0.07125002211433044,5.712083513246542,0.067083355464167,0.07541668876449392,5.7079168465966434,5.716250179896439,0,0
0.07958335541465739,5.712083513246542,0.07541668876449392,0.08375002206482085,5.7079168465966434,5.716250179896439,1,1
-0.4537499758062657,5.703750179946747,-0.45791664245642916,-0.44958330915610223,5.699583513296848,5.7079168465966434,0,1
-0.4454166425059387,5.703750179946747,-0.44958330915610223,-0.4412499758557753,5.699583513296848,5.7079168465966434,1,1
-0.4370833092056119,5.703750179946747,-0.4412499758557753,-0.43291664255544837,5.699583513296848,5.7079168465966434,1,0
-0.42874997590528496,5.703750179946747,-0.43291664255544837,-0.42458330925512144,5.699583513296848,5.7079168465966434,2,1
-0.420416642604958,5.703750179946747,-0.42458330925512144,-0.4162499759547945,5.699583513296848,5.7079168465966434,0,0
-0.41208330930463105,5.703750179946747,-0.4162499759547945,-0.4079166426544676,5.699583513296848,5.7079168465966434,2,0
-0.4037499760043041,5.703750179946747,-0.4079166426544676,-0.39958330935414066,5.699583513296848,5.7079168465966434,1,1
-0.3954166427039772,5.703750179946747,-0.39958330935414066,-0.39124997605381373,5.699583513296848,5.7079168465966434,2,0
-0.3870833094036502,5.703750179946747,-0.39124997605381373,-0.3829166427534868,5.699583513296848,5.7079168465966434,1,1
-0.3787499761033233,5.703750179946747,-0.3829166427534868,-0.3745833094531599,5.699583513296848,5.7079168465966434,0,1
-0.37041664280299647,5.703750179946747,-0.3745833094531599,-0.36624997615283295,5.699583513296848,5.7079168465966434,0,0
-0.36208330950266954,5.703750179946747,-0.36624997615283295,-0.357916642852506,5.699583513296848,5.7079168465966434,0,1
-0.3537499762023425,5.703750179946747,-0.357916642852506,-0.3495833095521791,5.699583513296848,5.7079168465966434,1,0
-0.3454166429020157,5.703750179946747,-0.3495833095521791,-0.34124997625185216,5.699583513296848,5.7079168465966434,2,1
-0.3370833096016887,5.703750179946747,-0.34124997625185216,-0.3329166429515253,5.699583513296848,5.7079168465966434,2,0
-0.3287499763013618,5.703750179946747,-0.3329166429515253,-0.32458330965119836,5.699583513296848,5.7079168465966434,0,0
-0.32041664300103495,5.703750179946747,-0.32458330965119836,-0.31624997635087143,5.699583513296848,5.7079168465966434,0,0
-0.31208330970070797,5.703750179946747,-0.31624997635087143,-0.3079166430505445,5.699583513296848,5.7079168465966434,1,0
-0.30374997640038104,5.703750179946747,-0.3079166430505445,-0.2995833097502176,5.699583513296848,5.7079168465966434,1,0
-0.2954166431000541,5.703750179946747,-0.2995833097502176,-0.29124997644989065,5.699583513296848,5.7079168465966434,1,1
-0.2870833097997272,5.703750179946747,-0.29124997644989065,-0.2829166431495637,5.699583513296848,5.7079168465966434,1,1
-0.2787499764994002,5.703750179946747,-0.2829166431495637,-0.2745833098492368,5.699583513296848,5.7079168465966434,0,1
-0.2704166431990733,5.703750179946747,-0.2745833098492368,-0.2662499765489099,5.699583513296848,5.7079168465966434,0,1
-0.26208330989874645,5.703750179946747,-0.2662499765489099,-0.257916643248583,5.699583513296848,5.7079168465966434,1,0
-0.2537499765984195,5.703750179946747,-0.257916643248583,-0.24958330994825606,5.699583513296848,5.7079168465966434,0,0
-0.2454166432980926,5.703750179946747,-0.24958330994825606,-0.24124997664792913,5.699583513296848,5.7079168465966434,0,0
-0.23708330999776567,5.703750179946747,-0.24124997664792913,-0.2329166433476022,5.699583513296848,5.7079168465966434,0,1
-0.22874997669743877,5.703750179946747,-0.2329166433476022,-0.22458331004727528,5.699583513296848,5.7079168465966434,2,1
-0.2204166433971118,5.703750179946747,-0.22458331004727528,-0.21624997674694835,5.699583513296848,5.7079168465966434,2,1
-0.2120833100967849,5.703750179946747,-0.21624997674694835,-0.20791664344662142,5.699583513296848,5.7079168465966434,0,1
-0.20374997679645795,5.703750179946747,-0.20791664344662142,-0.1995833101462945,5.699583513296848,5.7079168465966434,0,0
-0.19541664349613103,5.703750179946747,-0.1995833101462945,-0.19124997684596756,5.699583513296848,5.7079168465966434,1,1
-0.1870833101958041,5.703750179946747,-0.19124997684596756,-0.18291664354564063,5.699583513296848,5.7079168465966434,0,1
-0.1787499768954772,5.703750179946747,-0.18291664354564063,-0.17458331024531376,5.699583513296848,5.7079168465966434,0,0
-0.1704166435951503,5.703750179946747,-0.17458331024531376,-0.16624997694498683,5.699583513296848,5.7079168465966434,0,1
-0.16208331029482337,5.703750179946747,-0.16624997694498683,-0.1579166436446599,5.699583513296848,5.7079168465966434,0,1
-0.1537499769944964,5.703750179946747,-0.1579166436446599,-0.14958331034433298,5.699583513296848,5.7079168465966434,0,1
-0.1454166436941695,5.703750179946747,-0.14958331034433298,-0.14124997704400605,5.699583513296848,5.7079168465966434,2,1
-0.13708331039384258,5.703750179946747,-0.14124997704400605,-0.13291664374367912,5.699583513296848,5.7079168465966434,2,1
-0.12874997709351568,5.703750179946747,-0.13291664374367912,-0.12458331044335219,5.699583513296848,5.7079168465966434,1,0
-0.12041664379318873,5.703750179946747,-0.12458331044335219,-0.11624997714302526,5.699583513296848,5.7079168465966434,1,1
-0.11208331049286178,5.703750179946747,-0.11624997714302526,-0.10791664384269833,5.699583513296848,5.7079168465966434,0,1
-0.10374997719253487,5.703750179946747,-0.10791664384269833,-0.0995833105423714,5.699583513296848,5.7079168465966434,0,0
-0.09541664389220797,5.703750179946747,-0.0995833105423714,-0.09124997724204453,5.699583513296848,5.7079168465966434,0,0
-0.08708331059188107,5.703750179946747,-0.09124997724204453,-0.0829166439417176,5.699583513296848,5.7079168465966434,2,0
-0.07874997729155414,5.703750179946747,-0.0829166439417176,-0.07458331064139068,5.699583513296848,5.7079168465966434,2,1
-0.07041664399122721,5.703750179946747,-0.07458331064139068,-0.06624997734106375,5.699583513296848,5.7079168465966434,0,0
-0.06208331069090029,5.703750179946747,-0.06624997734106375,-0.05791664404073682,5.699583513296848,5.7079168465966434,1,1
-0.053749977390573356,5.703750179946747,-0.05791664404073682,-0.04958331074040989,5.699583513296848,5.7079168465966434,2,0
-0.045416644090246434,5.703750179946747,-0.04958331074040989,-0.04124997744008296,5.699583513296848,5.7079168465966434,0,0
-0.0370833107899195,5.703750179946747,-0.04124997744008296,-0.032916644139756035,5.699583513296848,5.7079168465966434,2,0
-0.028749977489592574,5.703750179946747,-0.032916644139756035,-0.024583310839429107,5.699583513296848,5.7079168465966434,0,1
-0.020416644189265646,5.703750179946747,-0.024583310839429107,-0.01624997753910218,5.699583513296848,5.7079168465966434,0,1
-0.012083310888938714,5.703750179946747,-0.01624997753910218,-0.00791664423877525,5.699583513296848,5.7079168465966434,2,0
-0.003749977588611786,5.703750179946747,-0.00791664423877525,0.0004166890615516783,5.699583513296848,5.7079168465966434,1,1
0.0045833557117151424,5.703750179946747,0.0004166890615516783,0.008750022361878607,5.699583513296848,5.7079168465966434,0,1
0.01291668901204207,5.703750179946747,0.008750022361878607,0.017083355662205535,5.699583513296848,5.7079168465966434,1,0
0.021250022312369003,5.703750179946747,0.017083355662205535,0.025416688962532463,5.699583513296848,5.7079168465966434,2,0
0.029583355612695927,5.703750179946747,0.025416688962532463,0.03375002226285939,5.699583513296848,5.7079168465966434,0,0
0.03791668891302281,5.703750179946747,0.03375002226285939,0.04208335556318621,5.699583513296848,5.7079168465966434,1,0
0.04625002221334968,5.703750179946747,0.04208335556318621,0.05041668886351314,5.699583513296848,5.7079168465966434,2,0
0.0545833555136766,5.703750179946747,0.05041668886351314,0.058750022163840065,5.699583513296848,5.7079168465966434,0,1
0.06291668881400353,5.703750179946747,0.058750022163840065,0.067083355464167,5.699583513296848,5.7079168465966434,2,0
0.07125002211433044,5.703750179946747,0.067083355464167,0.07541668876449392,5.699583513296848,5.7079168465966434,0,0
-0.46208330910659257,5.695416846646951,-0.46624997575675603,-0.45791664245642916,5.691250179997053,5.699583513296848,0,1
-0.4537499758062657,5.695416846646951,-0.45791664245642916,-0.44958330915610223,5.691250179997053,5.699583513296848,0,1
-0.4454166425059387,5.695416846646951,-0.44958330915610223,-0.4412499758557753,5.691250179997053,5.699583513296848,2,1
-0.4370833092056119,5.695416846646951,-0.4412499758557753,-0.43291664255544837,5.691250179997053,5.699583513296848,2,0
-0.42874997590528496,5.695416846646951,-0.43291664255544837,-0.42458330925512144,5.691250179997053,5.699583513296848,0,1
-0.420416642604958,5.695416846646951,-0.42458330925512144,-0.4162499759547945,5.691250179997053,5.699583513296848,1,1
-0.41208330930463105,5.695416846646951,-0.4162499759547945,-0.4079166426544676,5.691250179997053,5.699583513296848,1,1
-0.4037499760043041,5.695416846646951,-0.4079166426544676,-0.39958330935414066,5.691250179997053,5.699583513296848,1,0
-0.3954166427039772,5.695416846646951,-0.39958330935414066,-0.39124997605381373,5.691250179997053,5.699583513296848,0,1
-0.3870833094036502,5.695416846646951,-0.39124997605381373,-0.3829166427534868,5.691250179997053,5.699583513296848,0,0
-0.3787499761033233,5.695416846646951,-0.3829166427534868,-0.3745833094531599,5.691250179997053,5.699583513296848,2,0
-0.37041664280299647,5.695416846646951,-0.3745833094531599,-0.36624997615283295,5.691250179997053,5.699583513296848,2,1
-0.36208330950266954,5.695416846646951,-0.36624997615283295,-0.357916642852506,5.691250179997053,5.699583513296848,1,1
-0.3537499762023425,5.695416846646951,-0.357916642852506,-0.3495833095521791,5.691250179997053,5.699583513296848,0,0
-0.3454166429020157,5.695416846646951,-0.3495833095521791,-0.34124997625185216,5.691250179997053,5.699583513296848,0,0
-0.3370833096016887,5.695416846646951,-0.34124997625185216,-0.3329166429515253,5.691250179997053,5.699583513296848,0,1
-0.3287499763013618,5.695416846646951,-0.3329166429515253,-0.32458330965119836,5.691250179997053,5.699583513296848,2,1
-0.32041664300103495,5.695416846646951,-0.32458330965119836,-0.31624997635087143,5.691250179997053,5.699583513296848,2,1
-0.31208330970070797,5.695416846646951,-0.31624997635087143,-0.3079166430505445,5.691250179997053,5.699583513296848,2,1
-0.30374997640038104,5.695416846646951,-0.3079166430505445,-0.2995833097502176,5.691250179997053,5.699583513296848,2,0
-0.2954166431000541,5.695416846646951,-0.2995833097502176,-0.29124997644989065,5.691250179997053,5.699583513296848,0,0
-0.2870833097997272,5.695416846646951,-0.29124997644989065,-0.2829166431495637,5.691250179997053,5.699583513296848,0,0
-0.2787499764994002,5.695416846646951,-0.2829166431495637,-0.2745833098492368,5.691250179997053,5.699583513296848,2,1
-0.2704166431990733,5.695416846646951,-0.2745833098492368,-0.2662499765489099,5.691250179997053,5.699583513296848,0,1
-0.26208330989874645,5.695416846646951,-0.2662499765489099,-0.257916643248583,5.691250179997053,5.699583513296848,1,0
-0.2537499765984195,5.695416846646951,-0.257916643248583,-0.24958330994825606,5.691250179997053,5.699583513296848,1,1
-0.2454166432980926,5.695416846646951,-0.24958330994825606,-0.24124997664792913,5.691250179997053,5.699583513296848,0,0
-0.23708330999776567,5.695416846646951,-0.24124997664792913,-0.2329166433476022,5.691250179997053,5.699583513296848,0,1
-0.22874997669743877,5.695416846646951,-0.2329166433476022,-0.22458331004727528,5.691250179997053,5.699583513296848,0,0
-0.2204166433971118,5.695416846646951,-0.22458331004727528,-0.21624997674694835,5.691250179997053,5.699583513296848,1,1
-0.2120833100967849,5.695416846646951,-0.21624997674694835,-0.20791664344662142,5.691250179997053,5.699583513296848,0,0
-0.20374997679645795,5.695416846646951,-0.20791664344662142,-0.1995833101462945,5.691250179997053,5.699583513296848,0,0
-0.19541664349613103,5.695416846646951,-0.1995833101462945,-0.19124997684596756,5.691250179997053,5.699583513296848,0,1
-0.1870833101958041,5.695416846646951,-0.19124997684596756,-0.18291664354564063,5.691250179997053,5.699583513296848,1,1
-0.1787499768954772,5.695416846646951,-0.18291664354564063,-0.17458331024531376,5.691250179997053,5.699583513296848,2,0
-0.1704166435951503,5.695416846646951,-0.17458331024531376,-0.16624997694498683,5.691250179997053,5.699583513296848,0,1
-0.16208331029482337,5.695416846646951,-0.16624997694498683,-0.1579166436446599,5.691250179997053,5.699583513296848,2,0
-0.1537499769944964,5.695416846646951,-0.1579166436446599,-0.14958331034433298,5.691250179997053,5.699583513296848,0,0
-0.1454166436941695,5.695416846646951,-0.14958331034433298,-0.14124997704400605,5.691250179997053,5.699583513296848,1,0
-0.13708331039384258,5.695416846646951,-0.14124997704400605,-0.13291664374367912,5.691250179997053,5.699583513296848,2,1
-0.12874997709351568,5.695416846646951,-0.13291664374367912,-0.12458331044335219,5.691250179997053,5.699583513296848,2,1
-0.12041664379318873,5.695416846646951,-0.12458331044335219,-0.11624997714302526,5.691250179997053,5.699583513296848,1,0
-0.11208331049286178,5.695416846646951,-0.11624997714302526,-0.10791664384269833,5.691250179997053,5.699583513296848,0,0
-0.10374997719253487,5.695416846646951,-0.10791664384269833,-0.0995833105423714,5.691250179997053,5.699583513296848,1,0
-0.09541664389220797,5.695416846646951,-0.0995833105423714,-0.09124997724204453,5.691250179997053,5.699583513296848,0,0
-0.08708331059188107,5.695416846646951,-0.09124997724204453,-0.0829166439417176,5.691250179997053,5.699583513296848,1,1
-0.07874997729155414,5.695416846646951,-0.0829166439417176,-0.07458331064139068,5.691250179997053,5.699583513296848,1,1
-0.07041664399122721,5.695416846646951,-0.07458331064139068,-0.06624997734106375,5.691250179997053,5.699583513296848,2,1
-0.06208331069090029,5.695416846646951,-0.06624997734106375,-0.05791664404073682,5.691250179997053,5.699583513296848,0,1
-0.053749977390573356,5.695416846646951,-0.05791664404073682,-0.04958331074040989,5.691250179997053,5.699583513296848,1,0
-0.045416644090246434,5.695416846646951,-0.04958331074040989,-0.04124997744008296,5.691250179997053,5.699583513296848,2,1
-0.0370833107899195,5.695416846646951,-0.04124997744008296,-0.032916644139756035,5.691250179997053,5.699583513296848,0,0
-0.028749977489592574,5.695416846646951,-0.032916644139756035,-0.024583310839429107,5.691250179997053,5.699583513296848,2,1
-0.020416644189265646,5.695416846646951,-0.024583310839429107,-0.01624997753910218,5.691250179997053,5.699583513296848,1,0
-0.012083310888938714,5.695416846646951,-0.01624997753910218,-0.00791664423877525,5.691250179997053,5.699583513296848,0,0
-0.003749977588611786,5.695416846646951,-0.00791664423877525,0.0004166890615516783,5.691250179997053,5.699583513296848,1,0
0.0045833557117151424,5.695416846646951,0.0004166890615516783,0.008750022361878607,5.691250179997053,5.699583513296848,0,0
0.01291668901204207,5.695416846646951,0.008750022361878607,0.017083355662205535,5.691250179997053,5.699583513296848,0,0
0.021250022312369003,5.695416846646951,0.017083355662205535,0.025416688962532463,5.691250179997053,5.699583513296848,0,0
0.029583355612695927,5.695416846646951,0.025416688962532463,0.03375002226285939,5.691250179997053,5.699583513296848,0,0
0.03791668891302281,5.695416846646951,0.03375002226285939,0.04208335556318621,5.691250179997053,5.699583513296848,0,1
0.04625002221334968,5.695416846646951,0.04208335556318621,0.05041668886351314,5.691250179997053,5.699583513296848,1,0
0.0545833555136766,5.695416846646951,0.05041668886351314,0.058750022163840065,5.691250179997053,5.699583513296848,1,1
0.06291668881400353,5.695416846646951,0.058750022163840065,0.067083355464167,5.691250179997053,5.699583513296848,2,1
0.07125002211433044,5.695416846646951,0.067083355464167,0.07541668876449392,5.691250179997053,5.699583513296848,2,0
-0.47041664240691955,5.687083513347156,-0.47458330905708296,-0.46624997575675603,5.682916846697259,5.691250179997053,2,1
-0.4620833091065926,5.687083513347156,-0.46624997575675603,-0.45791664245642916,5.682916846697259,5.691250179997053,0,0
-0.4537499758062657,5.687083513347156,-0.45791664245642916,-0.44958330915610223,5.682916846697259,5.691250179997053,0,1
-0.44541664250593876,5.687083513347156,-0.44958330915610223,-0.4412499758557753,5.682916846697259,5.691250179997053,2,0
-0.43708330920561184,5.687083513347156,-0.4412499758557753,-0.43291664255544837,5.682916846697259,5.691250179997053,1,0
-0.42874997590528496,5.687083513347156,-0.43291664255544837,-0.42458330925512144,5.682916846697259,5.691250179997053,0,1
-0.4204166426049579,5.687083513347156,-0.42458330925512144,-0.4162499759547945,5.682916846697259,5.691250179997053,0,0
-0.41208330930463105,5.687083513347156,-0.4162499759547945,-0.4079166426544676,5.682916846697259,5.691250179997053,0,0
-0.4037499760043042,5.687083513347156,-0.4079166426544676,-0.39958330935414066,5.682916846697259,5.691250179997053,0,0
-0.3954166427039772,5.687083513347156,-0.39958330935414066,-0.39124997605381373,5.682916846697259,5.691250179997053,2,0
-0.38708330940365027,5.687083513347156,-0.39124997605381373,-0.3829166427534868,5.682916846697259,5.691250179997053,1,0
-0.3787499761033233,5.687083513347156,-0.3829166427534868,-0.3745833094531599,5.682916846697259,5.691250179997053,0,0
-0.37041664280299647,5.687083513347156,-0.3745833094531599,-0.36624997615283295,5.682916846697259,5.691250179997053,1,0
-0.3620833095026695,5.687083513347156,-0.36624997615283295,-0.357916642852506,5.682916846697259,5.691250179997053,1,1
-0.35374997620234255,5.687083513347156,-0.357916642852506,-0.3495833095521791,5.682916846697259,5.691250179997053,0,0
-0.3454166429020156,5.687083513347156,-0.3495833095521791,-0.34124997625185216,5.682916846697259,5.691250179997053,1,1
-0.3370833096016887,5.687083513347156,-0.34124997625185216,-0.3329166429515253,5.682916846697259,5.691250179997053,1,1
-0.32874997630136177,5.687083513347156,-0.3329166429515253,-0.32458330965119836,5.682916846697259,5.691250179997053,0,1
-0.3204166430010349,5.687083513347156,-0.32458330965119836,-0.31624997635087143,5.682916846697259,5.691250179997053,2,0
-0.31208330970070797,5.687083513347156,-0.31624997635087143,-0.3079166430505445,5.682916846697259,5.691250179997053,1,1
-0.30374997640038104,5.687083513347156,-0.3079166430505445,-0.2995833097502176,5.682916846697259,5.691250179997053,2,0
-0.2954166431000541,5.687083513347156,-0.2995833097502176,-0.29124997644989065,5.682916846697259,5.691250179997053,0,1
-0.28708330979972724,5.687083513347156,-0.29124997644989065,-0.2829166431495637,5.682916846697259,5.691250179997053,0,0
-0.27874997649940025,5.687083513347156,-0.2829166431495637,-0.2745833098492368,5.682916846697259,5.691250179997053,1,1
-0.2704166431990733,5.687083513347156,-0.2745833098492368,-0.2662499765489099,5.682916846697259,5.691250179997053,1,0
-0.26208330989874645,5.687083513347156,-0.2662499765489099,-0.257916643248583,5.682916846697259,5.691250179997053,1,1
-0.2537499765984195,5.687083513347156,-0.257916643248583,-0.24958330994825606,5.682916846697259,5.691250179997053,1,0
-0.2454166432980926,5.687083513347156,-0.24958330994825606,-0.24124997664792913,5.682916846697259,5.691250179997053,1,0
-0.2370833099977657,5.687083513347156,-0.24124997664792913,-0.2329166433476022,5.682916846697259,5.691250179997053,1,1
-0.22874997669743874,5.687083513347156,-0.2329166433476022,-0.22458331004727528,5.682916846697259,5.691250179997053,1,1
-0.22041664339711184,5.687083513347156,-0.22458331004727528,-0.21624997674694835,5.682916846697259,5.691250179997053,1,0
-0.21208331009678488,5.687083513347156,-0.21624997674694835,-0.20791664344662142,5.682916846697259,5.691250179997053,2,0
-0.20374997679645793,5.687083513347156,-0.20791664344662142,-0.1995833101462945,5.682916846697259,5.691250179997053,1,1
-0.195416643496131,5.687083513347156,-0.1995833101462945,-0.19124997684596756,5.682916846697259,5.691250179997053,0,1
-0.1870833101958041,5.687083513347156,-0.19124997684596756,-0.18291664354564063,5.682916846697259,5.691250179997053,2,0
-0.1787499768954772,5.687083513347156,-0.18291664354564063,-0.17458331024531376,5.682916846697259,5.691250179997053,1,1
-0.1704166435951503,5.687083513347156,-0.17458331024531376,-0.16624997694498683,5.682916846697259,5.691250179997053,2,1
-0.16208331029482337,5.687083513347156,-0.16624997694498683,-0.1579166436446599,5.682916846697259,5.691250179997053,1,1
-0.1537499769944964,5.687083513347156,-0.1579166436446599,-0.14958331034433298,5.682916846697259,5.691250179997053,0,1
-0.1454166436941695,5.687083513347156,-0.14958331034433298,-0.14124997704400605,5.682916846697259,5.691250179997053,0,0
-0.13708331039384258,5.687083513347156,-0.14124997704400605,-0.13291664374367912,5.682916846697259,5.691250179997053,2,1
-0.12874997709351566,5.687083513347156,-0.13291664374367912,-0.12458331044335219,5.682916846697259,5.691250179997053,1,1
-0.12041664379318873,5.687083513347156,-0.12458331044335219,-0.11624997714302526,5.682916846697259,5.691250179997053,0,0
-0.1120833104928618,5.687083513347156,-0.11624997714302526,-0.10791664384269833,5.682916846697259,5.691250179997053,1,0
-0.10374997719253486,5.687083513347156,-0.10791664384269833,-0.0995833105423714,5.682916846697259,5.691250179997053,2,0
-0.09541664389220796,5.687083513347156,-0.0995833105423714,-0.09124997724204453,5.682916846697259,5.691250179997053,2,1
-0.08708331059188108,5.687083513347156,-0.09124997724204453,-0.0829166439417176,5.682916846697259,5.691250179997053,2,1
-0.07874997729155414,5.687083513347156,-0.0829166439417176,-0.07458331064139068,5.682916846697259,5.691250179997053,2,1
-0.07041664399122723,5.687083513347156,-0.07458331064139068,-0.06624997734106375,5.682916846697259,5.691250179997053,1,1
-0.062083310690900284,5.687083513347156,-0.06624997734106375,-0.05791664404073682,5.682916846697259,5.691250179997053,1,1
-0.05374997739057336,5.687083513347156,-0.05791664404073682,-0.04958331074040989,5.682916846697259,5.691250179997053,2,0
-0.04541664409024643,5.687083513347156,-0.04958331074040989,-0.04124997744008296,5.682916846697259,5.691250179997053,2,1
-0.0370833107899195,5.687083513347156,-0.04124997744008296,-0.032916644139756035,5.682916846697259,5.691250179997053,1,1
-0.02874997748959257,5.687083513347156,-0.032916644139756035,-0.024583310839429107,5.682916846697259,5.691250179997053,2,0
-0.020416644189265643,5.687083513347156,-0.024583310839429107,-0.01624997753910218,5.682916846697259,5.691250179997053,1,1
-0.012083310888938714,5.687083513347156,-0.01624997753910218,-0.00791664423877525,5.682916846697259,5.691250179997053,0,1
-0.0037499775886117863,5.687083513347156,-0.00791664423877525,0.0004166890615516783,5.682916846697259,5.691250179997053,2,1
0.0045833557117151424,5.687083513347156,0.0004166890615516783,0.008750022361878607,5.682916846697259,5.691250179997053,2,0
0.01291668901204207,5.687083513347156,0.008750022361878607,0.017083355662205535,5.682916846697259,5.691250179997053,2,0
0.021250022312369,5.687083513347156,0.017083355662205535,0.025416688962532463,5.682916846697259,5.691250179997053,2,1
0.02958335561269593,5.687083513347156,0.025416688962532463,0.03375002226285939,5.682916846697259,5.691250179997053,0,0
0.0379166889130228,5.6870835133471545,0.03375002226285939,0.04208335556318621,5.682916846697259,5.691250179997053,1,0
0.04625002221334968,5.687083513347156,0.04208335556318621,0.05041668886351314,5.682916846697259,5.691250179997053,0,1
0.054583355513676594,5.687083513347156,0.05041668886351314,0.058750022163840065,5.682916846697259,5.691250179997053,1,1
0.06291668881400353,5.687083513347156,0.058750022163840065,0.067083355464167,5.682916846697259,5.691250179997053,2,1
0.07125002211433046,5.687083513347156,0.067083355464167,0.07541668876449392,5.682916846697259,5.691250179997053,2,0
-0.4787499757072465,5.67875018004736,-0.4829166423574099,-0.47458330905708296,5.674583513397463,5.682916846697259,2,1
-0.47041664240691955,5.67875018004736,-0.47458330905708296,-0.46624997575675603,5.674583513397463,5.682916846697259,2,1
-0.46208330910659257,5.67875018004736,-0.46624997575675603,-0.45791664245642916,5.674583513397463,5.682916846697259,1,1
-0.4537499758062657,5.67875018004736,-0.45791664245642916,-0.44958330915610223,5.674583513397463,5.682916846697259,0,1
-0.4454166425059387,5.67875018004736,-0.44958330915610223,-0.4412499758557753,5.674583513397463,5.682916846697259,0,1
-0.4370833092056119,5.67875018004736,-0.4412499758557753,-0.43291664255544837,5.674583513397463,5.682916846697259,1,1
-0.42874997590528496,5.67875018004736,-0.43291664255544837,-0.42458330925512144,5.674583513397463,5.682916846697259,1,1
-0.420416642604958,5.67875018004736,-0.42458330925512144,-0.4162499759547945,5.674583513397463,5.682916846697259,0,1
-0.41208330930463105,5.67875018004736,-0.4162499759547945,-0.4079166426544676,5.674583513397463,5.682916846697259,1,0
-0.4037499760043041,5.67875018004736,-0.4079166426544676,-0.39958330935414066,5.674583513397463,5.682916846697259,2,0
-0.3954166427039772,5.67875018004736,-0.39958330935414066,-0.39124997605381373,5.674583513397463,5.682916846697259,1,0
-0.3870833094036502,5.67875018004736,-0.39124997605381373,-0.3829166427534868,5.674583513397463,5.682916846697259,2,0
-0.3787499761033233,5.67875018004736,-0.3829166427534868,-0.3745833094531599,5.674583513397463,5.682916846697259,1,0
-0.37041664280299647,5.67875018004736,-0.3745833094531599,-0.36624997615283295,5.674583513397463,5.682916846697259,2,1
-0.36208330950266954,5.67875018004736,-0.36624997615283295,-0.357916642852506,5.674583513397463,5.682916846697259,0,1
-0.3537499762023425,5.67875018004736,-0.357916642852506,-0.3495833095521791,5.674583513397463,5.682916846697259,0,1
-0.3454166429020157,5.67875018004736,-0.3495833095521791,-0.34124997625185216,5.674583513397463,5.682916846697259,2,0
-0.3370833096016887,5.67875018004736,-0.34124997625185216,-0.3329166429515253,5.674583513397463,5.682916846697259,2,0
-0.3287499763013618,5.67875018004736,-0.3329166429515253,-0.32458330965119836,5.674583513397463,5.682916846697259,0,1
-0.32041664300103495,5.67875018004736,-0.32458330965119836,-0.31624997635087143,5.674583513397463,5.682916846697259,1,0
-0.31208330970070797,5.67875018004736,-0.31624997635087143,-0.3079166430505445,5.674583513397463,5.682916846697259,2,0
-0.30374997640038104,5.67875018004736,-0.3079166430505445,-0.2995833097502176,5.674583513397463,5.682916846697259,0,0
-0.2954166431000541,5.67875018004736,-0.2995833097502176,-0.29124997644989065,5.674583513397463,5.682916846697259,0,1
-0.2870833097997272,5.67875018004736,-0.29124997644989065,-0.2829166431495637,5.674583513397463,5.682916846697259,2,1
-0.2787499764994002,5.67875018004736,-0.2829166431495637,-0.2745833098492368,5.674583513397463,5.682916846697259,0,1
-0.2704166431990733,5.67875018004736,-0.2745833098492368,-0.2662499765489099,5.674583513397463,5.682916846697259,1,0
-0.26208330989874645,5.67875018004736,-0.2662499765489099,-0.257916643248583,5.674583513397463,5.682916846697259,0,1
-0.2537499765984195,5.67875018004736,-0.257916643248583,-0.24958330994825606,5.674583513397463,5.682916846697259,1,1
-0.2454166432980926,5.67875018004736,-0.24958330994825606,-0.24124997664792913,5.674583513397463,5.682916846697259,0,0
-0.23708330999776567,5.67875018004736,-0.24124997664792913,-0.2329166433476022,5.674583513397463,5.682916846697259,1,1
-0.22874997669743877,5.67875018004736,-0.2329166433476022,-0.22458331004727528,5.674583513397463,5.682916846697259,1,1
-0.2204166433971118,5.67875018004736,-0.22458331004727528,-0.21624997674694835,5.674583513397463,5.682916846697259,2,1
-0.2120833100967849,5.67875018004736,-0.21624997674694835,-0.20791664344662142,5.674583513397463,5.682916846697259,2,0
-0.20374997679645795,5.67875018004736,-0.20791664344662142,-0.1995833101462945,5.674583513397463,5.682916846697259,1,0
-0.19541664349613103,5.67875018004736,-0.1995833101462945,-0.19124997684596756,5.674583513397463,5.682916846697259,1,1
-0.1870833101958041,5.67875018004736,-0.19124997684596756,-0.18291664354564063,5.674583513397463,5.682916846697259,2,1
-0.1787499768954772,5.67875018004736,-0.18291664354564063,-0.17458331024531376,5.674583513397463,5.682916846697259,1,0
-0.1704166435951503,5.67875018004736,-0.17458331024531376,-0.16624997694498683,5.674583513397463,5.682916846697259,2,1
-0.16208331029482337,5.67875018004736,-0.16624997694498683,-0.1579166436446599,5.674583513397463,5.682916846697259,1,0
-0.1537499769944964,5.67875018004736,-0.1579166436446599,-0.14958331034433298,5.674583513397463,5.682916846697259,1,1
-0.1454166436941695,5.67875018004736,-0.14958331034433298,-0.14124997704400605,5.674583513397463,5.682916846697259,2,1
-0.13708331039384258,5.67875018004736,-0.14124997704400605,-0.13291664374367912,5.674583513397463,5.682916846697259,1,0
-0.12874997709351568,5.67875018004736,-0.13291664374367912,-0.12458331044335219,5.674583513397463,5.682916846697259,0,1
-0.12041664379318873,5.67875018004736,-0.12458331044335219,-0.11624997714302526,5.674583513397463,5.682916846697259,1,1
-0.11208331049286178,5.67875018004736,-0.11624997714302526,-0.10791664384269833,5.674583513397463,5.682916846697259,0,1
-0.10374997719253487,5.67875018004736,-0.10791664384269833,-0.0995833105423714,5.674583513397463,5.682916846697259,1,0
-0.09541664389220797,5.67875018004736,-0.0995833105423714,-0.09124997724204453,5.674583513397463,5.682916846697259,1,0
-0.08708331059188107,5.67875018004736,-0.09124997724204453,-0.0829166439417176,5.674583513397463,5.682916846697259,2,0
-0.07874997729155414,5.67875018004736,-0.0829166439417176,-0.07458331064139068,5.674583513397463,5.682916846697259,1,1
-0.07041664399122721,5.67875018004736,-0.07458331064139068,-0.06624997734106375,5.674583513397463,5.682916846697259,2,1
-0.06208331069090029,5.67875018004736,-0.06624997734106375,-0.05791664404073682,5.674583513397463,5.682916846697259,1,1
-0.053749977390573356,5.67875018004736,-0.05791664404073682,-0.04958331074040989,5.674583513397463,5.682916846697259,2,1
-0.045416644090246434,5.67875018004736,-0.04958331074040989,-0.04124997744008296,5.674583513397463,5.682916846697259,1,0
-0.0370833107899195,5.67875018004736,-0.04124997744008296,-0.032916644139756035,5.674583513397463,5.682916846697259,0,0
-0.028749977489592574,5.67875018004736,-0.032916644139756035,-0.024583310839429107,5.674583513397463,5.682916846697259,2,1
-0.020416644189265646,5.67875018004736,-0.024583310839429107,-0.01624997753910218,5.674583513397463,5.682916846697259,2,0
-0.012083310888938714,5.67875018004736,-0.01624997753910218,-0.00791664423877525,5.674583513397463,5.682916846697259,1,0
-0.003749977588611786,5.67875018004736,-0.00791664423877525,0.0004166890615516783,5.674583513397463,5.682916846697259,0,0
0.0045833557117151424,5.67875018004736,0.0004166890615516783,0.008750022361878607,5.674583513397463,5.682916846697259,0,0
0.01291668901204207,5.67875018004736,0.008750022361878607,0.017083355662205535,5.674583513397463,5.682916846697259,1,1
0.021250022312369003,5.67875018004736,0.017083355662205535,0.025416688962532463,5.674583513397463,5.682916846697259,2,0
0.029583355612695927,5.67875018004736,0.025416688962532463,0.03375002226285939,5.674583513397463,5.682916846697259,1,1
0.03791668891302281,5.678750180047361,0.03375002226285939,0.04208335556318621,5.674583513397463,5.682916846697259,0,1
0.04625002221334968,5.67875018004736,0.04208335556318621,0.05041668886351314,5.674583513397463,5.682916846697259,0,1
0.0545833555136766,5.67875018004736,0.05041668886351314,0.058750022163840065,5.674583513397463,5.682916846697259,0,0
0.06291668881400353,5.67875018004736,0.058750022163840065,0.067083355464167,5.674583513397463,5.682916846697259,2,0
0.07125002211433044,5.67875018004736,0.067083355464167,0.07541668876449392,5.674583513397463,5.682916846697259,0,1
-0.48708330900757335,5.670416846747565,-0.4912499756577368,-0.4829166423574099,5.666250180097668,5.674583513397463,0,0
-0.4787499757072465,5.670416846747565,-0.4829166423574099,-0.47458330905708296,5.666250180097668,5.674583513397463,0,0
-0.47041664240691955,5.670416846747565,-0.47458330905708296,-0.46624997575675603,5.666250180097668,5.674583513397463,2,1
-0.46208330910659257,5.670416846747565,-0.46624997575675603,-0.45791664245642916,5.666250180097668,5.674583513397463,0,0
-0.4537499758062657,5.670416846747565,-0.45791664245642916,-0.44958330915610223,5.666250180097668,5.674583513397463,2,0
-0.4454166425059387,5.670416846747565,-0.44958330915610223,-0.4412499758557753,5.666250180097668,5.674583513397463,2,0
-0.4370833092056119,5.670416846747565,-0.4412499758557753,-0.43291664255544837,5.666250180097668,5.674583513397463,1,0
-0.42874997590528496,5.670416846747565,-0.43291664255544837,-0.42458330925512144,5.666250180097668,5.674583513397463,1,1
-0.420416642604958,5.670416846747565,-0.42458330925512144,-0.4162499759547945,5.666250180097668,5.674583513397463,1,0
-0.41208330930463105,5.670416846747565,-0.4162499759547945,-0.4079166426544676,5.666250180097668,5.674583513397463,0,0
-0.4037499760043041,5.670416846747565,-0.4079166426544676,-0.39958330935414066,5.666250180097668,5.674583513397463,1,0
-0.3954166427039772,5.670416846747565,-0.39958330935414066,-0.39124997605381373,5.666250180097668,5.674583513397463,1,0
-0.3870833094036502,5.670416846747565,-0.39124997605381373,-0.3829166427534868,5.666250180097668,5.674583513397463,2,1
-0.3787499761033233,5.670416846747565,-0.3829166427534868,-0.3745833094531599,5.666250180097668,5.674583513397463,0,0
-0.37041664280299647,5.670416846747565,-0.3745833094531599,-0.36624997615283295,5.666250180097668,5.674583513397463,2,1
-0.36208330950266954,5.670416846747565,-0.36624997615283295,-0.357916642852506,5.666250180097668,5.674583513397463,2,0
-0.3537499762023425,5.670416846747565,-0.357916642852506,-0.3495833095521791,5.666250180097668,5.674583513397463,2,0
-0.3454166429020157,5.670416846747565,-0.3495833095521791,-0.34124997625185216,5.666250180097668,5.674583513397463,0,0
-0.3370833096016887,5.670416846747565,-0.34124997625185216,-0.3329166429515253,5.666250180097668,5.674583513397463,1,1
-0.3287499763013618,5.670416846747565,-0.3329166429515253,-0.32458330965119836,5.666250180097668,5.674583513397463,2,0
-0.32041664300103495,5.670416846747565,-0.32458330965119836,-0.31624997635087143,5.666250180097668,5.674583513397463,0,1
-0.31208330970070797,5.670416846747565,-0.31624997635087143,-0.3079166430505445,5.666250180097668,5.674583513397463,0,1
-0.30374997640038104,5.670416846747565,-0.3079166430505445,-0.2995833097502176,5.666250180097668,5.674583513397463,2,0
-0.2954166431000541,5.670416846747565,-0.2995833097502176,-0.29124997644989065,5.666250180097668,5.674583513397463,0,1
-0.2870833097997272,5.670416846747565,-0.29124997644989065,-0.2829166431495637,5.666250180097668,5.674583513397463,1,0
-0.2787499764994002,5.670416846747565,-0.2829166431495637,-0.2745833098492368,5.666250180097668,5.674583513397463,0,1
-0.2704166431990733,5.670416846747565,-0.2745833098492368,-0.2662499765489099,5.666250180097668,5.674583513397463,2,1
-0.26208330989874645,5.670416846747565,-0.2662499765489099,-0.257916643248583,5.666250180097668,5.674583513397463,1,1
-0.2537499765984195,5.670416846747565,-0.257916643248583,-0.24958330994825606,5.666250180097668,5.674583513397463,2,1
-0.2454166432980926,5.670416846747565,-0.24958330994825606,-0.24124997664792913,5.666250180097668,5.674583513397463,1,0
-0.23708330999776567,5.670416846747565,-0.24124997664792913,-0.2329166433476022,5.666250180097668,5.674583513397463,2,0
-0.22874997669743877,5.670416846747565,-0.2329166433476022,-0.22458331004727528,5.666250180097668,5.674583513397463,2,1
-0.2204166433971118,5.670416846747565,-0.22458331004727528,-0.21624997674694835,5.666250180097668,5.674583513397463,2,0
-0.2120833100967849,5.670416846747565,-0.21624997674694835,-0.20791664344662142,5.666250180097668,5.674583513397463,2,1
-0.20374997679645795,5.670416846747565,-0.20791664344662142,-0.1995833101462945,5.666250180097668,5.674583513397463,2,0
-0.19541664349613103,5.670416846747565,-0.1995833101462945,-0.19124997684596756,5.666250180097668,5.674583513397463,0,1
-0.1870833101958041,5.670416846747565,-0.19124997684596756,-0.18291664354564063,5.666250180097668,5.674583513397463,1,1
-0.1787499768954772,5.670416846747565,-0.18291664354564063,-0.17458331024531376,5.666250180097668,5.674583513397463,1,0
-0.1704166435951503,5.670416846747565,-0.17458331024531376,-0.16624997694498683,5.666250180097668,5.674583513397463,0,1
-0.16208331029482337,5.670416846747565,-0.16624997694498683,-0.1579166436446599,5.666250180097668,5.674583513397463,0,1
-0.1537499769944964,5.670416846747565,-0.1579166436446599,-0.14958331034433298,5.666250180097668,5.674583513397463,1,0
-0.1454166436941695,5.670416846747565,-0.14958331034433298,-0.14124997704400605,5.666250180097668,5.674583513397463,1,0
-0.13708331039384258,5.670416846747565,-0.14124997704400605,-0.13291664374367912,5.666250180097668,5.674583513397463,2,0
-0.12874997709351568,5.670416846747565,-0.13291664374367912,-0.12458331044335219,5.666250180097668,5.674583513397463,0,1
-0.12041664379318873,5.670416846747565,-0.12458331044335219,-0.11624997714302526,5.666250180097668,5.674583513397463,2,1
-0.11208331049286178,5.670416846747565,-0.11624997714302526,-0.10791664384269833,5.666250180097668,5.674583513397463,1,0
-0.10374997719253487,5.670416846747565,-0.10791664384269833,-0.0995833105423714,5.666250180097668,5.674583513397463,2,1
-0.09541664389220797,5.670416846747565,-0.0995833105423714,-0.09124997724204453,5.666250180097668,5.674583513397463,0,1
-0.08708331059188107,5.670416846747565,-0.09124997724204453,-0.0829166439417176,5.666250180097668,5.674583513397463,0,1
-0.07874997729155414,5.670416846747565,-0.0829166439417176,-0.07458331064139068,5.666250180097668,5.674583513397463,0,0
-0.07041664399122721,5.670416846747565,-0.07458331064139068,-0.06624997734106375,5.666250180097668,5.674583513397463,0,0
-0.06208331069090029,5.670416846747565,-0.06624997734106375,-0.05791664404073682,5.666250180097668,5.674583513397463,0,1
-0.053749977390573356,5.670416846747565,-0.05791664404073682,-0.04958331074040989,5.666250180097668,5.674583513397463,0,0
-0.045416644090246434,5.670416846747565,-0.04958331074040989,-0.04124997744008296,5.666250180097668,5.674583513397463,1,0
-0.0370833107899195,5.670416846747565,-0.04124997744008296,-0.032916644139756035,5.666250180097668,5.674583513397463,2,0
-0.028749977489592574,5.670416846747565,-0.032916644139756035,-0.024583310839429107,5.666250180097668,5.674583513397463,0,0
-0.020416644189265646,5.670416846747565,-0.024583310839429107,-0.01624997753910218,5.666250180097668,5.674583513397463,1,0
-0.012083310888938714,5.670416846747565,-0.01624997753910218,-0.00791664423877525,5.666250180097668,5.674583513397463,2,0
-0.003749977588611786,5.670416846747565,-0.00791664423877525,0.0004166890615516783,5.666250180097668,5.674583513397463,0,0
0.0045833557117151424,5.670416846747565,0.0004166890615516783,0.008750022361878607,5.666250180097668,5.674583513397463,2,1
0.01291668901204207,5.670416846747565,0.008750022361878607,0.017083355662205535,5.666250180097668,5.674583513397463,0,1
0.021250022312369003,5.670416846747565,0.017083355662205535,0.025416688962532463,5.666250180097668,5.674583513397463,1,0
0.029583355612695927,5.670416846747565,0.025416688962532463,0.03375002226285939,5.666250180097668,5.674583513397463,2,1
0.03791668891302281,5.670416846747565,0.03375002226285939,0.04208335556318621,5.666250180097668,5.674583513397463,2,0
0.04625002221334968,5.670416846747565,0.04208335556318621,0.05041668886351314,5.666250180097668,5.674583513397463,0,1
0.0545833555136766,5.670416846747565,0.05041668886351314,0.058750022163840065,5.666250180097668,5.674583513397463,1,1
0.06291668881400353,5.670416846747565,0.058750022163840065,0.067083355464167,5.666250180097668,5.674583513397463,2,0
-0.5037499756082272,5.66208351344777,-0.5079166422583906,-0.49958330895806374,5.657916846797873,5.666250180097668,2,0
-0.4954166423079003,5.66208351344777,-0.49958330895806374,-0.4912499756577368,5.657916846797873,5.666250180097668,2,0
-0.48708330900757335,5.66208351344777,-0.4912499756577368,-0.4829166423574099,5.657916846797873,5.666250180097668,0,0
-0.4787499757072465,5.66208351344777,-0.4829166423574099,-0.47458330905708296,5.657916846797873,5.666250180097668,0,1
-0.47041664240691955,5.66208351344777,-0.47458330905708296,-0.46624997575675603,5.657916846797873,5.666250180097668,0,1
-0.46208330910659257,5.66208351344777,-0.46624997575675603,-0.45791664245642916,5.657916846797873,5.666250180097668,2,0
-0.4537499758062657,5.66208351344777,-0.45791664245642916,-0.44958330915610223,5.657916846797873,5.666250180097668,2,0
-0.4454166425059387,5.66208351344777,-0.44958330915610223,-0.4412499758557753,5.657916846797873,5.666250180097668,2,0
-0.4370833092056119,5.66208351344777,-0.4412499758557753,-0.43291664255544837,5.657916846797873,5.666250180097668,0,0
-0.42874997590528496,5.66208351344777,-0.43291664255544837,-0.42458330925512144,5.657916846797873,5.666250180097668,0,0
-0.420416642604958,5.66208351344777,-0.42458330925512144,-0.4162499759547945,5.657916846797873,5.666250180097668,2,1
-0.41208330930463105,5.66208351344777,-0.4162499759547945,-0.4079166426544676,5.657916846797873,5.666250180097668,0,0
-0.4037499760043041,5.66208351344777,-0.4079166426544676,-0.39958330935414066,5.657916846797873,5.666250180097668,1,0
-0.3954166427039772,5.66208351344777,-0.39958330935414066,-0.39124997605381373,5.657916846797873,5.666250180097668,1,0
-0.3870833094036502,5.66208351344777,-0.39124997605381373,-0.3829166427534868,5.657916846797873,5.666250180097668,2,0
-0.3787499761033233,5.66208351344777,-0.3829166427534868,-0.3745833094531599,5.657916846797873,5.666250180097668,0,0
-0.37041664280299647,5.66208351344777,-0.3745833094531599,-0.36624997615283295,5.657916846797873,5.666250180097668,0,0
-0.36208330950266954,5.66208351344777,-0.36624997615283295,-0.357916642852506,5.657916846797873,5.666250180097668,1,0
-0.3537499762023425,5.66208351344777,-0.357916642852506,-0.3495833095521791,5.657916846797873,5.666250180097668,0,1
-0.3454166429020157,5.66208351344777,-0.3495833095521791,-0.34124997625185216,5.657916846797873,5.666250180097668,0,0
-0.3370833096016887,5.66208351344777,-0.34124997625185216,-0.3329166429515253,5.657916846797873,5.666250180097668,0,0
-0.3287499763013618,5.66208351344777,-0.3329166429515253,-0.32458330965119836,5.657916846797873,5.666250180097668,2,0
-0.32041664300103495,5.66208351344777,-0.32458330965119836,-0.31624997635087143,5.657916846797873,5.666250180097668,2,1
-0.31208330970070797,5.66208351344777,-0.31624997635087143,-0.3079166430505445,5.657916846797873,5.666250180097668,1,1
-0.30374997640038104,5.66208351344777,-0.3079166430505445,-0.2995833097502176,5.657916846797873,5.666250180097668,2,0
-0.2954166431000541,5.66208351344777,-0.2995833097502176,-0.29124997644989065,5.657916846797873,5.666250180097668,0,0
-0.2870833097997272,5.66208351344777,-0.29124997644989065,-0.2829166431495637,5.657916846797873,5.666250180097668,1,0
-0.2787499764994002,5.66208351344777,-0.2829166431495637,-0.2745833098492368,5.657916846797873,5.666250180097668,0,1
-0.2704166431990733,5.66208351344777,-0.2745833098492368,-0.2662499765489099,5.657916846797873,5.666250180097668,1,1
-0.26208330989874645,5.66208351344777,-0.2662499765489099,-0.257916643248583,5.657916846797873,5.666250180097668,0,0
-0.2537499765984195,5.66208351344777,-0.257916643248583,-0.24958330994825606,5.657916846797873,5.666250180097668,1,1
-0.2454166432980926,5.66208351344777,-0.24958330994825606,-0.24124997664792913,5.657916846797873,5.666250180097668,2,0
-0.23708330999776567,5.66208351344777,-0.24124997664792913,-0.2329166433476022,5.657916846797873,5.666250180097668,0,1
-0.22874997669743877,5.66208351344777,-0.2329166433476022,-0.22458331004727528,5.657916846797873,5.666250180097668,0,1
-0.2204166433971118,5.66208351344777,-0.22458331004727528,-0.21624997674694835,5.657916846797873,5.666250180097668,1,0
-0.2120833100967849,5.66208351344777,-0.21624997674694835,-0.20791664344662142,5.657916846797873,5.666250180097668,0,0
-0.20374997679645795,5.66208351344777,-0.20791664344662142,-0.1995833101462945,5.657916846797873,5.666250180097668,1,1
-0.19541664349613103,5.66208351344777,-0.1995833101462945,-0.19124997684596756,5.657916846797873,5.666250180097668,1,1
-0.1870833101958041,5.66208351344777,-0.19124997684596756,-0.18291664354564063,5.657916846797873,5.666250180097668,0,1
-0.1787499768954772,5.66208351344777,-0.18291664354564063,-0.17458331024531376,5.657916846797873,5.666250180097668,0,1
-0.1704166435951503,5.66208351344777,-0.17458331024531376,-0.16624997694498683,5.657916846797873,5.666250180097668,1,0
-0.16208331029482337,5.66208351344777,-0.16624997694498683,-0.1579166436446599,5.657916846797873,5.666250180097668,2,1
-0.1537499769944964,5.66208351344777,-0.1579166436446599,-0.14958331034433298,5.657916846797873,5.666250180097668,0,1
-0.1454166436941695,5.66208351344777,-0.14958331034433298,-0.14124997704400605,5.657916846797873,5.666250180097668,2,0
-0.13708331039384258,5.66208351344777,-0.14124997704400605,-0.13291664374367912,5.657916846797873,5.666250180097668,0,1
-0.12874997709351568,5.66208351344777,-0.13291664374367912,-0.12458331044335219,5.657916846797873,5.666250180097668,1,0
-0.12041664379318873,5.66208351344777,-0.12458331044335219,-0.11624997714302526,5.657916846797873,5.666250180097668,1,1
-0.11208331049286178,5.66208351344777,-0.11624997714302526,-0.10791664384269833,5.657916846797873,5.666250180097668,0,1
-0.10374997719253487,5.66208351344777,-0.10791664384269833,-0.0995833105423714,5.657916846797873,5.666250180097668,2,1
-0.09541664389220797,5.66208351344777,-0.0995833105423714,-0.09124997724204453,5.657916846797873,5.666250180097668,0,1
-0.08708331059188107,5.66208351344777,-0.09124997724204453,-0.0829166439417176,5.657916846797873,5.666250180097668,2,0
-0.07874997729155414,5.66208351344777,-0.0829166439417176,-0.07458331064139068,5.657916846797873,5.666250180097668,1,0
-0.07041664399122721,5.66208351344777,-0.07458331064139068,-0.06624997734106375,5.657916846797873,5.666250180097668,0,0
-0.06208331069090029,5.66208351344777,-0.06624997734106375,-0.05791664404073682,5.657916846797873,5.666250180097668,1,0
-0.053749977390573356,5.66208351344777,-0.05791664404073682,-0.04958331074040989,5.657916846797873,5.666250180097668,1,1
-0.045416644090246434,5.66208351344777,-0.04958331074040989,-0.04124997744008296,5.657916846797873,5.666250180097668,2,0
-0.0370833107899195,5.66208351344777,-0.04124997744008296,-0.032916644139756035,5.657916846797873,5.666250180097668,1,1
-0.028749977489592574,5.66208351344777,-0.032916644139756035,-0.024583310839429107,5.657916846797873,5.666250180097668,0,1
-0.020416644189265646,5.66208351344777,-0.024583310839429107,-0.01624997753910218,5.657916846797873,5.666250180097668,0,1
-0.012083310888938714,5.66208351344777,-0.01624997753910218,-0.00791664423877525,5.657916846797873,5.666250180097668,2,1
-0.003749977588611786,5.66208351344777,-0.00791664423877525,0.0004166890615516783,5.657916846797873,5.666250180097668,2,0
0.0045833557117151424,5.66208351344777,0.0004166890615516783,0.008750022361878607,5.657916846797873,5.666250180097668,0,1
0.01291668901204207,5.66208351344777,0.008750022361878607,0.017083355662205535,5.657916846797873,5.666250180097668,0,0
0.021250022312369003,5.66208351344777,0.017083355662205535,0.025416688962532463,5.657916846797873,5.666250180097668,1,0
0.029583355612695927,5.66208351344777,0.025416688962532463,0.03375002226285939,5.657916846797873,5.666250180097668,2,1
0.03791668891302281,5.66208351344777,0.03375002226285939,0.04208335556318621,5.657916846797873,5.666250180097668,1,1
0.04625002221334968,5.66208351344777,0.04208335556318621,0.05041668886351314,5.657916846797873,5.666250180097668,0,0
0.0545833555136766,5.66208351344777,0.05041668886351314,0.058750022163840065,5.657916846797873,5.666250180097668,1,1
0.06291668881400353,5.66208351344777,0.058750022163840065,0.067083355464167,5.657916846797873,5.666250180097668,0,1
-0.512083308908554,5.653750180147975,-0.5162499755587175,-0.5079166422583906,5.649583513498078,5.657916846797873,0,1
-0.5037499756082272,5.653750180147975,-0.5079166422583906,-0.49958330895806374,5.649583513498078,5.657916846797873,0,0
-0.4954166423079003,5.653750180147975,-0.49958330895806374,-0.4912499756577368,5.649583513498078,5.657916846797873,0,0
-0.48708330900757335,5.653750180147975,-0.4912499756577368,-0.4829166423574099,5.649583513498078,5.657916846797873,1,1
-0.4787499757072465,5.653750180147975,-0.4829166423574099,-0.47458330905708296,5.649583513498078,5.657916846797873,0,1
-0.47041664240691955,5.653750180147975,-0.47458330905708296,-0.46624997575675603,5.649583513498078,5.657916846797873,0,0
-0.46208330910659257,5.653750180147975,-0.46624997575675603,-0.45791664245642916,5.649583513498078,5.657916846797873,1,0
-0.4537499758062657,5.653750180147975,-0.45791664245642916,-0.44958330915610223,5.649583513498078,5.657916846797873,1,1
-0.4454166425059387,5.653750180147975,-0.44958330915610223,-0.4412499758557753,5.649583513498078,5.657916846797873,0,1
-0.4370833092056119,5.653750180147975,-0.4412499758557753,-0.43291664255544837,5.649583513498078,5.657916846797873,2,0
-0.42874997590528496,5.653750180147975,-0.43291664255544837,-0.42458330925512144,5.649583513498078,5.657916846797873,2,0
-0.420416642604958,5.653750180147975,-0.42458330925512144,-0.4162499759547945,5.649583513498078,5.657916846797873,2,1
-0.41208330930463105,5.653750180147975,-0.4162499759547945,-0.4079166426544676,5.649583513498078,5.657916846797873,2,0
-0.4037499760043041,5.653750180147975,-0.4079166426544676,-0.39958330935414066,5.649583513498078,5.657916846797873,2,0
-0.3954166427039772,5.653750180147975,-0.39958330935414066,-0.39124997605381373,5.649583513498078,5.657916846797873,0,1
-0.3870833094036502,5.653750180147975,-0.39124997605381373,-0.3829166427534868,5.649583513498078,5.657916846797873,1,1
-0.3787499761033233,5.653750180147975,-0.3829166427534868,-0.3745833094531599,5.649583513498078,5.657916846797873,2,0
-0.37041664280299647,5.653750180147975,-0.3745833094531599,-0.36624997615283295,5.649583513498078,5.657916846797873,2,0
-0.36208330950266954,5.653750180147975,-0.36624997615283295,-0.357916642852506,5.649583513498078,5.657916846797873,0,1
-0.3537499762023425,5.653750180147975,-0.357916642852506,-0.3495833095521791,5.649583513498078,5.657916846797873,2,0
-0.3454166429020157,5.653750180147975,-0.3495833095521791,-0.34124997625185216,5.649583513498078,5.657916846797873,2,1
-0.3370833096016887,5.653750180147975,-0.34124997625185216,-0.3329166429515253,5.649583513498078,5.657916846797873,2,1
-0.3287499763013618,5.653750180147975,-0.3329166429515253,-0.32458330965119836,5.649583513498078,5.657916846797873,0,1
-0.32041664300103495,5.653750180147975,-0.32458330965119836,-0.31624997635087143,5.649583513498078,5.657916846797873,2,0
-0.31208330970070797,5.653750180147975,-0.31624997635087143,-0.3079166430505445,5.649583513498078,5.657916846797873,1,0
-0.30374997640038104,5.653750180147975,-0.3079166430505445,-0.2995833097502176,5.649583513498078,5.657916846797873,1,0
-0.2954166431000541,5.653750180147975,-0.2995833097502176,-0.29124997644989065,5.649583513498078,5.657916846797873,2,0
-0.2870833097997272,5.653750180147975,-0.29124997644989065,-0.2829166431495637,5.649583513498078,5.657916846797873,1,0
-0.2787499764994002,5.653750180147975,-0.2829166431495637,-0.2745833098492368,5.649583513498078,5.657916846797873,2,1
-0.2704166431990733,5.653750180147975,-0.2745833098492368,-0.2662499765489099,5.649583513498078,5.657916846797873,1,1
-0.26208330989874645,5.653750180147975,-0.2662499765489099,-0.257916643248583,5.649583513498078,5.657916846797873,0,0
-0.2537499765984195,5.653750180147975,-0.257916643248583,-0.24958330994825606,5.649583513498078,5.657916846797873,0,0
-0.2454166432980926,5.653750180147975,-0.24958330994825606,-0.24124997664792913,5.649583513498078,5.657916846797873,2,0
-0.23708330999776567,5.653750180147975,-0.24124997664792913,-0.2329166433476022,5.649583513498078,5.657916846797873,2,0
-0.22874997669743877,5.653750180147975,-0.2329166433476022,-0.22458331004727528,5.649583513498078,5.657916846797873,0,0
-0.2204166433971118,5.653750180147975,-0.22458331004727528,-0.21624997674694835,5.649583513498078,5.657916846797873,0,0
-0.2120833100967849,5.653750180147975,-0.21624997674694835,-0.20791664344662142,5.649583513498078,5.657916846797873,2,0
-0.20374997679645795,5.653750180147975,-0.20791664344662142,-0.1995833101462945,5.649583513498078,5.657916846797873,0,0
-0.19541664349613103,5.653750180147975,-0.1995833101462945,-0.19124997684596756,5.649583513498078,5.657916846797873,1,1
-0.1870833101958041,5.653750180147975,-0.19124997684596756,-0.18291664354564063,5.649583513498078,5.657916846797873,0,0
-0.1787499768954772,5.653750180147975,-0.18291664354564063,-0.17458331024531376,5.649583513498078,5.657916846797873,1,0
-0.1704166435951503,5.653750180147975,-0.17458331024531376,-0.16624997694498683,5.649583513498078,5.657916846797873,1,1
-0.16208331029482337,5.653750180147975,-0.16624997694498683,-0.1579166436446599,5.649583513498078,5.657916846797873,0,0
-0.1537499769944964,5.653750180147975,-0.1579166436446599,-0.14958331034433298,5.649583513498078,5.657916846797873,1,1
-0.1454166436941695,5.653750180147975,-0.14958331034433298,-0.14124997704400605,5.649583513498078,5.657916846797873,1,0
-0.13708331039384258,5.653750180147975,-0.14124997704400605,-0.13291664374367912,5.649583513498078,5.657916846797873,2,1
-0.12874997709351568,5.653750180147975,-0.13291664374367912,-0.12458331044335219,5.649583513498078,5.657916846797873,0,1
-0.12041664379318873,5.653750180147975,-0.12458331044335219,-0.11624997714302526,5.649583513498078,5.657916846797873,1,1
-0.11208331049286178,5.653750180147975,-0.11624997714302526,-0.10791664384269833,5.649583513498078,5.657916846797873,1,1
-0.10374997719253487,5.653750180147975,-0.10791664384269833,-0.0995833105423714,5.649583513498078,5.657916846797873,0,0
-0.09541664389220797,5.653750180147975,-0.0995833105423714,-0.09124997724204453,5.649583513498078,5.657916846797873,1,1
-0.08708331059188107,5.653750180147975,-0.09124997724204453,-0.0829166439417176,5.649583513498078,5.657916846797873,0,1
-0.07874997729155414,5.653750180147975,-0.0829166439417176,-0.07458331064139068,5.649583513498078,5.657916846797873,2,0
-0.07041664399122721,5.653750180147975,-0.07458331064139068,-0.06624997734106375,5.649583513498078,5.657916846797873,0,1
-0.06208331069090029,5.653750180147975,-0.06624997734106375,-0.05791664404073682,5.649583513498078,5.657916846797873,1,1
-0.053749977390573356,5.653750180147975,-0.05791664404073682,-0.04958331074040989,5.649583513498078,5.657916846797873,0,0
-0.045416644090246434,5.653750180147975,-0.04958331074040989,-0.04124997744008296,5.649583513498078,5.657916846797873,0,0
-0.0370833107899195,5.653750180147975,-0.04124997744008296,-0.032916644139756035,5.649583513498078,5.657916846797873,2,0
-0.028749977489592574,5.653750180147975,-0.032916644139756035,-0.024583310839429107,5.649583513498078,5.657916846797873,2,0
-0.020416644189265646,5.653750180147975,-0.024583310839429107,-0.01624997753910218,5.649583513498078,5.657916846797873,0,0
-0.012083310888938714,5.653750180147975,-0.01624997753910218,-0.00791664423877525,5.649583513498078,5.657916846797873,1,1
-0.003749977588611786,5.653750180147975,-0.00791664423877525,0.0004166890615516783,5.649583513498078,5.657916846797873,2,0
0.0045833557117151424,5.653750180147975,0.0004166890615516783,0.008750022361878607,5.649583513498078,5.657916846797873,2,0
0.01291668901204207,5.653750180147975,0.008750022361878607,0.017083355662205535,5.649583513498078,5.657916846797873,1,0
0.021250022312369003,5.653750180147975,0.017083355662205535,0.025416688962532463,5.649583513498078,5.657916846797873,0,0
0.029583355612695927,5.653750180147975,0.025416688962532463,0.03375002226285939,5.649583513498078,5.657916846797873,2,1
0.03791668891302281,5.653750180147975,0.03375002226285939,0.04208335556318621,5.649583513498078,5.657916846797873,1,1
0.04625002221334968,5.653750180147975,0.04208335556318621,0.05041668886351314,5.649583513498078,5.657916846797873,1,1
0.0545833555136766,5.653750180147975,0.05041668886351314,0.058750022163840065,5.649583513498078,5.657916846797873,1,1
0.06291668881400353,5.653750180147975,0.058750022163840065,0.067083355464167,5.649583513498078,5.657916846797873,2,1
-0.5120833089085541,5.645416846848179,-0.5162499755587175,-0.5079166422583906,5.641250180198283,5.649583513498078,0,0
-0.5037499756082272,5.645416846848179,-0.5079166422583906,-0.49958330895806374,5.641250180198283,5.649583513498078,0,0
-0.4954166423079003,5.645416846848179,-0.49958330895806374,-0.4912499756577368,5.641250180198283,5.649583513498078,2,0
-0.48708330900757335,5.645416846848179,-0.4912499756577368,-0.4829166423574099,5.641250180198283,5.649583513498078,1,1
-0.4787499757072465,5.645416846848179,-0.4829166423574099,-0.47458330905708296,5.641250180198283,5.649583513498078,1,1
-0.47041664240691955,5.645416846848179,-0.47458330905708296,-0.46624997575675603,5.641250180198283,5.649583513498078,2,0
-0.4620833091065926,5.645416846848179,-0.46624997575675603,-0.45791664245642916,5.641250180198283,5.649583513498078,2,1
-0.4537499758062657,5.645416846848179,-0.45791664245642916,-0.44958330915610223,5.641250180198283,5.649583513498078,2,1
-0.44541664250593876,5.645416846848179,-0.44958330915610223,-0.4412499758557753,5.641250180198283,5.649583513498078,2,0
-0.43708330920561184,5.645416846848179,-0.4412499758557753,-0.43291664255544837,5.641250180198283,5.649583513498078,1,1
-0.42874997590528496,5.645416846848179,-0.43291664255544837,-0.42458330925512144,5.641250180198283,5.649583513498078,2,1
-0.4204166426049579,5.645416846848179,-0.42458330925512144,-0.4162499759547945,5.641250180198283,5.649583513498078,2,0
-0.41208330930463105,5.645416846848179,-0.4162499759547945,-0.4079166426544676,5.641250180198283,5.649583513498078,0,1
-0.4037499760043042,5.645416846848179,-0.4079166426544676,-0.39958330935414066,5.641250180198283,5.649583513498078,0,1
-0.3954166427039772,5.645416846848179,-0.39958330935414066,-0.39124997605381373,5.641250180198283,5.649583513498078,2,1
-0.38708330940365027,5.645416846848179,-0.39124997605381373,-0.3829166427534868,5.641250180198283,5.649583513498078,2,1
-0.3787499761033233,5.645416846848179,-0.3829166427534868,-0.3745833094531599,5.641250180198283,5.649583513498078,0,1
-0.37041664280299647,5.645416846848179,-0.3745833094531599,-0.36624997615283295,5.641250180198283,5.649583513498078,1,0
-0.3620833095026695,5.645416846848179,-0.36624997615283295,-0.357916642852506,5.641250180198283,5.649583513498078,2,0
-0.35374997620234255,5.645416846848179,-0.357916642852506,-0.3495833095521791,5.641250180198283,5.649583513498078,2,1
-0.3454166429020156,5.645416846848179,-0.3495833095521791,-0.34124997625185216,5.641250180198283,5.649583513498078,2,1
-0.3370833096016887,5.645416846848179,-0.34124997625185216,-0.3329166429515253,5.641250180198283,5.649583513498078,1,0
-0.32874997630136177,5.645416846848179,-0.3329166429515253,-0.32458330965119836,5.641250180198283,5.649583513498078,0,1
-0.3204166430010349,5.645416846848179,-0.32458330965119836,-0.31624997635087143,5.641250180198283,5.649583513498078,0,0
-0.31208330970070797,5.645416846848179,-0.31624997635087143,-0.3079166430505445,5.641250180198283,5.649583513498078,0,1
-0.30374997640038104,5.645416846848179,-0.3079166430505445,-0.2995833097502176,5.641250180198283,5.649583513498078,0,0
-0.2954166431000541,5.645416846848179,-0.2995833097502176,-0.29124997644989065,5.641250180198283,5.649583513498078,2,0
-0.28708330979972724,5.645416846848179,-0.29124997644989065,-0.2829166431495637,5.641250180198283,5.649583513498078,2,1
-0.27874997649940025,5.645416846848179,-0.2829166431495637,-0.2745833098492368,5.641250180198283,5.649583513498078,0,0
-0.2704166431990733,5.645416846848179,-0.2745833098492368,-0.2662499765489099,5.641250180198283,5.649583513498078,1,1
-0.26208330989874645,5.645416846848179,-0.2662499765489099,-0.257916643248583,5.641250180198283,5.649583513498078,2,1
-0.2537499765984195,5.645416846848179,-0.257916643248583,-0.24958330994825606,5.641250180198283,5.649583513498078,0,1
-0.2454166432980926,5.645416846848179,-0.24958330994825606,-0.24124997664792913,5.641250180198283,5.649583513498078,2,1
-0.2370833099977657,5.645416846848179,-0.24124997664792913,-0.2329166433476022,5.641250180198283,5.649583513498078,2,0
-0.22874997669743874,5.645416846848179,-0.2329166433476022,-0.22458331004727528,5.641250180198283,5.649583513498078,0,1
-0.22041664339711184,5.645416846848179,-0.22458331004727528,-0.21624997674694835,5.641250180198283,5.649583513498078,2,1
-0.21208331009678488,5.645416846848179,-0.21624997674694835,-0.20791664344662142,5.641250180198283,5.649583513498078,1,0
-0.20374997679645793,5.645416846848179,-0.20791664344662142,-0.1995833101462945,5.641250180198283,5.649583513498078,0,0
-0.195416643496131,5.645416846848179,-0.1995833101462945,-0.19124997684596756,5.641250180198283,5.649583513498078,0,1
-0.1870833101958041,5.645416846848179,-0.19124997684596756,-0.18291664354564063,5.641250180198283,5.649583513498078,2,0
-0.1787499768954772,5.645416846848179,-0.18291664354564063,-0.17458331024531376,5.641250180198283,5.649583513498078,2,1
-0.1704166435951503,5.645416846848179,-0.17458331024531376,-0.16624997694498683,5.641250180198283,5.649583513498078,0,0
-0.16208331029482337,5.645416846848179,-0.16624997694498683,-0.1579166436446599,5.641250180198283,5.649583513498078,1,0
-0.1537499769944964,5.645416846848179,-0.1579166436446599,-0.14958331034433298,5.641250180198283,5.649583513498078,2,1
-0.1454166436941695,5.645416846848179,-0.14958331034433298,-0.14124997704400605,5.641250180198283,5.649583513498078,2,0
-0.13708331039384258,5.645416846848179,-0.14124997704400605,-0.13291664374367912,5.641250180198283,5.649583513498078,2,1
-0.12874997709351566,5.645416846848179,-0.13291664374367912,-0.12458331044335219,5.641250180198283,5.649583513498078,2,1
-0.12041664379318873,5.645416846848179,-0.12458331044335219,-0.11624997714302526,5.641250180198283,5.649583513498078,0,0
-0.1120833104928618,5.645416846848179,-0.11624997714302526,-0.10791664384269833,5.641250180198283,5.649583513498078,2,1
-0.10374997719253486,5.645416846848179,-0.10791664384269833,-0.0995833105423714,5.641250180198283,5.649583513498078,1,1
-0.09541664389220796,5.645416846848179,-0.0995833105423714,-0.09124997724204453,5.641250180198283,5.649583513498078,1,0
-0.08708331059188108,5.645416846848179,-0.09124997724204453,-0.0829166439417176,5.641250180198283,5.649583513498078,0,1
-0.07874997729155414,5.645416846848179,-0.0829166439417176,-0.07458331064139068,5.641250180198283,5.649583513498078,2,0
-0.07041664399122723,5.645416846848179,-0.07458331064139068,-0.06624997734106375,5.641250180198283,5.649583513498078,1,0
-0.062083310690900284,5.645416846848179,-0.06624997734106375,-0.05791664404073682,5.641250180198283,5.649583513498078,0,1
-0.05374997739057336,5.645416846848179,-0.05791664404073682,-0.04958331074040989,5.641250180198283,5.649583513498078,0,0
-0.04541664409024643,5.645416846848179,-0.04958331074040989,-0.04124997744008296,5.641250180198283,5.649583513498078,0,0
-0.0370833107899195,5.645416846848179,-0.04124997744008296,-0.032916644139756035,5.641250180198283,5.649583513498078,2,0
-0.02874997748959257,5.645416846848179,-0.032916644139756035,-0.024583310839429107,5.641250180198283,5.649583513498078,0,1
-0.020416644189265643,5.645416846848179,-0.024583310839429107,-0.01624997753910218,5.641250180198283,5.649583513498078,2,0
-0.012083310888938714,5.645416846848179,-0.01624997753910218,-0.00791664423877525,5.641250180198283,5.649583513498078,2,1
-0.0037499775886117863,5.645416846848179,-0.00791664423877525,0.0004166890615516783,5.641250180198283,5.649583513498078,1,1
0.0045833557117151424,5.645416846848179,0.0004166890615516783,0.008750022361878607,5.641250180198283,5.649583513498078,2,0
0.01291668901204207,5.645416846848179,0.008750022361878607,0.017083355662205535,5.641250180198283,5.649583513498078,0,1
0.021250022312369,5.645416846848179,0.017083355662205535,0.025416688962532463,5.641250180198283,5.649583513498078,2,0
0.02958335561269593,5.645416846848179,0.025416688962532463,0.03375002226285939,5.641250180198283,5.649583513498078,2,1
0.0379166889130228,5.645416846848179,0.03375002226285939,0.04208335556318621,5.641250180198283,5.649583513498078,0,1
0.04625002221334968,5.645416846848179,0.04208335556318621,0.05041668886351314,5.641250180198283,5.649583513498078,0,0
0.054583355513676594,5.645416846848179,0.05041668886351314,0.058750022163840065,5.641250180198283,5.649583513498078,2,0
0.06291668881400353,5.645416846848179,0.058750022163840065,0.067083355464167,5.641250180198283,5.649583513498078,2,1
-0.520416642208881,5.637083513548385,-0.5245833088590445,-0.5162499755587175,5.632916846898488,5.641250180198283,0,0
-0.512083308908554,5.637083513548385,-0.5162499755587175,-0.5079166422583906,5.632916846898488,5.641250180198283,2,0
-0.5037499756082272,5.637083513548385,-0.5079166422583906,-0.49958330895806374,5.632916846898488,5.641250180198283,2,0
-0.4954166423079003,5.637083513548385,-0.49958330895806374,-0.4912499756577368,5.632916846898488,5.641250180198283,2,0
-0.48708330900757335,5.637083513548385,-0.4912499756577368,-0.4829166423574099,5.632916846898488,5.641250180198283,0,0
-0.4787499757072465,5.637083513548385,-0.4829166423574099,-0.47458330905708296,5.632916846898488,5.641250180198283,0,1
-0.47041664240691955,5.637083513548385,-0.47458330905708296,-0.46624997575675603,5.632916846898488,5.641250180198283,0,1
-0.46208330910659257,5.637083513548385,-0.46624997575675603,-0.45791664245642916,5.632916846898488,5.641250180198283,0,1
-0.4537499758062657,5.637083513548385,-0.45791664245642916,-0.44958330915610223,5.632916846898488,5.641250180198283,1,0
-0.4454166425059387,5.637083513548385,-0.44958330915610223,-0.4412499758557753,5.632916846898488,5.641250180198283,1,1
-0.4370833092056119,5.637083513548385,-0.4412499758557753,-0.43291664255544837,5.632916846898488,5.641250180198283,2,0
-0.42874997590528496,5.637083513548385,-0.43291664255544837,-0.42458330925512144,5.632916846898488,5.641250180198283,2,0
-0.420416642604958,5.637083513548385,-0.42458330925512144,-0.4162499759547945,5.632916846898488,5.641250180198283,2,1
-0.41208330930463105,5.637083513548385,-0.4162499759547945,-0.4079166426544676,5.632916846898488,5.641250180198283,0,0
-0.4037499760043041,5.637083513548385,-0.4079166426544676,-0.39958330935414066,5.632916846898488,5.641250180198283,2,0
-0.3954166427039772,5.637083513548385,-0.39958330935414066,-0.39124997605381373,5.632916846898488,5.641250180198283,1,0
-0.3870833094036502,5.637083513548385,-0.39124997605381373,-0.3829166427534868,5.632916846898488,5.641250180198283,2,1
-0.3787499761033233,5.637083513548385,-0.3829166427534868,-0.3745833094531599,5.632916846898488,5.641250180198283,0,1
-0.37041664280299647,5.637083513548385,-0.3745833094531599,-0.36624997615283295,5.632916846898488,5.641250180198283,2,0
-0.36208330950266954,5.637083513548385,-0.36624997615283295,-0.357916642852506,5.632916846898488,5.641250180198283,0,1
-0.3537499762023425,5.637083513548385,-0.357916642852506,-0.3495833095521791,5.632916846898488,5.641250180198283,0,0
-0.3454166429020157,5.637083513548385,-0.3495833095521791,-0.34124997625185216,5.632916846898488,5.641250180198283,2,1
-0.3370833096016887,5.637083513548385,-0.34124997625185216,-0.3329166429515253,5.632916846898488,5.641250180198283,1,1
-0.3287499763013618,5.637083513548385,-0.3329166429515253,-0.32458330965119836,5.632916846898488,5.641250180198283,0,1
-0.32041664300103495,5.637083513548385,-0.32458330965119836,-0.31624997635087143,5.632916846898488,5.641250180198283,0,1
-0.31208330970070797,5.637083513548385,-0.31624997635087143,-0.3079166430505445,5.632916846898488,5.641250180198283,1,0
-0.30374997640038104,5.637083513548385,-0.3079166430505445,-0.2995833097502176,5.632916846898488,5.641250180198283,1,0
-0.2954166431000541,5.637083513548385,-0.2995833097502176,-0.29124997644989065,5.632916846898488,5.641250180198283,0,1
-0.2870833097997272,5.637083513548385,-0.29124997644989065,-0.2829166431495637,5.632916846898488,5.641250180198283,1,0
-0.2787499764994002,5.637083513548385,-0.2829166431495637,-0.2745833098492368,5.632916846898488,5.641250180198283,0,0
-0.2704166431990733,5.637083513548385,-0.2745833098492368,-0.2662499765489099,5.632916846898488,5.641250180198283,2,1
-0.26208330989874645,5.637083513548385,-0.2662499765489099,-0.257916643248583,5.632916846898488,5.641250180198283,2,1
-0.2537499765984195,5.637083513548385,-0.257916643248583,-0.24958330994825606,5.632916846898488,5.641250180198283,2,1
-0.2454166432980926,5.637083513548385,-0.24958330994825606,-0.24124997664792913,5.632916846898488,5.641250180198283,2,1
-0.23708330999776567,5.637083513548385,-0.24124997664792913,-0.2329166433476022,5.632916846898488,5.641250180198283,1,1
-0.22874997669743877,5.637083513548385,-0.2329166433476022,-0.22458331004727528,5.632916846898488,5.641250180198283,0,1
-0.2204166433971118,5.637083513548385,-0.22458331004727528,-0.21624997674694835,5.632916846898488,5.641250180198283,0,0
-0.2120833100967849,5.637083513548385,-0.21624997674694835,-0.20791664344662142,5.632916846898488,5.641250180198283,0,1
-0.20374997679645795,5.637083513548385,-0.20791664344662142,-0.1995833101462945,5.632916846898488,5.641250180198283,0,0
-0.19541664349613103,5.637083513548385,-0.1995833101462945,-0.19124997684596756,5.632916846898488,5.641250180198283,1,0
-0.1870833101958041,5.637083513548385,-0.19124997684596756,-0.18291664354564063,5.632916846898488,5.641250180198283,1,1
-0.1787499768954772,5.637083513548385,-0.18291664354564063,-0.17458331024531376,5.632916846898488,5.641250180198283,0,0
-0.1704166435951503,5.637083513548385,-0.17458331024531376,-0.16624997694498683,5.632916846898488,5.641250180198283,1,0
-0.16208331029482337,5.637083513548385,-0.16624997694498683,-0.1579166436446599,5.632916846898488,5.641250180198283,0,1
-0.1537499769944964,5.637083513548385,-0.1579166436446599,-0.14958331034433298,5.632916846898488,5.641250180198283,2,1
-0.1454166436941695,5.637083513548385,-0.14958331034433298,-0.14124997704400605,5.632916846898488,5.641250180198283,0,0
-0.13708331039384258,5.637083513548385,-0.14124997704400605,-0.13291664374367912,5.632916846898488,5.641250180198283,1,0
-0.12874997709351568,5.637083513548385,-0.13291664374367912,-0.12458331044335219,5.632916846898488,5.641250180198283,1,1
-0.12041664379318873,5.637083513548385,-0.12458331044335219,-0.11624997714302526,5.632916846898488,5.641250180198283,1,1
-0.11208331049286178,5.637083513548385,-0.11624997714302526,-0.10791664384269833,5.632916846898488,5.641250180198283,1,1
-0.10374997719253487,5.637083513548385,-0.10791664384269833,-0.0995833105423714,5.632916846898488,5.641250180198283,2,0
-0.09541664389220797,5.637083513548385,-0.0995833105423714,-0.09124997724204453,5.632916846898488,5.641250180198283,2,1
-0.08708331059188107,5.637083513548385,-0.09124997724204453,-0.0829166439417176,5.632916846898488,5.641250180198283,2,1
-0.07874997729155414,5.637083513548385,-0.0829166439417176,-0.07458331064139068,5.632916846898488,5.641250180198283,0,1
-0.07041664399122721,5.637083513548385,-0.07458331064139068,-0.06624997734106375,5.632916846898488,5.641250180198283,0,1
-0.06208331069090029,5.637083513548385,-0.06624997734106375,-0.05791664404073682,5.632916846898488,5.641250180198283,2,0
-0.053749977390573356,5.637083513548385,-0.05791664404073682,-0.04958331074040989,5.632916846898488,5.641250180198283,2,1
-0.045416644090246434,5.637083513548385,-0.04958331074040989,-0.04124997744008296,5.632916846898488,5.641250180198283,0,1
-0.0370833107899195,5.637083513548385,-0.04124997744008296,-0.032916644139756035,5.632916846898488,5.641250180198283,0,1
-0.028749977489592574,5.637083513548385,-0.032916644139756035,-0.024583310839429107,5.632916846898488,5.641250180198283,1,0
-0.020416644189265646,5.637083513548385,-0.024583310839429107,-0.01624997753910218,5.632916846898488,5.641250180198283,1,1
-0.012083310888938714,5.637083513548385,-0.01624997753910218,-0.00791664423877525,5.632916846898488,5.641250180198283,0,1
-0.003749977588611786,5.637083513548385,-0.00791664423877525,0.0004166890615516783,5.632916846898488,5.641250180198283,2,0
0.0045833557117151424,5.637083513548385,0.0004166890615516783,0.008750022361878607,5.632916846898488,5.641250180198283,0,1
0.01291668901204207,5.637083513548385,0.008750022361878607,0.017083355662205535,5.632916846898488,5.641250180198283,1,1
0.021250022312369003,5.637083513548385,0.017083355662205535,0.025416688962532463,5.632916846898488,5.641250180198283,0,1
0.029583355612695927,5.637083513548385,0.025416688962532463,0.03375002226285939,5.632916846898488,5.641250180198283,0,0
0.03791668891302281,5.637083513548385,0.03375002226285939,0.04208335556318621,5.632916846898488,5.641250180198283,2,0
0.04625002221334968,5.637083513548385,0.04208335556318621,0.05041668886351314,5.632916846898488,5.641250180198283,0,0
0.0545833555136766,5.637083513548385,0.05041668886351314,0.058750022163840065,5.632916846898488,5.641250180198283,2,1
0.06291668881400353,5.637083513548385,0.058750022163840065,0.067083355464167,5.632916846898488,5.641250180198283,2,0
-0.520416642208881,5.6287501802485895,-0.5245833088590445,-0.5162499755587175,5.624583513598693,5.632916846898488,0,0
-0.512083308908554,5.6287501802485895,-0.5162499755587175,-0.5079166422583906,5.624583513598693,5.632916846898488,0,1
-0.5037499756082272,5.6287501802485895,-0.5079166422583906,-0.49958330895806374,5.624583513598693,5.632916846898488,1,0
-0.4954166423079003,5.6287501802485895,-0.49958330895806374,-0.4912499756577368,5.624583513598693,5.632916846898488,2,1
-0.48708330900757335,5.6287501802485895,-0.4912499756577368,-0.4829166423574099,5.624583513598693,5.632916846898488,2,0
-0.4787499757072465,5.6287501802485895,-0.4829166423574099,-0.47458330905708296,5.624583513598693,5.632916846898488,0,0
-0.47041664240691955,5.6287501802485895,-0.47458330905708296,-0.46624997575675603,5.624583513598693,5.632916846898488,1,0
-0.46208330910659257,5.6287501802485895,-0.46624997575675603,-0.45791664245642916,5.624583513598693,5.632916846898488,1,1
-0.4537499758062657,5.6287501802485895,-0.45791664245642916,-0.44958330915610223,5.624583513598693,5.632916846898488,1,1
-0.4454166425059387,5.6287501802485895,-0.44958330915610223,-0.4412499758557753,5.624583513598693,5.632916846898488,1,1
-0.4370833092056119,5.6287501802485895,-0.4412499758557753,-0.43291664255544837,5.624583513598693,5.632916846898488,1,1
-0.42874997590528496,5.6287501802485895,-0.43291664255544837,-0.42458330925512144,5.624583513598693,5.632916846898488,0,1
-0.420416642604958,5.6287501802485895,-0.42458330925512144,-0.4162499759547945,5.624583513598693,5.632916846898488,1,0
-0.41208330930463105,5.6287501802485895,-0.4162499759547945,-0.4079166426544676,5.624583513598693,5.632916846898488,1,1
-0.4037499760043041,5.6287501802485895,-0.4079166426544676,-0.39958330935414066,5.624583513598693,5.632916846898488,2,0
-0.3954166427039772,5.6287501802485895,-0.39958330935414066,-0.39124997605381373,5.624583513598693,5.632916846898488,2,1
-0.3870833094036502,5.6287501802485895,-0.39124997605381373,-0.3829166427534868,5.624583513598693,5.632916846898488,2,0
-0.3787499761033233,5.6287501802485895,-0.3829166427534868,-0.3745833094531599,5.624583513598693,5.632916846898488,2,1
-0.37041664280299647,5.6287501802485895,-0.3745833094531599,-0.36624997615283295,5.624583513598693,5.632916846898488,2,0
-0.36208330950266954,5.6287501802485895,-0.36624997615283295,-0.357916642852506,5.624583513598693,5.632916846898488,2,0
-0.3537499762023425,5.6287501802485895,-0.357916642852506,-0.3495833095521791,5.624583513598693,5.632916846898488,2,0
-0.3454166429020157,5.6287501802485895,-0.3495833095521791,-0.34124997625185216,5.624583513598693,5.632916846898488,1,0
-0.3370833096016887,5.6287501802485895,-0.34124997625185216,-0.3329166429515253,5.624583513598693,5.632916846898488,1,1
-0.3287499763013618,5.6287501802485895,-0.3329166429515253,-0.32458330965119836,5.624583513598693,5.632916846898488,2,1
-0.32041664300103495,5.6287501802485895,-0.32458330965119836,-0.31624997635087143,5.624583513598693,5.632916846898488,0,0
-0.31208330970070797,5.6287501802485895,-0.31624997635087143,-0.3079166430505445,5.624583513598693,5.632916846898488,0,1
-0.30374997640038104,5.6287501802485895,-0.3079166430505445,-0.2995833097502176,5.624583513598693,5.632916846898488,2,1
-0.2954166431000541,5.6287501802485895,-0.2995833097502176,-0.29124997644989065,5.624583513598693,5.632916846898488,2,0
-0.2870833097997272,5.6287501802485895,-0.29124997644989065,-0.2829166431495637,5.624583513598693,5.632916846898488,2,1
-0.2787499764994002,5.6287501802485895,-0.2829166431495637,-0.2745833098492368,5.624583513598693,5.632916846898488,1,0
-0.2704166431990733,5.6287501802485895,-0.2745833098492368,-0.2662499765489099,5.624583513598693,5.632916846898488,1,1
-0.26208330989874645,5.6287501802485895,-0.2662499765489099,-0.257916643248583,5.624583513598693,5.632916846898488,2,0
-0.2537499765984195,5.6287501802485895,-0.257916643248583,-0.24958330994825606,5.624583513598693,5.632916846898488,1,1
-0.2454166432980926,5.6287501802485895,-0.24958330994825606,-0.24124997664792913,5.624583513598693,5.632916846898488,2,1
-0.23708330999776567,5.6287501802485895,-0.24124997664792913,-0.2329166433476022,5.624583513598693,5.632916846898488,2,1
-0.22874997669743877,5.6287501802485895,-0.2329166433476022,-0.22458331004727528,5.624583513598693,5.632916846898488,2,0
-0.2204166433971118,5.6287501802485895,-0.22458331004727528,-0.21624997674694835,5.624583513598693,5.632916846898488,0,0
-0.2120833100967849,5.6287501802485895,-0.21624997674694835,-0.20791664344662142,5.624583513598693,5.632916846898488,1,1
-0.20374997679645795,5.6287501802485895,-0.20791664344662142,-0.1995833101462945,5.624583513598693,5.632916846898488,0,1
-0.19541664349613103,5.6287501802485895,-0.1995833101462945,-0.19124997684596756,5.624583513598693,5.632916846898488,1,1
-0.1870833101958041,5.6287501802485895,-0.19124997684596756,-0.18291664354564063,5.624583513598693,5.632916846898488,0,0
-0.1787499768954772,5.6287501802485895,-0.18291664354564063,-0.17458331024531376,5.624583513598693,5.632916846898488,1,0
-0.1704166435951503,5.6287501802485895,-0.17458331024531376,-0.16624997694498683,5.624583513598693,5.632916846898488,1,1
-0.16208331029482337,5.6287501802485895,-0.16624997694498683,-0.1579166436446599,5.624583513598693,5.632916846898488,1,1
-0.1537499769944964,5.6287501802485895,-0.1579166436446599,-0.14958331034433298,5.624583513598693,5.632916846898488,1,1
-0.1454166436941695,5.6287501802485895,-0.14958331034433298,-0.14124997704400605,5.624583513598693,5.632916846898488,2,1
-0.13708331039384258,5.6287501802485895,-0.14124997704400605,-0.13291664374367912,5.624583513598693,5.632916846898488,0,1
-0.12874997709351568,5.6287501802485895,-0.13291664374367912,-0.12458331044335219,5.624583513598693,5.632916846898488,2,0
-0.12041664379318873,5.6287501802485895,-0.12458331044335219,-0.11624997714302526,5.624583513598693,5.632916846898488,1,1
-0.11208331049286178,5.6287501802485895,-0.11624997714302526,-0.10791664384269833,5.624583513598693,5.632916846898488,0,1
-0.10374997719253487,5.6287501802485895,-0.10791664384269833,-0.0995833105423714,5.624583513598693,5.632916846898488,2,1
-0.09541664389220797,5.6287501802485895,-0.0995833105423714,-0.09124997724204453,5.624583513598693,5.632916846898488,1,1
-0.08708331059188107,5.6287501802485895,-0.09124997724204453,-0.0829166439417176,5.624583513598693,5.632916846898488,0,0
-0.07874997729155414,5.6287501802485895,-0.0829166439417176,-0.07458331064139068,5.624583513598693,5.632916846898488,2,1
-0.07041664399122721,5.6287501802485895,-0.07458331064139068,-0.06624997734106375,5.624583513598693,5.632916846898488,0,1
-0.06208331069090029,5.6287501802485895,-0.06624997734106375,-0.05791664404073682,5.624583513598693,5.632916846898488,0,1
-0.053749977390573356,5.6287501802485895,-0.05791664404073682,-0.04958331074040989,5.624583513598693,5.632916846898488,0,1
-0.045416644090246434,5.6287501802485895,-0.04958331074040989,-0.04124997744008296,5.624583513598693,5.632916846898488,1,1
-0.0370833107899195,5.6287501802485895,-0.04124997744008296,-0.032916644139756035,5.624583513598693,5.632916846898488,1,0
-0.028749977489592574,5.6287501802485895,-0.032916644139756035,-0.024583310839429107,5.624583513598693,5.632916846898488,0,1
-0.020416644189265646,5.6287501802485895,-0.024583310839429107,-0.01624997753910218,5.624583513598693,5.632916846898488,2,0
-0.012083310888938714,5.6287501802485895,-0.01624997753910218,-0.00791664423877525,5.624583513598693,5.632916846898488,1,0
-0.003749977588611786,5.6287501802485895,-0.00791664423877525,0.0004166890615516783,5.624583513598693,5.632916846898488,2,1
0.0045833557117151424,5.6287501802485895,0.0004166890615516783,0.008750022361878607,5.624583513598693,5.632916846898488,1,0
0.01291668901204207,5.6287501802485895,0.008750022361878607,0.017083355662205535,5.624583513598693,5.632916846898488,0,0
0.021250022312369003,5.6287501802485895,0.017083355662205535,0.025416688962532463,5.624583513598693,5.632916846898488,1,0
0.029583355612695927,5.6287501802485895,0.025416688962532463,0.03375002226285939,5.624583513598693,5.632916846898488,2,1
0.03791668891302281,5.62875018024859,0.03375002226285939,0.04208335556318621,5.624583513598693,5.632916846898488,0,1
0.04625002221334968,5.6287501802485895,0.04208335556318621,0.05041668886351314,5.624583513598693,5.632916846898488,2,1
-0.528749975509208,5.620416846948794,-0.5329166421593714,-0.5245833088590445,5.6162501802988976,5.624583513598693,1,0
-0.520416642208881,5.620416846948794,-0.5245833088590445,-0.5162499755587175,5.6162501802988976,5.624583513598693,0,0
-0.512083308908554,5.620416846948794,-0.5162499755587175,-0.5079166422583906,5.6162501802988976,5.624583513598693,0,1
-0.5037499756082272,5.620416846948794,-0.5079166422583906,-0.49958330895806374,5.6162501802988976,5.624583513598693,0,0
-0.4954166423079003,5.620416846948794,-0.49958330895806374,-0.4912499756577368,5.6162501802988976,5.624583513598693,0,1
-0.48708330900757335,5.620416846948794,-0.4912499756577368,-0.4829166423574099,5.6162501802988976,5.624583513598693,1,1
-0.4787499757072465,5.620416846948794,-0.4829166423574099,-0.47458330905708296,5.6162501802988976,5.624583513598693,2,1
-0.47041664240691955,5.620416846948794,-0.47458330905708296,-0.46624997575675603,5.6162501802988976,5.624583513598693,0,0
-0.46208330910659257,5.620416846948794,-0.46624997575675603,-0.45791664245642916,5.6162501802988976,5.624583513598693,0,0
-0.4537499758062657,5.620416846948794,-0.45791664245642916,-0.44958330915610223,5.6162501802988976,5.624583513598693,1,1
-0.4454166425059387,5.620416846948794,-0.44958330915610223,-0.4412499758557753,5.6162501802988976,5.624583513598693,1,0
-0.4370833092056119,5.620416846948794,-0.4412499758557753,-0.43291664255544837,5.6162501802988976,5.624583513598693,1,0
-0.42874997590528496,5.620416846948794,-0.43291664255544837,-0.42458330925512144,5.6162501802988976,5.624583513598693,1,0
-0.420416642604958,5.620416846948794,-0.42458330925512144,-0.4162499759547945,5.6162501802988976,5.624583513598693,0,1
-0.41208330930463105,5.620416846948794,-0.4162499759547945,-0.4079166426544676,5.6162501802988976,5.624583513598693,0,1
-0.4037499760043041,5.620416846948794,-0.4079166426544676,-0.39958330935414066,5.6162501802988976,5.624583513598693,0,0
-0.3954166427039772,5.620416846948794,-0.39958330935414066,-0.39124997605381373,5.6162501802988976,5.624583513598693,2,0
-0.3870833094036502,5.620416846948794,-0.39124997605381373,-0.3829166427534868,5.6162501802988976,5.624583513598693,1,1
-0.3787499761033233,5.620416846948794,-0.3829166427534868,-0.3745833094531599,5.6162501802988976,5.624583513598693,2,0
-0.37041664280299647,5.620416846948794,-0.3745833094531599,-0.36624997615283295,5.6162501802988976,5.624583513598693,1,0
-0.36208330950266954,5.620416846948794,-0.36624997615283295,-0.357916642852506,5.6162501802988976,5.624583513598693,2,0
-0.3537499762023425,5.620416846948794,-0.357916642852506,-0.3495833095521791,5.6162501802988976,5.624583513598693,1,1
-0.3454166429020157,5.620416846948794,-0.3495833095521791,-0.34124997625185216,5.6162501802988976,5.624583513598693,2,0
-0.3370833096016887,5.620416846948794,-0.34124997625185216,-0.3329166429515253,5.6162501802988976,5.624583513598693,2,0
-0.3287499763013618,5.620416846948794,-0.3329166429515253,-0.32458330965119836,5.6162501802988976,5.624583513598693,0,1
-0.32041664300103495,5.620416846948794,-0.32458330965119836,-0.31624997635087143,5.6162501802988976,5.624583513598693,1,1
-0.31208330970070797,5.620416846948794,-0.31624997635087143,-0.3079166430505445,5.6162501802988976,5.624583513598693,2,0
-0.30374997640038104,5.620416846948794,-0.3079166430505445,-0.2995833097502176,5.6162501802988976,5.624583513598693,0,1
-0.2954166431000541,5.620416846948794,-0.2995833097502176,-0.29124997644989065,5.6162501802988976,5.624583513598693,2,0
-0.2870833097997272,5.620416846948794,-0.29124997644989065,-0.2829166431495637,5.6162501802988976,5.624583513598693,2,1
-0.2787499764994002,5.620416846948794,-0.2829166431495637,-0.2745833098492368,5.6162501802988976,5.624583513598693,1,0
-0.2704166431990733,5.620416846948794,-0.2745833098492368,-0.2662499765489099,5.6162501802988976,5.624583513598693,0,1
-0.26208330989874645,5.620416846948794,-0.2662499765489099,-0.257916643248583,5.6162501802988976,5.624583513598693,2,0
-0.2537499765984195,5.620416846948794,-0.257916643248583,-0.24958330994825606,5.6162501802988976,5.624583513598693,2,0
-0.2454166432980926,5.620416846948794,-0.24958330994825606,-0.24124997664792913,5.6162501802988976,5.624583513598693,0,1
-0.23708330999776567,5.620416846948794,-0.24124997664792913,-0.2329166433476022,5.6162501802988976,5.624583513598693,0,0
-0.22874997669743877,5.620416846948794,-0.2329166433476022,-0.22458331004727528,5.6162501802988976,5.624583513598693,0,0
-0.2204166433971118,5.620416846948794,-0.22458331004727528,-0.21624997674694835,5.6162501802988976,5.624583513598693,1,0
-0.2120833100967849,5.620416846948794,-0.21624997674694835,-0.20791664344662142,5.6162501802988976,5.624583513598693,1,1
-0.20374997679645795,5.620416846948794,-0.20791664344662142,-0.1995833101462945,5.6162501802988976,5.624583513598693,2,1
-0.19541664349613103,5.620416846948794,-0.1995833101462945,-0.19124997684596756,5.6162501802988976,5.624583513598693,0,0
-0.1870833101958041,5.620416846948794,-0.19124997684596756,-0.18291664354564063,5.6162501802988976,5.624583513598693,2,0
-0.1787499768954772,5.620416846948794,-0.18291664354564063,-0.17458331024531376,5.6162501802988976,5.624583513598693,2,0
-0.1704166435951503,5.620416846948794,-0.17458331024531376,-0.16624997694498683,5.6162501802988976,5.624583513598693,1,0
-0.16208331029482337,5.620416846948794,-0.16624997694498683,-0.1579166436446599,5.6162501802988976,5.624583513598693,0,0
-0.1537499769944964,5.620416846948794,-0.1579166436446599,-0.14958331034433298,5.6162501802988976,5.624583513598693,2,1
-0.1454166436941695,5.620416846948794,-0.14958331034433298,-0.14124997704400605,5.6162501802988976,5.624583513598693,2,0
-0.13708331039384258,5.620416846948794,-0.14124997704400605,-0.13291664374367912,5.6162501802988976,5.624583513598693,2,1
-0.12874997709351568,5.620416846948794,-0.13291664374367912,-0.12458331044335219,5.6162501802988976,5.624583513598693,1,0
-0.12041664379318873,5.620416846948794,-0.12458331044335219,-0.11624997714302526,5.6162501802988976,5.624583513598693,0,0
-0.11208331049286178,5.620416846948794,-0.11624997714302526,-0.10791664384269833,5.6162501802988976,5.624583513598693,2,0
-0.10374997719253487,5.620416846948794,-0.10791664384269833,-0.0995833105423714,5.6162501802988976,5.624583513598693,1,1
-0.09541664389220797,5.620416846948794,-0.0995833105423714,-0.09124997724204453,5.6162501802988976,5.624583513598693,0,1
-0.08708331059188107,5.620416846948794,-0.09124997724204453,-0.0829166439417176,5.6162501802988976,5.624583513598693,0,0
-0.07874997729155414,5.620416846948794,-0.0829166439417176,-0.07458331064139068,5.6162501802988976,5.624583513598693,0,1
-0.07041664399122721,5.620416846948794,-0.07458331064139068,-0.06624997734106375,5.6162501802988976,5.624583513598693,2,0
-0.06208331069090029,5.620416846948794,-0.06624997734106375,-0.05791664404073682,5.6162501802988976,5.624583513598693,0,0
-0.053749977390573356,5.620416846948794,-0.05791664404073682,-0.04958331074040989,5.6162501802988976,5.624583513598693,0,1
-0.045416644090246434,5.620416846948794,-0.04958331074040989,-0.04124997744008296,5.6162501802988976,5.624583513598693,1,0
-0.0370833107899195,5.620416846948794,-0.04124997744008296,-0.032916644139756035,5.6162501802988976,5.624583513598693,2,0
-0.028749977489592574,5.620416846948794,-0.032916644139756035,-0.024583310839429107,5.6162501802988976,5.624583513598693,2,1
-0.020416644189265646,5.620416846948794,-0.024583310839429107,-0.01624997753910218,5.6162501802988976,5.624583513598693,0,1
-0.012083310888938714,5.620416846948794,-0.01624997753910218,-0.00791664423877525,5.6162501802988976,5.624583513598693,0,0
-0.003749977588611786,5.620416846948794,-0.00791664423877525,0.0004166890615516783,5.6162501802988976,5.624583513598693,2,0
0.0045833557117151424,5.620416846948794,0.0004166890615516783,0.008750022361878607,5.6162501802988976,5.624583513598693,1,1
0.01291668901204207,5.620416846948794,0.008750022361878607,0.017083355662205535,5.6162501802988976,5.624583513598693,0,1
0.021250022312369003,5.620416846948794,0.017083355662205535,0.025416688962532463,5.6162501802988976,5.624583513598693,1,0
0.029583355612695927,5.620416846948794,0.025416688962532463,0.03375002226285939,5.6162501802988976,5.624583513598693,2,0
0.03791668891302281,5.620416846948796,0.03375002226285939,0.04208335556318621,5.6162501802988976,5.624583513598693,2,0
-0.5287499755092079,5.612083513649001,-0.5329166421593714,-0.5245833088590445,5.607916846999103,5.6162501802988976,0,1
-0.520416642208881,5.612083513649001,-0.5245833088590445,-0.5162499755587175,5.607916846999103,5.6162501802988976,2,1
-0.5120833089085541,5.612083513649001,-0.5162499755587175,-0.5079166422583906,5.607916846999103,5.6162501802988976,2,0
-0.5037499756082272,5.612083513649001,-0.5079166422583906,-0.49958330895806374,5.607916846999103,5.6162501802988976,2,0
-0.4954166423079003,5.612083513649001,-0.49958330895806374,-0.4912499756577368,5.607916846999103,5.6162501802988976,0,1
-0.48708330900757335,5.612083513649001,-0.4912499756577368,-0.4829166423574099,5.607916846999103,5.6162501802988976,2,1
-0.4787499757072465,5.612083513649001,-0.4829166423574099,-0.47458330905708296,5.607916846999103,5.6162501802988976,0,0
-0.47041664240691955,5.612083513649001,-0.47458330905708296,-0.46624997575675603,5.607916846999103,5.6162501802988976,2,0
-0.4620833091065926,5.612083513649001,-0.46624997575675603,-0.45791664245642916,5.607916846999103,5.6162501802988976,0,0
-0.4537499758062657,5.612083513649001,-0.45791664245642916,-0.44958330915610223,5.607916846999103,5.6162501802988976,0,1
-0.44541664250593876,5.612083513649001,-0.44958330915610223,-0.4412499758557753,5.607916846999103,5.6162501802988976,0,0
-0.43708330920561184,5.612083513649001,-0.4412499758557753,-0.43291664255544837,5.607916846999103,5.6162501802988976,2,1
-0.42874997590528496,5.612083513649001,-0.43291664255544837,-0.42458330925512144,5.607916846999103,5.6162501802988976,2,0
-0.4204166426049579,5.612083513649001,-0.42458330925512144,-0.4162499759547945,5.607916846999103,5.6162501802988976,2,1
-0.41208330930463105,5.612083513649001,-0.4162499759547945,-0.4079166426544676,5.607916846999103,5.6162501802988976,0,0
-0.4037499760043042,5.612083513649001,-0.4079166426544676,-0.39958330935414066,5.607916846999103,5.6162501802988976,2,1
-0.3954166427039772,5.612083513649001,-0.39958330935414066,-0.39124997605381373,5.607916846999103,5.6162501802988976,1,1
-0.38708330940365027,5.612083513649001,-0.39124997605381373,-0.3829166427534868,5.607916846999103,5.6162501802988976,2,0
-0.3787499761033233,5.612083513649001,-0.3829166427534868,-0.3745833094531599,5.607916846999103,5.6162501802988976,1,1
-0.37041664280299647,5.612083513649001,-0.3745833094531599,-0.36624997615283295,5.607916846999103,5.6162501802988976,2,1
-0.3620833095026695,5.612083513649001,-0.36624997615283295,-0.357916642852506,5.607916846999103,5.6162501802988976,2,0
-0.35374997620234255,5.612083513649001,-0.357916642852506,-0.3495833095521791,5.607916846999103,5.6162501802988976,2,1
-0.3454166429020156,5.612083513649001,-0.3495833095521791,-0.34124997625185216,5.607916846999103,5.6162501802988976,0,1
-0.3370833096016887,5.612083513649001,-0.34124997625185216,-0.3329166429515253,5.607916846999103,5.6162501802988976,1,1
-0.32874997630136177,5.612083513649001,-0.3329166429515253,-0.32458330965119836,5.607916846999103,5.6162501802988976,1,0
-0.3204166430010349,5.612083513649001,-0.32458330965119836,-0.31624997635087143,5.607916846999103,5.6162501802988976,2,1
-0.31208330970070797,5.612083513649001,-0.31624997635087143,-0.3079166430505445,5.607916846999103,5.6162501802988976,1,0
-0.30374997640038104,5.612083513649001,-0.3079166430505445,-0.2995833097502176,5.607916846999103,5.6162501802988976,1,1
-0.2954166431000541,5.612083513649001,-0.2995833097502176,-0.29124997644989065,5.607916846999103,5.6162501802988976,0,1
-0.28708330979972724,5.612083513649001,-0.29124997644989065,-0.2829166431495637,5.607916846999103,5.6162501802988976,2,0
-0.27874997649940025,5.612083513649001,-0.2829166431495637,-0.2745833098492368,5.607916846999103,5.6162501802988976,0,0
-0.2704166431990733,5.612083513649001,-0.2745833098492368,-0.2662499765489099,5.607916846999103,5.6162501802988976,1,0
-0.26208330989874645,5.612083513649001,-0.2662499765489099,-0.257916643248583,5.607916846999103,5.6162501802988976,0,1
-0.2537499765984195,5.612083513649001,-0.257916643248583,-0.24958330994825606,5.607916846999103,5.6162501802988976,1,1
-0.2454166432980926,5.612083513649001,-0.24958330994825606,-0.24124997664792913,5.607916846999103,5.6162501802988976,1,1
-0.2370833099977657,5.612083513649001,-0.24124997664792913,-0.2329166433476022,5.607916846999103,5.6162501802988976,2,0
-0.22874997669743874,5.612083513649001,-0.2329166433476022,-0.22458331004727528,5.607916846999103,5.6162501802988976,0,0
-0.22041664339711184,5.612083513649001,-0.22458331004727528,-0.21624997674694835,5.607916846999103,5.6162501802988976,0,0
-0.21208331009678488,5.612083513649001,-0.21624997674694835,-0.20791664344662142,5.607916846999103,5.6162501802988976,2,0
-0.20374997679645793,5.612083513649001,-0.20791664344662142,-0.1995833101462945,5.607916846999103,5.6162501802988976,2,0
-0.195416643496131,5.612083513649001,-0.1995833101462945,-0.19124997684596756,5.607916846999103,5.6162501802988976,1,0
-0.1870833101958041,5.612083513649001,-0.19124997684596756,-0.18291664354564063,5.607916846999103,5.6162501802988976,0,0
-0.1787499768954772,5.612083513649001,-0.18291664354564063,-0.17458331024531376,5.607916846999103,5.6162501802988976,0,1
-0.1704166435951503,5.612083513649001,-0.17458331024531376,-0.16624997694498683,5.607916846999103,5.6162501802988976,2,1
-0.16208331029482337,5.612083513649001,-0.16624997694498683,-0.1579166436446599,5.607916846999103,5.6162501802988976,1,0
-0.1537499769944964,5.612083513649001,-0.1579166436446599,-0.14958331034433298,5.607916846999103,5.6162501802988976,0,1
-0.1454166436941695,5.612083513649001,-0.14958331034433298,-0.14124997704400605,5.607916846999103,5.6162501802988976,0,1
-0.13708331039384258,5.612083513649001,-0.14124997704400605,-0.13291664374367912,5.607916846999103,5.6162501802988976,0,0
-0.12874997709351566,5.612083513649001,-0.13291664374367912,-0.12458331044335219,5.607916846999103,5.6162501802988976,1,1
-0.12041664379318873,5.612083513649001,-0.12458331044335219,-0.11624997714302526,5.607916846999103,5.6162501802988976,1,1
-0.1120833104928618,5.612083513649001,-0.11624997714302526,-0.10791664384269833,5.607916846999103,5.6162501802988976,0,1
-0.10374997719253486,5.612083513649001,-0.10791664384269833,-0.0995833105423714,5.607916846999103,5.6162501802988976,1,1
-0.09541664389220796,5.612083513649001,-0.0995833105423714,-0.09124997724204453,5.607916846999103,5.6162501802988976,0,1
-0.08708331059188108,5.612083513649001,-0.09124997724204453,-0.0829166439417176,5.607916846999103,5.6162501802988976,1,1
-0.07874997729155414,5.612083513649001,-0.0829166439417176,-0.07458331064139068,5.607916846999103,5.6162501802988976,2,0
-0.07041664399122723,5.612083513649001,-0.07458331064139068,-0.06624997734106375,5.607916846999103,5.6162501802988976,2,0
-0.062083310690900284,5.612083513649001,-0.06624997734106375,-0.05791664404073682,5.607916846999103,5.6162501802988976,0,1
-0.05374997739057336,5.612083513649001,-0.05791664404073682,-0.04958331074040989,5.607916846999103,5.6162501802988976,2,1
-0.04541664409024643,5.612083513649001,-0.04958331074040989,-0.04124997744008296,5.607916846999103,5.6162501802988976,2,1
-0.0370833107899195,5.612083513649001,-0.04124997744008296,-0.032916644139756035,5.607916846999103,5.6162501802988976,2,0
-0.02874997748959257,5.612083513649001,-0.032916644139756035,-0.024583310839429107,5.607916846999103,5.6162501802988976,0,1
-0.020416644189265643,5.612083513649001,-0.024583310839429107,-0.01624997753910218,5.607916846999103,5.6162501802988976,1,0
-0.012083310888938714,5.612083513649001,-0.01624997753910218,-0.00791664423877525,5.607916846999103,5.6162501802988976,1,0
-0.0037499775886117863,5.612083513649001,-0.00791664423877525,0.0004166890615516783,5.607916846999103,5.6162501802988976,0,1
0.0045833557117151424,5.612083513649001,0.0004166890615516783,0.008750022361878607,5.607916846999103,5.6162501802988976,2,0
0.01291668901204207,5.612083513649001,0.008750022361878607,0.017083355662205535,5.607916846999103,5.6162501802988976,1,1
0.021250022312369,5.612083513649001,0.017083355662205535,0.025416688962532463,5.607916846999103,5.6162501802988976,2,0
0.02958335561269593,5.612083513649001,0.025416688962532463,0.03375002226285939,5.607916846999103,5.6162501802988976,1,1
-0.528749975509208,5.6037501803492065,-0.5329166421593714,-0.5245833088590445,5.599583513699308,5.607916846999103,1,1
-0.520416642208881,5.6037501803492065,-0.5245833088590445,-0.5162499755587175,5.599583513699308,5.607916846999103,0,1
-0.512083308908554,5.6037501803492065,-0.5162499755587175,-0.5079166422583906,5.599583513699308,5.607916846999103,0,1
-0.5037499756082272,5.603750180349206,-0.5079166422583906,-0.49958330895806374,5.599583513699308,5.607916846999103,2,0
-0.4954166423079003,5.6037501803492065,-0.49958330895806374,-0.4912499756577368,5.599583513699308,5.607916846999103,2,0
-0.48708330900757335,5.6037501803492065,-0.4912499756577368,-0.4829166423574099,5.599583513699308,5.607916846999103,1,0
-0.4787499757072465,5.6037501803492065,-0.4829166423574099,-0.47458330905708296,5.599583513699308,5.607916846999103,0,0
-0.47041664240691955,5.6037501803492065,-0.47458330905708296,-0.46624997575675603,5.599583513699308,5.607916846999103,0,1
-0.46208330910659257,5.603750180349206,-0.46624997575675603,-0.45791664245642916,5.599583513699308,5.607916846999103,2,0
-0.4537499758062657,5.6037501803492065,-0.45791664245642916,-0.44958330915610223,5.599583513699308,5.607916846999103,2,0
-0.4454166425059387,5.6037501803492065,-0.44958330915610223,-0.4412499758557753,5.599583513699308,5.607916846999103,2,0
-0.4370833092056119,5.6037501803492065,-0.4412499758557753,-0.43291664255544837,5.599583513699308,5.607916846999103,2,1
-0.42874997590528496,5.6037501803492065,-0.43291664255544837,-0.42458330925512144,5.599583513699308,5.607916846999103,0,1
-0.420416642604958,5.6037501803492065,-0.42458330925512144,-0.4162499759547945,5.599583513699308,5.607916846999103,2,1
-0.41208330930463105,5.6037501803492065,-0.4162499759547945,-0.4079166426544676,5.599583513699308,5.607916846999103,0,1
-0.4037499760043041,5.6037501803492065,-0.4079166426544676,-0.39958330935414066,5.599583513699308,5.607916846999103,1,1
-0.3954166427039772,5.6037501803492065,-0.39958330935414066,-0.39124997605381373,5.599583513699308,5.607916846999103,0,1
-0.3870833094036502,5.6037501803492065,-0.39124997605381373,-0.3829166427534868,5.599583513699308,5.607916846999103,2,1
-0.3787499761033233,5.6037501803492065,-0.3829166427534868,-0.3745833094531599,5.599583513699308,5.607916846999103,2,0
-0.37041664280299647,5.6037501803492065,-0.3745833094531599,-0.36624997615283295,5.599583513699308,5.607916846999103,1,1
-0.36208330950266954,5.6037501803492065,-0.36624997615283295,-0.357916642852506,5.599583513699308,5.607916846999103,0,1
-0.3537499762023425,5.6037501803492065,-0.357916642852506,-0.3495833095521791,5.599583513699308,5.607916846999103,0,0
-0.3454166429020157,5.6037501803492065,-0.3495833095521791,-0.34124997625185216,5.599583513699308,5.607916846999103,1,1
-0.3370833096016887,5.603750180349206,-0.34124997625185216,-0.3329166429515253,5.599583513699308,5.607916846999103,1,0
-0.3287499763013618,5.6037501803492065,-0.3329166429515253,-0.32458330965119836,5.599583513699308,5.607916846999103,1,0
-0.32041664300103495,5.6037501803492065,-0.32458330965119836,-0.31624997635087143,5.599583513699308,5.607916846999103,1,0
-0.31208330970070797,5.6037501803492065,-0.31624997635087143,-0.3079166430505445,5.599583513699308,5.607916846999103,1,1
-0.30374997640038104,5.6037501803492065,-0.3079166430505445,-0.2995833097502176,5.599583513699308,5.607916846999103,1,0
-0.2954166431000541,5.6037501803492065,-0.2995833097502176,-0.29124997644989065,5.599583513699308,5.607916846999103,1,1
-0.2870833097997272,5.6037501803492065,-0.29124997644989065,-0.2829166431495637,5.599583513699308,5.607916846999103,1,1
-0.2787499764994002,5.6037501803492065,-0.2829166431495637,-0.2745833098492368,5.599583513699308,5.607916846999103,1,0
-0.2704166431990733,5.603750180349206,-0.2745833098492368,-0.2662499765489099,5.599583513699308,5.607916846999103,1,1
-0.26208330989874645,5.6037501803492065,-0.2662499765489099,-0.257916643248583,5.599583513699308,5.607916846999103,0,1
-0.2537499765984195,5.6037501803492065,-0.257916643248583,-0.24958330994825606,5.599583513699308,5.607916846999103,2,1
-0.2454166432980926,5.6037501803492065,-0.24958330994825606,-0.24124997664792913,5.599583513699308,5.607916846999103,1,1
-0.23708330999776567,5.6037501803492065,-0.24124997664792913,-0.2329166433476022,5.599583513699308,5.607916846999103,2,1
-0.22874997669743877,5.6037501803492065,-0.2329166433476022,-0.22458331004727528,5.599583513699308,5.607916846999103,1,1
-0.2204166433971118,5.6037501803492065,-0.22458331004727528,-0.21624997674694835,5.599583513699308,5.607916846999103,1,0
-0.2120833100967849,5.6037501803492065,-0.21624997674694835,-0.20791664344662142,5.599583513699308,5.607916846999103,2,0
-0.20374997679645795,5.6037501803492065,-0.20791664344662142,-0.1995833101462945,5.599583513699308,5.607916846999103,1,1
-0.19541664349613103,5.6037501803492065,-0.1995833101462945,-0.19124997684596756,5.599583513699308,5.607916846999103,2,0
-0.1870833101958041,5.6037501803492065,-0.19124997684596756,-0.18291664354564063,5.599583513699308,5.607916846999103,0,1
-0.1787499768954772,5.603750180349206,-0.18291664354564063,-0.17458331024531376,5.599583513699308,5.607916846999103,0,1
-0.1704166435951503,5.6037501803492065,-0.17458331024531376,-0.16624997694498683,5.599583513699308,5.607916846999103,1,0
-0.16208331029482337,5.6037501803492065,-0.16624997694498683,-0.1579166436446599,5.599583513699308,5.607916846999103,0,1
-0.1537499769944964,5.6037501803492065,-0.1579166436446599,-0.14958331034433298,5.599583513699308,5.607916846999103,0,0
-0.1454166436941695,5.6037501803492065,-0.14958331034433298,-0.14124997704400605,5.599583513699308,5.607916846999103,0,0
-0.13708331039384258,5.6037501803492065,-0.14124997704400605,-0.13291664374367912,5.599583513699308,5.607916846999103,0,1
-0.12874997709351568,5.6037501803492065,-0.13291664374367912,-0.12458331044335219,5.599583513699308,5.607916846999103,0,0
-0.12041664379318873,5.6037501803492065,-0.12458331044335219,-0.11624997714302526,5.599583513699308,5.607916846999103,1,0
-0.11208331049286178,5.6037501803492065,-0.11624997714302526,-0.10791664384269833,5.599583513699308,5.607916846999103,1,1
-0.10374997719253487,5.6037501803492065,-0.10791664384269833,-0.0995833105423714,5.599583513699308,5.607916846999103,0,1
-0.09541664389220797,5.603750180349206,-0.0995833105423714,-0.09124997724204453,5.599583513699308,5.607916846999103,1,1
-0.08708331059188107,5.6037501803492065,-0.09124997724204453,-0.0829166439417176,5.599583513699308,5.607916846999103,1,0
-0.07874997729155414,5.6037501803492065,-0.0829166439417176,-0.07458331064139068,5.599583513699308,5.607916846999103,0,1
-0.07041664399122721,5.6037501803492065,-0.07458331064139068,-0.06624997734106375,5.599583513699308,5.607916846999103,0,0
-0.06208331069090029,5.6037501803492065,-0.06624997734106375,-0.05791664404073682,5.599583513699308,5.607916846999103,1,0
-0.053749977390573356,5.6037501803492065,-0.05791664404073682,-0.04958331074040989,5.599583513699308,5.607916846999103,2,0
-0.045416644090246434,5.6037501803492065,-0.04958331074040989,-0.04124997744008296,5.599583513699308,5.607916846999103,2,1
-0.0370833107899195,5.6037501803492065,-0.04124997744008296,-0.032916644139756035,5.599583513699308,5.607916846999103,0,1
-0.028749977489592574,5.6037501803492065,-0.032916644139756035,-0.024583310839429107,5.599583513699308,5.607916846999103,2,0
-0.020416644189265646,5.6037501803492065,-0.024583310839429107,-0.01624997753910218,5.599583513699308,5.607916846999103,0,1
-0.012083310888938714,5.6037501803492065,-0.01624997753910218,-0.00791664423877525,5.599583513699308,5.607916846999103,1,1
-0.003749977588611786,5.6037501803492065,-0.00791664423877525,0.0004166890615516783,5.599583513699308,5.607916846999103,0,1
0.0045833557117151424,5.6037501803492065,0.0004166890615516783,0.008750022361878607,5.599583513699308,5.607916846999103,1,1
0.01291668901204207,5.6037501803492065,0.008750022361878607,0.017083355662205535,5.599583513699308,5.607916846999103,2,1
-0.5370833088095349,5.59541684704941,-0.5412499754596983,-0.5329166421593714,5.591250180399513,5.599583513699308,1,0
-0.528749975509208,5.59541684704941,-0.5329166421593714,-0.5245833088590445,5.591250180399513,5.599583513699308,2,0
-0.520416642208881,5.59541684704941,-0.5245833088590445,-0.5162499755587175,5.591250180399513,5.599583513699308,2,0
-0.512083308908554,5.59541684704941,-0.5162499755587175,-0.5079166422583906,5.591250180399513,5.599583513699308,2,1
-0.5037499756082272,5.5954168470494094,-0.5079166422583906,-0.49958330895806374,5.591250180399513,5.599583513699308,2,1
-0.4954166423079003,5.59541684704941,-0.49958330895806374,-0.4912499756577368,5.591250180399513,5.599583513699308,0,0
-0.48708330900757335,5.59541684704941,-0.4912499756577368,-0.4829166423574099,5.591250180399513,5.599583513699308,1,1
-0.4787499757072465,5.59541684704941,-0.4829166423574099,-0.47458330905708296,5.591250180399513,5.599583513699308,0,1
-0.47041664240691955,5.59541684704941,-0.47458330905708296,-0.46624997575675603,5.591250180399513,5.599583513699308,0,0
-0.46208330910659257,5.5954168470494094,-0.46624997575675603,-0.45791664245642916,5.591250180399513,5.599583513699308,1,1
-0.4537499758062657,5.59541684704941,-0.45791664245642916,-0.44958330915610223,5.591250180399513,5.599583513699308,1,1
-0.4454166425059387,5.59541684704941,-0.44958330915610223,-0.4412499758557753,5.591250180399513,5.599583513699308,0,1
-0.4370833092056119,5.59541684704941,-0.4412499758557753,-0.43291664255544837,5.591250180399513,5.599583513699308,2,0
-0.42874997590528496,5.59541684704941,-0.43291664255544837,-0.42458330925512144,5.591250180399513,5.599583513699308,0,1
-0.420416642604958,5.59541684704941,-0.42458330925512144,-0.4162499759547945,5.591250180399513,5.599583513699308,1,0
-0.41208330930463105,5.59541684704941,-0.4162499759547945,-0.4079166426544676,5.591250180399513,5.599583513699308,2,0
-0.4037499760043041,5.59541684704941,-0.4079166426544676,-0.39958330935414066,5.591250180399513,5.599583513699308,1,0
-0.3954166427039772,5.59541684704941,-0.39958330935414066,-0.39124997605381373,5.591250180399513,5.599583513699308,0,1
-0.3870833094036502,5.59541684704941,-0.39124997605381373,-0.3829166427534868,5.591250180399513,5.599583513699308,0,1
-0.3787499761033233,5.59541684704941,-0.3829166427534868,-0.3745833094531599,5.591250180399513,5.599583513699308,0,1
-0.37041664280299647,5.59541684704941,-0.3745833094531599,-0.36624997615283295,5.591250180399513,5.599583513699308,0,1
-0.36208330950266954,5.59541684704941,-0.36624997615283295,-0.357916642852506,5.591250180399513,5.599583513699308,2,1
-0.3537499762023425,5.59541684704941,-0.357916642852506,-0.3495833095521791,5.591250180399513,5.599583513699308,1,0
-0.3454166429020157,5.59541684704941,-0.3495833095521791,-0.34124997625185216,5.591250180399513,5.599583513699308,0,0
-0.3370833096016887,5.5954168470494094,-0.34124997625185216,-0.3329166429515253,5.591250180399513,5.599583513699308,2,1
-0.3287499763013618,5.59541684704941,-0.3329166429515253,-0.32458330965119836,5.591250180399513,5.599583513699308,0,0
-0.32041664300103495,5.59541684704941,-0.32458330965119836,-0.31624997635087143,5.591250180399513,5.599583513699308,1,1
-0.31208330970070797,5.59541684704941,-0.31624997635087143,-0.3079166430505445,5.591250180399513,5.599583513699308,0,0
-0.30374997640038104,5.59541684704941,-0.3079166430505445,-0.2995833097502176,5.591250180399513,5.599583513699308,1,1
-0.2954166431000541,5.59541684704941,-0.2995833097502176,-0.29124997644989065,5.591250180399513,5.599583513699308,2,0
-0.2870833097997272,5.59541684704941,-0.29124997644989065,-0.2829166431495637,5.591250180399513,5.599583513699308,2,0
-0.2787499764994002,5.59541684704941,-0.2829166431495637,-0.2745833098492368,5.591250180399513,5.599583513699308,2,0
-0.2704166431990733,5.5954168470494094,-0.2745833098492368,-0.2662499765489099,5.591250180399513,5.599583513699308,0,0
-0.26208330989874645,5.59541684704941,-0.2662499765489099,-0.257916643248583,5.591250180399513,5.599583513699308,2,1
-0.2537499765984195,5.59541684704941,-0.257916643248583,-0.24958330994825606,5.591250180399513,5.599583513699308,1,0
-0.2454166432980926,5.59541684704941,-0.24958330994825606,-0.24124997664792913,5.591250180399513,5.599583513699308,2,0
-0.23708330999776567,5.59541684704941,-0.24124997664792913,-0.2329166433476022,5.591250180399513,5.599583513699308,1,1
-0.22874997669743877,5.59541684704941,-0.2329166433476022,-0.22458331004727528,5.591250180399513,5.599583513699308,2,1
-0.2204166433971118,5.59541684704941,-0.22458331004727528,-0.21624997674694835,5.591250180399513,5.599583513699308,2,0
-0.2120833100967849,5.59541684704941,-0.21624997674694835,-0.20791664344662142,5.591250180399513,5.599583513699308,0,0
-0.20374997679645795,5.59541684704941,-0.20791664344662142,-0.1995833101462945,5.591250180399513,5.599583513699308,2,0
-0.19541664349613103,5.59541684704941,-0.1995833101462945,-0.19124997684596756,5.591250180399513,5.599583513699308,2,0
-0.1870833101958041,5.59541684704941,-0.19124997684596756,-0.18291664354564063,5.591250180399513,5.599583513699308,0,1
-0.1787499768954772,5.5954168470494094,-0.18291664354564063,-0.17458331024531376,5.591250180399513,5.599583513699308,0,1
-0.1704166435951503,5.59541684704941,-0.17458331024531376,-0.16624997694498683,5.591250180399513,5.599583513699308,2,0
-0.16208331029482337,5.59541684704941,-0.16624997694498683,-0.1579166436446599,5.591250180399513,5.599583513699308,0,0
-0.1537499769944964,5.59541684704941,-0.1579166436446599,-0.14958331034433298,5.591250180399513,5.599583513699308,2,0
-0.1454166436941695,5.59541684704941,-0.14958331034433298,-0.14124997704400605,5.591250180399513,5.599583513699308,2,1
-0.13708331039384258,5.59541684704941,-0.14124997704400605,-0.13291664374367912,5.591250180399513,5.599583513699308,2,0
-0.12874997709351568,5.59541684704941,-0.13291664374367912,-0.12458331044335219,5.591250180399513,5.599583513699308,0,0
-0.12041664379318873,5.59541684704941,-0.12458331044335219,-0.11624997714302526,5.591250180399513,5.599583513699308,0,0
-0.11208331049286178,5.59541684704941,-0.11624997714302526,-0.10791664384269833,5.591250180399513,5.599583513699308,1,1
-0.10374997719253487,5.59541684704941,-0.10791664384269833,-0.0995833105423714,5.591250180399513,5.599583513699308,1,1
-0.09541664389220797,5.5954168470494094,-0.0995833105423714,-0.09124997724204453,5.591250180399513,5.599583513699308,0,1
-0.08708331059188107,5.59541684704941,-0.09124997724204453,-0.0829166439417176,5.591250180399513,5.599583513699308,2,0
-0.07874997729155414,5.59541684704941,-0.0829166439417176,-0.07458331064139068,5.591250180399513,5.599583513699308,0,0
-0.07041664399122721,5.59541684704941,-0.07458331064139068,-0.06624997734106375,5.591250180399513,5.599583513699308,2,0
-0.06208331069090029,5.59541684704941,-0.06624997734106375,-0.05791664404073682,5.591250180399513,5.599583513699308,1,1
-0.053749977390573356,5.59541684704941,-0.05791664404073682,-0.04958331074040989,5.591250180399513,5.599583513699308,2,0
-0.045416644090246434,5.59541684704941,-0.04958331074040989,-0.04124997744008296,5.591250180399513,5.599583513699308,0,0
-0.0370833107899195,5.59541684704941,-0.04124997744008296,-0.032916644139756035,5.591250180399513,5.599583513699308,0,1
-0.028749977489592574,5.59541684704941,-0.032916644139756035,-0.024583310839429107,5.591250180399513,5.599583513699308,2,1
-0.020416644189265646,5.59541684704941,-0.024583310839429107,-0.01624997753910218,5.591250180399513,5.599583513699308,2,0
-0.5370833088095349,5.587083513749615,-0.5412499754596983,-0.5329166421593714,5.5829168470997175,5.591250180399513,1,0
-0.528749975509208,5.587083513749615,-0.5329166421593714,-0.5245833088590445,5.5829168470997175,5.591250180399513,1,1
-0.520416642208881,5.587083513749615,-0.5245833088590445,-0.5162499755587175,5.5829168470997175,5.591250180399513,0,1
-0.512083308908554,5.587083513749615,-0.5162499755587175,-0.5079166422583906,5.5829168470997175,5.591250180399513,1,0
-0.5037499756082272,5.587083513749615,-0.5079166422583906,-0.49958330895806374,5.5829168470997175,5.591250180399513,1,0
-0.4954166423079003,5.587083513749615,-0.49958330895806374,-0.4912499756577368,5.5829168470997175,5.591250180399513,2,0
-0.48708330900757335,5.587083513749615,-0.4912499756577368,-0.4829166423574099,5.5829168470997175,5.591250180399513,2,1
-0.4787499757072465,5.587083513749615,-0.4829166423574099,-0.47458330905708296,5.5829168470997175,5.591250180399513,0,0
-0.47041664240691955,5.587083513749615,-0.47458330905708296,-0.46624997575675603,5.5829168470997175,5.591250180399513,2,1
-0.46208330910659257,5.587083513749615,-0.46624997575675603,-0.45791664245642916,5.5829168470997175,5.591250180399513,0,0
-0.4537499758062657,5.587083513749615,-0.45791664245642916,-0.44958330915610223,5.5829168470997175,5.591250180399513,2,0
-0.4454166425059387,5.587083513749615,-0.44958330915610223,-0.4412499758557753,5.5829168470997175,5.591250180399513,0,1
-0.4370833092056119,5.587083513749615,-0.4412499758557753,-0.43291664255544837,5.5829168470997175,5.591250180399513,0,0
-0.42874997590528496,5.587083513749615,-0.43291664255544837,-0.42458330925512144,5.5829168470997175,5.591250180399513,1,0
-0.420416642604958,5.587083513749615,-0.42458330925512144,-0.4162499759547945,5.5829168470997175,5.591250180399513,0,0
-0.41208330930463105,5.587083513749615,-0.4162499759547945,-0.4079166426544676,5.5829168470997175,5.591250180399513,2,0
-0.4037499760043041,5.587083513749615,-0.4079166426544676,-0.39958330935414066,5.5829168470997175,5.591250180399513,0,0
-0.3954166427039772,5.587083513749615,-0.39958330935414066,-0.39124997605381373,5.5829168470997175,5.591250180399513,0,1
-0.3870833094036502,5.587083513749615,-0.39124997605381373,-0.3829166427534868,5.5829168470997175,5.591250180399513,2,1
-0.3787499761033233,5.587083513749615,-0.3829166427534868,-0.3745833094531599,5.5829168470997175,5.591250180399513,2,1
-0.37041664280299647,5.587083513749615,-0.3745833094531599,-0.36624997615283295,5.5829168470997175,5.591250180399513,2,1
-0.36208330950266954,5.587083513749615,-0.36624997615283295,-0.357916642852506,5.5829168470997175,5.591250180399513,0,0
-0.3537499762023425,5.587083513749615,-0.357916642852506,-0.3495833095521791,5.5829168470997175,5.591250180399513,2,0
-0.3454166429020157,5.587083513749615,-0.3495833095521791,-0.34124997625185216,5.5829168470997175,5.591250180399513,2,1
-0.3370833096016887,5.587083513749615,-0.34124997625185216,-0.3329166429515253,5.5829168470997175,5.591250180399513,2,1
-0.3287499763013618,5.587083513749615,-0.3329166429515253,-0.32458330965119836,5.5829168470997175,5.591250180399513,1,0
-0.32041664300103495,5.587083513749615,-0.32458330965119836,-0.31624997635087143,5.5829168470997175,5.591250180399513,1,1
-0.31208330970070797,5.587083513749615,-0.31624997635087143,-0.3079166430505445,5.5829168470997175,5.591250180399513,2,1
-0.30374997640038104,5.587083513749615,-0.3079166430505445,-0.2995833097502176,5.5829168470997175,5.591250180399513,1,0
-0.2954166431000541,5.587083513749615,-0.2995833097502176,-0.29124997644989065,5.5829168470997175,5.591250180399513,0,0
-0.2870833097997272,5.587083513749615,-0.29124997644989065,-0.2829166431495637,5.5829168470997175,5.591250180399513,1,1
-0.2787499764994002,5.587083513749615,-0.2829166431495637,-0.2745833098492368,5.5829168470997175,5.591250180399513,1,0
-0.2704166431990733,5.587083513749615,-0.2745833098492368,-0.2662499765489099,5.5829168470997175,5.591250180399513,0,0
-0.26208330989874645,5.587083513749615,-0.2662499765489099,-0.257916643248583,5.5829168470997175,5.591250180399513,1,0
-0.2537499765984195,5.587083513749615,-0.257916643248583,-0.24958330994825606,5.5829168470997175,5.591250180399513,0,1
-0.2454166432980926,5.587083513749615,-0.24958330994825606,-0.24124997664792913,5.5829168470997175,5.591250180399513,0,0
-0.23708330999776567,5.587083513749615,-0.24124997664792913,-0.2329166433476022,5.5829168470997175,5.591250180399513,1,0
-0.22874997669743877,5.587083513749615,-0.2329166433476022,-0.22458331004727528,5.5829168470997175,5.591250180399513,0,1
-0.2204166433971118,5.587083513749615,-0.22458331004727528,-0.21624997674694835,5.5829168470997175,5.591250180399513,1,0
-0.2120833100967849,5.587083513749615,-0.21624997674694835,-0.20791664344662142,5.5829168470997175,5.591250180399513,1,1
-0.20374997679645795,5.587083513749615,-0.20791664344662142,-0.1995833101462945,5.5829168470997175,5.591250180399513,0,1
-0.19541664349613103,5.587083513749615,-0.1995833101462945,-0.19124997684596756,5.5829168470997175,5.591250180399513,2,0
-0.1870833101958041,5.587083513749615,-0.19124997684596756,-0.18291664354564063,5.5829168470997175,5.591250180399513,1,1
-0.1787499768954772,5.587083513749615,-0.18291664354564063,-0.17458331024531376,5.5829168470997175,5.591250180399513,1,1
-0.1704166435951503,5.587083513749615,-0.17458331024531376,-0.16624997694498683,5.5829168470997175,5.591250180399513,2,1
-0.16208331029482337,5.587083513749615,-0.16624997694498683,-0.1579166436446599,5.5829168470997175,5.591250180399513,1,0
-0.1537499769944964,5.587083513749615,-0.1579166436446599,-0.14958331034433298,5.5829168470997175,5.591250180399513,1,0
-0.1454166436941695,5.587083513749615,-0.14958331034433298,-0.14124997704400605,5.5829168470997175,5.591250180399513,1,1
-0.13708331039384258,5.587083513749615,-0.14124997704400605,-0.13291664374367912,5.5829168470997175,5.591250180399513,1,0
-0.12874997709351568,5.587083513749615,-0.13291664374367912,-0.12458331044335219,5.5829168470997175,5.591250180399513,0,1
-0.12041664379318873,5.587083513749615,-0.12458331044335219,-0.11624997714302526,5.5829168470997175,5.591250180399513,0,1
-0.11208331049286178,5.587083513749615,-0.11624997714302526,-0.10791664384269833,5.5829168470997175,5.591250180399513,0,0
-0.10374997719253487,5.587083513749615,-0.10791664384269833,-0.0995833105423714,5.5829168470997175,5.591250180399513,0,0
-0.09541664389220797,5.587083513749615,-0.0995833105423714,-0.09124997724204453,5.5829168470997175,5.591250180399513,2,1
-0.08708331059188107,5.587083513749615,-0.09124997724204453,-0.0829166439417176,5.5829168470997175,5.591250180399513,0,0
-0.07874997729155414,5.587083513749615,-0.0829166439417176,-0.07458331064139068,5.5829168470997175,5.591250180399513,0,0
-0.07041664399122721,5.587083513749615,-0.07458331064139068,-0.06624997734106375,5.5829168470997175,5.591250180399513,2,0
-0.06208331069090029,5.587083513749615,-0.06624997734106375,-0.05791664404073682,5.5829168470997175,5.591250180399513,1,0
-0.053749977390573356,5.587083513749615,-0.05791664404073682,-0.04958331074040989,5.5829168470997175,5.591250180399513,1,0
-0.045416644090246434,5.587083513749615,-0.04958331074040989,-0.04124997744008296,5.5829168470997175,5.591250180399513,1,0
-0.0370833107899195,5.587083513749615,-0.04124997744008296,-0.032916644139756035,5.5829168470997175,5.591250180399513,1,1
-0.5370833088095349,5.57875018044982,-0.5412499754596983,-0.5329166421593714,5.574583513799922,5.5829168470997175,2,0
-0.528749975509208,5.57875018044982,-0.5329166421593714,-0.5245833088590445,5.574583513799922,5.5829168470997175,1,1
-0.520416642208881,5.57875018044982,-0.5245833088590445,-0.5162499755587175,5.574583513799922,5.5829168470997175,1,1
-0.512083308908554,5.57875018044982,-0.5162499755587175,-0.5079166422583906,5.574583513799922,5.5829168470997175,2,0
-0.5037499756082272,5.578750180449821,-0.5079166422583906,-0.49958330895806374,5.574583513799922,5.5829168470997175,0,0
-0.4954166423079003,5.57875018044982,-0.49958330895806374,-0.4912499756577368,5.574583513799922,5.5829168470997175,1,0
-0.48708330900757335,5.57875018044982,-0.4912499756577368,-0.4829166423574099,5.574583513799922,5.5829168470997175,0,1
-0.4787499757072465,5.57875018044982,-0.4829166423574099,-0.47458330905708296,5.574583513799922,5.5829168470997175,2,0
-0.47041664240691955,5.57875018044982,-0.47458330905708296,-0.46624997575675603,5.574583513799922,5.5829168470997175,1,0
-0.46208330910659257,5.578750180449821,-0.46624997575675603,-0.45791664245642916,5.574583513799922,5.5829168470997175,2,1
-0.4537499758062657,5.57875018044982,-0.45791664245642916,-0.44958330915610223,5.574583513799922,5.5829168470997175,1,1
-0.4454166425059387,5.57875018044982,-0.44958330915610223,-0.4412499758557753,5.574583513799922,5.5829168470997175,0,1
-0.4370833092056119,5.57875018044982,-0.4412499758557753,-0.43291664255544837,5.574583513799922,5.5829168470997175,0,0
-0.42874997590528496,5.57875018044982,-0.43291664255544837,-0.42458330925512144,5.574583513799922,5.5829168470997175,2,1
-0.420416642604958,5.57875018044982,-0.42458330925512144,-0.4162499759547945,5.574583513799922,5.5829168470997175,0,0
-0.41208330930463105,5.57875018044982,-0.4162499759547945,-0.4079166426544676,5.574583513799922,5.5829168470997175,1,1
-0.4037499760043041,5.57875018044982,-0.4079166426544676,-0.39958330935414066,5.574583513799922,5.5829168470997175,1,1
-0.3954166427039772,5.57875018044982,-0.39958330935414066,-0.39124997605381373,5.574583513799922,5.5829168470997175,1,0
-0.3870833094036502,5.57875018044982,-0.39124997605381373,-0.3829166427534868,5.574583513799922,5.5829168470997175,1,1
-0.3787499761033233,5.57875018044982,-0.3829166427534868,-0.3745833094531599,5.574583513799922,5.5829168470997175,0,0
-0.37041664280299647,5.57875018044982,-0.3745833094531599,-0.36624997615283295,5.574583513799922,5.5829168470997175,2,0
-0.36208330950266954,5.57875018044982,-0.36624997615283295,-0.357916642852506,5.574583513799922,5.5829168470997175,2,0
-0.3537499762023425,5.57875018044982,-0.357916642852506,-0.3495833095521791,5.574583513799922,5.5829168470997175,1,0
-0.3454166429020157,5.57875018044982,-0.3495833095521791,-0.34124997625185216,5.574583513799922,5.5829168470997175,1,0
-0.3370833096016887,5.578750180449821,-0.34124997625185216,-0.3329166429515253,5.574583513799922,5.5829168470997175,0,0
-0.3287499763013618,5.57875018044982,-0.3329166429515253,-0.32458330965119836,5.574583513799922,5.5829168470997175,1,0
-0.32041664300103495,5.57875018044982,-0.32458330965119836,-0.31624997635087143,5.574583513799922,5.5829168470997175,2,1
-0.31208330970070797,5.57875018044982,-0.31624997635087143,-0.3079166430505445,5.574583513799922,5.5829168470997175,1,0
-0.30374997640038104,5.57875018044982,-0.3079166430505445,-0.2995833097502176,5.574583513799922,5.5829168470997175,2,1
-0.2954166431000541,5.57875018044982,-0.2995833097502176,-0.29124997644989065,5.574583513799922,5.5829168470997175,2,0
-0.2870833097997272,5.57875018044982,-0.29124997644989065,-0.2829166431495637,5.574583513799922,5.5829168470997175,0,0
-0.2787499764994002,5.57875018044982,-0.2829166431495637,-0.2745833098492368,5.574583513799922,5.5829168470997175,2,1
-0.2704166431990733,5.578750180449821,-0.2745833098492368,-0.2662499765489099,5.574583513799922,5.5829168470997175,0,1
-0.26208330989874645,5.57875018044982,-0.2662499765489099,-0.257916643248583,5.574583513799922,5.5829168470997175,2,1
-0.2537499765984195,5.57875018044982,-0.257916643248583,-0.24958330994825606,5.574583513799922,5.5829168470997175,0,1
-0.2454166432980926,5.57875018044982,-0.24958330994825606,-0.24124997664792913,5.574583513799922,5.5829168470997175,1,1
-0.23708330999776567,5.57875018044982,-0.24124997664792913,-0.2329166433476022,5.574583513799922,5.5829168470997175,1,1
-0.22874997669743877,5.57875018044982,-0.2329166433476022,-0.22458331004727528,5.574583513799922,5.5829168470997175,2,0
-0.2204166433971118,5.57875018044982,-0.22458331004727528,-0.21624997674694835,5.574583513799922,5.5829168470997175,2,0
-0.2120833100967849,5.57875018044982,-0.21624997674694835,-0.20791664344662142,5.574583513799922,5.5829168470997175,0,1
-0.20374997679645795,5.57875018044982,-0.20791664344662142,-0.1995833101462945,5.574583513799922,5.5829168470997175,0,1
-0.19541664349613103,5.57875018044982,-0.1995833101462945,-0.19124997684596756,5.574583513799922,5.5829168470997175,1,1
-0.1870833101958041,5.57875018044982,-0.19124997684596756,-0.18291664354564063,5.574583513799922,5.5829168470997175,0,1
-0.1787499768954772,5.578750180449821,-0.18291664354564063,-0.17458331024531376,5.574583513799922,5.5829168470997175,1,1
-0.1704166435951503,5.57875018044982,-0.17458331024531376,-0.16624997694498683,5.574583513799922,5.5829168470997175,1,0
-0.16208331029482337,5.57875018044982,-0.16624997694498683,-0.1579166436446599,5.574583513799922,5.5829168470997175,1,0
-0.1537499769944964,5.57875018044982,-0.1579166436446599,-0.14958331034433298,5.574583513799922,5.5829168470997175,0,0
-0.1454166436941695,5.57875018044982,-0.14958331034433298,-0.14124997704400605,5.574583513799922,5.5829168470997175,2,0
-0.13708331039384258,5.57875018044982,-0.14124997704400605,-0.13291664374367912,5.574583513799922,5.5829168470997175,1,0
-0.12874997709351568,5.57875018044982,-0.13291664374367912,-0.12458331044335219,5.574583513799922,5.5829168470997175,1,1
-0.12041664379318873,5.57875018044982,-0.12458331044335219,-0.11624997714302526,5.574583513799922,5.5829168470997175,2,0
-0.11208331049286178,5.57875018044982,-0.11624997714302526,-0.10791664384269833,5.574583513799922,5.5829168470997175,1,1
-0.10374997719253487,5.57875018044982,-0.10791664384269833,-0.0995833105423714,5.574583513799922,5.5829168470997175,0,1
-0.09541664389220797,5.578750180449821,-0.0995833105423714,-0.09124997724204453,5.574583513799922,5.5829168470997175,2,1
-0.08708331059188107,5.57875018044982,-0.09124997724204453,-0.0829166439417176,5.574583513799922,5.5829168470997175,0,1
-0.07874997729155414,5.57875018044982,-0.0829166439417176,-0.07458331064139068,5.574583513799922,5.5829168470997175,1,0
-0.07041664399122721,5.57875018044982,-0.07458331064139068,-0.06624997734106375,5.574583513799922,5.5829168470997175,1,0
-0.06208331069090029,5.57875018044982,-0.06624997734106375,-0.05791664404073682,5.574583513799922,5.5829168470997175,1,1
-0.053749977390573356,5.57875018044982,-0.05791664404073682,-0.04958331074040989,5.574583513799922,5.5829168470997175,2,1
-0.5537499754101887,5.5704168471500255,-0.5579166420603522,-0.5495833087600253,5.566250180500128,5.574583513799922,1,0
-0.5454166421098618,5.5704168471500255,-0.5495833087600253,-0.5412499754596983,5.566250180500128,5.574583513799922,2,0
-0.5370833088095349,5.5704168471500255,-0.5412499754596983,-0.5329166421593714,5.566250180500128,5.574583513799922,0,1
-0.5287499755092079,5.5704168471500255,-0.5329166421593714,-0.5245833088590445,5.566250180500128,5.574583513799922,1,1
-0.520416642208881,5.5704168471500255,-0.5245833088590445,-0.5162499755587175,5.566250180500128,5.574583513799922,0,0
-0.5120833089085541,5.5704168471500255,-0.5162499755587175,-0.5079166422583906,5.566250180500128,5.574583513799922,1,0
-0.5037499756082272,5.570416847150025,-0.5079166422583906,-0.49958330895806374,5.566250180500128,5.574583513799922,0,0
-0.4954166423079003,5.5704168471500255,-0.49958330895806374,-0.4912499756577368,5.566250180500128,5.574583513799922,0,1
-0.48708330900757335,5.5704168471500255,-0.4912499756577368,-0.4829166423574099,5.566250180500128,5.574583513799922,1,1
-0.4787499757072465,5.5704168471500255,-0.4829166423574099,-0.47458330905708296,5.566250180500128,5.574583513799922,0,1
-0.47041664240691955,5.5704168471500255,-0.47458330905708296,-0.46624997575675603,5.566250180500128,5.574583513799922,1,1
-0.4620833091065926,5.570416847150025,-0.46624997575675603,-0.45791664245642916,5.566250180500128,5.574583513799922,0,0
-0.4537499758062657,5.5704168471500255,-0.45791664245642916,-0.44958330915610223,5.566250180500128,5.574583513799922,0,1
-0.44541664250593876,5.5704168471500255,-0.44958330915610223,-0.4412499758557753,5.566250180500128,5.574583513799922,2,1
-0.43708330920561184,5.5704168471500255,-0.4412499758557753,-0.43291664255544837,5.566250180500128,5.574583513799922,0,0
-0.42874997590528496,5.5704168471500255,-0.43291664255544837,-0.42458330925512144,5.566250180500128,5.574583513799922,0,0
-0.4204166426049579,5.5704168471500255,-0.42458330925512144,-0.4162499759547945,5.566250180500128,5.574583513799922,2,0
-0.41208330930463105,5.5704168471500255,-0.4162499759547945,-0.4079166426544676,5.566250180500128,5.574583513799922,2,1
-0.4037499760043042,5.5704168471500255,-0.4079166426544676,-0.39958330935414066,5.566250180500128,5.574583513799922,0,0
-0.3954166427039772,5.5704168471500255,-0.39958330935414066,-0.39124997605381373,5.566250180500128,5.574583513799922,0,0
-0.38708330940365027,5.5704168471500255,-0.39124997605381373,-0.3829166427534868,5.566250180500128,5.574583513799922,1,1
-0.3787499761033233,5.5704168471500255,-0.3829166427534868,-0.3745833094531599,5.566250180500128,5.574583513799922,0,1
-0.37041664280299647,5.5704168471500255,-0.3745833094531599,-0.36624997615283295,5.566250180500128,5.574583513799922,0,1
-0.3620833095026695,5.5704168471500255,-0.36624997615283295,-0.357916642852506,5.566250180500128,5.574583513799922,1,0
-0.35374997620234255,5.5704168471500255,-0.357916642852506,-0.3495833095521791,5.566250180500128,5.574583513799922,2,0
-0.3454166429020156,5.5704168471500255,-0.3495833095521791,-0.34124997625185216,5.566250180500128,5.574583513799922,1,1
-0.3370833096016887,5.570416847150025,-0.34124997625185216,-0.3329166429515253,5.566250180500128,5.574583513799922,0,1
-0.32874997630136177,5.5704168471500255,-0.3329166429515253,-0.32458330965119836,5.566250180500128,5.574583513799922,2,1
-0.3204166430010349,5.5704168471500255,-0.32458330965119836,-0.31624997635087143,5.566250180500128,5.574583513799922,0,1
-0.31208330970070797,5.5704168471500255,-0.31624997635087143,-0.3079166430505445,5.566250180500128,5.574583513799922,1,1
-0.30374997640038104,5.5704168471500255,-0.3079166430505445,-0.2995833097502176,5.566250180500128,5.574583513799922,2,0
-0.2954166431000541,5.5704168471500255,-0.2995833097502176,-0.29124997644989065,5.566250180500128,5.574583513799922,2,0
-0.28708330979972724,5.5704168471500255,-0.29124997644989065,-0.2829166431495637,5.566250180500128,5.574583513799922,1,0
-0.27874997649940025,5.5704168471500255,-0.2829166431495637,-0.2745833098492368,5.566250180500128,5.574583513799922,2,1
-0.2704166431990733,5.570416847150025,-0.2745833098492368,-0.2662499765489099,5.566250180500128,5.574583513799922,2,1
-0.26208330989874645,5.5704168471500255,-0.2662499765489099,-0.257916643248583,5.566250180500128,5.574583513799922,2,0
-0.2537499765984195,5.5704168471500255,-0.257916643248583,-0.24958330994825606,5.566250180500128,5.574583513799922,1,0
-0.2454166432980926,5.5704168471500255,-0.24958330994825606,-0.24124997664792913,5.566250180500128,5.574583513799922,2,1
-0.2370833099977657,5.5704168471500255,-0.24124997664792913,-0.2329166433476022,5.566250180500128,5.574583513799922,0,1
-0.22874997669743874,5.5704168471500255,-0.2329166433476022,-0.22458331004727528,5.566250180500128,5.574583513799922,2,1
-0.22041664339711184,5.5704168471500255,-0.22458331004727528,-0.21624997674694835,5.566250180500128,5.574583513799922,1,0
-0.21208331009678488,5.5704168471500255,-0.21624997674694835,-0.20791664344662142,5.566250180500128,5.574583513799922,0,0
-0.20374997679645793,5.5704168471500255,-0.20791664344662142,-0.1995833101462945,5.566250180500128,5.574583513799922,0,1
-0.195416643496131,5.5704168471500255,-0.1995833101462945,-0.19124997684596756,5.566250180500128,5.574583513799922,2,0
-0.1870833101958041,5.5704168471500255,-0.19124997684596756,-0.18291664354564063,5.566250180500128,5.574583513799922,1,1
-0.1787499768954772,5.570416847150025,-0.18291664354564063,-0.17458331024531376,5.566250180500128,5.574583513799922,0,0
-0.1704166435951503,5.5704168471500255,-0.17458331024531376,-0.16624997694498683,5.566250180500128,5.574583513799922,1,1
-0.16208331029482337,5.5704168471500255,-0.16624997694498683,-0.1579166436446599,5.566250180500128,5.574583513799922,1,1
-0.1537499769944964,5.5704168471500255,-0.1579166436446599,-0.14958331034433298,5.566250180500128,5.574583513799922,1,0
-0.1454166436941695,5.5704168471500255,-0.14958331034433298,-0.14124997704400605,5.566250180500128,5.574583513799922,0,0
-0.13708331039384258,5.5704168471500255,-0.14124997704400605,-0.13291664374367912,5.566250180500128,5.574583513799922,0,1
-0.12874997709351566,5.5704168471500255,-0.13291664374367912,-0.12458331044335219,5.566250180500128,5.574583513799922,0,1
-0.12041664379318873,5.5704168471500255,-0.12458331044335219,-0.11624997714302526,5.566250180500128,5.574583513799922,1,0
-0.1120833104928618,5.5704168471500255,-0.11624997714302526,-0.10791664384269833,5.566250180500128,5.574583513799922,0,0
-0.10374997719253486,5.5704168471500255,-0.10791664384269833,-0.0995833105423714,5.566250180500128,5.574583513799922,2,1
-0.09541664389220796,5.570416847150025,-0.0995833105423714,-0.09124997724204453,5.566250180500128,5.574583513799922,1,0
-0.08708331059188108,5.5704168471500255,-0.09124997724204453,-0.0829166439417176,5.566250180500128,5.574583513799922,2,1
-0.07874997729155414,5.5704168471500255,-0.0829166439417176,-0.07458331064139068,5.566250180500128,5.574583513799922,1,1
-0.07041664399122723,5.5704168471500255,-0.07458331064139068,-0.06624997734106375,5.566250180500128,5.574583513799922,1,1
-0.5537499754101887,5.562083513850231,-0.5579166420603522,-0.5495833087600253,5.557916847200333,5.566250180500128,0,0
-0.5454166421098618,5.562083513850231,-0.5495833087600253,-0.5412499754596983,5.557916847200333,5.566250180500128,1,1
-0.5370833088095349,5.562083513850231,-0.5412499754596983,-0.5329166421593714,5.557916847200333,5.566250180500128,2,0
-0.528749975509208,5.562083513850231,-0.5329166421593714,-0.5245833088590445,5.557916847200333,5.566250180500128,2,1
-0.520416642208881,5.562083513850231,-0.5245833088590445,-0.5162499755587175,5.557916847200333,5.566250180500128,0,1
-0.512083308908554,5.562083513850231,-0.5162499755587175,-0.5079166422583906,5.557916847200333,5.566250180500128,0,1
-0.5037499756082272,5.56208351385023,-0.5079166422583906,-0.49958330895806374,5.557916847200333,5.566250180500128,0,0
-0.4954166423079003,5.562083513850231,-0.49958330895806374,-0.4912499756577368,5.557916847200333,5.566250180500128,2,1
-0.48708330900757335,5.562083513850231,-0.4912499756577368,-0.4829166423574099,5.557916847200333,5.566250180500128,0,1
-0.4787499757072465,5.562083513850231,-0.4829166423574099,-0.47458330905708296,5.557916847200333,5.566250180500128,2,0
-0.47041664240691955,5.562083513850231,-0.47458330905708296,-0.46624997575675603,5.557916847200333,5.566250180500128,2,1
-0.46208330910659257,5.56208351385023,-0.46624997575675603,-0.45791664245642916,5.557916847200333,5.566250180500128,0,0
-0.4537499758062657,5.562083513850231,-0.45791664245642916,-0.44958330915610223,5.557916847200333,5.566250180500128,0,1
-0.4454166425059387,5.562083513850231,-0.44958330915610223,-0.4412499758557753,5.557916847200333,5.566250180500128,2,0
-0.4370833092056119,5.562083513850231,-0.4412499758557753,-0.43291664255544837,5.557916847200333,5.566250180500128,0,1
-0.42874997590528496,5.562083513850231,-0.43291664255544837,-0.42458330925512144,5.557916847200333,5.566250180500128,1,0
-0.420416642604958,5.562083513850231,-0.42458330925512144,-0.4162499759547945,5.557916847200333,5.566250180500128,2,1
-0.41208330930463105,5.562083513850231,-0.4162499759547945,-0.4079166426544676,5.557916847200333,5.566250180500128,2,0
-0.4037499760043041,5.562083513850231,-0.4079166426544676,-0.39958330935414066,5.557916847200333,5.566250180500128,1,0
-0.3954166427039772,5.562083513850231,-0.39958330935414066,-0.39124997605381373,5.557916847200333,5.566250180500128,1,0
-0.3870833094036502,5.562083513850231,-0.39124997605381373,-0.3829166427534868,5.557916847200333,5.566250180500128,0,0
-0.3787499761033233,5.562083513850231,-0.3829166427534868,-0.3745833094531599,5.557916847200333,5.566250180500128,2,1
-0.37041664280299647,5.562083513850231,-0.3745833094531599,-0.36624997615283295,5.557916847200333,5.566250180500128,2,1
-0.36208330950266954,5.562083513850231,-0.36624997615283295,-0.357916642852506,5.557916847200333,5.566250180500128,1,0
-0.3537499762023425,5.562083513850231,-0.357916642852506,-0.3495833095521791,5.557916847200333,5.566250180500128,1,0
-0.3454166429020157,5.562083513850231,-0.3495833095521791,-0.34124997625185216,5.557916847200333,5.566250180500128,2,1
-0.3370833096016887,5.56208351385023,-0.34124997625185216,-0.3329166429515253,5.557916847200333,5.566250180500128,2,0
-0.3287499763013618,5.562083513850231,-0.3329166429515253,-0.32458330965119836,5.557916847200333,5.566250180500128,1,1
-0.32041664300103495,5.562083513850231,-0.32458330965119836,-0.31624997635087143,5.557916847200333,5.566250180500128,0,1
-0.31208330970070797,5.562083513850231,-0.31624997635087143,-0.3079166430505445,5.557916847200333,5.566250180500128,2,1
-0.30374997640038104,5.562083513850231,-0.3079166430505445,-0.2995833097502176,5.557916847200333,5.566250180500128,1,1
-0.2954166431000541,5.562083513850231,-0.2995833097502176,-0.29124997644989065,5.557916847200333,5.566250180500128,1,0
-0.2870833097997272,5.562083513850231,-0.29124997644989065,-0.2829166431495637,5.557916847200333,5.566250180500128,1,0
-0.2787499764994002,5.562083513850231,-0.2829166431495637,-0.2745833098492368,5.557916847200333,5.566250180500128,2,0
-0.2704166431990733,5.56208351385023,-0.2745833098492368,-0.2662499765489099,5.557916847200333,5.566250180500128,2,1
-0.26208330989874645,5.562083513850231,-0.2662499765489099,-0.257916643248583,5.557916847200333,5.566250180500128,2,1
-0.2537499765984195,5.562083513850231,-0.257916643248583,-0.24958330994825606,5.557916847200333,5.566250180500128,1,0
-0.2454166432980926,5.562083513850231,-0.24958330994825606,-0.24124997664792913,5.557916847200333,5.566250180500128,0,1
-0.23708330999776567,5.562083513850231,-0.24124997664792913,-0.2329166433476022,5.557916847200333,5.566250180500128,2,1
-0.22874997669743877,5.562083513850231,-0.2329166433476022,-0.22458331004727528,5.557916847200333,5.566250180500128,1,0
-0.2204166433971118,5.562083513850231,-0.22458331004727528,-0.21624997674694835,5.557916847200333,5.566250180500128,2,0
-0.2120833100967849,5.562083513850231,-0.21624997674694835,-0.20791664344662142,5.557916847200333,5.566250180500128,0,0
-0.20374997679645795,5.562083513850231,-0.20791664344662142,-0.1995833101462945,5.557916847200333,5.566250180500128,1,1
-0.19541664349613103,5.562083513850231,-0.1995833101462945,-0.19124997684596756,5.557916847200333,5.566250180500128,0,1
-0.1870833101958041,5.562083513850231,-0.19124997684596756,-0.18291664354564063,5.557916847200333,5.566250180500128,2,0
-0.1787499768954772,5.56208351385023,-0.18291664354564063,-0.17458331024531376,5.557916847200333,5.566250180500128,0,1
-0.1704166435951503,5.562083513850231,-0.17458331024531376,-0.16624997694498683,5.557916847200333,5.566250180500128,1,0
-0.16208331029482337,5.562083513850231,-0.16624997694498683,-0.1579166436446599,5.557916847200333,5.566250180500128,2,0
-0.1537499769944964,5.562083513850231,-0.1579166436446599,-0.14958331034433298,5.557916847200333,5.566250180500128,2,1
-0.1454166436941695,5.562083513850231,-0.14958331034433298,-0.14124997704400605,5.557916847200333,5.566250180500128,1,1
-0.13708331039384258,5.562083513850231,-0.14124997704400605,-0.13291664374367912,5.557916847200333,5.566250180500128,1,1
-0.12874997709351568,5.562083513850231,-0.13291664374367912,-0.12458331044335219,5.557916847200333,5.566250180500128,0,0
-0.12041664379318873,5.562083513850231,-0.12458331044335219,-0.11624997714302526,5.557916847200333,5.566250180500128,2,1
-0.11208331049286178,5.562083513850231,-0.11624997714302526,-0.10791664384269833,5.557916847200333,5.566250180500128,0,1
-0.10374997719253487,5.562083513850231,-0.10791664384269833,-0.0995833105423714,5.557916847200333,5.566250180500128,1,0
-0.09541664389220797,5.56208351385023,-0.0995833105423714,-0.09124997724204453,5.557916847200333,5.566250180500128,2,0
-0.08708331059188107,5.562083513850231,-0.09124997724204453,-0.0829166439417176,5.557916847200333,5.566250180500128,0,0
-0.07874997729155414,5.562083513850231,-0.0829166439417176,-0.07458331064139068,5.557916847200333,5.566250180500128,1,1
-0.5537499754101887,5.553750180550435,-0.5579166420603522,-0.5495833087600253,5.549583513900537,5.557916847200333,2,1
-0.5454166421098618,5.553750180550435,-0.5495833087600253,-0.5412499754596983,5.549583513900537,5.557916847200333,1,0
-0.5370833088095349,5.553750180550435,-0.5412499754596983,-0.5329166421593714,5.549583513900537,5.557916847200333,0,1
-0.528749975509208,5.553750180550435,-0.5329166421593714,-0.5245833088590445,5.549583513900537,5.557916847200333,2,0
-0.520416642208881,5.553750180550435,-0.5245833088590445,-0.5162499755587175,5.549583513900537,5.557916847200333,1,1
-0.512083308908554,5.553750180550435,-0.5162499755587175,-0.5079166422583906,5.549583513900537,5.557916847200333,1,0
-0.5037499756082272,5.553750180550434,-0.5079166422583906,-0.49958330895806374,5.549583513900537,5.557916847200333,0,0
-0.4954166423079003,5.553750180550435,-0.49958330895806374,-0.4912499756577368,5.549583513900537,5.557916847200333,2,0
-0.48708330900757335,5.553750180550435,-0.4912499756577368,-0.4829166423574099,5.549583513900537,5.557916847200333,2,1
-0.4787499757072465,5.553750180550435,-0.4829166423574099,-0.47458330905708296,5.549583513900537,5.557916847200333,1,0
-0.47041664240691955,5.553750180550435,-0.47458330905708296,-0.46624997575675603,5.549583513900537,5.557916847200333,2,1
-0.46208330910659257,5.553750180550434,-0.46624997575675603,-0.45791664245642916,5.549583513900537,5.557916847200333,1,0
-0.4537499758062657,5.553750180550435,-0.45791664245642916,-0.44958330915610223,5.549583513900537,5.557916847200333,1,0
-0.4454166425059387,5.553750180550435,-0.44958330915610223,-0.4412499758557753,5.549583513900537,5.557916847200333,2,1
-0.4370833092056119,5.553750180550435,-0.4412499758557753,-0.43291664255544837,5.549583513900537,5.557916847200333,1,1
-0.42874997590528496,5.553750180550435,-0.43291664255544837,-0.42458330925512144,5.549583513900537,5.557916847200333,0,0
-0.420416642604958,5.553750180550435,-0.42458330925512144,-0.4162499759547945,5.549583513900537,5.557916847200333,0,1
-0.41208330930463105,5.553750180550435,-0.4162499759547945,-0.4079166426544676,5.549583513900537,5.557916847200333,2,0
-0.4037499760043041,5.553750180550435,-0.4079166426544676,-0.39958330935414066,5.549583513900537,5.557916847200333,2,0
-0.3954166427039772,5.553750180550435,-0.39958330935414066,-0.39124997605381373,5.549583513900537,5.557916847200333,0,0
-0.3870833094036502,5.553750180550435,-0.39124997605381373,-0.3829166427534868,5.549583513900537,5.557916847200333,2,1
-0.3787499761033233,5.553750180550435,-0.3829166427534868,-0.3745833094531599,5.549583513900537,5.557916847200333,2,1
-0.37041664280299647,5.553750180550435,-0.3745833094531599,-0.36624997615283295,5.549583513900537,5.557916847200333,0,1
-0.36208330950266954,5.553750180550435,-0.36624997615283295,-0.357916642852506,5.549583513900537,5.557916847200333,0,0
-0.3537499762023425,5.553750180550435,-0.357916642852506,-0.3495833095521791,5.549583513900537,5.557916847200333,2,0
-0.3454166429020157,5.553750180550435,-0.3495833095521791,-0.34124997625185216,5.549583513900537,5.557916847200333,2,0
-0.3370833096016887,5.553750180550434,-0.34124997625185216,-0.3329166429515253,5.549583513900537,5.557916847200333,1,1
-0.3287499763013618,5.553750180550435,-0.3329166429515253,-0.32458330965119836,5.549583513900537,5.557916847200333,1,0
-0.32041664300103495,5.553750180550435,-0.32458330965119836,-0.31624997635087143,5.549583513900537,5.557916847200333,1,0
-0.31208330970070797,5.553750180550435,-0.31624997635087143,-0.3079166430505445,5.549583513900537,5.557916847200333,0,0
-0.30374997640038104,5.553750180550435,-0.3079166430505445,-0.2995833097502176,5.549583513900537,5.557916847200333,1,0
-0.2954166431000541,5.553750180550435,-0.2995833097502176,-0.29124997644989065,5.549583513900537,5.557916847200333,1,0
-0.2870833097997272,5.553750180550435,-0.29124997644989065,-0.2829166431495637,5.549583513900537,5.557916847200333,0,0
-0.2787499764994002,5.553750180550435,-0.2829166431495637,-0.2745833098492368,5.549583513900537,5.557916847200333,1,0
-0.2704166431990733,5.553750180550434,-0.2745833098492368,-0.2662499765489099,5.549583513900537,5.557916847200333,1,1
-0.26208330989874645,5.553750180550435,-0.2662499765489099,-0.257916643248583,5.549583513900537,5.557916847200333,2,1
-0.2537499765984195,5.553750180550435,-0.257916643248583,-0.24958330994825606,5.549583513900537,5.557916847200333,0,0
-0.2454166432980926,5.553750180550435,-0.24958330994825606,-0.24124997664792913,5.549583513900537,5.557916847200333,1,1
-0.23708330999776567,5.553750180550435,-0.24124997664792913,-0.2329166433476022,5.549583513900537,5.557916847200333,2,0
-0.22874997669743877,5.553750180550435,-0.2329166433476022,-0.22458331004727528,5.549583513900537,5.557916847200333,0,1
-0.2204166433971118,5.553750180550435,-0.22458331004727528,-0.21624997674694835,5.549583513900537,5.557916847200333,2,1
-0.2120833100967849,5.553750180550435,-0.21624997674694835,-0.20791664344662142,5.549583513900537,5.557916847200333,0,1
-0.20374997679645795,5.553750180550435,-0.20791664344662142,-0.1995833101462945,5.549583513900537,5.557916847200333,1,0
-0.19541664349613103,5.553750180550435,-0.1995833101462945,-0.19124997684596756,5.549583513900537,5.557916847200333,1,0
-0.1870833101958041,5.553750180550435,-0.19124997684596756,-0.18291664354564063,5.549583513900537,5.557916847200333,0,0
-0.1787499768954772,5.553750180550434,-0.18291664354564063,-0.17458331024531376,5.549583513900537,5.557916847200333,2,0
-0.1704166435951503,5.553750180550435,-0.17458331024531376,-0.16624997694498683,5.549583513900537,5.557916847200333,1,0
-0.16208331029482337,5.553750180550435,-0.16624997694498683,-0.1579166436446599,5.549583513900537,5.557916847200333,2,1
-0.1537499769944964,5.553750180550435,-0.1579166436446599,-0.14958331034433298,5.549583513900537,5.557916847200333,0,0
-0.1454166436941695,5.553750180550435,-0.14958331034433298,-0.14124997704400605,5.549583513900537,5.557916847200333,0,0
-0.13708331039384258,5.553750180550435,-0.14124997704400605,-0.13291664374367912,5.549583513900537,5.557916847200333,0,0
-0.12874997709351568,5.553750180550435,-0.13291664374367912,-0.12458331044335219,5.549583513900537,5.557916847200333,2,1
-0.12041664379318873,5.553750180550435,-0.12458331044335219,-0.11624997714302526,5.549583513900537,5.557916847200333,2,0
-0.11208331049286178,5.553750180550435,-0.11624997714302526,-0.10791664384269833,5.549583513900537,5.557916847200333,1,0
-0.10374997719253487,5.553750180550435,-0.10791664384269833,-0.0995833105423714,5.549583513900537,5.557916847200333,0,0
-0.5620833087105156,5.54541684725064,-0.5662499753606791,-0.5579166420603522,5.541250180600742,5.549583513900537,1,1
-0.5537499754101887,5.54541684725064,-0.5579166420603522,-0.5495833087600253,5.541250180600742,5.549583513900537,1,0
-0.5454166421098618,5.54541684725064,-0.5495833087600253,-0.5412499754596983,5.541250180600742,5.549583513900537,1,0
-0.5370833088095349,5.54541684725064,-0.5412499754596983,-0.5329166421593714,5.541250180600742,5.549583513900537,1,1
-0.528749975509208,5.54541684725064,-0.5329166421593714,-0.5245833088590445,5.541250180600742,5.549583513900537,1,0
-0.520416642208881,5.54541684725064,-0.5245833088590445,-0.5162499755587175,5.541250180600742,5.549583513900537,0,0
-0.512083308908554,5.54541684725064,-0.5162499755587175,-0.5079166422583906,5.541250180600742,5.549583513900537,1,1
-0.5037499756082272,5.545416847250641,-0.5079166422583906,-0.49958330895806374,5.541250180600742,5.549583513900537,2,1
-0.4954166423079003,5.54541684725064,-0.49958330895806374,-0.4912499756577368,5.541250180600742,5.549583513900537,1,0
-0.48708330900757335,5.54541684725064,-0.4912499756577368,-0.4829166423574099,5.541250180600742,5.549583513900537,0,1
-0.4787499757072465,5.54541684725064,-0.4829166423574099,-0.47458330905708296,5.541250180600742,5.549583513900537,2,0
-0.47041664240691955,5.54541684725064,-0.47458330905708296,-0.46624997575675603,5.541250180600742,5.549583513900537,2,1
-0.46208330910659257,5.545416847250641,-0.46624997575675603,-0.45791664245642916,5.541250180600742,5.549583513900537,2,0
-0.4537499758062657,5.54541684725064,-0.45791664245642916,-0.44958330915610223,5.541250180600742,5.549583513900537,2,1
-0.4454166425059387,5.54541684725064,-0.44958330915610223,-0.4412499758557753,5.541250180600742,5.549583513900537,2,0
-0.4370833092056119,5.54541684725064,-0.4412499758557753,-0.43291664255544837,5.541250180600742,5.549583513900537,1,0
-0.42874997590528496,5.54541684725064,-0.43291664255544837,-0.42458330925512144,5.541250180600742,5.549583513900537,1,0
-0.420416642604958,5.54541684725064,-0.42458330925512144,-0.4162499759547945,5.541250180600742,5.549583513900537,0,1
-0.41208330930463105,5.54541684725064,-0.4162499759547945,-0.4079166426544676,5.541250180600742,5.549583513900537,0,1
-0.4037499760043041,5.54541684725064,-0.4079166426544676,-0.39958330935414066,5.541250180600742,5.549583513900537,1,1
-0.3954166427039772,5.54541684725064,-0.39958330935414066,-0.39124997605381373,5.541250180600742,5.549583513900537,1,0
-0.3870833094036502,5.54541684725064,-0.39124997605381373,-0.3829166427534868,5.541250180600742,5.549583513900537,0,1
-0.3787499761033233,5.54541684725064,-0.3829166427534868,-0.3745833094531599,5.541250180600742,5.549583513900537,1,0
-0.37041664280299647,5.54541684725064,-0.3745833094531599,-0.36624997615283295,5.541250180600742,5.549583513900537,2,1
-0.36208330950266954,5.54541684725064,-0.36624997615283295,-0.357916642852506,5.541250180600742,5.549583513900537,0,0
-0.3537499762023425,5.54541684725064,-0.357916642852506,-0.3495833095521791,5.541250180600742,5.549583513900537,2,1
-0.3454166429020157,5.54541684725064,-0.3495833095521791,-0.34124997625185216,5.541250180600742,5.549583513900537,1,0
-0.3370833096016887,5.545416847250641,-0.34124997625185216,-0.3329166429515253,5.541250180600742,5.549583513900537,0,1
-0.3287499763013618,5.54541684725064,-0.3329166429515253,-0.32458330965119836,5.541250180600742,5.549583513900537,2,1
-0.32041664300103495,5.54541684725064,-0.32458330965119836,-0.31624997635087143,5.541250180600742,5.549583513900537,1,1
-0.31208330970070797,5.54541684725064,-0.31624997635087143,-0.3079166430505445,5.541250180600742,5.549583513900537,0,0
-0.30374997640038104,5.54541684725064,-0.3079166430505445,-0.2995833097502176,5.541250180600742,5.549583513900537,0,0
-0.2954166431000541,5.54541684725064,-0.2995833097502176,-0.29124997644989065,5.541250180600742,5.549583513900537,1,0
-0.2870833097997272,5.54541684725064,-0.29124997644989065,-0.2829166431495637,5.541250180600742,5.549583513900537,0,0
-0.2787499764994002,5.54541684725064,-0.2829166431495637,-0.2745833098492368,5.541250180600742,5.549583513900537,2,1
-0.2704166431990733,5.545416847250641,-0.2745833098492368,-0.2662499765489099,5.541250180600742,5.549583513900537,1,0
-0.26208330989874645,5.54541684725064,-0.2662499765489099,-0.257916643248583,5.541250180600742,5.549583513900537,0,1
-0.2537499765984195,5.54541684725064,-0.257916643248583,-0.24958330994825606,5.541250180600742,5.549583513900537,1,1
-0.2454166432980926,5.54541684725064,-0.24958330994825606,-0.24124997664792913,5.541250180600742,5.549583513900537,0,1
-0.23708330999776567,5.54541684725064,-0.24124997664792913,-0.2329166433476022,5.541250180600742,5.549583513900537,2,1
-0.22874997669743877,5.54541684725064,-0.2329166433476022,-0.22458331004727528,5.541250180600742,5.549583513900537,2,0
-0.2204166433971118,5.54541684725064,-0.22458331004727528,-0.21624997674694835,5.541250180600742,5.549583513900537,2,0
-0.2120833100967849,5.54541684725064,-0.21624997674694835,-0.20791664344662142,5.541250180600742,5.549583513900537,1,1
-0.20374997679645795,5.54541684725064,-0.20791664344662142,-0.1995833101462945,5.541250180600742,5.549583513900537,2,1
-0.19541664349613103,5.54541684725064,-0.1995833101462945,-0.19124997684596756,5.541250180600742,5.549583513900537,2,1
-0.1870833101958041,5.54541684725064,-0.19124997684596756,-0.18291664354564063,5.541250180600742,5.549583513900537,2,0
-0.1787499768954772,5.545416847250641,-0.18291664354564063,-0.17458331024531376,5.541250180600742,5.549583513900537,1,1
-0.1704166435951503,5.54541684725064,-0.17458331024531376,-0.16624997694498683,5.541250180600742,5.549583513900537,1,1
-0.16208331029482337,5.54541684725064,-0.16624997694498683,-0.1579166436446599,5.541250180600742,5.549583513900537,2,0
-0.1537499769944964,5.54541684725064,-0.1579166436446599,-0.14958331034433298,5.541250180600742,5.549583513900537,1,0
-0.1454166436941695,5.54541684725064,-0.14958331034433298,-0.14124997704400605,5.541250180600742,5.549583513900537,0,0
-0.13708331039384258,5.54541684725064,-0.14124997704400605,-0.13291664374367912,5.541250180600742,5.549583513900537,2,0
-0.12874997709351568,5.54541684725064,-0.13291664374367912,-0.12458331044335219,5.541250180600742,5.549583513900537,0,0
-0.5620833087105157,5.5370835139508445,-0.5662499753606791,-0.5579166420603522,5.532916847300948,5.541250180600742,2,1
-0.5537499754101887,5.5370835139508445,-0.5579166420603522,-0.5495833087600253,5.532916847300948,5.541250180600742,1,0
-0.5454166421098618,5.5370835139508445,-0.5495833087600253,-0.5412499754596983,5.532916847300948,5.541250180600742,0,0
-0.5370833088095349,5.5370835139508445,-0.5412499754596983,-0.5329166421593714,5.532916847300948,5.541250180600742,0,0
-0.5287499755092079,5.5370835139508445,-0.5329166421593714,-0.5245833088590445,5.532916847300948,5.541250180600742,2,1
-0.520416642208881,5.5370835139508445,-0.5245833088590445,-0.5162499755587175,5.532916847300948,5.541250180600742,0,1
-0.5120833089085541,5.5370835139508445,-0.5162499755587175,-0.5079166422583906,5.532916847300948,5.541250180600742,1,1
-0.5037499756082272,5.537083513950845,-0.5079166422583906,-0.49958330895806374,5.532916847300948,5.541250180600742,2,0
-0.4954166423079003,5.5370835139508445,-0.49958330895806374,-0.4912499756577368,5.532916847300948,5.541250180600742,0,1
-0.48708330900757335,5.5370835139508445,-0.4912499756577368,-0.4829166423574099,5.532916847300948,5.541250180600742,2,1
-0.4787499757072465,5.5370835139508445,-0.4829166423574099,-0.47458330905708296,5.532916847300948,5.541250180600742,1,1
-0.47041664240691955,5.5370835139508445,-0.47458330905708296,-0.46624997575675603,5.532916847300948,5.541250180600742,0,0
-0.4620833091065926,5.537083513950845,-0.46624997575675603,-0.45791664245642916,5.532916847300948,5.541250180600742,0,0
-0.4537499758062657,5.5370835139508445,-0.45791664245642916,-0.44958330915610223,5.532916847300948,5.541250180600742,0,0
-0.44541664250593876,5.5370835139508445,-0.44958330915610223,-0.4412499758557753,5.532916847300948,5.541250180600742,1,1
-0.43708330920561184,5.5370835139508445,-0.4412499758557753,-0.43291664255544837,5.532916847300948,5.541250180600742,2,1
-0.42874997590528496,5.5370835139508445,-0.43291664255544837,-0.42458330925512144,5.532916847300948,5.541250180600742,2,0
-0.4204166426049579,5.5370835139508445,-0.42458330925512144,-0.4162499759547945,5.532916847300948,5.541250180600742,2,1
-0.41208330930463105,5.5370835139508445,-0.4162499759547945,-0.4079166426544676,5.532916847300948,5.541250180600742,1,0
-0.4037499760043042,5.5370835139508445,-0.4079166426544676,-0.39958330935414066,5.532916847300948,5.541250180600742,1,1
-0.3954166427039772,5.5370835139508445,-0.39958330935414066,-0.39124997605381373,5.532916847300948,5.541250180600742,1,0
-0.38708330940365027,5.5370835139508445,-0.39124997605381373,-0.3829166427534868,5.532916847300948,5.541250180600742,2,1
-0.3787499761033233,5.5370835139508445,-0.3829166427534868,-0.3745833094531599,5.532916847300948,5.541250180600742,2,1
-0.37041664280299647,5.5370835139508445,-0.3745833094531599,-0.36624997615283295,5.532916847300948,5.541250180600742,2,1
-0.3620833095026695,5.5370835139508445,-0.36624997615283295,-0.357916642852506,5.532916847300948,5.541250180600742,0,1
-0.35374997620234255,5.5370835139508445,-0.357916642852506,-0.3495833095521791,5.532916847300948,5.541250180600742,2,1
-0.3454166429020156,5.5370835139508445,-0.3495833095521791,-0.34124997625185216,5.532916847300948,5.541250180600742,1,0
-0.3370833096016887,5.537083513950845,-0.34124997625185216,-0.3329166429515253,5.532916847300948,5.541250180600742,0,1
-0.32874997630136177,5.5370835139508445,-0.3329166429515253,-0.32458330965119836,5.532916847300948,5.541250180600742,1,1
-0.3204166430010349,5.5370835139508445,-0.32458330965119836,-0.31624997635087143,5.532916847300948,5.541250180600742,0,0
-0.31208330970070797,5.5370835139508445,-0.31624997635087143,-0.3079166430505445,5.532916847300948,5.541250180600742,2,0
-0.30374997640038104,5.5370835139508445,-0.3079166430505445,-0.2995833097502176,5.532916847300948,5.541250180600742,0,1
-0.2954166431000541,5.5370835139508445,-0.2995833097502176,-0.29124997644989065,5.532916847300948,5.541250180600742,0,1
-0.28708330979972724,5.5370835139508445,-0.29124997644989065,-0.2829166431495637,5.532916847300948,5.541250180600742,1,0
-0.27874997649940025,5.5370835139508445,-0.2829166431495637,-0.2745833098492368,5.532916847300948,5.541250180600742,1,0
-0.2704166431990733,5.537083513950845,-0.2745833098492368,-0.2662499765489099,5.532916847300948,5.541250180600742,1,1
-0.26208330989874645,5.5370835139508445,-0.2662499765489099,-0.257916643248583,5.532916847300948,5.541250180600742,1,0
-0.2537499765984195,5.5370835139508445,-0.257916643248583,-0.24958330994825606,5.532916847300948,5.541250180600742,2,0
-0.2454166432980926,5.5370835139508445,-0.24958330994825606,-0.24124997664792913,5.532916847300948,5.541250180600742,0,0
-0.2370833099977657,5.5370835139508445,-0.24124997664792913,-0.2329166433476022,5.532916847300948,5.541250180600742,2,1
-0.22874997669743874,5.5370835139508445,-0.2329166433476022,-0.22458331004727528,5.532916847300948,5.541250180600742,0,0
-0.22041664339711184,5.5370835139508445,-0.22458331004727528,-0.21624997674694835,5.532916847300948,5.541250180600742,1,0
-0.21208331009678488,5.5370835139508445,-0.21624997674694835,-0.20791664344662142,5.532916847300948,5.541250180600742,0,0
-0.20374997679645793,5.5370835139508445,-0.20791664344662142,-0.1995833101462945,5.532916847300948,5.541250180600742,0,0
-0.195416643496131,5.5370835139508445,-0.1995833101462945,-0.19124997684596756,5.532916847300948,5.541250180600742,1,0
-0.1870833101958041,5.5370835139508445,-0.19124997684596756,-0.18291664354564063,5.532916847300948,5.541250180600742,2,1
-0.1787499768954772,5.537083513950845,-0.18291664354564063,-0.17458331024531376,5.532916847300948,5.541250180600742,1,0
-0.1704166435951503,5.5370835139508445,-0.17458331024531376,-0.16624997694498683,5.532916847300948,5.541250180600742,1,1
-0.16208331029482337,5.5370835139508445,-0.16624997694498683,-0.1579166436446599,5.532916847300948,5.541250180600742,1,0
-0.1537499769944964,5.5370835139508445,-0.1579166436446599,-0.14958331034433298,5.532916847300948,5.541250180600742,1,1
-0.5620833087105156,5.52875018065105,-0.5662499753606791,-0.5579166420603522,5.5245835140011526,5.532916847300948,1,0
-0.5537499754101887,5.52875018065105,-0.5579166420603522,-0.5495833087600253,5.5245835140011526,5.532916847300948,1,1
-0.5454166421098618,5.52875018065105,-0.5495833087600253,-0.5412499754596983,5.5245835140011526,5.532916847300948,2,1
-0.5370833088095349,5.52875018065105,-0.5412499754596983,-0.5329166421593714,5.5245835140011526,5.532916847300948,2,1
-0.528749975509208,5.52875018065105,-0.5329166421593714,-0.5245833088590445,5.5245835140011526,5.532916847300948,2,0
-0.520416642208881,5.52875018065105,-0.5245833088590445,-0.5162499755587175,5.5245835140011526,5.532916847300948,0,0
-0.512083308908554,5.52875018065105,-0.5162499755587175,-0.5079166422583906,5.5245835140011526,5.532916847300948,2,1
-0.5037499756082272,5.528750180651051,-0.5079166422583906,-0.49958330895806374,5.5245835140011526,5.532916847300948,1,1
-0.4954166423079003,5.52875018065105,-0.49958330895806374,-0.4912499756577368,5.5245835140011526,5.532916847300948,2,0
-0.48708330900757335,5.52875018065105,-0.4912499756577368,-0.4829166423574099,5.5245835140011526,5.532916847300948,2,0
-0.4787499757072465,5.52875018065105,-0.4829166423574099,-0.47458330905708296,5.5245835140011526,5.532916847300948,2,0
-0.47041664240691955,5.52875018065105,-0.47458330905708296,-0.46624997575675603,5.5245835140011526,5.532916847300948,0,1
-0.46208330910659257,5.528750180651051,-0.46624997575675603,-0.45791664245642916,5.5245835140011526,5.532916847300948,1,0
-0.4537499758062657,5.52875018065105,-0.45791664245642916,-0.44958330915610223,5.5245835140011526,5.532916847300948,2,1
-0.4454166425059387,5.52875018065105,-0.44958330915610223,-0.4412499758557753,5.5245835140011526,5.532916847300948,0,1
-0.4370833092056119,5.52875018065105,-0.4412499758557753,-0.43291664255544837,5.5245835140011526,5.532916847300948,2,1
-0.42874997590528496,5.52875018065105,-0.43291664255544837,-0.42458330925512144,5.5245835140011526,5.532916847300948,2,0
-0.420416642604958,5.52875018065105,-0.42458330925512144,-0.4162499759547945,5.5245835140011526,5.532916847300948,1,1
-0.41208330930463105,5.52875018065105,-0.4162499759547945,-0.4079166426544676,5.5245835140011526,5.532916847300948,0,0
-0.4037499760043041,5.52875018065105,-0.4079166426544676,-0.39958330935414066,5.5245835140011526,5.532916847300948,2,0
-0.3954166427039772,5.52875018065105,-0.39958330935414066,-0.39124997605381373,5.5245835140011526,5.532916847300948,2,1
-0.3870833094036502,5.52875018065105,-0.39124997605381373,-0.3829166427534868,5.5245835140011526,5.532916847300948,1,0
-0.3787499761033233,5.52875018065105,-0.3829166427534868,-0.3745833094531599,5.5245835140011526,5.532916847300948,2,0
-0.37041664280299647,5.52875018065105,-0.3745833094531599,-0.36624997615283295,5.5245835140011526,5.532916847300948,2,1
-0.36208330950266954,5.52875018065105,-0.36624997615283295,-0.357916642852506,5.5245835140011526,5.532916847300948,1,1
-0.3537499762023425,5.52875018065105,-0.357916642852506,-0.3495833095521791,5.5245835140011526,5.532916847300948,2,1
-0.3454166429020157,5.52875018065105,-0.3495833095521791,-0.34124997625185216,5.5245835140011526,5.532916847300948,0,0
-0.3370833096016887,5.528750180651051,-0.34124997625185216,-0.3329166429515253,5.5245835140011526,5.532916847300948,1,0
-0.3287499763013618,5.52875018065105,-0.3329166429515253,-0.32458330965119836,5.5245835140011526,5.532916847300948,2,1
-0.32041664300103495,5.52875018065105,-0.32458330965119836,-0.31624997635087143,5.5245835140011526,5.532916847300948,0,1
-0.31208330970070797,5.52875018065105,-0.31624997635087143,-0.3079166430505445,5.5245835140011526,5.532916847300948,1,1
-0.30374997640038104,5.52875018065105,-0.3079166430505445,-0.2995833097502176,5.5245835140011526,5.532916847300948,0,0
-0.2954166431000541,5.52875018065105,-0.2995833097502176,-0.29124997644989065,5.5245835140011526,5.532916847300948,1,1
-0.2870833097997272,5.52875018065105,-0.29124997644989065,-0.2829166431495637,5.5245835140011526,5.532916847300948,0,0
-0.2787499764994002,5.52875018065105,-0.2829166431495637,-0.2745833098492368,5.5245835140011526,5.532916847300948,0,0
-0.2704166431990733,5.528750180651051,-0.2745833098492368,-0.2662499765489099,5.5245835140011526,5.532916847300948,2,0
-0.26208330989874645,5.52875018065105,-0.2662499765489099,-0.257916643248583,5.5245835140011526,5.532916847300948,1,1
-0.2537499765984195,5.52875018065105,-0.257916643248583,-0.24958330994825606,5.5245835140011526,5.532916847300948,0,0
-0.2454166432980926,5.52875018065105,-0.24958330994825606,-0.24124997664792913,5.5245835140011526,5.532916847300948,2,1
-0.23708330999776567,5.52875018065105,-0.24124997664792913,-0.2329166433476022,5.5245835140011526,5.532916847300948,0,0
-0.22874997669743877,5.52875018065105,-0.2329166433476022,-0.22458331004727528,5.5245835140011526,5.532916847300948,0,0
-0.2204166433971118,5.52875018065105,-0.22458331004727528,-0.21624997674694835,5.5245835140011526,5.532916847300948,1,1
-0.2120833100967849,5.52875018065105,-0.21624997674694835,-0.20791664344662142,5.5245835140011526,5.532916847300948,0,1
-0.20374997679645795,5.52875018065105,-0.20791664344662142,-0.1995833101462945,5.5245835140011526,5.532916847300948,0,1
-0.19541664349613103,5.52875018065105,-0.1995833101462945,-0.19124997684596756,5.5245835140011526,5.532916847300948,1,0
-0.1870833101958041,5.52875018065105,-0.19124997684596756,-0.18291664354564063,5.5245835140011526,5.532916847300948,2,1
-0.1787499768954772,5.528750180651051,-0.18291664354564063,-0.17458331024531376,5.5245835140011526,5.532916847300948,2,1
-0.1704166435951503,5.52875018065105,-0.17458331024531376,-0.16624997694498683,5.5245835140011526,5.532916847300948,2,0
-0.5704166420108425,5.520416847351256,-0.574583308661006,-0.5662499753606791,5.516250180701357,5.5245835140011526,1,1
-0.5620833087105156,5.520416847351256,-0.5662499753606791,-0.5579166420603522,5.516250180701357,5.5245835140011526,2,1
-0.5537499754101887,5.520416847351256,-0.5579166420603522,-0.5495833087600253,5.516250180701357,5.5245835140011526,2,1
-0.5454166421098618,5.520416847351256,-0.5495833087600253,-0.5412499754596983,5.516250180701357,5.5245835140011526,2,1
-0.5370833088095349,5.520416847351256,-0.5412499754596983,-0.5329166421593714,5.516250180701357,5.5245835140011526,2,0
-0.528749975509208,5.520416847351256,-0.5329166421593714,-0.5245833088590445,5.516250180701357,5.5245835140011526,0,1
-0.520416642208881,5.520416847351256,-0.5245833088590445,-0.5162499755587175,5.516250180701357,5.5245835140011526,0,0
-0.512083308908554,5.520416847351256,-0.5162499755587175,-0.5079166422583906,5.516250180701357,5.5245835140011526,1,0
-0.5037499756082272,5.520416847351255,-0.5079166422583906,-0.49958330895806374,5.516250180701357,5.5245835140011526,1,0
-0.4954166423079003,5.520416847351256,-0.49958330895806374,-0.4912499756577368,5.516250180701357,5.5245835140011526,1,0
-0.48708330900757335,5.520416847351256,-0.4912499756577368,-0.4829166423574099,5.516250180701357,5.5245835140011526,2,0
-0.4787499757072465,5.520416847351256,-0.4829166423574099,-0.47458330905708296,5.516250180701357,5.5245835140011526,0,1
-0.47041664240691955,5.520416847351256,-0.47458330905708296,-0.46624997575675603,5.516250180701357,5.5245835140011526,1,0
-0.46208330910659257,5.520416847351255,-0.46624997575675603,-0.45791664245642916,5.516250180701357,5.5245835140011526,2,1
-0.4537499758062657,5.520416847351256,-0.45791664245642916,-0.44958330915610223,5.516250180701357,5.5245835140011526,1,1
-0.4454166425059387,5.520416847351256,-0.44958330915610223,-0.4412499758557753,5.516250180701357,5.5245835140011526,2,1
-0.4370833092056119,5.520416847351256,-0.4412499758557753,-0.43291664255544837,5.516250180701357,5.5245835140011526,0,1
-0.42874997590528496,5.520416847351256,-0.43291664255544837,-0.42458330925512144,5.516250180701357,5.5245835140011526,1,1
-0.420416642604958,5.520416847351256,-0.42458330925512144,-0.4162499759547945,5.516250180701357,5.5245835140011526,2,0
-0.41208330930463105,5.520416847351256,-0.4162499759547945,-0.4079166426544676,5.516250180701357,5.5245835140011526,0,1
-0.4037499760043041,5.520416847351256,-0.4079166426544676,-0.39958330935414066,5.516250180701357,5.5245835140011526,2,0
-0.3954166427039772,5.520416847351256,-0.39958330935414066,-0.39124997605381373,5.516250180701357,5.5245835140011526,2,1
-0.3870833094036502,5.520416847351256,-0.39124997605381373,-0.3829166427534868,5.516250180701357,5.5245835140011526,2,1
-0.3787499761033233,5.520416847351256,-0.3829166427534868,-0.3745833094531599,5.516250180701357,5.5245835140011526,0,0
-0.37041664280299647,5.520416847351256,-0.3745833094531599,-0.36624997615283295,5.516250180701357,5.5245835140011526,2,0
-0.36208330950266954,5.520416847351256,-0.36624997615283295,-0.357916642852506,5.516250180701357,5.5245835140011526,2,0
-0.3537499762023425,5.520416847351256,-0.357916642852506,-0.3495833095521791,5.516250180701357,5.5245835140011526,2,0
-0.3454166429020157,5.520416847351256,-0.3495833095521791,-0.34124997625185216,5.516250180701357,5.5245835140011526,2,0
-0.3370833096016887,5.520416847351255,-0.34124997625185216,-0.3329166429515253,5.516250180701357,5.5245835140011526,1,0
-0.3287499763013618,5.520416847351256,-0.3329166429515253,-0.32458330965119836,5.516250180701357,5.5245835140011526,1,0
-0.32041664300103495,5.520416847351256,-0.32458330965119836,-0.31624997635087143,5.516250180701357,5.5245835140011526,0,0
-0.31208330970070797,5.520416847351256,-0.31624997635087143,-0.3079166430505445,5.516250180701357,5.5245835140011526,2,0
-0.30374997640038104,5.520416847351256,-0.3079166430505445,-0.2995833097502176,5.516250180701357,5.5245835140011526,0,1
-0.2954166431000541,5.520416847351256,-0.2995833097502176,-0.29124997644989065,5.516250180701357,5.5245835140011526,1,1
-0.2870833097997272,5.520416847351256,-0.29124997644989065,-0.2829166431495637,5.516250180701357,5.5245835140011526,1,1
-0.2787499764994002,5.520416847351256,-0.2829166431495637,-0.2745833098492368,5.516250180701357,5.5245835140011526,0,1
-0.2704166431990733,5.520416847351255,-0.2745833098492368,-0.2662499765489099,5.516250180701357,5.5245835140011526,2,1
-0.26208330989874645,5.520416847351256,-0.2662499765489099,-0.257916643248583,5.516250180701357,5.5245835140011526,1,1
-0.2537499765984195,5.520416847351256,-0.257916643248583,-0.24958330994825606,5.516250180701357,5.5245835140011526,1,1
-0.2454166432980926,5.520416847351256,-0.24958330994825606,-0.24124997664792913,5.516250180701357,5.5245835140011526,2,0
-0.23708330999776567,5.520416847351256,-0.24124997664792913,-0.2329166433476022,5.516250180701357,5.5245835140011526,1,1
-0.22874997669743877,5.520416847351256,-0.2329166433476022,-0.22458331004727528,5.516250180701357,5.5245835140011526,0,1
-0.2204166433971118,5.520416847351256,-0.22458331004727528,-0.21624997674694835,5.516250180701357,5.5245835140011526,1,0
-0.2120833100967849,5.520416847351256,-0.21624997674694835,-0.20791664344662142,5.516250180701357,5.5245835140011526,1,1
-0.20374997679645795,5.520416847351256,-0.20791664344662142,-0.1995833101462945,5.516250180701357,5.5245835140011526,2,0
-0.19541664349613103,5.520416847351256,-0.1995833101462945,-0.19124997684596756,5.516250180701357,5.5245835140011526,0,0
-0.1870833101958041,5.520416847351256,-0.19124997684596756,-0.18291664354564063,5.516250180701357,5.5245835140011526,0,1
-0.5704166420108425,5.51208351405146,-0.574583308661006,-0.5662499753606791,5.507916847401562,5.516250180701357,0,1
-0.5620833087105156,5.51208351405146,-0.5662499753606791,-0.5579166420603522,5.507916847401562,5.516250180701357,2,1
-0.5537499754101887,5.51208351405146,-0.5579166420603522,-0.5495833087600253,5.507916847401562,5.516250180701357,0,0
-0.5454166421098618,5.51208351405146,-0.5495833087600253,-0.5412499754596983,5.507916847401562,5.516250180701357,2,1
-0.5370833088095349,5.51208351405146,-0.5412499754596983,-0.5329166421593714,5.507916847401562,5.516250180701357,1,0
-0.528749975509208,5.51208351405146,-0.5329166421593714,-0.5245833088590445,5.507916847401562,5.516250180701357,0,0
-0.520416642208881,5.51208351405146,-0.5245833088590445,-0.5162499755587175,5.507916847401562,5.516250180701357,1,1
-0.512083308908554,5.51208351405146,-0.5162499755587175,-0.5079166422583906,5.507916847401562,5.516250180701357,2,1
-0.5037499756082272,5.512083514051461,-0.5079166422583906,-0.49958330895806374,5.507916847401562,5.516250180701357,2,0
-0.4954166423079003,5.51208351405146,-0.49958330895806374,-0.4912499756577368,5.507916847401562,5.516250180701357,2,1
-0.48708330900757335,5.51208351405146,-0.4912499756577368,-0.4829166423574099,5.507916847401562,5.516250180701357,2,1
-0.4787499757072465,5.51208351405146,-0.4829166423574099,-0.47458330905708296,5.507916847401562,5.516250180701357,2,1
-0.47041664240691955,5.51208351405146,-0.47458330905708296,-0.46624997575675603,5.507916847401562,5.516250180701357,2,0
-0.46208330910659257,5.512083514051461,-0.46624997575675603,-0.45791664245642916,5.507916847401562,5.516250180701357,0,1
-0.4537499758062657,5.51208351405146,-0.45791664245642916,-0.44958330915610223,5.507916847401562,5.516250180701357,2,1
-0.4454166425059387,5.51208351405146,-0.44958330915610223,-0.4412499758557753,5.507916847401562,5.516250180701357,0,0
-0.4370833092056119,5.51208351405146,-0.4412499758557753,-0.43291664255544837,5.507916847401562,5.516250180701357,0,0
-0.42874997590528496,5.51208351405146,-0.43291664255544837,-0.42458330925512144,5.507916847401562,5.516250180701357,1,0
-0.420416642604958,5.51208351405146,-0.42458330925512144,-0.4162499759547945,5.507916847401562,5.516250180701357,2,1
-0.41208330930463105,5.51208351405146,-0.4162499759547945,-0.4079166426544676,5.507916847401562,5.516250180701357,0,1
-0.4037499760043041,5.51208351405146,-0.4079166426544676,-0.39958330935414066,5.507916847401562,5.516250180701357,0,1
-0.3954166427039772,5.51208351405146,-0.39958330935414066,-0.39124997605381373,5.507916847401562,5.516250180701357,0,1
-0.3870833094036502,5.51208351405146,-0.39124997605381373,-0.3829166427534868,5.507916847401562,5.516250180701357,2,0
-0.3787499761033233,5.51208351405146,-0.3829166427534868,-0.3745833094531599,5.507916847401562,5.516250180701357,0,0
-0.37041664280299647,5.51208351405146,-0.3745833094531599,-0.36624997615283295,5.507916847401562,5.516250180701357,2,0
-0.36208330950266954,5.51208351405146,-0.36624997615283295,-0.357916642852506,5.507916847401562,5.516250180701357,0,0
-0.3537499762023425,5.51208351405146,-0.357916642852506,-0.3495833095521791,5.507916847401562,5.516250180701357,1,1
-0.3454166429020157,5.51208351405146,-0.3495833095521791,-0.34124997625185216,5.507916847401562,5.516250180701357,1,0
-0.3370833096016887,5.512083514051461,-0.34124997625185216,-0.3329166429515253,5.507916847401562,5.516250180701357,0,0
-0.3287499763013618,5.51208351405146,-0.3329166429515253,-0.32458330965119836,5.507916847401562,5.516250180701357,0,1
-0.32041664300103495,5.51208351405146,-0.32458330965119836,-0.31624997635087143,5.507916847401562,5.516250180701357,2,1
-0.31208330970070797,5.51208351405146,-0.31624997635087143,-0.3079166430505445,5.507916847401562,5.516250180701357,0,1
-0.30374997640038104,5.51208351405146,-0.3079166430505445,-0.2995833097502176,5.507916847401562,5.516250180701357,1,1
-0.2954166431000541,5.51208351405146,-0.2995833097502176,-0.29124997644989065,5.507916847401562,5.516250180701357,2,0
-0.2870833097997272,5.51208351405146,-0.29124997644989065,-0.2829166431495637,5.507916847401562,5.516250180701357,2,0
-0.2787499764994002,5.51208351405146,-0.2829166431495637,-0.2745833098492368,5.507916847401562,5.516250180701357,0,0
-0.2704166431990733,5.512083514051461,-0.2745833098492368,-0.2662499765489099,5.507916847401562,5.516250180701357,1,0
-0.26208330989874645,5.51208351405146,-0.2662499765489099,-0.257916643248583,5.507916847401562,5.516250180701357,1,0
-0.2537499765984195,5.51208351405146,-0.257916643248583,-0.24958330994825606,5.507916847401562,5.516250180701357,2,0
-0.2454166432980926,5.51208351405146,-0.24958330994825606,-0.24124997664792913,5.507916847401562,5.516250180701357,1,0
-0.23708330999776567,5.51208351405146,-0.24124997664792913,-0.2329166433476022,5.507916847401562,5.516250180701357,0,0
-0.22874997669743877,5.51208351405146,-0.2329166433476022,-0.22458331004727528,5.507916847401562,5.516250180701357,0,0
-0.2204166433971118,5.51208351405146,-0.22458331004727528,-0.21624997674694835,5.507916847401562,5.516250180701357,1,1
-0.2120833100967849,5.51208351405146,-0.21624997674694835,-0.20791664344662142,5.507916847401562,5.516250180701357,1,0
-0.20374997679645795,5.51208351405146,-0.20791664344662142,-0.1995833101462945,5.507916847401562,5.516250180701357,1,1
-0.5787499753111696,5.503750180751665,-0.582916641961333,-0.574583308661006,5.499583514101767,5.507916847401562,0,1
-0.5704166420108425,5.503750180751665,-0.574583308661006,-0.5662499753606791,5.499583514101767,5.507916847401562,2,1
-0.5620833087105156,5.503750180751665,-0.5662499753606791,-0.5579166420603522,5.499583514101767,5.507916847401562,1,1
-0.5537499754101887,5.503750180751665,-0.5579166420603522,-0.5495833087600253,5.499583514101767,5.507916847401562,0,1
-0.5454166421098618,5.503750180751665,-0.5495833087600253,-0.5412499754596983,5.499583514101767,5.507916847401562,1,1
-0.5370833088095349,5.503750180751665,-0.5412499754596983,-0.5329166421593714,5.499583514101767,5.507916847401562,1,0
-0.528749975509208,5.503750180751665,-0.5329166421593714,-0.5245833088590445,5.499583514101767,5.507916847401562,2,1
-0.520416642208881,5.503750180751665,-0.5245833088590445,-0.5162499755587175,5.499583514101767,5.507916847401562,1,0
-0.512083308908554,5.503750180751665,-0.5162499755587175,-0.5079166422583906,5.499583514101767,5.507916847401562,2,0
-0.5037499756082272,5.503750180751665,-0.5079166422583906,-0.49958330895806374,5.499583514101767,5.507916847401562,0,0
-0.4954166423079003,5.503750180751665,-0.49958330895806374,-0.4912499756577368,5.499583514101767,5.507916847401562,1,1
-0.48708330900757335,5.503750180751665,-0.4912499756577368,-0.4829166423574099,5.499583514101767,5.507916847401562,2,0
-0.4787499757072465,5.503750180751665,-0.4829166423574099,-0.47458330905708296,5.499583514101767,5.507916847401562,1,1
-0.47041664240691955,5.503750180751665,-0.47458330905708296,-0.46624997575675603,5.499583514101767,5.507916847401562,2,0
-0.46208330910659257,5.503750180751665,-0.46624997575675603,-0.45791664245642916,5.499583514101767,5.507916847401562,2,0
-0.4537499758062657,5.503750180751665,-0.45791664245642916,-0.44958330915610223,5.499583514101767,5.507916847401562,2,0
-0.4454166425059387,5.503750180751665,-0.44958330915610223,-0.4412499758557753,5.499583514101767,5.507916847401562,2,1
-0.4370833092056119,5.503750180751665,-0.4412499758557753,-0.43291664255544837,5.499583514101767,5.507916847401562,0,1
-0.42874997590528496,5.503750180751665,-0.43291664255544837,-0.42458330925512144,5.499583514101767,5.507916847401562,0,1
-0.420416642604958,5.503750180751665,-0.42458330925512144,-0.4162499759547945,5.499583514101767,5.507916847401562,2,1
-0.41208330930463105,5.503750180751665,-0.4162499759547945,-0.4079166426544676,5.499583514101767,5.507916847401562,0,1
-0.4037499760043041,5.503750180751665,-0.4079166426544676,-0.39958330935414066,5.499583514101767,5.507916847401562,1,0
-0.3954166427039772,5.503750180751665,-0.39958330935414066,-0.39124997605381373,5.499583514101767,5.507916847401562,1,1
-0.3870833094036502,5.503750180751665,-0.39124997605381373,-0.3829166427534868,5.499583514101767,5.507916847401562,1,1
-0.3787499761033233,5.503750180751665,-0.3829166427534868,-0.3745833094531599,5.499583514101767,5.507916847401562,1,1
-0.37041664280299647,5.503750180751665,-0.3745833094531599,-0.36624997615283295,5.499583514101767,5.507916847401562,0,1
-0.36208330950266954,5.503750180751665,-0.36624997615283295,-0.357916642852506,5.499583514101767,5.507916847401562,2,1
-0.3537499762023425,5.503750180751665,-0.357916642852506,-0.3495833095521791,5.499583514101767,5.507916847401562,0,1
-0.3454166429020157,5.503750180751665,-0.3495833095521791,-0.34124997625185216,5.499583514101767,5.507916847401562,1,0
-0.3370833096016887,5.503750180751665,-0.34124997625185216,-0.3329166429515253,5.499583514101767,5.507916847401562,1,1
-0.3287499763013618,5.503750180751665,-0.3329166429515253,-0.32458330965119836,5.499583514101767,5.507916847401562,1,0
-0.32041664300103495,5.503750180751665,-0.32458330965119836,-0.31624997635087143,5.499583514101767,5.507916847401562,2,1
-0.31208330970070797,5.503750180751665,-0.31624997635087143,-0.3079166430505445,5.499583514101767,5.507916847401562,1,0
-0.30374997640038104,5.503750180751665,-0.3079166430505445,-0.2995833097502176,5.499583514101767,5.507916847401562,2,0
-0.2954166431000541,5.503750180751665,-0.2995833097502176,-0.29124997644989065,5.499583514101767,5.507916847401562,1,1
-0.2870833097997272,5.503750180751665,-0.29124997644989065,-0.2829166431495637,5.499583514101767,5.507916847401562,0,1
-0.2787499764994002,5.503750180751665,-0.2829166431495637,-0.2745833098492368,5.499583514101767,5.507916847401562,2,1
-0.2704166431990733,5.503750180751665,-0.2745833098492368,-0.2662499765489099,5.499583514101767,5.507916847401562,2,1
-0.26208330989874645,5.503750180751665,-0.2662499765489099,-0.257916643248583,5.499583514101767,5.507916847401562,2,1
-0.2537499765984195,5.503750180751665,-0.257916643248583,-0.24958330994825606,5.499583514101767,5.507916847401562,1,0
-0.2454166432980926,5.503750180751665,-0.24958330994825606,-0.24124997664792913,5.499583514101767,5.507916847401562,0,0
-0.23708330999776567,5.503750180751665,-0.24124997664792913,-0.2329166433476022,5.499583514101767,5.507916847401562,1,1
-0.5787499753111696,5.49541684745187,-0.582916641961333,-0.574583308661006,5.4912501808019725,5.499583514101767,0,0
-0.5704166420108425,5.49541684745187,-0.574583308661006,-0.5662499753606791,5.4912501808019725,5.499583514101767,1,0
-0.5620833087105157,5.49541684745187,-0.5662499753606791,-0.5579166420603522,5.4912501808019725,5.499583514101767,0,0
-0.5537499754101887,5.49541684745187,-0.5579166420603522,-0.5495833087600253,5.4912501808019725,5.499583514101767,2,1
-0.5454166421098618,5.49541684745187,-0.5495833087600253,-0.5412499754596983,5.4912501808019725,5.499583514101767,1,0
-0.5370833088095349,5.49541684745187,-0.5412499754596983,-0.5329166421593714,5.4912501808019725,5.499583514101767,2,0
-0.5287499755092079,5.49541684745187,-0.5329166421593714,-0.5245833088590445,5.4912501808019725,5.499583514101767,2,0
-0.520416642208881,5.49541684745187,-0.5245833088590445,-0.5162499755587175,5.4912501808019725,5.499583514101767,1,0
-0.5120833089085541,5.49541684745187,-0.5162499755587175,-0.5079166422583906,5.4912501808019725,5.499583514101767,1,1
-0.5037499756082272,5.49541684745187,-0.5079166422583906,-0.49958330895806374,5.4912501808019725,5.499583514101767,1,1
-0.4954166423079003,5.49541684745187,-0.49958330895806374,-0.4912499756577368,5.4912501808019725,5.499583514101767,0,0
-0.48708330900757335,5.49541684745187,-0.4912499756577368,-0.4829166423574099,5.4912501808019725,5.499583514101767,0,0
-0.4787499757072465,5.49541684745187,-0.4829166423574099,-0.47458330905708296,5.4912501808019725,5.499583514101767,1,1
-0.47041664240691955,5.49541684745187,-0.47458330905708296,-0.46624997575675603,5.4912501808019725,5.499583514101767,2,0
-0.4620833091065926,5.49541684745187,-0.46624997575675603,-0.45791664245642916,5.4912501808019725,5.499583514101767,2,0
-0.4537499758062657,5.49541684745187,-0.45791664245642916,-0.44958330915610223,5.4912501808019725,5.499583514101767,2,1
-0.44541664250593876,5.49541684745187,-0.44958330915610223,-0.4412499758557753,5.4912501808019725,5.499583514101767,1,1
-0.43708330920561184,5.49541684745187,-0.4412499758557753,-0.43291664255544837,5.4912501808019725,5.499583514101767,2,1
-0.42874997590528496,5.49541684745187,-0.43291664255544837,-0.42458330925512144,5.4912501808019725,5.499583514101767,2,1
-0.4204166426049579,5.49541684745187,-0.42458330925512144,-0.4162499759547945,5.4912501808019725,5.499583514101767,1,1
-0.41208330930463105,5.49541684745187,-0.4162499759547945,-0.4079166426544676,5.4912501808019725,5.499583514101767,0,0
-0.4037499760043042,5.49541684745187,-0.4079166426544676,-0.39958330935414066,5.4912501808019725,5.499583514101767,0,0
-0.3954166427039772,5.49541684745187,-0.39958330935414066,-0.39124997605381373,5.4912501808019725,5.499583514101767,1,0
-0.38708330940365027,5.49541684745187,-0.39124997605381373,-0.3829166427534868,5.4912501808019725,5.499583514101767,0,1
-0.3787499761033233,5.49541684745187,-0.3829166427534868,-0.3745833094531599,5.4912501808019725,5.499583514101767,0,0
-0.37041664280299647,5.49541684745187,-0.3745833094531599,-0.36624997615283295,5.4912501808019725,5.499583514101767,0,0
-0.3620833095026695,5.49541684745187,-0.36624997615283295,-0.357916642852506,5.4912501808019725,5.499583514101767,1,0
-0.35374997620234255,5.49541684745187,-0.357916642852506,-0.3495833095521791,5.4912501808019725,5.499583514101767,1,1
-0.3454166429020156,5.49541684745187,-0.3495833095521791,-0.34124997625185216,5.4912501808019725,5.499583514101767,2,1
-0.3370833096016887,5.49541684745187,-0.34124997625185216,-0.3329166429515253,5.4912501808019725,5.499583514101767,0,1
-0.32874997630136177,5.49541684745187,-0.3329166429515253,-0.32458330965119836,5.4912501808019725,5.499583514101767,2,1
-0.3204166430010349,5.49541684745187,-0.32458330965119836,-0.31624997635087143,5.4912501808019725,5.499583514101767,0,0
-0.31208330970070797,5.49541684745187,-0.31624997635087143,-0.3079166430505445,5.4912501808019725,5.499583514101767,2,0
-0.30374997640038104,5.49541684745187,-0.3079166430505445,-0.2995833097502176,5.4912501808019725,5.499583514101767,1,1
-0.2954166431000541,5.49541684745187,-0.2995833097502176,-0.29124997644989065,5.4912501808019725,5.499583514101767,1,1
-0.28708330979972724,5.49541684745187,-0.29124997644989065,-0.2829166431495637,5.4912501808019725,5.499583514101767,0,0
-0.27874997649940025,5.49541684745187,-0.2829166431495637,-0.2745833098492368,5.4912501808019725,5.499583514101767,0,0
-0.5787499753111696,5.487083514152075,-0.582916641961333,-0.574583308661006,5.482916847502177,5.4912501808019725,0,0
-0.5704166420108425,5.487083514152075,-0.574583308661006,-0.5662499753606791,5.482916847502177,5.4912501808019725,0,0
-0.5620833087105156,5.487083514152075,-0.5662499753606791,-0.5579166420603522,5.482916847502177,5.4912501808019725,0,1
-0.5537499754101887,5.487083514152075,-0.5579166420603522,-0.5495833087600253,5.482916847502177,5.4912501808019725,0,1
-0.5454166421098618,5.487083514152075,-0.5495833087600253,-0.5412499754596983,5.482916847502177,5.4912501808019725,2,0
-0.5370833088095349,5.487083514152075,-0.5412499754596983,-0.5329166421593714,5.482916847502177,5.4912501808019725,0,1
-0.528749975509208,5.487083514152075,-0.5329166421593714,-0.5245833088590445,5.482916847502177,5.4912501808019725,2,0
-0.520416642208881,5.487083514152075,-0.5245833088590445,-0.5162499755587175,5.482916847502177,5.4912501808019725,1,0
-0.512083308908554,5.487083514152075,-0.5162499755587175,-0.5079166422583906,5.482916847502177,5.4912501808019725,1,1
-0.5037499756082272,5.487083514152074,-0.5079166422583906,-0.49958330895806374,5.482916847502177,5.4912501808019725,1,1
-0.4954166423079003,5.487083514152075,-0.49958330895806374,-0.4912499756577368,5.482916847502177,5.4912501808019725,2,0
-0.48708330900757335,5.487083514152075,-0.4912499756577368,-0.4829166423574099,5.482916847502177,5.4912501808019725,2,1
-0.4787499757072465,5.487083514152075,-0.4829166423574099,-0.47458330905708296,5.482916847502177,5.4912501808019725,0,1
-0.47041664240691955,5.487083514152075,-0.47458330905708296,-0.46624997575675603,5.482916847502177,5.4912501808019725,2,1
-0.46208330910659257,5.487083514152074,-0.46624997575675603,-0.45791664245642916,5.482916847502177,5.4912501808019725,2,0
-0.4537499758062657,5.487083514152075,-0.45791664245642916,-0.44958330915610223,5.482916847502177,5.4912501808019725,1,0
-0.4454166425059387,5.487083514152075,-0.44958330915610223,-0.4412499758557753,5.482916847502177,5.4912501808019725,1,0
-0.4370833092056119,5.487083514152075,-0.4412499758557753,-0.43291664255544837,5.482916847502177,5.4912501808019725,1,0
-0.42874997590528496,5.487083514152075,-0.43291664255544837,-0.42458330925512144,5.482916847502177,5.4912501808019725,1,0
-0.420416642604958,5.487083514152075,-0.42458330925512144,-0.4162499759547945,5.482916847502177,5.4912501808019725,0,0
-0.41208330930463105,5.487083514152075,-0.4162499759547945,-0.4079166426544676,5.482916847502177,5.4912501808019725,2,1
-0.4037499760043041,5.487083514152075,-0.4079166426544676,-0.39958330935414066,5.482916847502177,5.4912501808019725,2,0
-0.3954166427039772,5.487083514152075,-0.39958330935414066,-0.39124997605381373,5.482916847502177,5.4912501808019725,2,1
-0.3870833094036502,5.487083514152075,-0.39124997605381373,-0.3829166427534868,5.482916847502177,5.4912501808019725,1,0
-0.3787499761033233,5.487083514152075,-0.3829166427534868,-0.3745833094531599,5.482916847502177,5.4912501808019725,0,1
-0.37041664280299647,5.487083514152075,-0.3745833094531599,-0.36624997615283295,5.482916847502177,5.4912501808019725,0,0
-0.36208330950266954,5.487083514152075,-0.36624997615283295,-0.357916642852506,5.482916847502177,5.4912501808019725,0,0
-0.3537499762023425,5.487083514152075,-0.357916642852506,-0.3495833095521791,5.482916847502177,5.4912501808019725,1,0
-0.3454166429020157,5.487083514152075,-0.3495833095521791,-0.34124997625185216,5.482916847502177,5.4912501808019725,1,0
-0.3370833096016887,5.487083514152074,-0.34124997625185216,-0.3329166429515253,5.482916847502177,5.4912501808019725,0,0
-0.3287499763013618,5.487083514152075,-0.3329166429515253,-0.32458330965119836,5.482916847502177,5.4912501808019725,1,0
-0.32041664300103495,5.487083514152075,-0.32458330965119836,-0.31624997635087143,5.482916847502177,5.4912501808019725,0,1
-0.31208330970070797,5.487083514152075,-0.31624997635087143,-0.3079166430505445,5.482916847502177,5.4912501808019725,2,0
-0.5787499753111696,5.478750180852279,-0.582916641961333,-0.574583308661006,5.474583514202382,5.482916847502177,0,0
-0.5704166420108425,5.478750180852279,-0.574583308661006,-0.5662499753606791,5.474583514202382,5.482916847502177,0,0
-0.5620833087105156,5.478750180852279,-0.5662499753606791,-0.5579166420603522,5.474583514202382,5.482916847502177,2,1
-0.5537499754101887,5.478750180852279,-0.5579166420603522,-0.5495833087600253,5.474583514202382,5.482916847502177,2,0
-0.5454166421098618,5.478750180852279,-0.5495833087600253,-0.5412499754596983,5.474583514202382,5.482916847502177,0,1
-0.5370833088095349,5.478750180852279,-0.5412499754596983,-0.5329166421593714,5.474583514202382,5.482916847502177,2,1
-0.528749975509208,5.478750180852279,-0.5329166421593714,-0.5245833088590445,5.474583514202382,5.482916847502177,2,1
-0.520416642208881,5.478750180852279,-0.5245833088590445,-0.5162499755587175,5.474583514202382,5.482916847502177,0,1
-0.512083308908554,5.478750180852279,-0.5162499755587175,-0.5079166422583906,5.474583514202382,5.482916847502177,1,0
-0.5037499756082272,5.47875018085228,-0.5079166422583906,-0.49958330895806374,5.474583514202382,5.482916847502177,1,0
-0.4954166423079003,5.478750180852279,-0.49958330895806374,-0.4912499756577368,5.474583514202382,5.482916847502177,1,0
-0.48708330900757335,5.478750180852279,-0.4912499756577368,-0.4829166423574099,5.474583514202382,5.482916847502177,0,1
-0.4787499757072465,5.478750180852279,-0.4829166423574099,-0.47458330905708296,5.474583514202382,5.482916847502177,1,0
-0.47041664240691955,5.478750180852279,-0.47458330905708296,-0.46624997575675603,5.474583514202382,5.482916847502177,2,0
-0.46208330910659257,5.47875018085228,-0.46624997575675603,-0.45791664245642916,5.474583514202382,5.482916847502177,2,0
-0.4537499758062657,5.478750180852279,-0.45791664245642916,-0.44958330915610223,5.474583514202382,5.482916847502177,2,0
-0.4454166425059387,5.478750180852279,-0.44958330915610223,-0.4412499758557753,5.474583514202382,5.482916847502177,0,0
-0.4370833092056119,5.478750180852279,-0.4412499758557753,-0.43291664255544837,5.474583514202382,5.482916847502177,1,0
-0.42874997590528496,5.478750180852279,-0.43291664255544837,-0.42458330925512144,5.474583514202382,5.482916847502177,0,1
-0.420416642604958,5.478750180852279,-0.42458330925512144,-0.4162499759547945,5.474583514202382,5.482916847502177,1,0
-0.41208330930463105,5.478750180852279,-0.4162499759547945,-0.4079166426544676,5.474583514202382,5.482916847502177,2,1
-0.4037499760043041,5.478750180852279,-0.4079166426544676,-0.39958330935414066,5.474583514202382,5.482916847502177,2,1
-0.3954166427039772,5.478750180852279,-0.39958330935414066,-0.39124997605381373,5.474583514202382,5.482916847502177,1,1
-0.3870833094036502,5.478750180852279,-0.39124997605381373,-0.3829166427534868,5.474583514202382,5.482916847502177,2,1
-0.3787499761033233,5.478750180852279,-0.3829166427534868,-0.3745833094531599,5.474583514202382,5.482916847502177,1,1
-0.37041664280299647,5.478750180852279,-0.3745833094531599,-0.36624997615283295,5.474583514202382,5.482916847502177,0,0
-0.36208330950266954,5.478750180852279,-0.36624997615283295,-0.357916642852506,5.474583514202382,5.482916847502177,1,0
-0.3537499762023425,5.478750180852279,-0.357916642852506,-0.3495833095521791,5.474583514202382,5.482916847502177,1,0
-0.3454166429020157,5.478750180852279,-0.3495833095521791,-0.34124997625185216,5.474583514202382,5.482916847502177,1,1
-0.3370833096016887,5.47875018085228,-0.34124997625185216,-0.3329166429515253,5.474583514202382,5.482916847502177,2,0
-0.5787499753111696,5.470416847552484,-0.582916641961333,-0.574583308661006,5.466250180902587,5.474583514202382,0,0
-0.5704166420108425,5.470416847552484,-0.574583308661006,-0.5662499753606791,5.466250180902587,5.474583514202382,1,0
-0.5620833087105156,5.470416847552484,-0.5662499753606791,-0.5579166420603522,5.466250180902587,5.474583514202382,0,0
-0.5537499754101887,5.470416847552484,-0.5579166420603522,-0.5495833087600253,5.466250180902587,5.474583514202382,1,1
-0.5454166421098618,5.470416847552484,-0.5495833087600253,-0.5412499754596983,5.466250180902587,5.474583514202382,2,0
-0.5370833088095349,5.470416847552484,-0.5412499754596983,-0.5329166421593714,5.466250180902587,5.474583514202382,0,1
-0.528749975509208,5.470416847552484,-0.5329166421593714,-0.5245833088590445,5.466250180902587,5.474583514202382,0,0
-0.520416642208881,5.470416847552484,-0.5245833088590445,-0.5162499755587175,5.466250180902587,5.474583514202382,2,1
-0.512083308908554,5.470416847552484,-0.5162499755587175,-0.5079166422583906,5.466250180902587,5.474583514202382,0,0
-0.5037499756082272,5.4704168475524835,-0.5079166422583906,-0.49958330895806374,5.466250180902587,5.474583514202382,0,0
-0.4954166423079003,5.470416847552484,-0.49958330895806374,-0.4912499756577368,5.466250180902587,5.474583514202382,1,1
-0.48708330900757335,5.470416847552484,-0.4912499756577368,-0.4829166423574099,5.466250180902587,5.474583514202382,2,0
-0.4787499757072465,5.470416847552484,-0.4829166423574099,-0.47458330905708296,5.466250180902587,5.474583514202382,2,0
-0.47041664240691955,5.470416847552484,-0.47458330905708296,-0.46624997575675603,5.466250180902587,5.474583514202382,1,1
-0.46208330910659257,5.4704168475524835,-0.46624997575675603,-0.45791664245642916,5.466250180902587,5.474583514202382,1,0
-0.4537499758062657,5.470416847552484,-0.45791664245642916,-0.44958330915610223,5.466250180902587,5.474583514202382,2,0
-0.4454166425059387,5.470416847552484,-0.44958330915610223,-0.4412499758557753,5.466250180902587,5.474583514202382,0,0
-0.4370833092056119,5.470416847552484,-0.4412499758557753,-0.43291664255544837,5.466250180902587,5.474583514202382,0,0
-0.42874997590528496,5.470416847552484,-0.43291664255544837,-0.42458330925512144,5.466250180902587,5.474583514202382,1,1
-0.420416642604958,5.470416847552484,-0.42458330925512144,-0.4162499759547945,5.466250180902587,5.474583514202382,0,0
-0.41208330930463105,5.470416847552484,-0.4162499759547945,-0.4079166426544676,5.466250180902587,5.474583514202382,2,0
-0.4037499760043041,5.470416847552484,-0.4079166426544676,-0.39958330935414066,5.466250180902587,5.474583514202382,0,1
-0.3954166427039772,5.470416847552484,-0.39958330935414066,-0.39124997605381373,5.466250180902587,5.474583514202382,1,1
-0.3870833094036502,5.470416847552484,-0.39124997605381373,-0.3829166427534868,5.466250180902587,5.474583514202382,0,0
-0.3787499761033233,5.470416847552484,-0.3829166427534868,-0.3745833094531599,5.466250180902587,5.474583514202382,1,1
-0.37041664280299647,5.470416847552484,-0.3745833094531599,-0.36624997615283295,5.466250180902587,5.474583514202382,0,1
-0.36208330950266954,5.470416847552484,-0.36624997615283295,-0.357916642852506,5.466250180902587,5.474583514202382,0,0
-0.3537499762023425,5.470416847552484,-0.357916642852506,-0.3495833095521791,5.466250180902587,5.474583514202382,1,1
-0.5787499753111696,5.462083514252691,-0.582916641961333,-0.574583308661006,5.457916847602792,5.466250180902587,0,1
-0.5704166420108425,5.462083514252691,-0.574583308661006,-0.5662499753606791,5.457916847602792,5.466250180902587,1,0
-0.5620833087105157,5.462083514252691,-0.5662499753606791,-0.5579166420603522,5.457916847602792,5.466250180902587,0,1
-0.5537499754101887,5.462083514252691,-0.5579166420603522,-0.5495833087600253,5.457916847602792,5.466250180902587,0,0
-0.5454166421098618,5.462083514252691,-0.5495833087600253,-0.5412499754596983,5.457916847602792,5.466250180902587,1,1
-0.5370833088095349,5.462083514252691,-0.5412499754596983,-0.5329166421593714,5.457916847602792,5.466250180902587,1,0
-0.5287499755092079,5.462083514252691,-0.5329166421593714,-0.5245833088590445,5.457916847602792,5.466250180902587,2,1
-0.520416642208881,5.462083514252691,-0.5245833088590445,-0.5162499755587175,5.457916847602792,5.466250180902587,2,1
-0.5120833089085541,5.462083514252691,-0.5162499755587175,-0.5079166422583906,5.457916847602792,5.466250180902587,0,0
-0.5037499756082272,5.46208351425269,-0.5079166422583906,-0.49958330895806374,5.457916847602792,5.466250180902587,2,1
-0.4954166423079003,5.462083514252691,-0.49958330895806374,-0.4912499756577368,5.457916847602792,5.466250180902587,0,1
-0.48708330900757335,5.462083514252691,-0.4912499756577368,-0.4829166423574099,5.457916847602792,5.466250180902587,2,1
-0.4787499757072465,5.462083514252691,-0.4829166423574099,-0.47458330905708296,5.457916847602792,5.466250180902587,1,0
-0.47041664240691955,5.462083514252691,-0.47458330905708296,-0.46624997575675603,5.457916847602792,5.466250180902587,1,0
-0.4620833091065926,5.46208351425269,-0.46624997575675603,-0.45791664245642916,5.457916847602792,5.466250180902587,2,0
-0.4537499758062657,5.462083514252691,-0.45791664245642916,-0.44958330915610223,5.457916847602792,5.466250180902587,0,0
-0.44541664250593876,5.462083514252691,-0.44958330915610223,-0.4412499758557753,5.457916847602792,5.466250180902587,2,0
-0.43708330920561184,5.462083514252691,-0.4412499758557753,-0.43291664255544837,5.457916847602792,5.466250180902587,0,0
-0.42874997590528496,5.462083514252691,-0.43291664255544837,-0.42458330925512144,5.457916847602792,5.466250180902587,2,0
-0.4204166426049579,5.462083514252691,-0.42458330925512144,-0.4162499759547945,5.457916847602792,5.466250180902587,0,0
-0.41208330930463105,5.462083514252691,-0.4162499759547945,-0.4079166426544676,5.457916847602792,5.466250180902587,1,1
-0.4037499760043042,5.462083514252691,-0.4079166426544676,-0.39958330935414066,5.457916847602792,5.466250180902587,0,1
-0.3954166427039772,5.462083514252691,-0.39958330935414066,-0.39124997605381373,5.457916847602792,5.466250180902587,0,0
-0.38708330940365027,5.462083514252691,-0.39124997605381373,-0.3829166427534868,5.457916847602792,5.466250180902587,0,1
-0.3787499761033233,5.462083514252691,-0.3829166427534868,-0.3745833094531599,5.457916847602792,5.466250180902587,0,0
-0.37041664280299647,5.462083514252691,-0.3745833094531599,-0.36624997615283295,5.457916847602792,5.466250180902587,1,1
-0.5787499753111696,5.453750180952896,-0.582916641961333,-0.574583308661006,5.449583514302997,5.457916847602792,2,0
-0.5704166420108425,5.453750180952896,-0.574583308661006,-0.5662499753606791,5.449583514302997,5.457916847602792,2,1
-0.5620833087105156,5.453750180952896,-0.5662499753606791,-0.5579166420603522,5.449583514302997,5.457916847602792,0,0
-0.5537499754101887,5.453750180952896,-0.5579166420603522,-0.5495833087600253,5.449583514302997,5.457916847602792,0,1
-0.5454166421098618,5.453750180952896,-0.5495833087600253,-0.5412499754596983,5.449583514302997,5.457916847602792,2,0
-0.5370833088095349,5.453750180952896,-0.5412499754596983,-0.5329166421593714,5.449583514302997,5.457916847602792,1,1
-0.528749975509208,5.453750180952896,-0.5329166421593714,-0.5245833088590445,5.449583514302997,5.457916847602792,2,0
-0.520416642208881,5.453750180952896,-0.5245833088590445,-0.5162499755587175,5.449583514302997,5.457916847602792,0,1
-0.512083308908554,5.453750180952896,-0.5162499755587175,-0.5079166422583906,5.449583514302997,5.457916847602792,0,1
-0.5037499756082272,5.453750180952895,-0.5079166422583906,-0.49958330895806374,5.449583514302997,5.457916847602792,0,0
-0.4954166423079003,5.453750180952896,-0.49958330895806374,-0.4912499756577368,5.449583514302997,5.457916847602792,0,0
-0.48708330900757335,5.453750180952896,-0.4912499756577368,-0.4829166423574099,5.449583514302997,5.457916847602792,1,1
-0.4787499757072465,5.453750180952896,-0.4829166423574099,-0.47458330905708296,5.449583514302997,5.457916847602792,2,0
-0.47041664240691955,5.453750180952896,-0.47458330905708296,-0.46624997575675603,5.449583514302997,5.457916847602792,0,1
-0.46208330910659257,5.453750180952895,-0.46624997575675603,-0.45791664245642916,5.449583514302997,5.457916847602792,0,1
-0.4537499758062657,5.453750180952896,-0.45791664245642916,-0.44958330915610223,5.449583514302997,5.457916847602792,2,0
-0.4454166425059387,5.453750180952896,-0.44958330915610223,-0.4412499758557753,5.449583514302997,5.457916847602792,2,0
-0.4370833092056119,5.453750180952896,-0.4412499758557753,-0.43291664255544837,5.449583514302997,5.457916847602792,0,1
-0.42874997590528496,5.453750180952896,-0.43291664255544837,-0.42458330925512144,5.449583514302997,5.457916847602792,2,0
-0.420416642604958,5.453750180952896,-0.42458330925512144,-0.4162499759547945,5.449583514302997,5.457916847602792,2,1
-0.41208330930463105,5.453750180952896,-0.4162499759547945,-0.4079166426544676,5.449583514302997,5.457916847602792,1,0
-0.4037499760043041,5.453750180952896,-0.4079166426544676,-0.39958330935414066,5.449583514302997,5.457916847602792,1,0
-0.3954166427039772,5.453750180952896,-0.39958330935414066,-0.39124997605381373,5.449583514302997,5.457916847602792,1,0
-0.3870833094036502,5.453750180952896,-0.39124997605381373,-0.3829166427534868,5.449583514302997,5.457916847602792,1,1
-0.3787499761033233,5.453750180952896,-0.3829166427534868,-0.3745833094531599,5.449583514302997,5.457916847602792,2,1
-0.5537499754101887,5.4454168476530995,-0.5579166420603522,-0.5495833087600253,5.441250181003202,5.449583514302997,1,0
-0.5454166421098618,5.4454168476530995,-0.5495833087600253,-0.5412499754596983,5.441250181003202,5.449583514302997,1,1
-0.5370833088095349,5.4454168476530995,-0.5412499754596983,-0.5329166421593714,5.441250181003202,5.449583514302997,0,0
-0.528749975509208,5.4454168476530995,-0.5329166421593714,-0.5245833088590445,5.441250181003202,5.449583514302997,1,0
-0.520416642208881,5.4454168476530995,-0.5245833088590445,-0.5162499755587175,5.441250181003202,5.449583514302997,0,1
-0.512083308908554,5.4454168476530995,-0.5162499755587175,-0.5079166422583906,5.441250181003202,5.449583514302997,2,0
-0.5037499756082272,5.4454168476531,-0.5079166422583906,-0.49958330895806374,5.441250181003202,5.449583514302997,0,0
-0.4954166423079003,5.4454168476530995,-0.49958330895806374,-0.4912499756577368,5.441250181003202,5.449583514302997,2,0
-0.48708330900757335,5.4454168476530995,-0.4912499756577368,-0.4829166423574099,5.441250181003202,5.449583514302997,0,0
-0.4787499757072465,5.4454168476530995,-0.4829166423574099,-0.47458330905708296,5.441250181003202,5.449583514302997,2,1
-0.47041664240691955,5.4454168476530995,-0.47458330905708296,-0.46624997575675603,5.441250181003202,5.449583514302997,0,0
-0.46208330910659257,5.4454168476531,-0.46624997575675603,-0.45791664245642916,5.441250181003202,5.449583514302997,0,1
-0.4537499758062657,5.4454168476530995,-0.45791664245642916,-0.44958330915610223,5.441250181003202,5.449583514302997,0,0
-0.4454166425059387,5.4454168476530995,-0.44958330915610223,-0.4412499758557753,5.441250181003202,5.449583514302997,1,0
-0.4370833092056119,5.4454168476530995,-0.4412499758557753,-0.43291664255544837,5.441250181003202,5.449583514302997,2,0
-0.42874997590528496,5.4454168476530995,-0.43291664255544837,-0.42458330925512144,5.441250181003202,5.449583514302997,1,0
-0.420416642604958,5.4454168476530995,-0.42458330925512144,-0.4162499759547945,5.441250181003202,5.449583514302997,2,1
-0.41208330930463105,5.4454168476530995,-0.4162499759547945,-0.4079166426544676,5.441250181003202,5.449583514302997,0,0
-0.4037499760043041,5.4454168476530995,-0.4079166426544676,-0.39958330935414066,5.441250181003202,5.449583514302997,0,1
-0.3954166427039772,5.4454168476530995,-0.39958330935414066,-0.39124997605381373,5.441250181003202,5.449583514302997,1,0
-0.3870833094036502,5.4454168476530995,-0.39124997605381373,-0.3829166427534868,5.441250181003202,5.449583514302997,0,0
-0.4787499757072465,5.437083514353303,-0.4829166423574099,-0.47458330905708296,5.432916847703407,5.441250181003202,1,1
-0.47041664240691955,5.437083514353303,-0.47458330905708296,-0.46624997575675603,5.432916847703407,5.441250181003202,2,0
-0.46208330910659257,5.437083514353304,-0.46624997575675603,-0.45791664245642916,5.432916847703407,5.441250181003202,2,0
-0.4537499758062657,5.437083514353303,-0.45791664245642916,-0.44958330915610223,5.432916847703407,5.441250181003202,2,0
-0.4454166425059387,5.437083514353303,-0.44958330915610223,-0.4412499758557753,5.432916847703407,5.441250181003202,0,1
-0.4370833092056119,5.437083514353303,-0.4412499758557753,-0.43291664255544837,5.432916847703407,5.441250181003202,0,0
-0.42874997590528496,5.437083514353303,-0.43291664255544837,-0.42458330925512144,5.432916847703407,5.441250181003202,0,1
-0.420416642604958,5.437083514353303,-0.42458330925512144,-0.4162499759547945,5.432916847703407,5.441250181003202,0,1
-0.41208330930463105,5.437083514353303,-0.4162499759547945,-0.4079166426544676,5.432916847703407,5.441250181003202,1,1
