,pop_grid_pop,geometry,pop_grid_id
0,,"POLYGON ((405714.33654021996 545032.8308249611, 406638.31954564987 545031.6578277736, 406637.1567575488 544110.4072153764, 405713.1622408398 544111.5782494502, 405714.33654021996 545032.8308249611))",0
1,,"POLYGON ((406638.31954564987 545031.6578277736, 407562.3005918932 545030.4963856741, 407561.1493149479 544109.2477170521, 406637.1567575488 544110.4072153764, 406638.31954564987 545031.6578277736))",1
2,,"POLYGON ((407562.3005918932 545030.4963856741, 408486.2796983436 545029.3464985391, 408485.13993243186 544108.0997543541, 407561.1493149479 544109.2477170521, 407562.3005918932 545030.4963856741))",2
3,,"POLYGON ((408486.2796983436 545029.3464985391, 409410.25688439875 545028.2081662468, 409409.1286293996 544106.9633271609, 408485.13993243186 544108.0997543541, 408486.2796983436 545029.3464985391))",3
4,,"POLYGON ((409410.25688439875 545028.2081662468, 410334.23216945195 545027.0813886762, 410333.11542524555 544105.8384353517, 409409.1286293996 544106.9633271609, 409410.25688439875 545028.2081662468))",4
5,,"POLYGON ((410334.23216945195 545027.0813886762, 411258.2055728948 545025.9661657077, 411257.1003393627 544104.7250788072, 410333.11542524555 544105.8384353517, 410334.23216945195 545027.0813886762))",5
6,,"POLYGON ((411258.2055728948 545025.9661657077, 412182.1771141272 545024.8624972231, 412181.0833911521 544103.6232574091, 411257.1003393627 544104.7250788072, 411258.2055728948 545025.9661657077))",6
7,,"POLYGON ((412182.1771141272 545024.8624972231, 413106.14681254036 545023.770383105, 413105.0646000063 544102.5329710406, 412181.0833911521 544103.6232574091, 412182.1771141272 545024.8624972231))",7
8,,"POLYGON ((413106.14681254036 545023.770383105, 414030.11468752834 545022.6898232378, 414029.0439853204 544101.454219586, 413105.0646000063 544102.5329710406, 413106.14681254036 545023.770383105))",8
9,,"POLYGON ((414030.11468752834 545022.6898232378, 414954.0807584833 545021.6208175069, 414953.0215664878 544100.3870029306, 414029.0439853204 544101.454219586, 414030.11468752834 545022.6898232378))",9
10,,"POLYGON ((414954.0807584833 545021.6208175069, 415878.0450448016 545020.5633657984, 415876.9973629061 544099.3313209614, 414953.0215664878 544100.3870029306, 414954.0807584833 545021.6208175069))",10
11,,"POLYGON ((415878.0450448016 545020.5633657984, 416802.00756587513 545019.5174680004, 416800.9713939685 544098.2871735662, 415876.9973629061 544099.3313209614, 415878.0450448016 545020.5633657984))",11
12,,"POLYGON ((416802.00756587513 545019.5174680004, 417725.96834109566 545018.483124002, 417724.94367906795 544097.2545606341, 416800.9713939685 544098.2871735662, 416802.00756587513 545019.5174680004))",12
13,,"POLYGON ((417725.96834109566 545018.483124002, 418649.9273898589 545017.4603336933, 418648.9142376014 544096.233482056, 417724.94367906795 544097.2545606341, 417725.96834109566 545018.483124002))",13
14,,"POLYGON ((418649.9273898589 545017.4603336933, 419573.88473155635 545016.4490969656, 419572.8830889615 544095.223937723, 418648.9142376014 544096.233482056, 418649.9273898589 545017.4603336933))",14
15,,"POLYGON ((419573.88473155635 545016.4490969656, 420497.84038558044 545015.4494137118, 420496.85025254195 544094.2259275282, 419572.8830889615 544095.223937723, 419573.88473155635 545016.4490969656))",15
16,,"POLYGON ((420497.84038558044 545015.4494137118, 421421.79437132087 545014.4612838257, 421420.81574773364 544093.2394513657, 420496.85025254195 544094.2259275282, 420497.84038558044 545015.4494137118))",16
17,,"POLYGON ((421421.79437132087 545014.4612838257, 422345.7467081755 545013.4847072026, 422344.7795939357 544092.2645091307, 421420.81574773364 544093.2394513657, 421421.79437132087 545014.4612838257))",17
18,,"POLYGON ((422345.7467081755 545013.4847072026, 423269.6974155337 545012.5196837387, 423268.7418105387 544091.3011007197, 422344.7795939357 544092.2645091307, 422345.7467081755 545013.4847072026))",18
19,,"POLYGON ((423269.6974155337 545012.5196837387, 424193.6465127858 545011.5662133317, 424192.7024169342 544090.3492260305, 423268.7418105387 544091.3011007197, 423269.6974155337 545012.5196837387))",19
20,,"POLYGON ((424193.6465127858 545011.5662133317, 425117.59401932644 545010.6242958802, 425116.661432518 544089.4088849626, 424192.7024169342 544090.3492260305, 424193.6465127858 545011.5662133317))",20
21,,"POLYGON ((425117.59401932644 545010.6242958802, 426041.53995454573 545009.6939312845, 426040.6188766816 544088.4800774152, 425116.661432518 544089.4088849626, 425117.59401932644 545010.6242958802))",21
22,,"POLYGON ((426041.53995454573 545009.6939312845, 426965.48433783377 545008.7751194459, 426964.5747688161 544087.5628032907, 426040.6188766816 544088.4800774152, 426041.53995454573 545009.6939312845))",22
23,,"POLYGON ((426965.48433783377 545008.7751194459, 427889.4271885846 545007.8678602666, 427888.52912831685 544086.6570624912, 426964.5747688161 544087.5628032907, 426965.48433783377 545008.7751194459))",23
24,,"POLYGON ((427889.4271885846 545007.8678602666, 428813.36852618784 545006.9721536506, 428812.4819745748 544085.7628549207, 427888.52912831685 544086.6570624912, 427889.4271885846 545007.8678602666))",24
25,42.86203384399414,"POLYGON ((428813.36852618784 545006.9721536506, 429737.30837003444 545006.0879995025, 429736.433326982 544084.8801804844, 428812.4819745748 544085.7628549207, 428813.36852618784 545006.9721536506))",25
26,51.745845794677734,"POLYGON ((429737.30837003444 545006.0879995025, 430661.2467395138 545005.2153977291, 430660.3832049291 544084.0090390884, 429736.433326982 544084.8801804844, 429737.30837003444 545006.0879995025))",26
27,45.137420654296875,"POLYGON ((430661.2467395138 545005.2153977291, 431585.183654018 545004.3543482373, 431584.3316278094 544083.1494306405, 430660.3832049291 544084.0090390884, 430661.2467395138 545005.2153977291))",27
28,,"POLYGON ((431585.183654018 545004.3543482373, 432509.11913293885 545003.5048509359, 432508.2786150159 544082.3013550494, 431584.3316278094 544083.1494306405, 431585.183654018 545004.3543482373))",28
29,,"POLYGON ((432509.11913293885 545003.5048509359, 433433.05319566384 545002.6669057346, 433432.2241859374 544081.4648122251, 432508.2786150159 544082.3013550494, 432509.11913293885 545003.5048509359))",29
30,,"POLYGON ((433433.05319566384 545002.6669057346, 434356.98586158594 545001.8405125447, 434356.168359968 544080.639802079, 433432.2241859374 544081.4648122251, 433433.05319566384 545002.6669057346))",30
31,,"POLYGON ((405713.1622408398 544111.5782494502, 406637.1567575488 544110.4072153764, 406635.9959318875 543189.1568280427, 405711.98992332676 543190.3258989045, 405713.1622408398 544111.5782494502))",31
32,,"POLYGON ((406637.1567575488 544110.4072153764, 407561.1493149479 544109.2477170521, 407559.999981015 543187.9992735912, 406635.9959318875 543189.1568280427, 406637.1567575488 544110.4072153764))",32
33,,"POLYGON ((407561.1493149479 544109.2477170521, 408485.13993243186 544108.0997543541, 408484.0020901054 543186.8532354272, 407559.999981015 543187.9992735912, 407561.1493149479 544109.2477170521))",33
34,,"POLYGON ((408485.13993243186 544108.0997543541, 409409.1286293996 544106.9633271609, 409408.0022785588 543185.7187134288, 408484.0020901054 543186.8532354272, 408485.13993243186 544108.0997543541))",34
35,,"POLYGON ((409409.1286293996 544106.9633271609, 410333.11542524555 544105.8384353517, 410332.000565771 543184.5957074757, 409408.0022785588 543185.7187134288, 409409.1286293996 544106.9633271609))",35
36,,"POLYGON ((410333.11542524555 544105.8384353517, 411257.1003393627 544104.7250788072, 411255.99697113596 543183.4842174489, 410332.000565771 543184.5957074757, 410333.11542524555 544105.8384353517))",36
37,,"POLYGON ((411257.1003393627 544104.7250788072, 412181.0833911521 544103.6232574091, 412179.9915140561 543182.3842432302, 411255.99697113596 543183.4842174489, 411257.1003393627 544104.7250788072))",37
38,,"POLYGON ((412181.0833911521 544103.6232574091, 413105.0646000063 544102.5329710406, 413103.98421392514 543181.295784703, 412179.9915140561 543182.3842432302, 412181.0833911521 544103.6232574091))",38
39,,"POLYGON ((413105.0646000063 544102.5329710406, 414029.0439853204 544101.454219586, 414027.97509013937 543180.2188417516, 413103.98421392514 543181.295784703, 413105.0646000063 544102.5329710406))",39
40,,"POLYGON ((414029.0439853204 544101.454219586, 414953.0215664878 544100.3870029306, 414951.9641620936 543179.1534142619, 414027.97509013937 543180.2188417516, 414029.0439853204 544101.454219586))",40
41,,"POLYGON ((414953.0215664878 544100.3870029306, 415876.9973629061 544099.3313209614, 415875.9514491864 543178.0995021206, 414951.9641620936 543179.1534142619, 414953.0215664878 544100.3870029306))",41
42,,"POLYGON ((415876.9973629061 544099.3313209614, 416800.9713939685 544098.2871735662, 416799.9369708124 543177.0571052162, 415875.9514491864 543178.0995021206, 415876.9973629061 544099.3313209614))",42
43,,"POLYGON ((416800.9713939685 544098.2871735662, 417724.94367906795 544097.2545606341, 417723.92074636556 543176.0262234377, 416799.9369708124 543177.0571052162, 416800.9713939685 544098.2871735662))",43
44,,"POLYGON ((417724.94367906795 544097.2545606341, 418648.9142376014 544096.233482056, 418647.90279524424 543175.0068566761, 417723.92074636556 543176.0262234377, 417724.94367906795 544097.2545606341))",44
45,,"POLYGON ((418648.9142376014 544096.233482056, 419572.8830889615 544095.223937723, 419571.8831368421 543173.9990048228, 418647.90279524424 543175.0068566761, 418648.9142376014 544096.233482056))",45
46,,"POLYGON ((419572.8830889615 544095.223937723, 420496.85025254195 544094.2259275282, 420495.86179055437 543173.002667771, 419571.8831368421 543173.9990048228, 419572.8830889615 544095.223937723))",46
47,,"POLYGON ((420496.85025254195 544094.2259275282, 421420.81574773364 544093.2394513657, 421419.8387757729 543172.017845415, 420495.86179055437 543173.002667771, 420496.85025254195 544094.2259275282))",47
48,,"POLYGON ((421420.81574773364 544093.2394513657, 422344.7795939357 544092.2645091307, 422343.8141118981 543171.0445376503, 421419.8387757729 543172.017845415, 421420.81574773364 544093.2394513657))",48
49,,"POLYGON ((422344.7795939357 544092.2645091307, 423268.7418105387 544091.3011007197, 423267.7878183217 543170.0827443736, 422343.8141118981 543171.0445376503, 422344.7795939357 544092.2645091307))",49
50,,"POLYGON ((423268.7418105387 544091.3011007197, 424192.7024169342 544090.3492260305, 424191.7599144367 543169.1324654827, 423267.7878183217 543170.0827443736, 423268.7418105387 544091.3011007197))",50
51,,"POLYGON ((424192.7024169342 544090.3492260305, 425116.661432518 544089.4088849626, 425115.73041963996 543168.1937008769, 424191.7599144367 543169.1324654827, 424192.7024169342 544090.3492260305))",51
52,,"POLYGON ((425116.661432518 544089.4088849626, 426040.6188766816 544088.4800774152, 426039.69935332413 543167.2664504565, 425115.73041963996 543168.1937008769, 425116.661432518 544089.4088849626))",52
53,,"POLYGON ((426040.6188766816 544088.4800774152, 426964.5747688161 544087.5628032907, 426963.66673488176 543166.3507141231, 426039.69935332413 543167.2664504565, 426040.6188766816 544088.4800774152))",53
54,,"POLYGON ((426964.5747688161 544087.5628032907, 427888.52912831685 544086.6570624912, 427887.6325837092 543165.4464917795, 426963.66673488176 543166.3507141231, 426964.5747688161 544087.5628032907))",54
55,,"POLYGON ((427888.52912831685 544086.6570624912, 428812.4819745748 544085.7628549207, 428811.59691919864 543164.55378333, 427887.6325837092 543165.4464917795, 427888.52912831685 544086.6570624912))",55
56,55.76093673706055,"POLYGON ((428812.4819745748 544085.7628549207, 429736.433326982 544084.8801804844, 429735.55976074346 543163.6725886795, 428811.59691919864 543164.55378333, 428812.4819745748 544085.7628549207))",56
57,83.42613983154297,"POLYGON ((429736.433326982 544084.8801804844, 430660.3832049291 544084.0090390884, 430659.5211277355 543162.8029077345, 429735.55976074346 543163.6725886795, 429736.433326982 544084.8801804844))",57
58,67.23934173583984,"POLYGON ((430660.3832049291 544084.0090390884, 431584.3316278094 544083.1494306405, 431583.48103956913 543161.944740403, 430659.5211277355 543162.8029077345, 430660.3832049291 544084.0090390884))",58
59,,"POLYGON ((431584.3316278094 544083.1494306405, 432508.2786150159 544082.3013550494, 432507.4395156388 543161.0980865937, 431583.48103956913 543161.944740403, 431584.3316278094 544083.1494306405))",59
60,,"POLYGON ((432508.2786150159 544082.3013550494, 433432.2241859374 544081.4648122251, 433431.3965753344 543160.2629462169, 432507.4395156388 543161.0980865937, 432508.2786150159 544082.3013550494))",60
61,,"POLYGON ((433432.2241859374 544081.4648122251, 434356.168359968 544080.639802079, 434355.35223805136 543159.4393191837, 433431.3965753344 543160.2629462169, 433432.2241859374 544081.4648122251))",61
62,,"POLYGON ((405711.98992332676 543190.3258989045, 406635.9959318875 543189.1568280427, 406634.83706868894 542267.9066653955, 405710.8195877043 542269.0737729466, 405711.98992332676 543190.3258989045))",62
63,,"POLYGON ((406635.9959318875 543189.1568280427, 407559.999981015 543187.9992735912, 407558.85259011737 542266.7510549143, 406634.83706868894 542267.9066653955, 406635.9959318875 543189.1568280427))",63
64,,"POLYGON ((407559.999981015 543187.9992735912, 408484.0020901054 543186.8532354272, 408482.8661713869 542265.6069413805, 407558.85259011737 542266.7510549143, 407559.999981015 543187.9992735912))",64
65,,"POLYGON ((408484.0020901054 543186.8532354272, 409408.0022785588 543185.7187134288, 409406.877831899 542264.4743246727, 408482.8661713869 542265.6069413805, 408484.0020901054 543186.8532354272))",65
66,,"POLYGON ((409408.0022785588 543185.7187134288, 410332.000565771 543184.5957074757, 410330.8875910504 542263.3532046704, 409406.877831899 542264.4743246727, 409408.0022785588 543185.7187134288))",66
67,,"POLYGON ((410332.000565771 543184.5957074757, 411255.99697113596 543183.4842174489, 411254.8954682365 542262.2435812549, 410330.8875910504 542263.3532046704, 410332.000565771 543184.5957074757))",67
68,,"POLYGON ((411255.99697113596 543183.4842174489, 412179.9915140561 543182.3842432302, 412178.9014828609 542261.1454543081, 411254.8954682365 542262.2435812549, 411255.99697113596 543183.4842174489))",68
69,,"POLYGON ((412179.9915140561 543182.3842432302, 413103.98421392514 543181.295784703, 413102.9056543184 542260.0588237139, 412178.9014828609 542261.1454543081, 412179.9915140561 543182.3842432302))",69
70,,"POLYGON ((413103.98421392514 543181.295784703, 414027.97509013937 543180.2188417516, 414026.9080020067 542258.9836893565, 413102.9056543184 542260.0588237139, 413103.98421392514 543181.295784703))",70
71,,"POLYGON ((414027.97509013937 543180.2188417516, 414951.9641620936 543179.1534142619, 414950.9085453218 542257.9200511222, 414026.9080020067 542258.9836893565, 414027.97509013937 543180.2188417516))",71
72,,"POLYGON ((414951.9641620936 543179.1534142619, 415875.9514491864 543178.0995021206, 415874.90730366344 542256.8679088977, 414950.9085453218 542257.9200511222, 414951.9641620936 543179.1534142619))",72
73,,"POLYGON ((415875.9514491864 543178.0995021206, 416799.9369708124 543177.0571052162, 416798.9042964273 542255.8272625718, 415874.90730366344 542256.8679088977, 415875.9514491864 543178.0995021206))",73
74,,"POLYGON ((416799.9369708124 543177.0571052162, 417723.92074636556 543176.0262234377, 417722.8995430089 542254.7981120336, 416798.9042964273 542255.8272625718, 416799.9369708124 543177.0571052162))",74
75,,"POLYGON ((417723.92074636556 543176.0262234377, 418647.90279524424 543175.0068566761, 418646.8930628075 542253.7804571742, 417722.8995430089 542254.7981120336, 417723.92074636556 543176.0262234377))",75
76,,"POLYGON ((418647.90279524424 543175.0068566761, 419571.8831368421 543173.9990048228, 419570.8848752182 542252.7742978856, 418646.8930628075 542253.7804571742, 418647.90279524424 543175.0068566761))",76
77,,"POLYGON ((419571.8831368421 543173.9990048228, 420495.86179055437 543173.002667771, 420494.8749996373 542251.7796340608, 419570.8848752182 542252.7742978856, 419571.8831368421 543173.9990048228))",77
78,,"POLYGON ((420495.86179055437 543173.002667771, 421419.8387757729 543172.017845415, 421418.86345545796 542250.7964655943, 420494.8749996373 542251.7796340608, 420495.86179055437 543173.002667771))",78
79,,"POLYGON ((421419.8387757729 543172.017845415, 422343.8141118981 543171.0445376503, 422342.8502620819 542249.8247923818, 421418.86345545796 542250.7964655943, 421419.8387757729 543172.017845415))",79
80,,"POLYGON ((422343.8141118981 543171.0445376503, 423267.7878183217 543170.0827443736, 423266.83543890185 542248.8646143202, 422342.8502620819 542249.8247923818, 422343.8141118981 543171.0445376503))",80
81,,"POLYGON ((423267.7878183217 543170.0827443736, 424191.7599144367 543169.1324654827, 424190.81900531205 542247.9159313075, 423266.83543890185 542248.8646143202, 423267.7878183217 543170.0827443736))",81
82,,"POLYGON ((424191.7599144367 543169.1324654827, 425115.73041963996 543168.1937008769, 425114.8009807108 542246.9787432431, 424190.81900531205 542247.9159313075, 424191.7599144367 543169.1324654827))",82
83,,"POLYGON ((425115.73041963996 543168.1937008769, 426039.69935332413 543167.2664504565, 426038.78138449177 542246.0530500276, 425114.8009807108 542246.9787432431, 425115.73041963996 543168.1937008769))",83
84,,"POLYGON ((426039.69935332413 543167.2664504565, 426963.66673488176 543166.3507141231, 426962.76023604866 542245.1388515626, 426038.78138449177 542246.0530500276, 426039.69935332413 543167.2664504565))",84
85,,"POLYGON ((426963.66673488176 543166.3507141231, 427887.6325837092 543165.4464917795, 427886.7375547793 542244.2361477514, 426962.76023604866 542245.1388515626, 426963.66673488176 543166.3507141231))",85
86,,"POLYGON ((427887.6325837092 543165.4464917795, 428811.59691919864 543164.55378333, 428810.71336007694 542243.3449384976, 427886.7375547793 542244.2361477514, 427887.6325837092 543165.4464917795))",86
87,59.2674560546875,"POLYGON ((428811.59691919864 543164.55378333, 429735.55976074346 543163.6725886795, 429734.68767133617 542242.4652237073, 428810.71336007694 542243.3449384976, 428811.59691919864 543164.55378333))",87
88,144.41259765625,"POLYGON ((429735.55976074346 543163.6725886795, 430659.5211277355 543162.8029077345, 430658.66050795006 542241.5970032866, 429734.68767133617 542242.4652237073, 429735.55976074346 543163.6725886795))",88
89,144.9178924560547,"POLYGON ((430659.5211277355 543162.8029077345, 431583.48103956913 543161.944740403, 431582.6318893143 542240.7402771438, 430658.66050795006 542241.5970032866, 430659.5211277355 543162.8029077345))",89
90,52.8438835144043,"POLYGON ((431583.48103956913 543161.944740403, 432507.4395156388 543161.0980865937, 432506.60183482437 542239.8950451874, 431582.6318893143 542240.7402771438, 431583.48103956913 543161.944740403))",90
91,36.890323638916016,"POLYGON ((432507.4395156388 543161.0980865937, 433431.3965753344 543160.2629462169, 433430.57036387146 542239.0613073283, 432506.60183482437 542239.8950451874, 432507.4395156388 543161.0980865937))",91
92,,"POLYGON ((433431.3965753344 543160.2629462169, 434355.35223805136 543159.4393191837, 434354.5374958523 542238.2390634777, 433430.57036387146 542239.0613073283, 433431.3965753344 543160.2629462169))",92
93,,"POLYGON ((405710.8195877043 542269.0737729466, 406634.83706868894 542267.9066653955, 406633.6801679763 541346.6567270572, 405709.6512339957 541347.8218711994, 405710.8195877043 542269.0737729466))",93
94,,"POLYGON ((406634.83706868894 542267.9066653955, 407558.85259011737 542266.7510549143, 407557.70714227797 541345.5030606438, 406633.6801679763 541346.6567270572, 406634.83706868894 542267.9066653955))",94
95,,"POLYGON ((407558.85259011737 542266.7510549143, 408482.8661713869 542265.6069413805, 408481.73217629915 541344.3608718367, 407557.70714227797 541345.5030606438, 407558.85259011737 542266.7510549143))",95
96,,"POLYGON ((408482.8661713869 542265.6069413805, 409406.877831899 542264.4743246727, 409405.75528944243 541343.2301605146, 408481.73217629915 541344.3608718367, 408482.8661713869 542265.6069413805))",96
97,,"POLYGON ((409406.877831899 542264.4743246727, 410330.8875910504 542263.3532046704, 410329.776501106 541342.1109265574, 409405.75528944243 541343.2301605146, 409406.877831899 542264.4743246727))",97
98,,"POLYGON ((410330.8875910504 542263.3532046704, 411254.8954682365 542262.2435812549, 411253.7958306863 541341.0031698466, 410329.776501106 541342.1109265574, 410330.8875910504 542263.3532046704))",98
99,,"POLYGON ((411254.8954682365 542262.2435812549, 412178.9014828609 542261.1454543081, 412177.81329758815 541339.9068902644, 411253.7958306863 541341.0031698466, 411254.8954682365 542262.2435812549))",99
100,,"POLYGON ((412178.9014828609 542261.1454543081, 413102.9056543184 542260.0588237139, 413101.8289212077 541338.8220876947, 412177.81329758815 541339.9068902644, 412178.9014828609 542261.1454543081))",100
101,,"POLYGON ((413102.9056543184 542260.0588237139, 414026.9080020067 542258.9836893565, 414025.84272094374 541337.7487620218, 413101.8289212077 541338.8220876947, 413102.9056543184 542260.0588237139))",101
102,,"POLYGON ((414026.9080020067 542258.9836893565, 414950.9085453218 542257.9200511222, 414949.85471619334 541336.6869131323, 414025.84272094374 541337.7487620218, 414026.9080020067 542258.9836893565))",102
103,,"POLYGON ((414950.9085453218 542257.9200511222, 415874.90730366344 542256.8679088977, 415873.8649263578 541335.6365409135, 414949.85471619334 541336.6869131323, 414950.9085453218 542257.9200511222))",103
104,,"POLYGON ((415874.90730366344 542256.8679088977, 416798.9042964273 542255.8272625718, 416797.87337083387 541334.5976452535, 415873.8649263578 541335.6365409135, 415874.90730366344 542256.8679088977))",104
105,,"POLYGON ((416798.9042964273 542255.8272625718, 417722.8995430089 542254.7981120336, 417721.88006901817 541333.5702260425, 416797.87337083387 541334.5976452535, 416798.9042964273 542255.8272625718))",105
106,,"POLYGON ((417722.8995430089 542254.7981120336, 418646.8930628075 542253.7804571742, 418645.8850403114 541332.5542831711, 417721.88006901817 541333.5702260425, 417722.8995430089 542254.7981120336))",106
107,,"POLYGON ((418646.8930628075 542253.7804571742, 419570.8848752182 542252.7742978856, 419569.8883041096 541331.5498165317, 418645.8850403114 541332.5542831711, 418646.8930628075 542253.7804571742))",107
108,,"POLYGON ((419570.8848752182 542252.7742978856, 420494.8749996373 542251.7796340608, 420493.8898798105 541330.5568260176, 419569.8883041096 541331.5498165317, 419570.8848752182 542252.7742978856))",108
109,,"POLYGON ((420494.8749996373 542251.7796340608, 421418.86345545796 542250.7964655943, 421417.88978680846 541329.5753115235, 420493.8898798105 541330.5568260176, 420494.8749996373 542251.7796340608))",109
110,,"POLYGON ((421418.86345545796 542250.7964655943, 422342.8502620819 542249.8247923818, 422341.88804450625 541328.605272945, 421417.88978680846 541329.5753115235, 421418.86345545796 542250.7964655943))",110
111,,"POLYGON ((422342.8502620819 542249.8247923818, 423266.83543890185 542248.8646143202, 423265.884672298 541327.6467101795, 422341.88804450625 541328.605272945, 422342.8502620819 542249.8247923818))",111
112,,"POLYGON ((423266.83543890185 542248.8646143202, 424190.81900531205 542247.9159313075, 424189.87968957913 541326.6996231249, 423265.884672298 541327.6467101795, 423266.83543890185 542248.8646143202))",112
113,,"POLYGON ((424190.81900531205 542247.9159313075, 425114.8009807108 542246.9787432431, 425113.873115749 541325.764011681, 424189.87968957913 541326.6996231249, 424190.81900531205 542247.9159313075))",113
114,,"POLYGON ((425114.8009807108 542246.9787432431, 426038.78138449177 542246.0530500276, 426037.8649702027 541324.8398757483, 425113.873115749 541325.764011681, 425114.8009807108 542246.9787432431))",114
115,,"POLYGON ((426038.78138449177 542246.0530500276, 426962.76023604866 542245.1388515626, 426961.85527233506 541323.9272152288, 426037.8649702027 541324.8398757483, 426038.78138449177 542246.0530500276))",115
116,,"POLYGON ((426962.76023604866 542245.1388515626, 427886.7375547793 542244.2361477514, 427885.8440415451 541323.0260300256, 426961.85527233506 541323.9272152288, 426962.76023604866 542245.1388515626))",116
117,51.126869201660156,"POLYGON ((427886.7375547793 542244.2361477514, 428810.71336007694 542243.3449384976, 428809.83129722736 541322.1363200429, 427885.8440415451 541323.0260300256, 427886.7375547793 542244.2361477514))",117
118,75.53966522216797,"POLYGON ((428810.71336007694 542243.3449384976, 429734.68767133617 542242.4652237073, 429733.81705877755 541321.2580851866, 428809.83129722736 541322.1363200429, 428810.71336007694 542243.3449384976))",118
119,137.3512420654297,"POLYGON ((429734.68767133617 542242.4652237073, 430658.66050795006 542241.5970032866, 430657.80134559004 541320.3913253634, 429733.81705877755 541321.2580851866, 429734.68767133617 542242.4652237073))",119
120,150.1219024658203,"POLYGON ((430658.66050795006 542241.5970032866, 431582.6318893143 542240.7402771438, 431581.78417706164 541319.5360404812, 430657.80134559004 541320.3913253634, 430658.66050795006 542241.5970032866))",120
121,94.48265838623047,"POLYGON ((431582.6318893143 542240.7402771438, 432506.60183482437 542239.8950451874, 432505.7655725892 541318.6922304493, 431581.78417706164 541319.5360404812, 431582.6318893143 542240.7402771438))",121
122,45.11848068237305,"POLYGON ((432506.60183482437 542239.8950451874, 433430.57036387146 542239.0613073283, 433429.74555156496 541317.8598951779, 432505.7655725892 541318.6922304493, 432506.60183482437 542239.8950451874))",122
123,,"POLYGON ((433430.57036387146 542239.0613073283, 434354.5374958523 542238.2390634777, 434353.7241333869 541317.0390345793, 433429.74555156496 541317.8598951779, 433430.57036387146 542239.0613073283))",123
124,,"POLYGON ((405709.6512339957 541347.8218711994, 406633.6801679763 541346.6567270572, 406632.52522977267 540425.40701265, 405708.48486222414 540426.5701932852, 405709.6512339957 541347.8218711994))",124
125,,"POLYGON ((406633.6801679763 541346.6567270572, 407557.70714227797 541345.5030606438, 407556.5636375195 540424.2552904015, 406632.52522977267 540425.40701265, 406633.6801679763 541346.6567270572))",125
126,,"POLYGON ((407557.70714227797 541345.5030606438, 408481.73217629915 541344.3608718367, 408480.60010486457 540423.1150264172, 407556.5636375195 540424.2552904015, 407557.70714227797 541345.5030606438))",126
127,,"POLYGON ((408481.73217629915 541344.3608718367, 409405.75528944243 541343.2301605146, 409404.63465121156 540421.9862205761, 408480.60010486457 540423.1150264172, 408481.73217629915 541344.3608718367))",127
128,,"POLYGON ((409405.75528944243 541343.2301605146, 410329.776501106 541342.1109265574, 410328.66729595984 540420.8688727586, 409404.63465121156 540421.9862205761, 409405.75528944243 541343.2301605146))",128
129,,"POLYGON ((410329.776501106 541342.1109265574, 411253.7958306863 541341.0031698466, 411252.6980585072 540419.7629828458, 410328.66729595984 540420.8688727586, 410329.776501106 541342.1109265574))",129
130,,"POLYGON ((411253.7958306863 541341.0031698466, 412177.81329758815 541339.9068902644, 412176.7269582596 540418.6685507204, 411252.6980585072 540419.7629828458, 411253.7958306863 541341.0031698466))",130
131,,"POLYGON ((412177.81329758815 541339.9068902644, 413101.8289212077 541338.8220876947, 413100.75401461433 540417.5855762664, 412176.7269582596 540418.6685507204, 412177.81329758815 541339.9068902644))",131
132,,"POLYGON ((413101.8289212077 541338.8220876947, 414025.84272094374 541337.7487620218, 414024.7792469715 540416.5140593685, 413100.75401461433 540417.5855762664, 413101.8289212077 541338.8220876947))",132
133,,"POLYGON ((414025.84272094374 541337.7487620218, 414949.85471619334 541336.6869131323, 414948.8026747293 540415.4539999135, 414024.7792469715 540416.5140593685, 414025.84272094374 541337.7487620218))",133
134,,"POLYGON ((414949.85471619334 541336.6869131323, 415873.8649263578 541335.6365409135, 415872.8243172904 540414.4053977885, 414948.8026747293 540415.4539999135, 414949.85471619334 541336.6869131323))",134
135,,"POLYGON ((415873.8649263578 541335.6365409135, 416797.87337083387 541334.5976452535, 416796.8441940526 540413.3682528822, 415872.8243172904 540414.4053977885, 415873.8649263578 541335.6365409135))",135
136,,"POLYGON ((416797.87337083387 541334.5976452535, 417721.88006901817 541333.5702260425, 417720.8623244138 540412.3425650846, 416796.8441940526 540413.3682528822, 416797.87337083387 541334.5976452535))",136
137,,"POLYGON ((417721.88006901817 541333.5702260425, 418645.8850403114 541332.5542831711, 418644.8787277758 540411.3283342869, 417720.8623244138 540412.3425650846, 417721.88006901817 541333.5702260425))",137
138,,"POLYGON ((418645.8850403114 541332.5542831711, 419569.8883041096 541331.5498165317, 419568.8934235362 540410.3255603814, 418644.8787277758 540411.3283342869, 418645.8850403114 541332.5542831711))",138
139,,"POLYGON ((419569.8883041096 541331.5498165317, 420493.8898798105 541330.5568260176, 420492.9064310936 540409.3342432616, 419568.8934235362 540410.3255603814, 419569.8883041096 541331.5498165317))",139
140,,"POLYGON ((420493.8898798105 541330.5568260176, 421417.88978680846 541329.5753115235, 421416.91776984365 540408.3543828225, 420492.9064310936 540409.3342432616, 420493.8898798105 541330.5568260176))",140
141,,"POLYGON ((421417.88978680846 541329.5753115235, 422341.88804450625 541328.605272945, 422340.92745919037 540407.3859789599, 421416.91776984365 540408.3543828225, 421417.88978680846 541329.5753115235))",141
142,,"POLYGON ((422341.88804450625 541328.605272945, 423265.884672298 541327.6467101795, 423264.9355185291 540406.429031571, 422340.92745919037 540407.3859789599, 422341.88804450625 541328.605272945))",142
143,,"POLYGON ((423265.884672298 541327.6467101795, 424189.87968957913 541326.6996231249, 424188.9419672565 540405.4835405544, 423264.9355185291 540406.429031571, 423265.884672298 541327.6467101795))",143
144,,"POLYGON ((424189.87968957913 541326.6996231249, 425113.873115749 541325.764011681, 425112.9468247731 540404.5495058096, 424188.9419672565 540405.4835405544, 424189.87968957913 541326.6996231249))",144
145,,"POLYGON ((425113.873115749 541325.764011681, 426037.8649702027 541324.8398757483, 426036.9501104752 540403.6269272375, 425112.9468247731 540404.5495058096, 425113.873115749 541325.764011681))",145
146,,"POLYGON ((426037.8649702027 541324.8398757483, 426961.85527233506 541323.9272152288, 426960.9518437589 540402.7158047402, 426036.9501104752 540403.6269272375, 426037.8649702027 541324.8398757483))",146
147,,"POLYGON ((426961.85527233506 541323.9272152288, 427885.8440415451 541323.0260300256, 427884.95204402437 540401.8161382211, 426960.9518437589 540402.7158047402, 426961.85527233506 541323.9272152288))",147
148,57.269676208496094,"POLYGON ((427885.8440415451 541323.0260300256, 428809.83129722736 541322.1363200429, 428808.95073066733 540400.9279275846, 427884.95204402437 540401.8161382211, 427885.8440415451 541323.0260300256))",148
149,87.68980407714844,"POLYGON ((428809.83129722736 541322.1363200429, 429733.81705877755 541321.2580851866, 429732.9479230849 540400.0511727362, 428808.95073066733 540400.9279275846, 428809.83129722736 541322.1363200429))",149
150,196.16339111328125,"POLYGON ((429733.81705877755 541321.2580851866, 430657.80134559004 541320.3913253634, 430656.9436406725 540399.1858735834, 429732.9479230849 540400.0511727362, 429733.81705877755 541321.2580851866))",150
151,182.46539306640625,"POLYGON ((430657.80134559004 541320.3913253634, 431581.78417706164 541319.5360404812, 431580.9379028281 540398.3320300338, 430656.9436406725 540399.1858735834, 430657.80134559004 541320.3913253634))",151
152,129.53277587890625,"POLYGON ((431581.78417706164 541319.5360404812, 432505.7655725892 541318.6922304493, 432504.9307289499 540397.4896419974, 431580.9379028281 540398.3320300338, 431581.78417706164 541319.5360404812))",152
153,62.391502380371094,"POLYGON ((432505.7655725892 541318.6922304493, 433429.74555156496 541317.8598951779, 433428.9221384313 540396.6587093842, 432504.9307289499 540397.4896419974, 432505.7655725892 541318.6922304493))",153
154,,"POLYGON ((433429.74555156496 541317.8598951779, 434353.7241333869 541317.0390345793, 434352.9121506715 540395.8392321062, 433428.9221384313 540396.6587093842, 433429.74555156496 541317.8598951779))",154
155,,"POLYGON ((405708.48486222414 540426.5701932852, 406632.52522977267 540425.40701265, 406631.37225410086 539504.1575217975, 405707.320472413 539505.3187388275, 405708.48486222414 540426.5701932852))",155
156,,"POLYGON ((406632.52522977267 540425.40701265, 407556.5636375195 540424.2552904015, 407555.4220758648 539503.0077438107, 406631.37225410086 539504.1575217975, 406632.52522977267 540425.40701265))",156
157,,"POLYGON ((407556.5636375195 540424.2552904015, 408480.60010486457 540423.1150264172, 408479.4699571057 539501.8694047453, 407555.4220758648 539503.0077438107, 407556.5636375195 540424.2552904015))",157
158,,"POLYGON ((408480.60010486457 540423.1150264172, 409404.63465121156 540421.9862205761, 409403.51591722865 539500.7425044804, 408479.4699571057 539501.8694047453, 408480.60010486457 540423.1150264172))",158
159,,"POLYGON ((409404.63465121156 540421.9862205761, 410328.66729595984 540420.8688727586, 410327.5599756341 539499.6270428963, 409403.51591722865 539500.7425044804, 409404.63465121156 540421.9862205761))",159
160,,"POLYGON ((410328.66729595984 540420.8688727586, 411252.6980585072 540419.7629828458, 411251.6021517211 539498.5230198747, 410327.5599756341 539499.6270428963, 410328.66729595984 540420.8688727586))",160
161,,"POLYGON ((411252.6980585072 540419.7629828458, 412176.7269582596 540418.6685507204, 412175.6424648968 539497.4304352984, 411251.6021517211 539498.5230198747, 411252.6980585072 540419.7629828458))",161
162,,"POLYGON ((412176.7269582596 540418.6685507204, 413100.75401461433 540417.5855762664, 413099.6809345597 539496.3492890513, 412175.6424648968 539497.4304352984, 412176.7269582596 540418.6685507204))",162
163,,"POLYGON ((413100.75401461433 540417.5855762664, 414024.7792469715 540416.5140593685, 414023.7175801112 539495.2795810187, 413099.6809345597 539496.3492890513, 413100.75401461433 540417.5855762664))",163
164,,"POLYGON ((414024.7792469715 540416.5140593685, 414948.8026747293 540415.4539999135, 414947.7524209507 539494.2213110873, 414023.7175801112 539495.2795810187, 414024.7792469715 540416.5140593685))",164
165,,"POLYGON ((414948.8026747293 540415.4539999135, 415872.8243172904 540414.4053977885, 415871.7854764819 539493.1744791444, 414947.7524209507 539494.2213110873, 414948.8026747293 540415.4539999135))",165
166,,"POLYGON ((415872.8243172904 540414.4053977885, 416796.8441940526 540413.3682528822, 416795.81676610396 539492.1390850793, 415871.7854764819 539493.1744791444, 415872.8243172904 540414.4053977885))",166
167,,"POLYGON ((416796.8441940526 540413.3682528822, 417720.8623244138 540412.3425650846, 417719.846309216 539491.1151287815, 416795.81676610396 539492.1390850793, 416796.8441940526 540413.3682528822))",167
168,,"POLYGON ((417720.8623244138 540412.3425650846, 418644.8787277758 540411.3283342869, 418643.87412522105 539490.1026101428, 417719.846309216 539491.1151287815, 417720.8623244138 540412.3425650846))",168
169,,"POLYGON ((418644.8787277758 540411.3283342869, 419568.8934235362 540410.3255603814, 419567.90023351775 539489.1015290556, 418643.87412522105 539490.1026101428, 418644.8787277758 540411.3283342869))",169
170,,"POLYGON ((419568.8934235362 540410.3255603814, 420492.9064310936 540409.3342432616, 420491.924653506 539488.1118854138, 419567.90023351775 539489.1015290556, 419568.8934235362 540410.3255603814))",170
171,,"POLYGON ((420492.9064310936 540409.3342432616, 421416.91776984365 540408.3543828225, 421415.94740458287 539487.1336791122, 420491.924653506 539488.1118854138, 420492.9064310936 540409.3342432616))",171
172,,"POLYGON ((421416.91776984365 540408.3543828225, 422340.92745919037 540407.3859789599, 422339.9685061533 539486.1669100468, 421415.94740458287 539487.1336791122, 421416.91776984365 540408.3543828225))",172
173,,"POLYGON ((422340.92745919037 540407.3859789599, 423264.9355185291 540406.429031571, 423263.98797761404 539485.2115781154, 422339.9685061533 539486.1669100468, 422340.92745919037 540407.3859789599))",173
174,,"POLYGON ((423264.9355185291 540406.429031571, 424188.9419672565 540405.4835405544, 424188.00583836285 539484.2676832161, 423263.98797761404 539485.2115781154, 423264.9355185291 540406.429031571))",174
175,,"POLYGON ((424188.9419672565 540405.4835405544, 425112.9468247731 540404.5495058096, 425112.02210780146 539483.3352252492, 424188.00583836285 539484.2676832161, 424188.9419672565 540405.4835405544))",175
176,,"POLYGON ((425112.9468247731 540404.5495058096, 426036.9501104752 540403.6269272375, 426036.0368053275 539482.4142041154, 425112.02210780146 539483.3352252492, 425112.9468247731 540404.5495058096))",176
177,,"POLYGON ((426036.9501104752 540403.6269272375, 426960.9518437589 540402.7158047402, 426960.0499503382 539481.504619717, 426036.0368053275 539482.4142041154, 426036.9501104752 540403.6269272375))",177
178,,"POLYGON ((426960.9518437589 540402.7158047402, 427884.95204402437 540401.8161382211, 427884.0615622349 539480.6064719578, 426960.0499503382 539481.504619717, 426960.9518437589 540402.7158047402))",178
179,83.06217956542969,"POLYGON ((427884.95204402437 540401.8161382211, 428808.95073066733 540400.9279275846, 428808.07166041463 539479.719760742, 427884.0615622349 539480.6064719578, 427884.95204402437 540401.8161382211))",179
180,152.496826171875,"POLYGON ((428808.95073066733 540400.9279275846, 429732.9479230849 540400.0511727362, 429732.0802642756 539478.8444859757, 428808.07166041463 539479.719760742, 428808.95073066733 540400.9279275846))",180
181,543.7706909179688,"POLYGON ((429732.9479230849 540400.0511727362, 430656.9436406725 540399.1858735834, 430656.08739321446 539477.980647566, 429732.0802642756 539478.8444859757, 429732.9479230849 540400.0511727362))",181
182,328.4759216308594,"POLYGON ((430656.9436406725 540399.1858735834, 431580.9379028281 540398.3320300338, 431580.0930666306 539477.1282454213, 430656.08739321446 539477.980647566, 430656.9436406725 540399.1858735834))",182
183,94.32890319824219,"POLYGON ((431580.9379028281 540398.3320300338, 432504.9307289499 540397.4896419974, 432504.09730392316 539476.287279451, 431580.0930666306 539477.1282454213, 431580.9379028281 540398.3320300338))",183
184,57.1409797668457,"POLYGON ((432504.9307289499 540397.4896419974, 433428.9221384313 540396.6587093842, 433428.1001244869 539475.4577495658, 432504.09730392316 539476.287279451, 432504.9307289499 540397.4896419974))",184
185,,"POLYGON ((433428.9221384313 540396.6587093842, 434352.9121506715 540395.8392321062, 434352.1015477222 539474.6396556778, 433428.1001244869 539475.4577495658, 433428.9221384313 540396.6587093842))",185
186,,"POLYGON ((405707.320472413 539505.3187388275, 406631.37225410086 539504.1575217975, 406630.22124098404 538582.9082541211, 405706.15806458535 538584.0675074484, 405707.320472413 539505.3187388275))",186
187,,"POLYGON ((406631.37225410086 539504.1575217975, 407555.4220758648 539503.0077438107, 407554.2824573366 538581.7604204931, 406630.22124098404 538582.9082541211, 406631.37225410086 539504.1575217975))",187
188,,"POLYGON ((407555.4220758648 539503.0077438107, 408479.4699571057 539501.8694047453, 408478.34173304524 538580.6240064425, 407554.2824573366 538581.7604204931, 407555.4220758648 539503.0077438107))",188
189,,"POLYGON ((408479.4699571057 539501.8694047453, 409403.51591722865 539500.7425044804, 409402.39908751607 538579.4990118486, 408478.34173304524 538580.6240064425, 408479.4699571057 539501.8694047453))",189
190,,"POLYGON ((409403.51591722865 539500.7425044804, 410327.5599756341 539499.6270428963, 410326.4545401508 538578.385436592, 409402.39908751607 538579.4990118486, 409403.51591722865 539500.7425044804))",190
191,,"POLYGON ((410327.5599756341 539499.6270428963, 411251.6021517211 539498.5230198747, 411250.5081103498 538577.2832805547, 410326.4545401508 538578.385436592, 410327.5599756341 539499.6270428963))",191
192,,"POLYGON ((411251.6021517211 539498.5230198747, 412175.6424648968 539497.4304352984, 412174.55981752137 538576.1925436193, 411250.5081103498 538577.2832805547, 411251.6021517211 539498.5230198747))",192
193,,"POLYGON ((412175.6424648968 539497.4304352984, 413099.6809345597 539496.3492890513, 413098.6096810653 538575.1132256702, 412174.55981752137 538576.1925436193, 412175.6424648968 539497.4304352984))",193
194,,"POLYGON ((413099.6809345597 539496.3492890513, 414023.7175801112 539495.2795810187, 414022.6577203841 538574.0453265931, 413098.6096810653 538575.1132256702, 413099.6809345597 539496.3492890513))",194
195,,"POLYGON ((414023.7175801112 539495.2795810187, 414947.7524209507 539494.2213110873, 414946.7039548783 538572.9888462743, 414022.6577203841 538574.0453265931, 414023.7175801112 539495.2795810187))",195
196,,"POLYGON ((414947.7524209507 539494.2213110873, 415871.7854764819 539493.1744791444, 415870.7484039529 538571.9437846019, 414946.7039548783 538572.9888462743, 414947.7524209507 539494.2213110873))",196
197,,"POLYGON ((415871.7854764819 539493.1744791444, 416795.81676610396 539492.1390850793, 416794.79108700843 538570.9101414648, 415870.7484039529 538571.9437846019, 415871.7854764819 539493.1744791444))",197
198,,"POLYGON ((416795.81676610396 539492.1390850793, 417719.846309216 539491.1151287815, 417718.83202344505 538569.8879167533, 416794.79108700843 538570.9101414648, 416795.81676610396 539492.1390850793))",198
199,,"POLYGON ((417719.846309216 539491.1151287815, 418643.87412522105 539490.1026101428, 418642.8712326669 538568.8771103589, 417718.83202344505 538569.8879167533, 417719.846309216 539491.1151287815))",199
200,,"POLYGON ((418643.87412522105 539490.1026101428, 419567.90023351775 539489.1015290556, 419566.90873407404 538567.8777221746, 418642.8712326669 538568.8771103589, 418643.87412522105 539490.1026101428))",200
201,,"POLYGON ((419567.90023351775 539489.1015290556, 420491.924653506 539488.1118854138, 420490.9445470676 538566.8897520938, 419566.90873407404 538567.8777221746, 419567.90023351775 539489.1015290556))",201
202,,"POLYGON ((420491.924653506 539488.1118854138, 421415.94740458287 539487.1336791122, 421414.9786910455 538565.9132000121, 420490.9445470676 538566.8897520938, 420491.924653506 539488.1118854138))",202
203,,"POLYGON ((421415.94740458287 539487.1336791122, 422339.9685061533 539486.1669100468, 422339.0111854143 538564.9480658254, 421414.9786910455 538565.9132000121, 421415.94740458287 539487.1336791122))",203
204,,"POLYGON ((422339.9685061533 539486.1669100468, 423263.98797761404 539485.2115781154, 423263.04204957176 538563.9943494316, 422339.0111854143 538564.9480658254, 422339.9685061533 539486.1669100468))",204
205,,"POLYGON ((423263.98797761404 539485.2115781154, 424188.00583836285 539484.2676832161, 424187.0713029168 538563.0520507294, 423263.04204957176 538563.9943494316, 423263.98797761404 539485.2115781154))",205
206,,"POLYGON ((424188.00583836285 539484.2676832161, 425112.02210780146 539483.3352252492, 425111.0989648526 538562.1211696189, 424187.0713029168 538563.0520507294, 424188.00583836285 539484.2676832161))",206
207,,"POLYGON ((425112.02210780146 539483.3352252492, 426036.0368053275 539482.4142041154, 426035.1250547777 538561.201706001, 425111.0989648526 538562.1211696189, 425112.02210780146 539483.3352252492))",207
208,,"POLYGON ((426036.0368053275 539482.4142041154, 426960.0499503382 539481.504619717, 426959.1495920908 538560.2936597783, 426035.1250547777 538561.201706001, 426036.0368053275 539482.4142041154))",208
209,,"POLYGON ((426960.0499503382 539481.504619717, 427884.0615622349 539480.6064719578, 427883.1725961943 538559.3970308545, 426959.1495920908 538560.2936597783, 426960.0499503382 539481.504619717))",209
210,146.38729858398438,"POLYGON ((427884.0615622349 539480.6064719578, 428808.07166041463 539479.719760742, 428807.1940864865 538558.5118191342, 427883.1725961943 538559.3970308545, 427884.0615622349 539480.6064719578))",210
211,329.1581726074219,"POLYGON ((428808.07166041463 539479.719760742, 429732.0802642756 539478.8444859757, 429731.2140823668 538557.6380245235, 428807.1940864865 538558.5118191342, 428808.07166041463 539479.719760742))",211
212,1226.48291015625,"POLYGON ((429732.0802642756 539478.8444859757, 430656.08739321446 539477.980647566, 430655.2326032331 538556.7756469297, 429731.2140823668 538557.6380245235, 429732.0802642756 539478.8444859757))",212
213,900.8917846679688,"POLYGON ((430656.08739321446 539477.980647566, 431580.0930666306 539477.1282454213, 431579.24966848583 538555.9246862615, 430655.2326032331 538556.7756469297, 430656.08739321446 539477.980647566))",213
214,262.5763244628906,"POLYGON ((431580.0930666306 539477.1282454213, 432504.09730392316 539476.287279451, 432503.26529752556 538555.0851424282, 431579.24966848583 538555.9246862615, 431580.0930666306 539477.1282454213))",214
215,92.59178161621094,"POLYGON ((432504.09730392316 539476.287279451, 433428.1001244869 539475.4577495658, 433427.27950974816 538554.2570153408, 432503.26529752556 538555.0851424282, 432504.09730392316 539476.287279451))",215
216,,"POLYGON ((433428.1001244869 539475.4577495658, 434352.1015477222 539474.6396556778, 434351.2923245552 538553.4403049117, 433427.27950974816 538554.2570153408, 433428.1001244869 539475.4577495658))",216
217,,"POLYGON ((405706.15806458535 538584.0675074484, 406630.22124098404 538582.9082541211, 406629.0721904451 537661.659209244, 405704.99763876444 537662.8164987708, 405706.15806458535 538584.0675074484))",217
218,,"POLYGON ((406630.22124098404 538582.9082541211, 407554.2824573366 538581.7604204931, 407553.1447819576 537660.5133200714, 406629.0721904451 537661.659209244, 406630.22124098404 538582.9082541211))",218
219,,"POLYGON ((407554.2824573366 538581.7604204931, 408478.34173304524 538580.6240064425, 408477.2154327054 537659.3788311312, 407553.1447819576 537660.5133200714, 407554.2824573366 538581.7604204931))",219
220,,"POLYGON ((408478.34173304524 538580.6240064425, 409402.39908751607 538579.4990118486, 409401.2841620959 537658.2557423031, 408477.2154327054 537659.3788311312, 408478.34173304524 538580.6240064425))",220
221,,"POLYGON ((409402.39908751607 538579.4990118486, 410326.4545401508 538578.385436592, 410325.350989532 537657.1440534679, 409401.2841620959 537658.2557423031, 409402.39908751607 538579.4990118486))",221
222,,"POLYGON ((410326.4545401508 538578.385436592, 411250.5081103498 538577.2832805547, 411249.4159344152 537656.0437645074, 410325.350989532 537657.1440534679, 410326.4545401508 538578.385436592))",222
223,,"POLYGON ((411250.5081103498 538577.2832805547, 412174.55981752137 538576.1925436193, 412173.479016155 537654.954875305, 411249.4159344152 537656.0437645074, 411250.5081103498 538577.2832805547))",223
224,,"POLYGON ((412174.55981752137 538576.1925436193, 413098.6096810653 538575.1132256702, 413097.54025415244 537653.8773857449, 412173.479016155 537654.954875305, 412174.55981752137 538576.1925436193))",224
225,,"POLYGON ((413098.6096810653 538575.1132256702, 414022.6577203841 538574.0453265931, 414021.5996678111 537652.8112957131, 413097.54025415244 537653.8773857449, 413098.6096810653 538575.1132256702))",225
226,,"POLYGON ((414022.6577203841 538574.0453265931, 414946.7039548783 538572.9888462743, 414945.6572765331 537651.756605096, 414021.5996678111 537652.8112957131, 414022.6577203841 538574.0453265931))",226
227,,"POLYGON ((414946.7039548783 538572.9888462743, 415870.7484039529 538571.9437846019, 415869.7130997243 537650.7133137819, 414945.6572765331 537651.756605096, 414946.7039548783 538572.9888462743))",227
228,,"POLYGON ((415870.7484039529 538571.9437846019, 416794.79108700843 538570.9101414648, 416793.7671567865 537649.6814216601, 415869.7130997243 537650.7133137819, 415870.7484039529 538571.9437846019))",228
229,,"POLYGON ((416794.79108700843 538570.9101414648, 417718.83202344505 538569.8879167533, 417717.81946712104 537648.6609286207, 416793.7671567865 537649.6814216601, 416794.79108700843 538570.9101414648))",229
230,,"POLYGON ((417718.83202344505 538569.8879167533, 418642.8712326669 538568.8771103589, 418641.87005013344 537647.651834556, 417717.81946712104 537648.6609286207, 417718.83202344505 538569.8879167533))",230
231,,"POLYGON ((418642.8712326669 538568.8771103589, 419566.90873407404 538567.8777221746, 419565.9189252248 537646.6541393582, 418641.87005013344 537647.651834556, 418642.8712326669 538568.8771103589))",231
232,,"POLYGON ((419566.90873407404 538567.8777221746, 420490.9445470676 538566.8897520938, 420489.9661117975 537645.6678429219, 419565.9189252248 537646.6541393582, 419566.90873407404 538567.8777221746))",232
233,,"POLYGON ((420490.9445470676 538566.8897520938, 421414.9786910455 538565.9132000121, 421414.0116292508 537644.6929451423, 420489.9661117975 537645.6678429219, 420490.9445470676 538566.8897520938))",233
234,,"POLYGON ((421414.9786910455 538565.9132000121, 422339.0111854143 538564.9480658254, 422338.05549699225 537643.7294459158, 421414.0116292508 537644.6929451423, 421414.9786910455 538565.9132000121))",234
235,,"POLYGON ((422339.0111854143 538564.9480658254, 423263.04204957176 538563.9943494316, 423262.09773442097 537642.7773451401, 422338.05549699225 537643.7294459158, 422339.0111854143 538564.9480658254))",235
236,,"POLYGON ((423263.04204957176 538563.9943494316, 424187.0713029168 538563.0520507294, 424186.138360937 537641.8366427141, 423262.09773442097 537642.7773451401, 423263.04204957176 538563.9943494316))",236
237,137.12782287597656,"POLYGON ((424187.0713029168 538563.0520507294, 425111.0989648526 538562.1211696189, 425110.1773959448 537640.9073385383, 424186.138360937 537641.8366427141, 424187.0713029168 538563.0520507294))",237
238,166.54312133789062,"POLYGON ((425111.0989648526 538562.1211696189, 426035.1250547777 538561.201706001, 426034.2148588441 537639.9894325138, 425110.1773959448 537640.9073385383, 425111.0989648526 538562.1211696189))",238
239,290.6360778808594,"POLYGON ((426035.1250547777 538561.201706001, 426959.1495920908 538560.2936597783, 426958.2507690347 537639.0829245432, 426034.2148588441 537639.9894325138, 426035.1250547777 538561.201706001))",239
240,256.5908508300781,"POLYGON ((426959.1495920908 538560.2936597783, 427883.1725961943 538559.3970308545, 427882.28514592035 537638.1878145303, 426958.2507690347 537639.0829245432, 426959.1495920908 538560.2936597783))",240
241,220.1841278076172,"POLYGON ((427883.1725961943 538559.3970308545, 428807.1940864865 538558.5118191342, 428806.31800890056 537637.3041023801, 427882.28514592035 537638.1878145303, 427883.1725961943 538559.3970308545))",241
242,251.1297149658203,"POLYGON ((428807.1940864865 538558.5118191342, 429731.2140823668 538557.6380245235, 429730.3493773758 537636.4317879986, 428806.31800890056 537637.3041023801, 428807.1940864865 538558.5118191342))",242
243,1155.348388671875,"POLYGON ((429731.2140823668 538557.6380245235, 430655.2326032331 538556.7756469297, 430654.37927074527 537635.5708712934, 429730.3493773758 537636.4317879986, 429731.2140823668 538557.6380245235))",243
244,1512.1239013671875,"POLYGON ((430655.2326032331 538556.7756469297, 431579.24966848583 538555.9246862615, 431578.40770841064 537634.7213521732, 430654.37927074527 537635.5708712934, 430655.2326032331 538556.7756469297))",244
245,639.7923583984375,"POLYGON ((431579.24966848583 538555.9246862615, 432503.26529752556 538555.0851424282, 432502.43470977363 537633.8832305479, 431578.40770841064 537634.7213521732, 431579.24966848583 538555.9246862615))",245
246,122.09774780273438,"POLYGON ((432503.26529752556 538555.0851424282, 433427.27950974816 538554.2570153408, 433426.46029423136 537633.0565063282, 432502.43470977363 537633.8832305479, 432503.26529752556 538555.0851424282))",246
247,,"POLYGON ((433427.27950974816 538554.2570153408, 434351.2923245552 538553.4403049117, 434350.4844811865 537632.2411794264, 433426.46029423136 537633.0565063282, 433427.27950974816 538554.2570153408))",247
248,,"POLYGON ((405704.99763876444 537662.8164987708, 406629.0721904451 537661.659209244, 406627.9251025068 536740.4103867885, 405703.8391949733 536741.5657124174, 405704.99763876444 537662.8164987708))",248
249,,"POLYGON ((406629.0721904451 537661.659209244, 407553.1447819576 537660.5133200714, 407552.00904975046 536739.2664421677, 406627.9251025068 536740.4103867885, 406629.0721904451 537661.659209244))",249
250,,"POLYGON ((407553.1447819576 537660.5133200714, 408477.2154327054 537659.3788311312, 408476.0910561088 536738.1338784336, 407552.00904975046 536739.2664421677, 407553.1447819576 537660.5133200714))",250
251,,"POLYGON ((408477.2154327054 537659.3788311312, 409401.2841620959 537658.2557423031, 409400.1711409905 536737.0126954658, 408476.0910561088 536738.1338784336, 408477.2154327054 537659.3788311312))",251
252,,"POLYGON ((409401.2841620959 537658.2557423031, 410325.350989532 537657.1440534679, 410324.2493237997 536735.9028931455, 409400.1711409905 536737.0126954658, 409401.2841620959 537658.2557423031))",252
253,,"POLYGON ((410325.350989532 537657.1440534679, 411249.4159344152 537656.0437645074, 411248.32562393893 536734.8044713547, 410324.2493237997 536735.9028931455, 410325.350989532 537657.1440534679))",253
254,,"POLYGON ((411249.4159344152 537656.0437645074, 412173.479016155 537654.954875305, 412172.40006081905 536733.7174299769, 411248.32562393893 536734.8044713547, 411249.4159344152 537656.0437645074))",254
255,,"POLYGON ((412173.479016155 537654.954875305, 413097.54025415244 537653.8773857449, 413096.4726538423 536732.6417688966, 412172.40006081905 536733.7174299769, 412173.479016155 537654.954875305))",255
256,,"POLYGON ((413097.54025415244 537653.8773857449, 414021.5996678111 537652.8112957131, 414020.5434224135 536731.5774879998, 413096.4726538423 536732.6417688966, 413097.54025415244 537653.8773857449))",256
257,,"POLYGON ((414021.5996678111 537652.8112957131, 414945.6572765331 537651.756605096, 414944.61238593585 536730.5245871732, 414020.5434224135 536731.5774879998, 414021.5996678111 537652.8112957131))",257
258,,"POLYGON ((414945.6572765331 537651.756605096, 415869.7130997243 537650.7133137819, 415868.6795638165 536729.4830663054, 414944.61238593585 536730.5245871732, 414945.6572765331 537651.756605096))",258
259,,"POLYGON ((415869.7130997243 537650.7133137819, 416793.7671567865 537649.6814216601, 416792.7449754584 536728.4529252856, 415868.6795638165 536729.4830663054, 415869.7130997243 537650.7133137819))",259
260,,"POLYGON ((416793.7671567865 537649.6814216601, 417717.81946712104 537648.6609286207, 417716.8086402642 536727.4341640046, 416792.7449754584 536728.4529252856, 416793.7671567865 537649.6814216601))",260
261,,"POLYGON ((417717.81946712104 537648.6609286207, 418641.87005013344 537647.651834556, 418640.8705776406 536726.4267823541, 417716.8086402642 536727.4341640046, 417717.81946712104 537648.6609286207))",261
262,,"POLYGON ((418641.87005013344 537647.651834556, 419565.9189252248 537646.6541393582, 419564.93080698984 536725.4307802273, 418640.8705776406 536726.4267823541, 418641.87005013344 537647.651834556))",262
263,,"POLYGON ((419565.9189252248 537646.6541393582, 420489.9661117975 537645.6678429219, 420488.9893477155 536724.4461575184, 419564.93080698984 536725.4307802273, 419565.9189252248 537646.6541393582))",263
264,,"POLYGON ((420489.9661117975 537645.6678429219, 421414.0116292508 537644.6929451423, 421413.046219218 536723.472914123, 420488.9893477155 536724.4461575184, 420489.9661117975 537645.6678429219))",264
265,,"POLYGON ((421414.0116292508 537644.6929451423, 422338.05549699225 537643.7294459158, 422337.1014409063 536722.5110499376, 421413.046219218 536723.472914123, 421414.0116292508 537644.6929451423))",265
266,,"POLYGON ((422338.05549699225 537643.7294459158, 423262.09773442097 537642.7773451401, 423261.15503218054 536721.5605648601, 422337.1014409063 536722.5110499376, 422338.05549699225 537643.7294459158))",266
267,199.2837371826172,"POLYGON ((423262.09773442097 537642.7773451401, 424186.138360937 537641.8366427141, 424185.20701244206 536720.62145879, 423261.15503218054 536721.5605648601, 423262.09773442097 537642.7773451401))",267
268,241.8209991455078,"POLYGON ((424186.138360937 537641.8366427141, 425110.1773959448 537640.9073385383, 425109.2574010964 536719.6937316271, 424185.20701244206 536720.62145879, 424186.138360937 537641.8366427141))",268
269,404.0635681152344,"POLYGON ((425110.1773959448 537640.9073385383, 426034.2148588441 537639.9894325138, 426033.30621754477 536718.7773832732, 425109.2574010964 536719.6937316271, 425110.1773959448 537640.9073385383))",269
270,1319.611328125,"POLYGON ((426034.2148588441 537639.9894325138, 426958.2507690347 537639.0829245432, 426957.35348118783 536717.872413631, 426033.30621754477 536718.7773832732, 426034.2148588441 537639.9894325138))",270
271,1081.800537109375,"POLYGON ((426958.2507690347 537639.0829245432, 427882.28514592035 537638.1878145303, 427881.3992114308 536716.9788226044, 426957.35348118783 536717.872413631, 426958.2507690347 537639.0829245432))",271
272,283.2555236816406,"POLYGON ((427882.28514592035 537638.1878145303, 428806.31800890056 537637.3041023801, 428805.4434276742 536716.0966100986, 427881.3992114308 536716.9788226044, 427882.28514592035 537638.1878145303))",272
273,220.94827270507812,"POLYGON ((428806.31800890056 537637.3041023801, 429730.3493773758 537636.4317879986, 429729.48614931986 536715.22577602, 428805.4434276742 536716.0966100986, 428806.31800890056 537637.3041023801))",273
274,387.3072509765625,"POLYGON ((429730.3493773758 537636.4317879986, 430654.37927074527 537635.5708712934, 430653.5273957681 536714.3663202759, 429729.48614931986 536715.22577602, 429730.3493773758 537636.4317879986))",274
275,759.0494995117188,"POLYGON ((430654.37927074527 537635.5708712934, 431578.40770841064 537634.7213521732, 431577.56718642183 536713.5182427753, 430653.5273957681 536714.3663202759, 430654.37927074527 537635.5708712934))",275
276,426.5523986816406,"POLYGON ((431578.40770841064 537634.7213521732, 432502.43470977363 537633.8832305479, 432501.60554068396 536712.6815434282, 431577.56718642183 536713.5182427753, 431578.40770841064 537634.7213521732))",276
277,144.6984405517578,"POLYGON ((432502.43470977363 537633.8832305479, 433426.46029423136 537633.0565063282, 433425.64247795276 536711.8562221457, 432501.60554068396 536712.6815434282, 432502.43470977363 537633.8832305479))",277
278,,"POLYGON ((433426.46029423136 537633.0565063282, 434350.4844811865 537632.2411794264, 434349.6780176323 536711.0422788404, 433425.64247795276 536711.8562221457, 433426.46029423136 537633.0565063282))",278
279,,"POLYGON ((405703.8391949733 536741.5657124174, 406627.9251025068 536740.4103867885, 406626.7799771922 535819.1617863771, 405702.68273323507 535820.3151480106, 405703.8391949733 536741.5657124174))",279
280,,"POLYGON ((406627.9251025068 536740.4103867885, 407552.00904975046 536739.2664421677, 407550.8752607378 535818.0197864047, 406626.7799771922 535819.1617863771, 406627.9251025068 536740.4103867885))",280
281,,"POLYGON ((407552.00904975046 536739.2664421677, 408476.0910561088 536738.1338784336, 408474.9686032778 535816.889147972, 407550.8752607378 535818.0197864047, 407552.00904975046 536739.2664421677))",281
282,,"POLYGON ((408476.0910561088 536738.1338784336, 409400.1711409905 536737.0126954658, 409399.06002422195 535815.769870959, 408474.9686032778 535816.889147972, 408476.0910561088 536738.1338784336))",282
283,,"POLYGON ((409400.1711409905 536737.0126954658, 410324.2493237997 536735.9028931455, 410323.1495429757 535814.661955247, 409399.06002422195 535815.769870959, 409400.1711409905 536737.0126954658))",283
284,,"POLYGON ((410324.2493237997 536735.9028931455, 411248.32562393893 536734.8044713547, 411247.2371789427 535813.5654007185, 410323.1495429757 535814.661955247, 410324.2493237997 536735.9028931455))",284
285,,"POLYGON ((411248.32562393893 536734.8044713547, 412172.40006081905 536733.7174299769, 412171.3229515351 535812.4802072567, 411247.2371789427 535813.5654007185, 411248.32562393893 536734.8044713547))",285
286,,"POLYGON ((412172.40006081905 536733.7174299769, 413096.4726538423 536732.6417688966, 413095.4068801563 535811.4063747468, 412171.3229515351 535812.4802072567, 412172.40006081905 536733.7174299769))",286
287,,"POLYGON ((413096.4726538423 536732.6417688966, 414020.5434224135 536731.5774879998, 414019.4889842122 535810.3439030746, 413095.4068801563 535811.4063747468, 413096.4726538423 536732.6417688966))",287
288,,"POLYGON ((414020.5434224135 536731.5774879998, 414944.61238593585 536730.5245871732, 414943.56928310735 535809.2927921275, 414019.4889842122 535810.3439030746, 414020.5434224135 536731.5774879998))",288
289,,"POLYGON ((414944.61238593585 536730.5245871732, 415868.6795638165 536729.4830663054, 415867.6477962502 535808.2530417935, 414943.56928310735 535809.2927921275, 414944.61238593585 536730.5245871732))",289
290,,"POLYGON ((415868.6795638165 536729.4830663054, 416792.7449754584 536728.4529252856, 416791.7245430447 535807.2246519625, 415867.6477962502 535808.2530417935, 415868.6795638165 536729.4830663054))",290
291,,"POLYGON ((416792.7449754584 536728.4529252856, 417716.8086402642 536727.4341640046, 417715.7995428947 535806.2076225256, 416791.7245430447 535807.2246519625, 416792.7449754584 536728.4529252856))",291
292,,"POLYGON ((417716.8086402642 536727.4341640046, 418640.8705776406 536726.4267823541, 418639.8728152082 535805.2019533743, 417715.7995428947 535806.2076225256, 417716.8086402642 536727.4341640046))",292
293,,"POLYGON ((418640.8705776406 536726.4267823541, 419564.93080698984 536725.4307802273, 419563.9443793887 535804.2076444023, 418639.8728152082 535805.2019533743, 418640.8705776406 536726.4267823541))",293
294,,"POLYGON ((419564.93080698984 536725.4307802273, 420488.9893477155 536724.4461575184, 420488.01425484085 535803.2246955037, 419563.9443793887 535804.2076444023, 419564.93080698984 536725.4307802273))",294
295,,"POLYGON ((420488.9893477155 536724.4461575184, 421413.046219218 536723.472914123, 421412.0824609664 535802.2531065745, 420488.01425484085 535803.2246955037, 420488.9893477155 536724.4461575184))",295
296,,"POLYGON ((421413.046219218 536723.472914123, 422337.1014409063 536722.5110499376, 422336.1490171754 535801.2928775112, 421412.0824609664 535802.2531065745, 421413.046219218 536723.472914123))",296
297,218.6493682861328,"POLYGON ((422337.1014409063 536722.5110499376, 423261.15503218054 536721.5605648601, 423260.2139428692 535800.3440082122, 422336.1490171754 535801.2928775112, 422337.1014409063 536722.5110499376))",297
298,276.0867004394531,"POLYGON ((423261.15503218054 536721.5605648601, 424185.20701244206 536720.62145879, 424184.2772574505 535799.4064985766, 423260.2139428692 535800.3440082122, 423261.15503218054 536721.5605648601))",298
299,396.8918151855469,"POLYGON ((424185.20701244206 536720.62145879, 425109.2574010964 536719.6937316271, 425108.33898032585 535798.4803485048, 424184.2772574505 535799.4064985766, 424185.20701244206 536720.62145879))",299
300,1071.9765625,"POLYGON ((425109.2574010964 536719.6937316271, 426033.30621754477 536718.7773832732, 426032.3991308977 535797.5655578988, 425108.33898032585 535798.4803485048, 425109.2574010964 536719.6937316271))",300
301,1862.2818603515625,"POLYGON ((426033.30621754477 536718.7773832732, 426957.35348118783 536717.872413631, 426956.45772856806 535796.6621266613, 426032.3991308977 535797.5655578988, 426033.30621754477 536718.7773832732))",301
302,1762.9195556640625,"POLYGON ((426957.35348118783 536717.872413631, 427881.3992114308 536716.9788226044, 427880.51479274314 535795.7700546962, 426956.45772856806 535796.6621266613, 426957.35348118783 536717.872413631))",302
303,433.42230224609375,"POLYGON ((427881.3992114308 536716.9788226044, 428805.4434276742 536716.0966100986, 428804.5703428248 535794.8893419092, 427880.51479274314 535795.7700546962, 427881.3992114308 536716.9788226044))",303
304,228.21615600585938,"POLYGON ((428805.4434276742 536716.0966100986, 429729.48614931986 536715.22577602, 429728.6243982161 535794.0199882063, 428804.5703428248 535794.8893419092, 428805.4434276742 536716.0966100986))",304
305,149.65745544433594,"POLYGON ((429729.48614931986 536715.22577602, 430653.5273957681 536714.3663202759, 430652.6769783184 535793.1619934959, 429728.6243982161 535794.0199882063, 429729.48614931986 536715.22577602))",305
306,133.2692108154297,"POLYGON ((430653.5273957681 536714.3663202759, 431577.56718642183 536713.5182427753, 431576.72810253606 535792.3153576864, 430652.6769783184 535793.1619934959, 430653.5273957681 536714.3663202759))",306
307,105.55703735351562,"POLYGON ((431577.56718642183 536713.5182427753, 432501.60554068396 536712.6815434282, 432500.77779027296 535791.480080688, 431576.72810253606 535792.3153576864, 431577.56718642183 536713.5182427753))",307
308,60.65940856933594,"POLYGON ((432501.60554068396 536712.6815434282, 433425.64247795276 536711.8562221457, 433424.82606092875 535790.6561624124, 432500.77779027296 535791.480080688, 432501.60554068396 536712.6815434282))",308
309,,"POLYGON ((433425.64247795276 536711.8562221457, 434349.6780176323 536711.0422788404, 434348.87293390854 535789.8436027718, 433424.82606092875 535790.6561624124, 433425.64247795276 536711.8562221457))",309
310,,"POLYGON ((405702.68273323507 535820.3151480106, 406626.7799771922 535819.1617863771, 406625.6368145239 534897.913407632, 405701.5282535727 534899.0648051731, 405702.68273323507 535820.3151480106))",310
311,,"POLYGON ((406626.7799771922 535819.1617863771, 407550.8752607378 535818.0197864047, 407549.7434149422 534896.773352404, 406625.6368145239 534897.913407632, 406626.7799771922 535819.1617863771))",311
312,,"POLYGON ((407550.8752607378 535818.0197864047, 408474.9686032778 535816.889147972, 408473.84807423473 534895.6446393678, 407549.7434149422 534896.773352404, 407550.8752607378 535818.0197864047))",312
313,,"POLYGON ((408474.9686032778 535816.889147972, 409399.06002422195 535815.769870959, 409397.9508118124 534894.527268404, 408473.84807423473 534895.6446393678, 408474.9686032778 535816.889147972))",313
314,,"POLYGON ((409399.06002422195 535815.769870959, 410323.1495429757 535814.661955247, 410322.051647082 534893.4212393938, 409397.9508118124 534894.527268404, 409399.06002422195 535815.769870959))",314
315,,"POLYGON ((410323.1495429757 535814.661955247, 411247.2371789427 535813.5654007185, 411246.1505994483 534892.3265522197, 410322.051647082 534893.4212393938, 410323.1495429757 535814.661955247))",315
316,,"POLYGON ((411247.2371789427 535813.5654007185, 412171.3229515351 535812.4802072567, 412170.2476883246 534891.2432067655, 411246.1505994483 534892.3265522197, 411247.2371789427 535813.5654007185))",316
317,,"POLYGON ((412171.3229515351 535812.4802072567, 413095.4068801563 535811.4063747468, 413094.34293311555 534890.1712029163, 412170.2476883246 534891.2432067655, 412171.3229515351 535812.4802072567))",317
318,,"POLYGON ((413095.4068801563 535811.4063747468, 414019.4889842122 535810.3439030746, 414018.4363532283 534889.1105405582, 413094.34293311555 534890.1712029163, 413095.4068801563 535811.4063747468))",318
319,,"POLYGON ((414019.4889842122 535810.3439030746, 414943.56928310735 535809.2927921275, 414942.5279680685 534888.0612195788, 414018.4363532283 534889.1105405582, 414019.4889842122 535810.3439030746))",319
320,,"POLYGON ((414943.56928310735 535809.2927921275, 415867.6477962502 535808.2530417935, 415866.61779704585 534887.0232398665, 414942.5279680685 534888.0612195788, 414943.56928310735 535809.2927921275))",320
321,,"POLYGON ((415867.6477962502 535808.2530417935, 416791.7245430447 535807.2246519625, 416790.7058595655 534885.9966013111, 415866.61779704585 534887.0232398665, 415867.6477962502 535808.2530417935))",321
322,,"POLYGON ((416791.7245430447 535807.2246519625, 417715.7995428947 535806.2076225256, 417714.7921750326 534884.9813038036, 416790.7058595655 534885.9966013111, 416791.7245430447 535807.2246519625))",322
323,,"POLYGON ((417715.7995428947 535806.2076225256, 418639.8728152082 535805.2019533743, 418638.8767628562 534883.9773472366, 417714.7921750326 534884.9813038036, 417715.7995428947 535806.2076225256))",323
324,,"POLYGON ((418639.8728152082 535805.2019533743, 419563.9443793887 535804.2076444023, 419562.95964244107 534882.9847315028, 418638.8767628562 534883.9773472366, 418639.8728152082 535805.2019533743))",324
325,179.0045166015625,"POLYGON ((419563.9443793887 535804.2076444023, 420488.01425484085 535803.2246955037, 420487.04083319305 534882.0034564976, 419562.95964244107 534882.9847315028, 419563.9443793887 535804.2076444023))",325
326,235.79925537109375,"POLYGON ((420488.01425484085 535803.2246955037, 421412.0824609664 535802.2531065745, 421411.12035451515 534881.0335221163, 420487.04083319305 534882.0034564976, 420488.01425484085 535803.2246955037))",326
327,251.2449493408203,"POLYGON ((421412.0824609664 535802.2531065745, 422336.1490171754 535801.2928775112, 422335.19822581846 534880.0749282561, 421411.12035451515 534881.0335221163, 421412.0824609664 535802.2531065745))",327
328,302.57012939453125,"POLYGON ((422336.1490171754 535801.2928775112, 423260.2139428692 535800.3440082122, 423259.27446650574 534879.1276748154, 422335.19822581846 534880.0749282561, 422336.1490171754 535801.2928775112))",328
329,583.4570922851562,"POLYGON ((423260.2139428692 535800.3440082122, 424184.2772574505 535799.4064985766, 424183.34909598075 534878.1917616932, 423259.27446650574 534879.1276748154, 423260.2139428692 535800.3440082122))",329
330,1308.9027099609375,"POLYGON ((424184.2772574505 535799.4064985766, 425108.33898032585 535798.4803485048, 425107.42213365133 534877.2671887906, 424183.34909598075 534878.1917616932, 424184.2772574505 535799.4064985766))",330
331,2211.60791015625,"POLYGON ((425108.33898032585 535798.4803485048, 426032.3991308977 535797.5655578988, 426031.493598921 534876.3539560094, 425107.42213365133 534877.2671887906, 425108.33898032585 535798.4803485048))",331
332,2418.48046875,"POLYGON ((426032.3991308977 535797.5655578988, 426956.45772856806 535796.6621266613, 426955.56351119315 534875.4520632526, 426031.493598921 534876.3539560094, 426032.3991308977 535797.5655578988))",332
333,1474.784912109375,"POLYGON ((426956.45772856806 535796.6621266613, 427880.51479274314 535795.7700546962, 427879.63188987505 534874.5615104244, 426955.56351119315 534875.4520632526, 426956.45772856806 535796.6621266613))",333
334,287.33984375,"POLYGON ((427880.51479274314 535795.7700546962, 428804.5703428248 535794.8893419092, 428803.6987543698 534873.6822974301, 427879.63188987505 534874.5615104244, 427880.51479274314 535795.7700546962))",334
335,,"POLYGON ((428804.5703428248 535794.8893419092, 429728.6243982161 535794.0199882063, 429727.76412408164 534872.8144241767, 428803.6987543698 534873.6822974301, 428804.5703428248 535794.8893419092))",335
336,,"POLYGON ((429728.6243982161 535794.0199882063, 430652.6769783184 535793.1619934959, 430651.8280184133 534871.9578905718, 429727.76412408164 534872.8144241767, 429728.6243982161 535794.0199882063))",336
337,,"POLYGON ((430652.6769783184 535793.1619934959, 431576.72810253606 535792.3153576864, 431575.8904567701 534871.1126965247, 430651.8280184133 534871.9578905718, 430652.6769783184 535793.1619934959))",337
338,,"POLYGON ((431576.72810253606 535792.3153576864, 432500.77779027296 535791.480080688, 432499.95145855716 534870.2788419456, 431575.8904567701 534871.1126965247, 431576.72810253606 535792.3153576864))",338
339,,"POLYGON ((432500.77779027296 535791.480080688, 433424.82606092875 535790.6561624124, 433424.0110431755 534869.4563267459, 432499.95145855716 534870.2788419456, 432500.77779027296 535791.480080688))",339
340,,"POLYGON ((433424.82606092875 535790.6561624124, 434348.87293390854 535789.8436027718, 434348.0692300313 534868.6451508384, 433424.0110431755 534869.4563267459, 433424.82606092875 535790.6561624124))",340
341,,"POLYGON ((405701.5282535727 534899.0648051731, 406625.6368145239 534897.913407632, 406624.49561452476 533976.6652501762, 405700.3757560093 533977.8146835279, 405701.5282535727 534899.0648051731))",341
342,,"POLYGON ((406625.6368145239 534897.913407632, 407549.7434149422 534896.773352404, 407548.6135123862 533975.5271397885, 406624.49561452476 533976.6652501762, 406625.6368145239 534897.913407632))",342
343,,"POLYGON ((407549.7434149422 534896.773352404, 408473.84807423473 534895.6446393678, 408472.7294690019 533974.4003522441, 407548.6135123862 533975.5271397885, 407549.7434149422 534896.773352404))",343
344,,"POLYGON ((408473.84807423473 534895.6446393678, 409397.9508118124 534894.527268404, 409396.84350378404 533973.2848874234, 408472.7294690019 533974.4003522441, 408473.84807423473 534895.6446393678))",344
345,,"POLYGON ((409397.9508118124 534894.527268404, 410322.051647082 534893.4212393938, 410320.9556361404 533972.180745208, 409396.84350378404 533973.2848874234, 409397.9508118124 534894.527268404))",345
346,,"POLYGON ((410322.051647082 534893.4212393938, 411246.1505994483 534892.3265522197, 411245.06588547723 533971.0879254808, 410320.9556361404 533972.180745208, 410322.051647082 534893.4212393938))",346
347,,"POLYGON ((411246.1505994483 534892.3265522197, 412170.2476883246 534891.2432067655, 412169.17427120893 533970.0064281253, 411245.06588547723 533971.0879254808, 411246.1505994483 534892.3265522197))",347
348,,"POLYGON ((412170.2476883246 534891.2432067655, 413094.34293311555 534890.1712029163, 413093.28081274126 533968.9362530272, 412169.17427120893 533970.0064281253, 412170.2476883246 534891.2432067655))",348
349,,"POLYGON ((413094.34293311555 534890.1712029163, 414018.4363532283 534889.1105405582, 414017.3855294826 533967.8774000728, 413093.28081274126 533968.9362530272, 413094.34293311555 534890.1712029163))",349
350,,"POLYGON ((414018.4363532283 534889.1105405582, 414942.5279680685 534888.0612195788, 414941.4884408399 533966.8298691494, 414017.3855294826 533967.8774000728, 414018.4363532283 534889.1105405582))",350
351,219.31759643554688,"POLYGON ((414942.5279680685 534888.0612195788, 415866.61779704585 534887.0232398665, 415865.58956622396 533965.793660146, 414941.4884408399 533966.8298691494, 414942.5279680685 534888.0612195788))",351
352,235.5516357421875,"POLYGON ((415866.61779704585 534887.0232398665, 416790.7058595655 534885.9966013111, 416789.68892504124 533964.7687729525, 415865.58956622396 533965.793660146, 415866.61779704585 534887.0232398665))",352
353,181.21102905273438,"POLYGON ((416790.7058595655 534885.9966013111, 417714.7921750326 534884.9813038036, 417713.78653669794 533963.7552074603, 416789.68892504124 533964.7687729525, 416790.7058595655 534885.9966013111))",353
354,304.90557861328125,"POLYGON ((417714.7921750326 534884.9813038036, 418638.8767628562 534883.9773472366, 418637.8824206044 533962.7529635616, 417713.78653669794 533963.7552074603, 417714.7921750326 534884.9813038036))",354
355,320.87811279296875,"POLYGON ((418638.8767628562 534883.9773472366, 419562.95964244107 534882.9847315028, 419561.97659616655 533961.7620411501, 418637.8824206044 533962.7529635616, 418638.8767628562 534883.9773472366))",355
356,331.5691223144531,"POLYGON ((419562.95964244107 534882.9847315028, 420487.04083319305 534882.0034564976, 420486.06908279145 533960.7824401204, 419561.97659616655 533961.7620411501, 419562.95964244107 534882.9847315028))",356
357,455.2470397949219,"POLYGON ((420487.04083319305 534882.0034564976, 421411.12035451515 534881.0335221163, 421410.1598998833 533959.8141603689, 420486.06908279145 533960.7824401204, 420487.04083319305 534882.0034564976))",357
358,860.8126831054688,"POLYGON ((421411.12035451515 534881.0335221163, 422335.19822581846 534880.0749282561, 422334.24906685454 533958.8572017925, 421410.1598998833 533959.8141603689, 421411.12035451515 534881.0335221163))",358
359,1254.1759033203125,"POLYGON ((422335.19822581846 534880.0749282561, 423259.27446650574 534879.1276748154, 423258.3366031089 533957.9115642897, 422334.24906685454 533958.8572017925, 422335.19822581846 534880.0749282561))",359
360,1546.6932373046875,"POLYGON ((423259.27446650574 534879.1276748154, 424183.34909598075 534878.1917616932, 424182.42252805136 533956.97724776, 423258.3366031089 533957.9115642897, 423259.27446650574 534879.1276748154))",360
361,2443.53564453125,"POLYGON ((424183.34909598075 534878.1917616932, 425107.42213365133 534877.2671887906, 425106.5068610911 533956.0542521045, 424182.42252805136 533956.97724776, 424183.34909598075 534878.1917616932))",361
362,2705.340087890625,"POLYGON ((425107.42213365133 534877.2671887906, 426031.493598921 534876.3539560094, 426030.58962163277 533955.142577225, 425106.5068610911 533956.0542521045, 425107.42213365133 534877.2671887906))",362
363,2224.8818359375,"POLYGON ((426031.493598921 534876.3539560094, 426955.56351119315 534875.4520632526, 426954.67082908086 533954.2422230247, 426030.58962163277 533955.142577225, 426031.493598921 534876.3539560094))",363
364,979.9793090820312,"POLYGON ((426955.56351119315 534875.4520632526, 427879.63188987505 534874.5615104244, 427878.7505028441 533953.3531894082, 426954.67082908086 533954.2422230247, 426955.56351119315 534875.4520632526))",364
365,250.7279052734375,"POLYGON ((427879.63188987505 534874.5615104244, 428803.6987543698 534873.6822974301, 428802.82866232656 533952.475476281, 427878.7505028441 533953.3531894082, 427879.63188987505 534874.5615104244))",365
366,,"POLYGON ((428803.6987543698 534873.6822974301, 429727.76412408164 534872.8144241767, 429726.9053269337 533951.6090835498, 428802.82866232656 533952.475476281, 428803.6987543698 534873.6822974301))",366
367,,"POLYGON ((429727.76412408164 534872.8144241767, 430651.8280184133 534871.9578905718, 430650.98051606957 533950.754011123, 429726.9053269337 533951.6090835498, 429727.76412408164 534872.8144241767))",367
368,,"POLYGON ((430651.8280184133 534871.9578905718, 431575.8904567701 534871.1126965247, 431575.05424914055 533949.9102589093, 430650.98051606957 533950.754011123, 430651.8280184133 534871.9578905718))",368
369,,"POLYGON ((431575.8904567701 534871.1126965247, 432499.95145855716 534870.2788419456, 432499.1265455531 533949.0778268196, 431575.05424914055 533949.9102589093, 431575.8904567701 534871.1126965247))",369
370,,"POLYGON ((432499.95145855716 534870.2788419456, 433424.0110431755 534869.4563267459, 433423.1974247093 533948.2567147652, 432499.1265455531 533949.0778268196, 432499.95145855716 534870.2788419456))",370
371,,"POLYGON ((433424.0110431755 534869.4563267459, 434348.0692300313 534868.6451508384, 434347.2669060165 533947.4469226594, 433423.1974247093 533948.2567147652, 433424.0110431755 534869.4563267459))",371
372,,"POLYGON ((405700.3757560093 533977.8146835279, 406624.49561452476 533976.6652501762, 406623.3563772175 533055.4173136315, 405699.22524056776 533056.5647826971, 405700.3757560093 533977.8146835279))",372
373,,"POLYGON ((406624.49561452476 533976.6652501762, 407548.6135123862 533975.5271397885, 407547.4855530923 533054.2811481801, 406623.3563772175 533055.4173136315, 406624.49561452476 533976.6652501762))",373
374,,"POLYGON ((407548.6135123862 533975.5271397885, 408472.7294690019 533974.4003522441, 408471.61278760165 533053.1562862224, 407547.4855530923 533054.2811481801, 407548.6135123862 533975.5271397885))",374
375,,"POLYGON ((408472.7294690019 533974.4003522441, 409396.84350378404 533973.2848874234, 409395.73810015875 533052.0427276389, 408471.61278760165 533053.1562862224, 408472.7294690019 533974.4003522441))",375
376,,"POLYGON ((409396.84350378404 533973.2848874234, 410320.9556361404 533972.180745208, 410319.8615101729 533050.9404723112, 409395.73810015875 533052.0427276389, 409396.84350378404 533973.2848874234))",376
377,,"POLYGON ((410320.9556361404 533972.180745208, 411245.06588547723 533971.0879254808, 411243.9830370512 533049.8495201227, 410319.8615101729 533050.9404723112, 410320.9556361404 533972.180745208))",377
378,210.34954833984375,"POLYGON ((411245.06588547723 533971.0879254808, 412169.17427120893 533970.0064281253, 412168.1027002095 533048.7698709572, 411243.9830370512 533049.8495201227, 411245.06588547723 533971.0879254808))",378
379,135.9362335205078,"POLYGON ((412169.17427120893 533970.0064281253, 413093.28081274126 533968.9362530272, 413092.22051905456 533047.7015247003, 412168.1027002095 533048.7698709572, 412169.17427120893 533970.0064281253))",379
380,172.1797637939453,"POLYGON ((413093.28081274126 533968.9362530272, 414017.3855294826 533967.8774000728, 414016.3365129962 533046.6444812386, 413092.22051905456 533047.7015247003, 413093.28081274126 533968.9362530272))",380
381,152.89816284179688,"POLYGON ((414017.3855294826 533967.8774000728, 414941.4884408399 533966.8298691494, 414940.4507014424 533045.5987404594, 414016.3365129962 533046.6444812386, 414017.3855294826 533967.8774000728))",381
382,259.6795959472656,"POLYGON ((414941.4884408399 533966.8298691494, 415865.58956622396 533965.793660146, 415864.5631038051 533044.5643022523, 414940.4507014424 533045.5987404594, 414941.4884408399 533966.8298691494))",382
383,318.1579284667969,"POLYGON ((415865.58956622396 533965.793660146, 416789.68892504124 533964.7687729525, 416788.6737394921 533043.5411665072, 415864.5631038051 533044.5643022523, 415865.58956622396 533965.793660146))",383
384,407.5956726074219,"POLYGON ((416789.68892504124 533964.7687729525, 417713.78653669794 533963.7552074603, 417712.7826279108 533042.5293331153, 416788.6737394921 533043.5411665072, 416789.68892504124 533964.7687729525))",384
385,1022.699462890625,"POLYGON ((417713.78653669794 533963.7552074603, 418637.8824206044 533962.7529635616, 418636.8897884726 533041.5288019696, 417712.7826279108 533042.5293331153, 417713.78653669794 533963.7552074603))",385
386,1129.2467041015625,"POLYGON ((418637.8824206044 533962.7529635616, 419561.97659616655 533961.7620411501, 419560.9952405848 533040.5395729636, 418636.8897884726 533041.5288019696, 418637.8824206044 533962.7529635616))",386
387,947.1166381835938,"POLYGON ((419561.97659616655 533961.7620411501, 420486.06908279145 533960.7824401204, 420485.0990036555 533039.5616459923, 419560.9952405848 533040.5395729636, 419561.97659616655 533961.7620411501))",387
388,1078.0029296875,"POLYGON ((420486.06908279145 533960.7824401204, 421410.1598998833 533959.8141603689, 421409.2010970902 533038.595020952, 420485.0990036555 533039.5616459923, 420486.06908279145 533960.7824401204))",388
389,1740.6162109375,"POLYGON ((421410.1598998833 533959.8141603689, 422334.24906685454 533958.8572017925, 422333.3015403024 533037.63969774, 421409.2010970902 533038.595020952, 421410.1598998833 533959.8141603689))",389
390,2236.580322265625,"POLYGON ((422334.24906685454 533958.8572017925, 423258.3366031089 533957.9115642897, 423257.40035269724 533036.6956762548, 422333.3015403024 533037.63969774, 422334.24906685454 533958.8572017925))",390
391,2331.813232421875,"POLYGON ((423258.3366031089 533957.9115642897, 424182.42252805136 533956.97724776, 424181.4975536808 533035.7629563962, 423257.40035269724 533036.6956762548, 423258.3366031089 533957.9115642897))",391
392,2739.099853515625,"POLYGON ((424182.42252805136 533956.97724776, 425106.5068610911 533956.0542521045, 425105.5931626634 533034.8415380655, 424181.4975536808 533035.7629563962, 424182.42252805136 533956.97724776))",392
393,2187.256591796875,"POLYGON ((425106.5068610911 533956.0542521045, 426030.58962163277 533955.142577225, 426029.6871990509 533033.9314211645, 425105.5931626634 533034.8415380655, 425106.5068610911 533956.0542521045))",393
394,1279.127685546875,"POLYGON ((426030.58962163277 533955.142577225, 426954.67082908086 533954.2422230247, 426953.7796822491 533033.0326055966, 426029.6871990509 533033.9314211645, 426030.58962163277 533955.142577225))",394
395,467.20880126953125,"POLYGON ((426954.67082908086 533954.2422230247, 427878.7505028441 533953.3531894082, 427877.8706316678 533032.1450912667, 426953.7796822491 533033.0326055966, 426954.67082908086 533954.2422230247))",395
396,229.90403747558594,"POLYGON ((427878.7505028441 533953.3531894082, 428802.82866232656 533952.475476281, 428801.96006671234 533031.2688780804, 427877.8706316678 533032.1450912667, 427878.7505028441 533953.3531894082))",396
397,139.7107391357422,"POLYGON ((428802.82866232656 533952.475476281, 429726.9053269337 533951.6090835498, 429726.0480067894 533030.4039659444, 428801.96006671234 533031.2688780804, 428802.82866232656 533952.475476281))",397
398,,"POLYGON ((429726.9053269337 533951.6090835498, 430650.98051606957 533950.754011123, 430650.134471304 533029.5503547674, 429726.0480067894 533030.4039659444, 429726.9053269337 533951.6090835498))",398
399,,"POLYGON ((430650.98051606957 533950.754011123, 431575.05424914055 533949.9102589093, 431574.21947966405 533028.7080444585, 430650.134471304 533029.5503547674, 430650.98051606957 533950.754011123))",399
400,,"POLYGON ((431575.05424914055 533949.9102589093, 432499.1265455531 533949.0778268196, 432498.30305127706 533027.8770349281, 431574.21947966405 533028.7080444585, 431575.05424914055 533949.9102589093))",400
401,,"POLYGON ((432499.1265455531 533949.0778268196, 433423.1974247093 533948.2567147652, 433422.3852055462 533027.0573260883, 432498.30305127706 533027.8770349281, 432499.1265455531 533949.0778268196))",401
402,,"POLYGON ((433423.1974247093 533948.2567147652, 434347.2669060165 533947.4469226594, 434346.46596188034 533026.2489178521, 433422.3852055462 533027.0573260883, 433423.1974247093 533948.2567147652))",402
403,222.3860626220703,"POLYGON ((405699.22524056776 533056.5647826971, 406623.3563772175 533055.4173136315, 406622.21910262486 532134.1695976207, 405698.07670727104 532135.3151023036, 405699.22524056776 533056.5647826971))",403
404,268.2240905761719,"POLYGON ((406623.3563772175 533055.4173136315, 407547.4855530923 533054.2811481801, 407546.359537083 532133.0353772014, 406622.21910262486 532134.1695976207, 406623.3563772175 533055.4173136315))",404
405,240.39035034179688,"POLYGON ((407547.4855530923 533054.2811481801, 408471.61278760165 533053.1562862224, 408470.4980300561 532131.912440925, 407546.359537083 532133.0353772014, 407547.4855530923 533054.2811481801))",405
406,191.9842529296875,"POLYGON ((408471.61278760165 533053.1562862224, 409395.73810015875 533052.0427276389, 409394.6346009587 532130.8007886724, 408470.4980300561 532131.912440925, 408471.61278760165 533053.1562862224))",406
407,311.41943359375,"POLYGON ((409395.73810015875 533052.0427276389, 410319.8615101729 533050.9404723112, 410318.7692692011 532129.7004203255, 409394.6346009587 532130.8007886724, 409395.73810015875 533052.0427276389))",407
408,274.4681091308594,"POLYGON ((410319.8615101729 533050.9404723112, 411243.9830370512 533049.8495201227, 411242.90205419174 532128.6113357677, 410318.7692692011 532129.7004203255, 410319.8615101729 533050.9404723112))",408
409,405.66375732421875,"POLYGON ((411243.9830370512 533049.8495201227, 412168.1027002095 533048.7698709572, 412167.03297534754 532127.5335348828, 411242.90205419174 532128.6113357677, 411243.9830370512 533049.8495201227))",409
410,513.5987548828125,"POLYGON ((412168.1027002095 533048.7698709572, 413092.22051905456 533047.7015247003, 413091.16205207666 532126.4670175571, 412167.03297534754 532127.5335348828, 412168.1027002095 533048.7698709572))",410
411,466.75653076171875,"POLYGON ((413092.22051905456 533047.7015247003, 414016.3365129962 533046.6444812386, 414015.2893037899 532125.411783677, 413091.16205207666 532126.4670175571, 413092.22051905456 533047.7015247003))",411
412,464.9876708984375,"POLYGON ((414016.3365129962 533046.6444812386, 414940.4507014424 533045.5987404594, 414939.4147498965 532124.3678331303, 414015.2893037899 532125.411783677, 414016.3365129962 533046.6444812386))",412
413,543.7694091796875,"POLYGON ((414940.4507014424 533045.5987404594, 415864.5631038051 533044.5643022523, 415863.5384098097 532123.3351658066, 414939.4147498965 532124.3678331303, 414940.4507014424 533045.5987404594))",413
414,550.2852172851562,"POLYGON ((415864.5631038051 533044.5643022523, 416788.6737394921 533043.5411665072, 416787.6603029383 532122.3137815958, 415863.5384098097 532123.3351658066, 415864.5631038051 533044.5643022523))",414
415,844.6861572265625,"POLYGON ((416788.6737394921 533043.5411665072, 417712.7826279108 533042.5293331153, 417711.78044869105 532121.3036803899, 416787.6603029383 532122.3137815958, 416788.6737394921 533043.5411665072))",415
416,1491.969482421875,"POLYGON ((417712.7826279108 533042.5293331153, 418636.8897884726 533041.5288019696, 418635.89886648057 532120.3048620812, 417711.78044869105 532121.3036803899, 417712.7826279108 533042.5293331153))",416
417,1519.05322265625,"POLYGON ((418636.8897884726 533041.5288019696, 419560.9952405848 533040.5395729636, 419560.01557571517 532119.3173265641, 418635.89886648057 532120.3048620812, 418636.8897884726 533041.5288019696))",417
418,1643.1063232421875,"POLYGON ((419560.9952405848 533040.5395729636, 420485.0990036555 533039.5616459923, 420484.1305958044 532118.3410737334, 419560.01557571517 532119.3173265641, 419560.9952405848 533040.5395729636))",418
419,1812.5989990234375,"POLYGON ((420485.0990036555 533039.5616459923, 421409.2010970902 533038.595020952, 421408.2439461547 532117.3761034857, 420484.1305958044 532118.3410737334, 420485.0990036555 533039.5616459923))",419
420,2230.218994140625,"POLYGON ((421409.2010970902 533038.595020952, 422333.3015403024 533037.63969774, 422332.35564618104 532116.4224157187, 421408.2439461547 532117.3761034857, 421409.2010970902 533038.595020952))",420
421,2300.130859375,"POLYGON ((422333.3015403024 533037.63969774, 423257.40035269724 533036.6956762548, 423256.46571528947 532115.4800103304, 422332.35564618104 532116.4224157187, 422333.3015403024 533037.63969774))",421
422,2485.0068359375,"POLYGON ((423257.40035269724 533036.6956762548, 424181.4975536808 533035.7629563962, 424180.5741728874 532114.5488872216, 423256.46571528947 532115.4800103304, 423257.40035269724 533036.6956762548))",422
423,2672.823974609375,"POLYGON ((424181.4975536808 533035.7629563962, 425105.5931626634 533034.8415380655, 425104.68103838636 532113.6290462931, 424180.5741728874 532114.5488872216, 424181.4975536808 533035.7629563962))",423
424,1781.4537353515625,"POLYGON ((425105.5931626634 533034.8415380655, 426029.6871990509 533033.9314211645, 426028.78633119346 532112.7204874473, 425104.68103838636 532113.6290462931, 425105.5931626634 533034.8415380655))",424
425,977.2969360351562,"POLYGON ((426029.6871990509 533033.9314211645, 426953.7796822491 533033.0326055966, 426952.89007071557 532111.8232105877, 426028.78633119346 532112.7204874473, 426029.6871990509 533033.9314211645))",425
426,457.8778076171875,"POLYGON ((426953.7796822491 533033.0326055966, 427877.8706316678 533032.1450912667, 427876.9922763637 532110.937215619, 426952.89007071557 532111.8232105877, 426953.7796822491 533033.0326055966))",426
427,215.143310546875,"POLYGON ((427877.8706316678 533032.1450912667, 428801.96006671234 533031.2688780804, 428801.09296754445 532110.0625024474, 427876.9922763637 532110.937215619, 427877.8706316678 533032.1450912667))",427
428,147.5914764404297,"POLYGON ((428801.96006671234 533031.2688780804, 429726.0480067894 533030.4039659444, 429725.19216366566 532109.1990709796, 428801.09296754445 532110.0625024474, 428801.96006671234 533031.2688780804))",428
429,,"POLYGON ((429726.0480067894 533030.4039659444, 430650.134471304 533029.5503547674, 430649.2898841336 532108.3469211243, 429725.19216366566 532109.1990709796, 429726.0480067894 533030.4039659444))",429
430,,"POLYGON ((430650.134471304 533029.5503547674, 431574.21947966405 533028.7080444585, 431573.3861483573 532107.5060527908, 430649.2898841336 532108.3469211243, 430650.134471304 533029.5503547674))",430
431,,"POLYGON ((431574.21947966405 533028.7080444585, 432498.30305127706 533027.8770349281, 432497.4809757455 532106.67646589, 431573.3861483573 532107.5060527908, 431574.21947966405 533028.7080444585))",431
432,,"POLYGON ((432498.30305127706 533027.8770349281, 433422.3852055462 533027.0573260883, 433421.5743857026 532105.8581603338, 432497.4809757455 532106.67646589, 432498.30305127706 533027.8770349281))",432
433,,"POLYGON ((433422.3852055462 533027.0573260883, 434346.46596188034 533026.2489178521, 434345.6663976385 532105.0511360355, 433421.5743857026 532105.8581603338, 433422.3852055462 533027.0573260883))",433
434,263.5824890136719,"POLYGON ((405698.07670727104 532135.3151023036, 406622.21910262486 532134.1695976207, 406621.08379076945 531212.9221017663, 405696.9301561419 531214.0656419697, 405698.07670727104 532135.3151023036))",434
435,268.88275146484375,"POLYGON ((406622.21910262486 532134.1695976207, 407546.359537083 532133.0353772014, 407545.23546438076 531211.7898264744, 406621.08379076945 531212.9221017663, 406622.21910262486 532134.1695976207))",435
436,509.011962890625,"POLYGON ((407546.359537083 532133.0353772014, 408470.4980300561 532131.912440925, 408469.3851963876 531210.6688159739, 407545.23546438076 531211.7898264744, 407546.359537083 532133.0353772014))",436
437,466.73193359375,"POLYGON ((408470.4980300561 532131.912440925, 409394.6346009587 532130.8007886724, 409393.5330062058 531209.559070146, 408469.3851963876 531210.6688159739, 408470.4980300561 532131.912440925))",437
438,523.5772094726562,"POLYGON ((409394.6346009587 532130.8007886724, 410318.7692692011 532129.7004203255, 410317.67891324684 531208.4605888724, 409393.5330062058 531209.559070146, 409394.6346009587 532130.8007886724))",438
439,550.7718505859375,"POLYGON ((410318.7692692011 532129.7004203255, 411242.90205419174 532128.6113357677, 411241.8229369204 531207.3733720368, 410317.67891324684 531208.4605888724, 410318.7692692011 532129.7004203255))",439
440,806.3895263671875,"POLYGON ((411242.90205419174 532128.6113357677, 412167.03297534754 532127.5335348828, 412165.9650966445 531206.2974195237, 411241.8229369204 531207.3733720368, 411242.90205419174 532128.6113357677))",440
441,758.173828125,"POLYGON ((412167.03297534754 532127.5335348828, 413091.16205207666 532126.4670175571, 413090.1054118285 531205.232731219, 412165.9650966445 531206.2974195237, 412167.03297534754 532127.5335348828))",441
442,564.7988891601562,"POLYGON ((413091.16205207666 532126.4670175571, 414015.2893037899 532125.411783677, 414014.24390188453 531204.1793070093, 413090.1054118285 531205.232731219, 413091.16205207666 532126.4670175571))",442
443,1106.037353515625,"POLYGON ((414015.2893037899 532125.411783677, 414939.4147498965 532124.3678331303, 414938.3805862229 531203.1371467831, 414014.24390188453 531204.1793070093, 414015.2893037899 532125.411783677))",443
444,1723.7947998046875,"POLYGON ((414939.4147498965 532124.3678331303, 415863.5384098097 532123.3351658066, 415862.51548425807 531202.1062504296, 414938.3805862229 531203.1371467831, 414939.4147498965 532124.3678331303))",444
445,1659.3505859375,"POLYGON ((415863.5384098097 532123.3351658066, 416787.6603029383 532122.3137815958, 416786.6486154001 531201.0866178393, 415862.51548425807 531202.1062504296, 415863.5384098097 532123.3351658066))",445
446,1871.1661376953125,"POLYGON ((416787.6603029383 532122.3137815958, 417711.78044869105 532121.3036803899, 417710.7799990588 531200.0782489041, 416786.6486154001 531201.0866178393, 416787.6603029383 532122.3137815958))",446
447,1680.068603515625,"POLYGON ((417711.78044869105 532121.3036803899, 418635.89886648057 532120.3048620812, 418634.90965464804 531199.0811435168, 417710.7799990588 531200.0782489041, 417711.78044869105 532121.3036803899))",447
448,1572.380126953125,"POLYGON ((418635.89886648057 532120.3048620812, 419560.01557571517 532119.3173265641, 419559.03760157735 531198.0953015717, 418634.90965464804 531199.0811435168, 418635.89886648057 532120.3048620812))",448
449,1745.5986328125,"POLYGON ((419560.01557571517 532119.3173265641, 420484.1305958044 532118.3410737334, 420483.1638592575 531197.1207229639, 419559.03760157735 531198.0953015717, 419560.01557571517 532119.3173265641))",449
450,1886.559814453125,"POLYGON ((420484.1305958044 532118.3410737334, 421408.2439461547 532117.3761034857, 421407.28844709607 531196.1574075902, 420483.1638592575 531197.1207229639, 420484.1305958044 532118.3410737334))",450
451,2253.67578125,"POLYGON ((421408.2439461547 532117.3761034857, 422332.35564618104 532116.4224157187, 422331.4113845092 531195.2053553481, 421407.28844709607 531196.1574075902, 421408.2439461547 532117.3761034857))",451
452,2503.695556640625,"POLYGON ((422332.35564618104 532116.4224157187, 423256.46571528947 532115.4800103304, 423255.53269090416 531194.2645661365, 422331.4113845092 531195.2053553481, 422332.35564618104 532116.4224157187))",452
453,2405.364990234375,"POLYGON ((423256.46571528947 532115.4800103304, 424180.5741728874 532114.5488872216, 424179.65238568967 531193.3350398558, 423255.53269090416 531194.2645661365, 423256.46571528947 532115.4800103304))",453
454,2201.92529296875,"POLYGON ((424180.5741728874 532114.5488872216, 425104.68103838636 532113.6290462931, 425103.77048827824 531192.416776407, 424179.65238568967 531193.3350398558, 424180.5741728874 532114.5488872216))",454
455,1877.160400390625,"POLYGON ((425104.68103838636 532113.6290462931, 426028.78633119346 532112.7204874473, 426027.88701807836 531191.5097756928, 425103.77048827824 531192.416776407, 425104.68103838636 532113.6290462931))",455
456,1190.51904296875,"POLYGON ((426028.78633119346 532112.7204874473, 426952.89007071557 532111.8232105877, 426952.00199449796 531190.614037617, 426027.88701807836 531191.5097756928, 426028.78633119346 532112.7204874473))",456
457,510.3223876953125,"POLYGON ((426952.89007071557 532111.8232105877, 427876.9922763637 532110.937215619, 427876.1154369493 531189.7295620844, 426952.00199449796 531190.614037617, 426952.89007071557 532111.8232105877))",457
458,,"POLYGON ((427876.9922763637 532110.937215619, 428801.09296754445 532110.0625024474, 428800.2273648402 531188.8563490009, 427876.1154369493 531189.7295620844, 427876.9922763637 532110.937215619))",458
459,,"POLYGON ((428801.09296754445 532110.0625024474, 429725.19216366566 532109.1990709796, 429724.33779757965 531187.994398274, 428800.2273648402 531188.8563490009, 428801.09296754445 532110.0625024474))",459
460,,"POLYGON ((429725.19216366566 532109.1990709796, 430649.2898841336 532108.3469211243, 430648.4467545751 531187.1437098122, 429724.33779757965 531187.994398274, 429725.19216366566 532109.1990709796))",460
461,,"POLYGON ((430649.2898841336 532108.3469211243, 431573.3861483573 532107.5060527908, 431572.5542552369 531186.3042835251, 430648.4467545751 531187.1437098122, 430649.2898841336 532108.3469211243))",461
462,,"POLYGON ((431573.3861483573 532107.5060527908, 432497.4809757455 532106.67646589, 432496.66031897475 531185.4761193235, 431572.5542552369 531186.3042835251, 431573.3861483573 532107.5060527908))",462
463,,"POLYGON ((432497.4809757455 532106.67646589, 433421.5743857026 532105.8581603338, 433420.76496519445 531184.6592171199, 432496.66031897475 531185.4761193235, 432497.4809757455 532106.67646589))",463
464,,"POLYGON ((433421.5743857026 532105.8581603338, 434345.6663976385 532105.0511360355, 434344.86821330705 531183.8535768271, 433420.76496519445 531184.6592171199, 433421.5743857026 532105.8581603338))",464
465,,"POLYGON ((405696.9301561419 531214.0656419697, 406621.08379076945 531212.9221017663, 406619.9504416739 530291.6748256902, 405695.7855872034 530292.8164013181, 405696.9301561419 531214.0656419697))",465
466,438.25238037109375,"POLYGON ((406621.08379076945 531212.9221017663, 407545.23546438076 531211.7898264744, 407544.11333500786 530290.5444956213, 406619.9504416739 530291.6748256902, 406621.08379076945 531212.9221017663))",466
467,650.1790771484375,"POLYGON ((407545.23546438076 531211.7898264744, 408469.3851963876 531210.6688159739, 408468.2742866182 530289.4254109912, 407544.11333500786 530290.5444956213, 407545.23546438076 531211.7898264744))",467
468,427.3482971191406,"POLYGON ((408469.3851963876 531210.6688159739, 409393.5330062058 531209.559070146, 409392.43331592204 530288.3175716812, 408468.2742866182 530289.4254109912, 408469.3851963876 531210.6688159739))",468
469,527.3798828125,"POLYGON ((409393.5330062058 531209.559070146, 410317.67891324684 531208.4605888724, 410316.59044233186 530287.2209775735, 409392.43331592204 530288.3175716812, 409393.5330062058 531209.559070146))",469
470,451.5649108886719,"POLYGON ((410317.67891324684 531208.4605888724, 411241.8229369204 531207.3733720368, 411240.7456852586 530286.135628552, 410316.59044233186 530287.2209775735, 410317.67891324684 531208.4605888724))",470
471,172.42933654785156,"POLYGON ((411241.8229369204 531207.3733720368, 412165.9650966445 531206.2974195237, 412164.8990641216 530285.061524501, 411240.7456852586 530286.135628552, 411241.8229369204 531207.3733720368))",471
472,257.9374084472656,"POLYGON ((412165.9650966445 531206.2974195237, 413090.1054118285 531205.232731219, 413089.0505983313 530283.9986653068, 412164.8990641216 530285.061524501, 412165.9650966445 531206.2974195237))",472
473,267.644287109375,"POLYGON ((413090.1054118285 531205.232731219, 414014.24390188453 531204.1793070093, 414013.200307301 530282.9470508565, 413089.0505983313 530283.9986653068, 413090.1054118285 531205.232731219))",473
474,564.1912231445312,"POLYGON ((414014.24390188453 531204.1793070093, 414938.3805862229 531203.1371467831, 414937.34821044223 530281.9066810384, 414013.200307301 530282.9470508565, 414014.24390188453 531204.1793070093))",474
475,1285.3271484375,"POLYGON ((414938.3805862229 531203.1371467831, 415862.51548425807 531202.1062504296, 415861.49432717066 530280.877555742, 414937.34821044223 530281.9066810384, 414938.3805862229 531203.1371467831))",475
476,1603.1861572265625,"POLYGON ((415862.51548425807 531202.1062504296, 416786.6486154001 531201.0866178393, 416785.63867689756 530279.859674858, 415861.49432717066 530280.877555742, 415862.51548425807 531202.1062504296))",476
477,2129.848876953125,"POLYGON ((416786.6486154001 531201.0866178393, 417710.7799990588 531200.0782489041, 417709.78127903386 530278.8530382785, 416785.63867689756 530279.859674858, 416786.6486154001 531201.0866178393))",477
478,2330.129150390625,"POLYGON ((417710.7799990588 531200.0782489041, 418634.90965464804 531199.0811435168, 418633.9221529947 530277.8576458966, 417709.78127903386 530278.8530382785, 417710.7799990588 531200.0782489041))",478
479,1791.9404296875,"POLYGON ((418634.90965464804 531199.0811435168, 419559.03760157735 531198.0953015717, 419558.06131819077 530276.8734976064, 418633.9221529947 530277.8576458966, 418634.90965464804 531199.0811435168))",479
480,1578.5113525390625,"POLYGON ((419559.03760157735 531198.0953015717, 420483.1638592575 531197.1207229639, 420482.19879403396 530275.9005933036, 419558.06131819077 530276.8734976064, 419559.03760157735 531198.0953015717))",480
481,1583.630126953125,"POLYGON ((420483.1638592575 531197.1207229639, 421407.28844709607 531196.1574075902, 421406.33459993324 530274.938932885, 420482.19879403396 530275.9005933036, 420483.1638592575 531197.1207229639))",481
482,1812.2291259765625,"POLYGON ((421407.28844709607 531196.1574075902, 422331.4113845092 531195.2053553481, 422330.4687553057 530273.9885162481, 421406.33459993324 530274.938932885, 421407.28844709607 531196.1574075902))",482
483,2360.72314453125,"POLYGON ((422331.4113845092 531195.2053553481, 423255.53269090416 531194.2645661365, 423254.60127955995 530273.0493432925, 422330.4687553057 530273.9885162481, 422331.4113845092 531195.2053553481))",483
484,2040.7083740234375,"POLYGON ((423255.53269090416 531194.2645661365, 424179.65238568967 531193.3350398558, 424178.73219210585 530272.1214139179, 423254.60127955995 530273.0493432925, 423255.53269090416 531194.2645661365))",484
485,1214.8782958984375,"POLYGON ((424179.65238568967 531193.3350398558, 425103.77048827824 531192.416776407, 425102.86151235714 530271.2047280263, 424178.73219210585 530272.1214139179, 424179.65238568967 531193.3350398558))",485
486,1262.9588623046875,"POLYGON ((425103.77048827824 531192.416776407, 426027.88701807836 531191.5097756928, 426026.9892597234 530270.2992855203, 425102.86151235714 530271.2047280263, 425103.77048827824 531192.416776407))",486
487,1053.35107421875,"POLYGON ((426027.88701807836 531191.5097756928, 426952.00199449796 531190.614037617, 426951.1154536139 530269.4050863036, 426026.9892597234 530270.2992855203, 426027.88701807836 531191.5097756928))",487
488,444.89898681640625,"POLYGON ((426952.00199449796 531190.614037617, 427876.1154369493 531189.7295620844, 427875.240113442 530268.5221302813, 426951.1154536139 530269.4050863036, 426952.00199449796 531190.614037617))",488
489,236.06764221191406,"POLYGON ((427876.1154369493 531189.7295620844, 428800.2273648402 531188.8563490009, 428799.36325861677 530267.6504173598, 427875.240113442 530268.5221302813, 427876.1154369493 531189.7295620844))",489
490,,"POLYGON ((428800.2273648402 531188.8563490009, 429724.33779757965 531187.994398274, 429723.4849085483 530266.7899474462, 428799.36325861677 530267.6504173598, 428800.2273648402 531188.8563490009))",490
491,,"POLYGON ((429724.33779757965 531187.994398274, 430648.4467545751 531187.1437098122, 430647.6050826454 530265.9407204496, 429723.4849085483 530266.7899474462, 429724.33779757965 531187.994398274))",491
492,,"POLYGON ((430648.4467545751 531187.1437098122, 431572.5542552369 531186.3042835251, 431571.72380031925 530265.1027362795, 430647.6050826454 530265.9407204496, 430648.4467545751 531187.1437098122))",492
493,,"POLYGON ((431572.5542552369 531186.3042835251, 432496.66031897475 531185.4761193235, 432495.8410809812 530264.2759948471, 431571.72380031925 530265.1027362795, 431572.5542552369 531186.3042835251))",493
494,,"POLYGON ((432496.66031897475 531185.4761193235, 433420.76496519445 531184.6592171199, 433419.9569440379 530263.4604960646, 432495.8410809812 530264.2759948471, 432496.66031897475 531185.4761193235))",494
495,,"POLYGON ((433420.76496519445 531184.6592171199, 434344.86821330705 531183.8535768271, 434344.07140890183 530262.6562398454, 433419.9569440379 530263.4604960646, 433420.76496519445 531184.6592171199))",495
496,,"POLYGON ((405695.7855872034 530292.8164013181, 406619.9504416739 530291.6748256902, 406618.81905536074 529370.4277690153, 405694.64300047816 529371.5673799714, 405695.7855872034 530292.8164013181))",496
497,145.1700439453125,"POLYGON ((406619.9504416739 530291.6748256902, 407544.11333500786 530290.5444956213, 407542.9931489867 529369.2993842644, 406618.81905536074 529370.4277690153, 406619.9504416739 530291.6748256902))",497
498,213.0732879638672,"POLYGON ((407544.11333500786 530290.5444956213, 408468.2742866182 530289.4254109912, 408467.16530077014 529368.182225599, 407542.9931489867 529369.2993842644, 407544.11333500786 530290.5444956213))",498
499,193.12388610839844,"POLYGON ((408468.2742866182 530289.4254109912, 409392.43331592204 530288.3175716812, 409391.3355301292 529367.0762929001, 408467.16530077014 529368.182225599, 408468.2742866182 530289.4254109912))",499
500,155.99896240234375,"POLYGON ((409392.43331592204 530288.3175716812, 410316.59044233186 530287.2209775735, 410315.50385647774 529365.9815860508, 409391.3355301292 529367.0762929001, 409392.43331592204 530288.3175716812))",500
501,139.55909729003906,"POLYGON ((410316.59044233186 530287.2209775735, 411240.7456852586 530286.135628552, 411239.6702992279 529364.8981049345, 410315.50385647774 529365.9815860508, 410316.59044233186 530287.2209775735))",501
502,141.69448852539062,"POLYGON ((411240.7456852586 530286.135628552, 412164.8990641216 530285.061524501, 412163.8348778 529363.8258494363, 411239.6702992279 529364.8981049345, 411240.7456852586 530286.135628552))",502
503,133.59950256347656,"POLYGON ((412164.8990641216 530285.061524501, 413089.0505983313 530283.9986653068, 413087.9976116059 529362.7648194423, 412163.8348778 529363.8258494363, 412164.8990641216 530285.061524501))",503
504,144.52940368652344,"POLYGON ((413089.0505983313 530283.9986653068, 414013.200307301 530282.9470508565, 414012.15852006 529361.7150148399, 413087.9976116059 529362.7648194423, 413089.0505983313 530283.9986653068))",504
505,271.8824768066406,"POLYGON ((414013.200307301 530282.9470508565, 414937.34821044223 530281.9066810384, 414936.31762257504 529360.6764355175, 414012.15852006 529361.7150148399, 414013.200307301 530282.9470508565))",505
506,575.9691162109375,"POLYGON ((414937.34821044223 530281.9066810384, 415861.49432717066 530280.877555742, 415860.4749385678 529359.6490813649, 414936.31762257504 529360.6764355175, 414937.34821044223 530281.9066810384))",506
507,979.9354248046875,"POLYGON ((415861.49432717066 530280.877555742, 416785.63867689756 530279.859674858, 416784.63048745075 529358.6329522731, 415860.4749385678 529359.6490813649, 415861.49432717066 530280.877555742))",507
508,1393.78173828125,"POLYGON ((416785.63867689756 530279.859674858, 417709.78127903386 530278.8530382785, 417708.7842886362 529357.6280481339, 416784.63048745075 529358.6329522731, 416785.63867689756 530279.859674858))",508
509,1836.791015625,"POLYGON ((417709.78127903386 530278.8530382785, 418633.9221529947 530277.8576458966, 418632.9363615402 529356.6343688412, 417708.7842886362 529357.6280481339, 417709.78127903386 530278.8530382785))",509
510,1881.943359375,"POLYGON ((418633.9221529947 530277.8576458966, 419558.06131819077 530276.8734976064, 419557.0867255748 529355.6519142889, 418632.9363615402 529356.6343688412, 418633.9221529947 530277.8576458966))",510
511,1287.3114013671875,"POLYGON ((419558.06131819077 530276.8734976064, 420482.19879403396 530275.9005933036, 420481.2354001531 529354.6806843729, 419557.0867255748 529355.6519142889, 419558.06131819077 530276.8734976064))",511
512,1463.833984375,"POLYGON ((420482.19879403396 530275.9005933036, 421406.33459993324 530274.938932885, 421405.38240468514 529353.7206789902, 420481.2354001531 529354.6806843729, 420482.19879403396 530275.9005933036))",512
513,1396.681884765625,"POLYGON ((421406.33459993324 530274.938932885, 422330.4687553057 530273.9885162481, 422329.52775858925 529352.7718980388, 421405.38240468514 529353.7206789902, 421406.33459993324 530274.938932885))",513
514,2063.670166015625,"POLYGON ((422330.4687553057 530273.9885162481, 423254.60127955995 530273.0493432925, 423253.67148127535 529351.8343414179, 422329.52775858925 529352.7718980388, 422330.4687553057 530273.9885162481))",514
515,1699.810791015625,"POLYGON ((423254.60127955995 530273.0493432925, 424178.73219210585 530272.1214139179, 424177.81359215424 529350.9080090281, 423253.67148127535 529351.8343414179, 423254.60127955995 530273.0493432925))",515
516,1008.7343139648438,"POLYGON ((424178.73219210585 530272.1214139179, 425102.86151235714 530271.2047280263, 425101.9541106411 529349.9929007706, 424177.81359215424 529350.9080090281, 424178.73219210585 530272.1214139179))",516
517,1365.0167236328125,"POLYGON ((425102.86151235714 530271.2047280263, 426026.9892597234 530270.2992855203, 426026.0930561466 529349.089016549, 425101.9541106411 529349.9929007706, 425102.86151235714 530271.2047280263))",517
518,702.0750122070312,"POLYGON ((426026.9892597234 530270.2992855203, 426951.1154536139 530269.4050863036, 426950.2304480811 529348.1963562667, 426026.0930561466 529349.089016549, 426026.9892597234 530270.2992855203))",518
519,309.8100891113281,"POLYGON ((426951.1154536139 530269.4050863036, 427875.240113442 530268.5221302813, 427874.3663058593 529347.3149198293, 426950.2304480811 529348.1963562667, 426951.1154536139 530269.4050863036))",519
520,260.22296142578125,"POLYGON ((427875.240113442 530268.5221302813, 428799.36325861677 530267.6504173598, 428798.5006488913 529346.4447071429, 427874.3663058593 529347.3149198293, 427875.240113442 530268.5221302813))",520
521,,"POLYGON ((428799.36325861677 530267.6504173598, 429723.4849085483 530266.7899474462, 429722.6334965886 529345.5857181153, 428798.5006488913 529346.4447071429, 428799.36325861677 530267.6504173598))",521
522,,"POLYGON ((429723.4849085483 530266.7899474462, 430647.6050826454 530265.9407204496, 430646.76486836106 529344.7379526552, 429722.6334965886 529345.5857181153, 429723.4849085483 530266.7899474462))",522
523,,"POLYGON ((430647.6050826454 530265.9407204496, 431571.72380031925 530265.1027362795, 431570.8947836211 529343.9014106728, 430646.76486836106 529344.7379526552, 430647.6050826454 530265.9407204496))",523
524,,"POLYGON ((431571.72380031925 530265.1027362795, 432495.8410809812 530264.2759948471, 432495.0232617811 529343.0760920792, 431570.8947836211 529343.9014106728, 431571.72380031925 530265.1027362795))",524
525,,"POLYGON ((432495.8410809812 530264.2759948471, 433419.9569440379 530263.4604960646, 433419.15032224916 529342.2619967866, 432495.0232617811 529343.0760920792, 432495.8410809812 530264.2759948471))",525
526,,"POLYGON ((433419.9569440379 530263.4604960646, 434344.07140890183 530262.6562398454, 434343.27598443866 529341.4591247085, 433419.15032224916 529342.2619967866, 433419.9569440379 530263.4604960646))",526
527,,"POLYGON ((405694.64300047816 529371.5673799714, 406618.81905536074 529370.4277690153, 406617.68963185255 528449.1809313634, 405693.502395989 528450.3185775516, 405694.64300047816 529371.5673799714))",527
528,76.58503723144531,"POLYGON ((406618.81905536074 529370.4277690153, 407542.9931489867 529369.2993842644, 407541.8749063396 528448.0544920256, 406617.68963185255 528449.1809313634, 406618.81905536074 529370.4277690153))",528
529,88.35382080078125,"POLYGON ((407542.9931489867 529369.2993842644, 408467.16530077014 529368.182225599, 408466.05823886534 528446.9392594189, 407541.8749063396 528448.0544920256, 407542.9931489867 529369.2993842644))",529
530,87.73268127441406,"POLYGON ((408467.16530077014 529368.182225599, 409391.3355301292 529367.0762929001, 409390.23964884924 528445.8352334247, 408466.05823886534 528446.9392594189, 408467.16530077014 529368.182225599))",530
531,78.26085662841797,"POLYGON ((409391.3355301292 529367.0762929001, 410315.50385647774 529365.9815860508, 410314.41915570624 528444.7424139257, 409390.23964884924 528445.8352334247, 409391.3355301292 529367.0762929001))",531
532,82.1839828491211,"POLYGON ((410315.50385647774 529365.9815860508, 411239.6702992279 529364.8981049345, 411238.5967788496 528443.660800806, 410314.41915570624 528444.7424139257, 410315.50385647774 529365.9815860508))",532
533,91.66033935546875,"POLYGON ((411239.6702992279 529364.8981049345, 412163.8348778 529363.8258494363, 412162.772537701 528442.5903939507, 411238.5967788496 528443.660800806, 411239.6702992279 529364.8981049345))",533
534,100.35479736328125,"POLYGON ((412163.8348778 529363.8258494363, 413087.9976116059 529362.7648194423, 413086.9464516734 528441.5311932461, 412162.772537701 528442.5903939507, 412163.8348778 529363.8258494363))",534
535,112.50292205810547,"POLYGON ((413087.9976116059 529362.7648194423, 414012.15852006 529361.7150148399, 414011.11854018236 528440.4831985801, 413086.9464516734 528441.5311932461, 413087.9976116059 529362.7648194423))",535
536,125.71619415283203,"POLYGON ((414012.15852006 529361.7150148399, 414936.31762257504 529360.6764355175, 414935.2888226418 528439.4464098408, 414011.11854018236 528440.4831985801, 414012.15852006 529361.7150148399))",536
537,170.93626403808594,"POLYGON ((414936.31762257504 529360.6764355175, 415860.4749385678 529359.6490813649, 415859.45731846977 528438.4208269186, 414935.2888226418 528439.4464098408, 414936.31762257504 529360.6764355175))",537
538,334.43731689453125,"POLYGON ((415860.4749385678 529359.6490813649, 416784.63048745075 529358.6329522731, 416783.6240470799 528437.4064497043, 415859.45731846977 528438.4208269186, 415860.4749385678 529359.6490813649))",538
539,569.0718383789062,"POLYGON ((416784.63048745075 529358.6329522731, 417708.7842886362 529357.6280481339, 417707.78902788553 528436.4032780904, 416783.6240470799 528437.4064497043, 416784.63048745075 529358.6329522731))",539
540,717.396484375,"POLYGON ((417708.7842886362 529357.6280481339, 418632.9363615402 529356.6343688412, 418631.9522803042 528435.4113119703, 417707.78902788553 528436.4032780904, 417708.7842886362 529357.6280481339))",540
541,1182.092041015625,"POLYGON ((418632.9363615402 529356.6343688412, 419557.0867255748 529355.6519142889, 419556.11382374895 528434.4305512387, 418631.9522803042 528435.4113119703, 418632.9363615402 529356.6343688412))",541
542,976.26220703125,"POLYGON ((419557.0867255748 529355.6519142889, 420481.2354001531 529354.6806843729, 420480.2736776341 528433.4609957915, 419556.11382374895 528434.4305512387, 419557.0867255748 529355.6519142889))",542
543,635.671875,"POLYGON ((420481.2354001531 529354.6806843729, 421405.38240468514 529353.7206789902, 421404.4318613708 528432.5026455257, 420480.2736776341 528433.4609957915, 420481.2354001531 529354.6806843729))",543
544,549.2100219726562,"POLYGON ((421405.38240468514 529353.7206789902, 422329.52775858925 529352.7718980388, 422328.5883943787 528431.5555003396, 421404.4318613708 528432.5026455257, 421405.38240468514 529353.7206789902))",544
545,711.38525390625,"POLYGON ((422329.52775858925 529352.7718980388, 423253.67148127535 529351.8343414179, 423252.74329606886 528430.6195601325, 422328.5883943787 528431.5555003396, 422329.52775858925 529352.7718980388))",545
546,712.9391479492188,"POLYGON ((423253.67148127535 529351.8343414179, 424177.81359215424 529350.9080090281, 424176.89658585325 528429.6948248051, 423252.74329606886 528430.6195601325, 423253.67148127535 529351.8343414179))",546
547,524.2628173828125,"POLYGON ((424177.81359215424 529350.9080090281, 425101.9541106411 529349.9929007706, 425101.04828314827 528428.7812942591, 424176.89658585325 528429.6948248051, 424177.81359215424 529350.9080090281))",547
548,607.7330322265625,"POLYGON ((425101.9541106411 529349.9929007706, 426026.0930561466 529349.089016549, 426025.1984073657 528427.8789683979, 425101.04828314827 528428.7812942591, 425101.9541106411 529349.9929007706))",548
549,294.6239318847656,"POLYGON ((426026.0930561466 529349.089016549, 426950.2304480811 529348.1963562667, 426949.3469779172 528426.9878471252, 426025.1984073657 528427.8789683979, 426026.0930561466 529349.089016549))",549
550,209.7462921142578,"POLYGON ((426950.2304480811 529348.1963562667, 427874.3663058593 529347.3149198293, 427873.49401421857 528426.1079303467, 426949.3469779172 528426.9878471252, 426950.2304480811 529348.1963562667))",550
551,179.4128875732422,"POLYGON ((427874.3663058593 529347.3149198293, 428798.5006488913 529346.4447071429, 428797.6395356811 528425.239217969, 427873.49401421857 528426.1079303467, 427874.3663058593 529347.3149198293))",551
552,,"POLYGON ((428798.5006488913 529346.4447071429, 429722.6334965886 529345.5857181153, 429721.7835617176 528424.3817098995, 428797.6395356811 528425.239217969, 428798.5006488913 529346.4447071429))",552
553,,"POLYGON ((429722.6334965886 529345.5857181153, 430646.76486836106 529344.7379526552, 430645.9261117389 528423.5354060476, 429721.7835617176 528424.3817098995, 429722.6334965886 529345.5857181153))",553
554,,"POLYGON ((430646.76486836106 529344.7379526552, 431570.8947836211 529343.9014106728, 431570.06720515876 528422.7003063231, 430645.9261117389 528423.5354060476, 430646.76486836106 529344.7379526552))",554
555,,"POLYGON ((431570.8947836211 529343.9014106728, 432495.0232617811 529343.0760920792, 432494.2068613908 528421.8764106376, 431570.06720515876 528422.7003063231, 431570.8947836211 529343.9014106728))",555
556,,"POLYGON ((432495.0232617811 529343.0760920792, 433419.15032224916 529342.2619967866, 433418.3450998441 528421.0637189036, 432494.2068613908 528421.8764106376, 432495.0232617811 529343.0760920792))",556
557,,"POLYGON ((433419.15032224916 529342.2619967866, 434343.27598443866 529341.4591247085, 434342.48193993344 528420.2622310347, 433418.3450998441 528421.0637189036, 433419.15032224916 529342.2619967866))",557
558,,"POLYGON ((405693.502395989 528450.3185775516, 406617.68963185255 528449.1809313634, 406616.5621711719 527527.9343123573, 405692.36377375864 527529.0699936821, 405693.502395989 528450.3185775516))",558
559,,"POLYGON ((406617.68963185255 528449.1809313634, 407541.8749063396 528448.0544920256, 407540.7586070889 527526.8098185277, 406616.5621711719 527527.9343123573, 406617.68963185255 528449.1809313634))",559
560,,"POLYGON ((407541.8749063396 528448.0544920256, 408466.05823886534 528446.9392594189, 408464.95310092607 527525.6965120735, 407540.7586070889 527526.8098185277, 407541.8749063396 528448.0544920256))",560
561,,"POLYGON ((408466.05823886534 528446.9392594189, 409390.23964884924 528445.8352334247, 409389.145672104 527524.5943928767, 408464.95310092607 527525.6965120735, 408466.05823886534 528446.9392594189))",561
562,,"POLYGON ((409390.23964884924 528445.8352334247, 410314.41915570624 528444.7424139257, 410313.3363400389 527523.5034608201, 409389.145672104 527524.5943928767, 409390.23964884924 528445.8352334247))",562
563,,"POLYGON ((410314.41915570624 528444.7424139257, 411238.5967788496 528443.660800806, 411237.5251241452 527522.4237157882, 410313.3363400389 527523.5034608201, 410314.41915570624 528444.7424139257))",563
564,,"POLYGON ((411238.5967788496 528443.660800806, 412162.772537701 528442.5903939507, 412161.7120438458 527521.355157666, 411237.5251241452 527522.4237157882, 411238.5967788496 528443.660800806))",564
565,,"POLYGON ((412162.772537701 528442.5903939507, 413086.9464516734 528441.5311932461, 413085.8971185547 527520.2977863402, 412161.7120438458 527521.355157666, 412162.772537701 528442.5903939507))",565
566,,"POLYGON ((413086.9464516734 528441.5311932461, 414011.11854018236 528440.4831985801, 414010.08036768873 527519.2516016987, 413085.8971185547 527520.2977863402, 413086.9464516734 528441.5311932461))",566
567,128.5913543701172,"POLYGON ((414011.11854018236 528440.4831985801, 414935.2888226418 528439.4464098408, 414934.26181066304 527518.21660363, 414010.08036768873 527519.2516016987, 414011.11854018236 528440.4831985801))",567
568,202.94764709472656,"POLYGON ((414935.2888226418 528439.4464098408, 415859.45731846977 528438.4208269186, 415858.4414668968 527517.1927920245, 414934.26181066304 527518.21660363, 414935.2888226418 528439.4464098408))",568
569,232.8455810546875,"POLYGON ((415859.45731846977 528438.4208269186, 416783.6240470799 528437.4064497043, 416782.6193558049 527516.1801667734, 415858.4414668968 527517.1927920245, 415859.45731846977 528438.4208269186))",569
570,198.40660095214844,"POLYGON ((416783.6240470799 528437.4064497043, 417707.78902788553 528436.4032780904, 417706.79549680185 527515.178727769, 416782.6193558049 527516.1801667734, 416783.6240470799 528437.4064497043))",570
571,224.13693237304688,"POLYGON ((417707.78902788553 528436.4032780904, 418631.9522803042 528435.4113119703, 418630.9699093063 527514.1884749053, 417706.79549680185 527515.178727769, 417707.78902788553 528436.4032780904))",571
572,213.19952392578125,"POLYGON ((418631.9522803042 528435.4113119703, 419556.11382374895 528434.4305512387, 419555.14261273254 527513.209408077, 418630.9699093063 527514.1884749053, 418631.9522803042 528435.4113119703))",572
573,314.77490234375,"POLYGON ((419556.11382374895 528434.4305512387, 420480.2736776341 528433.4609957915, 420479.313626496 527512.24152718, 419555.14261273254 527513.209408077, 419556.11382374895 528434.4305512387))",573
574,277.3126525878906,"POLYGON ((420480.2736776341 528433.4609957915, 421404.4318613708 528432.5026455257, 421403.4829700091 527511.2848321118, 420479.313626496 527512.24152718, 420480.2736776341 528433.4609957915))",574
575,287.1945495605469,"POLYGON ((421404.4318613708 528432.5026455257, 422328.5883943787 528431.5555003396, 422327.65066269273 527510.3393227706, 421403.4829700091 527511.2848321118, 421404.4318613708 528432.5026455257))",575
576,406.8052978515625,"POLYGON ((422328.5883943787 528431.5555003396, 423252.74329606886 528430.6195601325, 423251.81672395894 527509.4049990561, 422327.65066269273 527510.3393227706, 422328.5883943787 528431.5555003396))",576
577,285.93060302734375,"POLYGON ((423252.74329606886 528430.6195601325, 424176.89658585325 528429.6948248051, 424175.9811732211 527508.4818608692, 423251.81672395894 527509.4049990561, 423252.74329606886 528430.6195601325))",577
578,216.5811767578125,"POLYGON ((424176.89658585325 528429.6948248051, 425101.04828314827 528428.7812942591, 425100.1440298966 527507.5699081116, 424175.9811732211 527508.4818608692, 424176.89658585325 528429.6948248051))",578
579,222.49339294433594,"POLYGON ((425101.04828314827 528428.7812942591, 426025.1984073657 528427.8789683979, 426024.30531339854 527506.6691406867, 425100.1440298966 527507.5699081116, 425101.04828314827 528428.7812942591))",579
580,179.75619506835938,"POLYGON ((426025.1984073657 528427.8789683979, 426949.3469779172 528426.9878471252, 426948.4650431397 527505.7795584986, 426024.30531339854 527506.6691406867, 426025.1984073657 528427.8789683979))",580
581,166.38490295410156,"POLYGON ((426949.3469779172 528426.9878471252, 427873.49401421857 528426.1079303467, 427872.6232385371 527504.9011614533, 426948.4650431397 527505.7795584986, 426949.3469779172 528426.9878471252))",581
582,,"POLYGON ((427873.49401421857 528426.1079303467, 428797.6395356811 528425.239217969, 428796.7799190033 527504.0339494572, 427872.6232385371 527504.9011614533, 427873.49401421857 528426.1079303467))",582
583,,"POLYGON ((428797.6395356811 528425.239217969, 429721.7835617176 528424.3817098995, 429720.93510395207 527503.1779224182, 428796.7799190033 527504.0339494572, 428797.6395356811 528425.239217969))",583
584,,"POLYGON ((429721.7835617176 528424.3817098995, 430645.9261117389 528423.5354060476, 430645.0888127956 527502.3330802456, 429720.93510395207 527503.1779224182, 429721.7835617176 528424.3817098995))",584
585,,"POLYGON ((430645.9261117389 528423.5354060476, 431570.06720515876 528422.7003063231, 431569.2410649488 527501.4994228496, 430645.0888127956 527502.3330802456, 430645.9261117389 528423.5354060476))",585
586,,"POLYGON ((431570.06720515876 528422.7003063231, 432494.2068613908 528421.8764106376, 432493.39187982643 527500.6769501417, 431569.2410649488 527501.4994228496, 431570.06720515876 528422.7003063231))",586
587,,"POLYGON ((432494.2068613908 528421.8764106376, 433418.3450998441 528421.0637189036, 433417.54127683886 527499.8656620345, 432493.39187982643 527500.6769501417, 432494.2068613908 528421.8764106376))",587
588,,"POLYGON ((433418.3450998441 528421.0637189036, 434342.48193993344 528420.2622310347, 434341.68927540194 527499.0655584419, 433417.54127683886 527499.8656620345, 433418.3450998441 528421.0637189036))",588
589,,"POLYGON ((405692.36377375864 527529.0699936821, 406616.5621711719 527527.9343123573, 406615.4366733411 526606.6879116191, 405691.2271338097 526607.8216279846, 405692.36377375864 527529.0699936821))",589
590,,"POLYGON ((406616.5621711719 527527.9343123573, 407540.7586070889 527526.8098185277, 407539.64425125666 526605.5653633921, 406615.4366733411 526606.6879116191, 406616.5621711719 527527.9343123573))",590
591,,"POLYGON ((407540.7586070889 527526.8098185277, 408464.95310092607 527525.6965120735, 408463.84988697415 526604.4539831842, 407539.64425125666 526605.5653633921, 407540.7586070889 527526.8098185277))",591
592,,"POLYGON ((408464.95310092607 527525.6965120735, 409389.145672104 527524.5943928767, 409388.05359991523 526603.3537708778, 408463.84988697415 526604.4539831842, 408464.95310092607 527525.6965120735))",592
593,,"POLYGON ((409389.145672104 527524.5943928767, 410313.3363400389 527523.5034608201, 410312.2554094973 526602.2647263556, 409388.05359991523 526603.3537708778, 409389.145672104 527524.5943928767))",593
594,,"POLYGON ((410313.3363400389 527523.5034608201, 411237.5251241452 527522.4237157882, 411236.455335136 526601.1868495024, 410312.2554094973 526602.2647263556, 410313.3363400389 527523.5034608201))",594
595,,"POLYGON ((411237.5251241452 527522.4237157882, 412161.7120438458 527521.355157666, 412160.65339625534 526600.1201402032, 411236.455335136 526601.1868495024, 411237.5251241452 527522.4237157882))",595
596,,"POLYGON ((412161.7120438458 527521.355157666, 413085.8971185547 527520.2977863402, 413084.8496122706 526599.0645983453, 412160.65339625534 526600.1201402032, 412161.7120438458 527521.355157666))",596
597,,"POLYGON ((413085.8971185547 527520.2977863402, 414010.08036768873 527519.2516016987, 414009.0440025998 526598.0202238163, 413084.8496122706 526599.0645983453, 413085.8971185547 527520.2977863402))",597
598,,"POLYGON ((414010.08036768873 527519.2516016987, 414934.26181066304 527518.21660363, 414933.2365866592 526596.9870165053, 414009.0440025998 526598.0202238163, 414010.08036768873 527519.2516016987))",598
599,128.81895446777344,"POLYGON ((414934.26181066304 527518.21660363, 415858.4414668968 527517.1927920245, 415857.4273838692 526595.9649763027, 414933.2365866592 526596.9870165053, 414934.26181066304 527518.21660363))",599
600,136.80856323242188,"POLYGON ((415858.4414668968 527517.1927920245, 416782.6193558049 527516.1801667734, 416781.61641364585 526594.9541030998, 415857.4273838692 526595.9649763027, 415858.4414668968 527517.1927920245))",600
601,143.73843383789062,"POLYGON ((416782.6193558049 527516.1801667734, 417706.79549680185 527515.178727769, 417705.80369540484 526593.9543967895, 416781.61641364585 526594.9541030998, 416782.6193558049 527516.1801667734))",601
602,126.99922180175781,"POLYGON ((417706.79549680185 527515.178727769, 418630.9699093063 527514.1884749053, 418629.98924856604 526592.9658572655, 417705.80369540484 526593.9543967895, 417706.79549680185 527515.178727769))",602
603,160.7017822265625,"POLYGON ((418630.9699093063 527514.1884749053, 419555.14261273254 527513.209408077, 419554.1730925449 526591.9884844229, 418629.98924856604 526592.9658572655, 418630.9699093063 527514.1884749053))",603
604,193.46005249023438,"POLYGON ((419555.14261273254 527513.209408077, 420479.313626496 527512.24152718, 420478.355246758 526591.0222781579, 419554.1730925449 526591.9884844229, 419555.14261273254 527513.209408077))",604
605,178.29798889160156,"POLYGON ((420479.313626496 527512.24152718, 421403.4829700091 527511.2848321118, 421402.53573061904 526590.0672383677, 420478.355246758 526591.0222781579, 420479.313626496 527512.24152718))",605
606,190.44960021972656,"POLYGON ((421403.4829700091 527511.2848321118, 422327.65066269273 527510.3393227706, 422326.71456354996 526589.1233649513, 421402.53573061904 526590.0672383677, 421403.4829700091 527511.2848321118))",606
607,239.38174438476562,"POLYGON ((422327.65066269273 527510.3393227706, 423251.81672395894 527509.4049990561, 423250.89176496404 526588.190657808, 422326.71456354996 526589.1233649513, 422327.65066269273 527510.3393227706))",607
608,215.7303009033203,"POLYGON ((423251.81672395894 527509.4049990561, 424175.9811732211 527508.4818608692, 424175.0673542759 526587.269116839, 423250.89176496404 526588.190657808, 423251.81672395894 527509.4049990561))",608
609,167.45745849609375,"POLYGON ((424175.9811732211 527508.4818608692, 425100.1440298966 527507.5699081116, 425099.2413509041 526586.3587419468, 424175.0673542759 526587.269116839, 424175.9811732211 527508.4818608692))",609
610,148.39794921875,"POLYGON ((425100.1440298966 527507.5699081116, 426024.30531339854 527506.6691406867, 426023.4137742629 526585.459533034, 425099.2413509041 526586.3587419468, 425100.1440298966 527507.5699081116))",610
611,164.30038452148438,"POLYGON ((426024.30531339854 527506.6691406867, 426948.4650431397 527505.7795584986, 426947.5846437663 526584.5714900058, 426023.4137742629 526585.459533034, 426024.30531339854 527506.6691406867))",611
612,129.88479614257812,"POLYGON ((426948.4650431397 527505.7795584986, 427872.6232385371 527504.9011614533, 427871.7539788324 526583.6946127675, 426947.5846437663 526584.5714900058, 426948.4650431397 527505.7795584986))",612
613,,"POLYGON ((427872.6232385371 527504.9011614533, 428796.7799190033 527504.0339494572, 428795.921798875 526582.828901226, 427871.7539788324 526583.6946127675, 427872.6232385371 527504.9011614533))",613
614,,"POLYGON ((428796.7799190033 527504.0339494572, 429720.93510395207 527503.1779224182, 429720.08812330896 526581.9743552897, 428795.921798875 526582.828901226, 428796.7799190033 527504.0339494572))",614
615,,"POLYGON ((429720.93510395207 527503.1779224182, 430645.0888127956 527502.3330802456, 430644.25297154783 526581.1309748676, 429720.08812330896 526581.9743552897, 429720.93510395207 527503.1779224182))",615
616,,"POLYGON ((430645.0888127956 527502.3330802456, 431569.2410649488 527501.4994228496, 431568.4163630077 526580.29875987, 430644.25297154783 526581.1309748676, 430645.0888127956 527502.3330802456))",616
617,,"POLYGON ((431569.2410649488 527501.4994228496, 432493.39187982643 527500.6769501417, 432492.5783171043 526579.477710209, 431568.4163630077 526580.29875987, 431569.2410649488 527501.4994228496))",617
618,,"POLYGON ((432493.39187982643 527500.6769501417, 433417.54127683886 527499.8656620345, 433416.7388532494 526578.6678257971, 432492.5783171043 526579.477710209, 432493.39187982643 527500.6769501417))",618
619,,"POLYGON ((433417.54127683886 527499.8656620345, 434341.68927540194 527499.0655584419, 434340.8979908599 526577.8691065481, 433416.7388532494 526578.6678257971, 433417.54127683886 527499.8656620345))",619
620,,"POLYGON ((405691.2271338097 526607.8216279846, 406615.4366733411 526606.6879116191, 406614.3131383826 525685.4417287707, 405690.0924761649 525686.5734800816, 405691.2271338097 526607.8216279846))",620
621,,"POLYGON ((406615.4366733411 526606.6879116191, 407539.64425125666 526605.5653633921, 407538.53183886525 525684.321126241, 406614.3131383826 525685.4417287707, 406615.4366733411 526606.6879116191))",621
622,,"POLYGON ((407539.64425125666 526605.5653633921, 408463.84988697415 526604.4539831842, 408462.74859703163 525683.2116723732, 407538.53183886525 525684.321126241, 407539.64425125666 526605.5653633921))",622
623,,"POLYGON ((408463.84988697415 526604.4539831842, 409388.05359991523 526603.3537708778, 409386.96343230474 525682.1133670496, 408462.74859703163 525683.2116723732, 408463.84988697415 526604.4539831842))",623
624,,"POLYGON ((409388.05359991523 526603.3537708778, 410312.2554094973 526602.2647263556, 410311.176364103 525681.0262101536, 409386.96343230474 525682.1133670496, 409388.05359991523 526603.3537708778))",624
625,,"POLYGON ((410312.2554094973 526602.2647263556, 411236.455335136 526601.1868495024, 411235.3874118433 525679.9502015697, 410311.176364103 525681.0262101536, 410312.2554094973 526602.2647263556))",625
626,,"POLYGON ((411236.455335136 526601.1868495024, 412160.65339625534 526600.1201402032, 412159.5965949508 525678.8853411836, 411235.3874118433 525679.9502015697, 411236.455335136 526601.1868495024))",626
627,,"POLYGON ((412160.65339625534 526600.1201402032, 413084.8496122706 526599.0645983453, 413083.8039328421 525677.8316288822, 412159.5965949508 525678.8853411836, 412160.65339625534 526600.1201402032))",627
628,,"POLYGON ((413084.8496122706 526599.0645983453, 414009.0440025998 526598.0202238163, 414008.0094449362 525676.7890645539, 413083.8039328421 525677.8316288822, 413084.8496122706 526599.0645983453))",628
629,,"POLYGON ((414009.0440025998 526598.0202238163, 414933.2365866592 526596.9870165053, 414932.2131506507 525675.7576480877, 414008.0094449362 525676.7890645539, 414009.0440025998 526598.0202238163))",629
630,,"POLYGON ((414933.2365866592 526596.9870165053, 415857.4273838692 526595.9649763027, 415856.41506940714 525674.737379374, 414932.2131506507 525675.7576480877, 414933.2365866592 526596.9870165053))",630
631,98.56645202636719,"POLYGON ((415857.4273838692 526595.9649763027, 416781.61641364585 526594.9541030998, 416780.6152206227 525673.7282583048, 415856.41506940714 525674.737379374, 415857.4273838692 526595.9649763027))",631
632,133.87936401367188,"POLYGON ((416781.61641364585 526594.9541030998, 417705.80369540484 526593.9543967895, 417704.81362371426 525672.7302847725, 416780.6152206227 525673.7282583048, 416781.61641364585 526594.9541030998))",632
633,87.40201568603516,"POLYGON ((417705.80369540484 526593.9543967895, 418629.98924856604 526592.9658572655, 418629.010298103 525671.7434586715, 417704.81362371426 525672.7302847725, 417705.80369540484 526593.9543967895))",633
634,72.3010482788086,"POLYGON ((418629.98924856604 526592.9658572655, 419554.1730925449 526591.9884844229, 419553.2052632053 525670.767779897, 418629.010298103 525671.7434586715, 418629.98924856604 526592.9658572655))",634
635,154.71856689453125,"POLYGON ((419554.1730925449 526591.9884844229, 420478.355246758 526591.0222781579, 420477.3985384392 525669.8032483449, 419553.2052632053 525670.767779897, 419554.1730925449 526591.9884844229))",635
636,164.87384033203125,"POLYGON ((420478.355246758 526591.0222781579, 421402.53573061904 526590.0672383677, 421401.59014321934 525668.8498639136, 420477.3985384392 525669.8032483449, 420478.355246758 526591.0222781579))",636
637,148.1010284423828,"POLYGON ((421402.53573061904 526590.0672383677, 422326.71456354996 526589.1233649513, 422325.78009696904 525667.9076265012, 421401.59014321934 525668.8498639136, 421402.53573061904 526590.0672383677))",637
638,154.22177124023438,"POLYGON ((422326.71456354996 526589.1233649513, 423250.89176496404 526588.190657808, 423249.9684191027 525666.9765360077, 422325.78009696904 525667.9076265012, 422326.71456354996 526589.1233649513))",638
639,219.9873809814453,"POLYGON ((423250.89176496404 526588.190657808, 424175.0673542759 526587.269116839, 424174.155129036 525666.0565923346, 423249.9684191027 525666.9765360077, 423250.89176496404 526588.190657808))",639
640,197.21649169921875,"POLYGON ((424175.0673542759 526587.269116839, 425099.2413509041 526586.3587419468, 425098.3402461888 525665.1477953839, 424174.155129036 525666.0565923346, 424175.0673542759 526587.269116839))",640
641,158.15203857421875,"POLYGON ((425099.2413509041 526586.3587419468, 426023.4137742629 526585.459533034, 426022.5237899765 525664.2501450594, 425098.3402461888 525665.1477953839, 425099.2413509041 526586.3587419468))",641
642,140.51292419433594,"POLYGON ((426023.4137742629 526585.459533034, 426947.5846437663 526584.5714900058, 426946.70577981434 525663.3636412653, 426022.5237899765 525664.2501450594, 426023.4137742629 526585.459533034))",642
643,,"POLYGON ((426947.5846437663 526584.5714900058, 427871.7539788324 526583.6946127675, 427870.8862351215 525662.4882839081, 426946.70577981434 525663.3636412653, 426947.5846437663 526584.5714900058))",643
644,,"POLYGON ((427871.7539788324 526583.6946127675, 428795.921798875 526582.828901226, 428795.06517531315 525661.6240728942, 427870.8862351215 525662.4882839081, 427871.7539788324 526583.6946127675))",644
645,,"POLYGON ((428795.921798875 526582.828901226, 429720.08812330896 526581.9743552897, 429719.24261980515 525660.7710081324, 428795.06517531315 525661.6240728942, 428795.921798875 526582.828901226))",645
646,,"POLYGON ((429720.08812330896 526581.9743552897, 430644.25297154783 526581.1309748676, 430643.4185880123 525659.9290895318, 429719.24261980515 525660.7710081324, 429720.08812330896 526581.9743552897))",646
647,,"POLYGON ((430644.25297154783 526581.1309748676, 431568.4163630077 526580.29875987, 431567.59309935174 525659.098317003, 430643.4185880123 525659.9290895318, 430644.25297154783 526581.1309748676))",647
648,,"POLYGON ((431568.4163630077 526580.29875987, 432492.5783171043 526579.477710209, 432491.76617324067 525658.2786904579, 431567.59309935174 525659.098317003, 431568.4163630077 526580.29875987))",648
649,,"POLYGON ((432492.5783171043 526579.477710209, 433416.7388532494 526578.6678257971, 433415.93782909174 525657.4702098093, 432491.76617324067 525658.2786904579, 432492.5783171043 526579.477710209))",649
650,,"POLYGON ((433416.7388532494 526578.6678257971, 434340.8979908599 526577.8691065481, 434340.1080863232 525656.6728749716, 433415.93782909174 525657.4702098093, 433416.7388532494 526578.6678257971))",650
651,,"POLYGON ((405690.0924761649 525686.5734800816, 406614.3131383826 525685.4417287707, 406613.1915663189 524764.1957634351, 405688.9598008468 524765.3255495958, 405690.0924761649 525686.5734800816))",651
652,,"POLYGON ((406614.3131383826 525685.4417287707, 407538.53183886525 525684.321126241, 407537.4213699368 524763.0771066969, 406613.1915663189 524764.1957634351, 406614.3131383826 525685.4417287707))",652
653,,"POLYGON ((407538.53183886525 525684.321126241, 408462.74859703163 525683.2116723732, 408461.6492311205 524761.9695792624, 407537.4213699368 524763.0771066969, 407538.53183886525 525684.321126241))",653
654,,"POLYGON ((408462.74859703163 525683.2116723732, 409386.96343230474 525682.1133670496, 409385.8751692941 524760.8731810144, 408461.6492311205 524761.9695792624, 408462.74859703163 525683.2116723732))",654
655,,"POLYGON ((409386.96343230474 525682.1133670496, 410311.176364103 525681.0262101536, 410310.0992038774 524759.787911836, 409385.8751692941 524760.8731810144, 409386.96343230474 525682.1133670496))",655
656,,"POLYGON ((410311.176364103 525681.0262101536, 411235.3874118433 525679.9502015697, 411234.3213542883 524758.7137716122, 410310.0992038774 524759.787911836, 410311.176364103 525681.0262101536))",656
657,,"POLYGON ((411235.3874118433 525679.9502015697, 412159.5965949508 525678.8853411836, 412158.54163995327 524757.6507602286, 411234.3213542883 524758.7137716122, 411235.3874118433 525679.9502015697))",657
658,,"POLYGON ((412159.5965949508 525678.8853411836, 413083.8039328421 525677.8316288822, 413082.7600802899 524756.5988775727, 412158.54163995327 524757.6507602286, 412159.5965949508 525678.8853411836))",658
659,,"POLYGON ((413083.8039328421 525677.8316288822, 414008.0094449362 525676.7890645539, 414006.9766947185 524755.5581235328, 413082.7600802899 524756.5988775727, 413083.8039328421 525677.8316288822))",659
660,,"POLYGON ((414008.0094449362 525676.7890645539, 414932.2131506507 525675.7576480877, 414931.19150265795 524754.5284979981, 414006.9766947185 524755.5581235328, 414008.0094449362 525676.7890645539))",660
661,,"POLYGON ((414932.2131506507 525675.7576480877, 415856.41506940714 525674.737379374, 415855.40452353074 524753.5100008594, 414931.19150265795 524754.5284979981, 414932.2131506507 525675.7576480877))",661
662,,"POLYGON ((415856.41506940714 525674.737379374, 416780.6152206227 525673.7282583048, 416779.6157767554 524752.5026320086, 415855.40452353074 524753.5100008594, 415856.41506940714 525674.737379374))",662
663,70.39667510986328,"POLYGON ((416780.6152206227 525673.7282583048, 417704.81362371426 525672.7302847725, 417703.8252817499 524751.5063913385, 416779.6157767554 524752.5026320086, 416780.6152206227 525673.7282583048))",663
664,74.02179718017578,"POLYGON ((417704.81362371426 525672.7302847725, 418629.010298103 525671.7434586715, 418628.0330579365 524750.5212787436, 417703.8252817499 524751.5063913385, 417704.81362371426 525672.7302847725))",664
665,65.69954681396484,"POLYGON ((418629.010298103 525671.7434586715, 419553.2052632053 525670.767779897, 419552.2391247331 524749.5472941191, 418628.0330579365 524750.5212787436, 418629.010298103 525671.7434586715))",665
666,139.434814453125,"POLYGON ((419553.2052632053 525670.767779897, 420477.3985384392 525669.8032483449, 420476.44350155856 524748.5844373617, 419552.2391247331 524749.5472941191, 419553.2052632053 525670.767779897))",666
667,175.40884399414062,"POLYGON ((420477.3985384392 525669.8032483449, 421401.59014321934 525668.8498639136, 421400.64620782895 524747.6327083693, 420476.44350155856 524748.5844373617, 420477.3985384392 525669.8032483449))",667
668,94.50443267822266,"POLYGON ((421401.59014321934 525668.8498639136, 422325.78009696904 525667.9076265012, 422324.8472629686 524746.6921070402, 421400.64620782895 524747.6327083693, 421401.59014321934 525668.8498639136))",668
669,108.50031280517578,"POLYGON ((422325.78009696904 525667.9076265012, 423249.9684191027 525666.9765360077, 423249.0466863931 524745.7626332752, 422324.8472629686 524746.6921070402, 422325.78009696904 525667.9076265012))",669
670,183.28720092773438,"POLYGON ((423249.9684191027 525666.9765360077, 424174.155129036 525666.0565923346, 424173.2444975195 524744.8442869752, 423249.0466863931 524745.7626332752, 423249.9684191027 525666.9765360077))",670
671,169.85037231445312,"POLYGON ((424174.155129036 525666.0565923346, 425098.3402461888 525665.1477953839, 425097.4407157686 524743.9370680429, 424173.2444975195 524744.8442869752, 424174.155129036 525666.0565923346))",671
672,,"POLYGON ((425098.3402461888 525665.1477953839, 426022.5237899765 525664.2501450594, 426021.6353605572 524743.0409763819, 425097.4407157686 524743.9370680429, 425098.3402461888 525665.1477953839))",672
673,,"POLYGON ((426022.5237899765 525664.2501450594, 426946.70577981434 525663.3636412653, 426945.82845130144 524742.1560118969, 426021.6353605572 524743.0409763819, 426022.5237899765 525664.2501450594))",673
674,,"POLYGON ((426946.70577981434 525663.3636412653, 427870.8862351215 525662.4882839081, 427870.020007422 524741.2821744942, 426945.82845130144 524742.1560118969, 426946.70577981434 525663.3636412653))",674
675,,"POLYGON ((427870.8862351215 525662.4882839081, 428795.06517531315 525661.6240728942, 428794.2100483349 524740.4194640808, 427870.020007422 524741.2821744942, 427870.8862351215 525662.4882839081))",675
676,,"POLYGON ((428795.06517531315 525661.6240728942, 429719.24261980515 525660.7710081324, 429718.3985934575 524739.5678805653, 428794.2100483349 524740.4194640808, 428795.06517531315 525661.6240728942))",676
677,,"POLYGON ((429719.24261980515 525660.7710081324, 430643.4185880123 525659.9290895318, 430642.5856622055 524738.7274238572, 429718.3985934575 524739.5678805653, 429719.24261980515 525660.7710081324))",677
678,,"POLYGON ((430643.4185880123 525659.9290895318, 431567.59309935174 525659.098317003, 431566.77127399744 524737.8980938669, 430642.5856622055 524738.7274238572, 430643.4185880123 525659.9290895318))",678
679,,"POLYGON ((431567.59309935174 525659.098317003, 432491.76617324067 525658.2786904579, 432490.95544825157 524737.0798905067, 431566.77127399744 524737.8980938669, 431567.59309935174 525659.098317003))",679
680,,"POLYGON ((432491.76617324067 525658.2786904579, 433415.93782909174 525657.4702098093, 433415.13820438174 524736.2728136898, 432490.95544825157 524737.0798905067, 432491.76617324067 525658.2786904579))",680
681,,"POLYGON ((433415.93782909174 525657.4702098093, 434340.1080863232 525656.6728749716, 434339.3195618075 524735.4768633303, 433415.13820438174 524736.2728136898, 433415.93782909174 525657.4702098093))",681
682,,"POLYGON ((405688.9598008468 524765.3255495958, 406613.1915663189 524764.1957634351, 406612.07195717224 523842.950015234, 405687.829107878 523844.0778361496, 405688.9598008468 524765.3255495958))",682
683,,"POLYGON ((406613.1915663189 524764.1957634351, 407537.4213699368 524763.0771066969, 407536.3128444933 523841.8333043819, 406612.07195717224 523842.950015234, 406613.1915663189 524764.1957634351))",683
684,,"POLYGON ((407537.4213699368 524763.0771066969, 408461.6492311205 524761.9695792624, 408460.55178926256 523840.7277034741, 407536.3128444933 523841.8333043819, 407537.4213699368 524763.0771066969))",684
685,,"POLYGON ((408461.6492311205 524761.9695792624, 409385.8751692941 524760.8731810144, 409384.7888109051 523839.6332123938, 408460.55178926256 523840.7277034741, 408461.6492311205 524761.9695792624))",685
686,,"POLYGON ((409385.8751692941 524760.8731810144, 410310.0992038774 524759.787911836, 410309.023928842 523838.5498310244, 409384.7888109051 523839.6332123938, 409385.8751692941 524760.8731810144))",686
687,,"POLYGON ((410310.0992038774 524759.787911836, 411234.3213542883 524758.7137716122, 411233.2571624923 523837.47755925107, 410309.023928842 523838.5498310244, 410310.0992038774 524759.787911836))",687
688,,"POLYGON ((411234.3213542883 524758.7137716122, 412158.54163995327 524757.6507602286, 412157.4885312837 523836.4163969597, 411233.2571624923 523837.47755925107, 411234.3213542883 524758.7137716122))",688
689,,"POLYGON ((412158.54163995327 524757.6507602286, 413082.7600802899 524756.5988775727, 413081.71805463487 523835.36634403793, 412157.4885312837 523836.4163969597, 412158.54163995327 524757.6507602286))",689
690,,"POLYGON ((413082.7600802899 524756.5988775727, 414006.9766947185 524755.5581235328, 414005.94575196743 523834.3274003739, 413081.71805463487 523835.36634403793, 413082.7600802899 524756.5988775727))",690
691,,"POLYGON ((414006.9766947185 524755.5581235328, 414931.19150265795 524754.5284979981, 414930.1716427012 523833.2995658576, 414005.94575196743 523834.3274003739, 414006.9766947185 524755.5581235328))",691
692,,"POLYGON ((414931.19150265795 524754.5284979981, 415855.40452353074 524753.5100008594, 415854.3957462601 523832.28284037963, 414930.1716427012 523833.2995658576, 414931.19150265795 524754.5284979981))",692
693,,"POLYGON ((415855.40452353074 524753.5100008594, 416779.6157767554 524752.5026320086, 416778.61808206374 523831.27722383203, 415854.3957462601 523832.28284037963, 415855.40452353074 524753.5100008594))",693
694,,"POLYGON ((416779.6157767554 524752.5026320086, 417703.8252817499 524751.5063913385, 417702.8386695313 523830.28271610814, 416778.61808206374 523831.27722383203, 416779.6157767554 524752.5026320086))",694
695,87.96344757080078,"POLYGON ((417703.8252817499 524751.5063913385, 418628.0330579365 524750.5212787436, 418627.05752808624 523829.2993171023, 417702.8386695313 523830.28271610814, 417703.8252817499 524751.5063913385))",695
696,67.97915649414062,"POLYGON ((418628.0330579365 524750.5212787436, 419552.2391247331 524749.5472941191, 419551.27467714745 523828.32702671003, 418627.05752808624 523829.2993171023, 418628.0330579365 524750.5212787436))",696
697,184.1113739013672,"POLYGON ((419552.2391247331 524749.5472941191, 420476.44350155856 524748.5844373617, 420475.49013613514 523827.36584482825, 419551.27467714745 523828.32702671003, 419552.2391247331 524749.5472941191))",697
698,381.5124206542969,"POLYGON ((420476.44350155856 524748.5844373617, 421400.64620782895 524747.6327083693, 421399.70392446656 523826.4157713545, 420475.49013613514 523827.36584482825, 420476.44350155856 524748.5844373617))",698
699,130.8693389892578,"POLYGON ((421400.64620782895 524747.6327083693, 422324.8472629686 524746.6921070402, 422323.91606156714 523825.47680618824, 421399.70392446656 523826.4157713545, 421400.64620782895 524747.6327083693))",699
700,80.62653350830078,"POLYGON ((422324.8472629686 524746.6921070402, 423249.0466863931 524745.7626332752, 423248.1265668538 523824.5489492298, 422323.91606156714 523825.47680618824, 422324.8472629686 524746.6921070402))",700
701,130.5928955078125,"POLYGON ((423249.0466863931 524745.7626332752, 424173.2444975195 524744.8442869752, 424172.3354597445 523823.6322003805, 423248.1265668538 523824.5489492298, 423249.0466863931 524745.7626332752))",701
702,171.15513610839844,"POLYGON ((424173.2444975195 524744.8442869752, 425097.4407157686 524743.9370680429, 425096.5427596615 523822.7265595429, 424172.3354597445 523823.6322003805, 424173.2444975195 524744.8442869752))",702
703,,"POLYGON ((425097.4407157686 524743.9370680429, 426021.6353605572 524743.0409763819, 426020.74848602246 523821.83202662086, 425096.5427596615 523822.7265595429, 425097.4407157686 524743.9370680429))",703
704,,"POLYGON ((426021.6353605572 524743.0409763819, 426945.82845130144 524742.1560118969, 426944.9526582451 523820.94860151963, 426020.74848602246 523821.83202662086, 426021.6353605572 524743.0409763819))",704
705,,"POLYGON ((426945.82845130144 524742.1560118969, 427870.020007422 524741.2821744942, 427869.15529575094 523820.0762841451, 426944.9526582451 523820.94860151963, 426945.82845130144 524742.1560118969))",705
706,,"POLYGON ((427870.020007422 524741.2821744942, 428794.2100483349 524740.4194640808, 428793.3564179573 523819.2150744048, 427869.15529575094 523820.0762841451, 427870.020007422 524741.2821744942))",706
707,,"POLYGON ((428794.2100483349 524740.4194640808, 429718.3985934575 524739.5678805653, 429717.5560442827 523818.36497220723, 428793.3564179573 523819.2150744048, 428794.2100483349 524740.4194640808))",707
708,,"POLYGON ((429718.3985934575 524739.5678805653, 430642.5856622055 524738.7274238572, 430641.7541941441 523817.52597746224, 429717.5560442827 523818.36497220723, 429718.3985934575 524739.5678805653))",708
709,,"POLYGON ((430642.5856622055 524738.7274238572, 431566.77127399744 524737.8980938669, 431565.95088696113 523816.69809008046, 430641.7541941441 523817.52597746224, 430642.5856622055 524738.7274238572))",709
710,,"POLYGON ((431566.77127399744 524737.8980938669, 432490.95544825157 524737.0798905067, 432490.1461421532 523815.8813099742, 431565.95088696113 523816.69809008046, 431566.77127399744 524737.8980938669))",710
711,,"POLYGON ((432490.95544825157 524737.0798905067, 433415.13820438174 524736.2728136898, 433414.33997913543 523815.07563705667, 432490.1461421532 523815.8813099742, 432490.95544825157 524737.0798905067))",711
712,,"POLYGON ((433415.13820438174 524736.2728136898, 434339.3195618075 524735.4768633303, 434338.53241732845 523814.2810712423, 433414.33997913543 523815.07563705667, 433415.13820438174 524736.2728136898))",712
713,,"POLYGON ((405687.829107878 523844.0778361496, 406612.07195717224 523842.950015234, 406610.9543109649 522921.70448378986, 405686.700397281 522922.8303393651, 405687.829107878 523844.0778361496))",713
714,,"POLYGON ((406612.07195717224 523842.950015234, 407536.3128444933 523841.8333043819, 407535.20626255707 522920.58971891744, 406610.9543109649 522921.70448378986, 406612.07195717224 523842.950015234))",714
715,,"POLYGON ((407536.3128444933 523841.8333043819, 408460.55178926256 523840.7277034741, 408459.4562714797 522919.48604462954, 407535.20626255707 522920.58971891744, 407536.3128444933 523841.8333043819))",715
716,,"POLYGON ((408460.55178926256 523840.7277034741, 409384.7888109051 523839.6332123938, 409383.70435715944 522918.3934608092, 408459.4562714797 522919.48604462954, 408460.55178926256 523840.7277034741))",716
717,,"POLYGON ((409384.7888109051 523839.6332123938, 410309.023928842 523838.5498310244, 410307.95053901826 522917.31196734024, 409383.70435715944 522918.3934608092, 409384.7888109051 523839.6332123938))",717
718,,"POLYGON ((410309.023928842 523838.5498310244, 411233.2571624923 523837.47755925107, 411232.1948364765 522916.24156410765, 410307.95053901826 522917.31196734024, 410309.023928842 523838.5498310244))",718
719,,"POLYGON ((411233.2571624923 523837.47755925107, 412157.4885312837 523836.4163969597, 412156.4372689631 522915.1822509979, 411232.1948364765 522916.24156410765, 411233.2571624923 523837.47755925107))",719
720,,"POLYGON ((412157.4885312837 523836.4163969597, 413081.71805463487 523835.36634403793, 413080.67785589775 522914.1340278984, 412156.4372689631 522915.1822509979, 412157.4885312837 523836.4163969597))",720
721,,"POLYGON ((413081.71805463487 523835.36634403793, 414005.94575196743 523834.3274003739, 414004.9166167033 522913.09689469816, 413080.67785589775 522914.1340278984, 413081.71805463487 523835.36634403793))",721
722,,"POLYGON ((414005.94575196743 523834.3274003739, 414930.1716427012 523833.2995658576, 414929.1535708009 522912.0708512866, 414004.9166167033 522913.09689469816, 414005.94575196743 523834.3274003739))",722
723,,"POLYGON ((414930.1716427012 523833.2995658576, 415854.3957462601 523832.28284037963, 415853.38873761543 522911.05589755496, 414929.1535708009 522912.0708512866, 414930.1716427012 523833.2995658576))",723
724,,"POLYGON ((415854.3957462601 523832.28284037963, 416778.61808206374 523831.27722383203, 416777.6221365677 522910.05203339545, 415853.38873761543 522911.05589755496, 415854.3957462601 523832.28284037963))",724
725,,"POLYGON ((416778.61808206374 523831.27722383203, 417702.8386695313 523830.28271610814, 417701.8537870782 522909.05925870134, 416777.6221365677 522910.05203339545, 416778.61808206374 523831.27722383203))",725
726,83.6531753540039,"POLYGON ((417702.8386695313 523830.28271610814, 418627.05752808624 523829.2993171023, 418626.08370857144 522908.07757336734, 417701.8537870782 522909.05925870134, 417702.8386695313 523830.28271610814))",726
727,82.96625518798828,"POLYGON ((418627.05752808624 523829.2993171023, 419551.27467714745 523828.32702671003, 419550.31192046753 522907.10697728925, 418626.08370857144 522908.07757336734, 418627.05752808624 523829.2993171023))",727
728,144.54745483398438,"POLYGON ((419551.27467714745 523828.32702671003, 420475.49013613514 523827.36584482825, 420474.538442188 522906.1474703638, 419550.31192046753 522907.10697728925, 419551.27467714745 523828.32702671003))",728
729,246.99375915527344,"POLYGON ((420475.49013613514 523827.36584482825, 421399.70392446656 523826.4157713545, 421398.763293151 522905.1990524893, 420474.538442188 522906.1474703638, 420475.49013613514 523827.36584482825))",729
730,115.7249755859375,"POLYGON ((421399.70392446656 523826.4157713545, 422323.91606156714 523825.47680618824, 422322.9864927833 522904.2617235648, 421398.763293151 522905.1990524893, 421399.70392446656 523826.4157713545))",730
731,74.50586700439453,"POLYGON ((422323.91606156714 523825.47680618824, 423248.1265668538 523824.5489492298, 423247.20806050295 522903.335483491, 422322.9864927833 522904.2617235648, 422323.91606156714 523825.47680618824))",731
732,91.48619842529297,"POLYGON ((423248.1265668538 523824.5489492298, 424172.3354597445 523823.6322003805, 424171.4280157291 522902.42033216933, 423247.20806050295 522903.335483491, 423248.1265668538 523824.5489492298))",732
733,,"POLYGON ((424172.3354597445 523823.6322003805, 425096.5427596615 523822.7265595429, 425095.64637788525 522901.5162695027, 424171.4280157291 522902.42033216933, 424172.3354597445 523823.6322003805))",733
734,,"POLYGON ((425096.5427596615 523822.7265595429, 426020.74848602246 523821.83202662086, 426019.8631663901 522900.62329539517, 425095.64637788525 522901.5162695027, 425096.5427596615 523822.7265595429))",734
735,,"POLYGON ((426020.74848602246 523821.83202662086, 426944.9526582451 523820.94860151963, 426944.07840066263 522899.7414097519, 426019.8631663901 522900.62329539517, 426020.74848602246 523821.83202662086))",735
736,,"POLYGON ((426944.9526582451 523820.94860151963, 427869.15529575094 523820.0762841451, 427868.2921001256 522898.87061247905, 426944.07840066263 522899.7414097519, 426944.9526582451 523820.94860151963))",736
737,,"POLYGON ((427869.15529575094 523820.0762841451, 428793.3564179573 523819.2150744048, 428792.50428419735 522898.0109034843, 427868.2921001256 522898.87061247905, 427869.15529575094 523820.0762841451))",737
738,,"POLYGON ((428793.3564179573 523819.2150744048, 429717.5560442827 523818.36497220723, 429716.71497229766 522897.1622826764, 428792.50428419735 522898.0109034843, 428793.3564179573 523819.2150744048))",738
739,,"POLYGON ((429717.5560442827 523818.36497220723, 430641.7541941441 523817.52597746224, 430640.92418384465 522896.3247499651, 429716.71497229766 522897.1622826764, 429717.5560442827 523818.36497220723))",739
740,,"POLYGON ((430641.7541941441 523817.52597746224, 431565.95088696113 523816.69809008046, 431565.13193825906 522895.49830526154, 430640.92418384465 522896.3247499651, 430641.7541941441 523817.52597746224))",740
741,,"POLYGON ((431565.95088696113 523816.69809008046, 432490.1461421532 523815.8813099742, 432489.33825496165 522894.68294847803, 431565.13193825906 522895.49830526154, 431565.95088696113 523816.69809008046))",741
742,,"POLYGON ((432490.1461421532 523815.8813099742, 433414.33997913543 523815.07563705667, 433413.54315336864 522893.87867952784, 432489.33825496165 522894.68294847803, 432490.1461421532 523815.8813099742))",742
743,,"POLYGON ((433414.33997913543 523815.07563705667, 434338.53241732845 523814.2810712423, 434337.74665290164 522893.08549832564, 433413.54315336864 522893.87867952784, 433414.33997913543 523815.07563705667))",743
744,,"POLYGON ((405686.700397281 522922.8303393651, 406610.9543109649 522921.70448378986, 406609.8386277192 522000.4591687247, 405685.57366907824 522001.58305886516, 405686.700397281 522922.8303393651))",744
745,,"POLYGON ((406610.9543109649 522921.70448378986, 407535.20626255707 522920.58971891744, 407534.10162414983 521999.3463499262, 406609.8386277192 522000.4591687247, 406610.9543109649 522921.70448378986))",745
746,,"POLYGON ((407535.20626255707 522920.58971891744, 408459.4562714797 522919.48604462954, 408458.3626777937 521998.24460235104, 407534.10162414983 521999.3463499262, 407535.20626255707 522920.58971891744))",746
747,,"POLYGON ((408459.4562714797 522919.48604462954, 409383.70435715944 522918.3934608092, 409382.62180807855 521997.15392588277, 408458.3626777937 521998.24460235104, 408459.4562714797 522919.48604462954))",747
748,,"POLYGON ((409383.70435715944 522918.3934608092, 410307.95053901826 522917.31196734024, 410306.87903442746 521996.07432040496, 409382.62180807855 521997.15392588277, 409383.70435715944 522918.3934608092))",748
749,,"POLYGON ((410307.95053901826 522917.31196734024, 411232.1948364765 522916.24156410765, 411231.1343762621 521995.0057858034, 410306.87903442746 521996.07432040496, 410307.95053901826 522917.31196734024))",749
750,,"POLYGON ((411232.1948364765 522916.24156410765, 412156.4372689631 522915.1822509979, 412155.3878530123 521993.9483219645, 411231.1343762621 521995.0057858034, 411232.1948364765 522916.24156410765))",750
751,,"POLYGON ((412156.4372689631 522915.1822509979, 413080.67785589775 522914.1340278984, 413079.6394840992 521992.9019287759, 412155.3878530123 521993.9483219645, 412156.4372689631 522915.1822509979))",751
752,,"POLYGON ((413080.67785589775 522914.1340278984, 414004.9166167033 522913.09689469816, 414003.88928894675 521991.8666061264, 413079.6394840992 521992.9019287759, 413080.67785589775 522914.1340278984))",752
753,,"POLYGON ((414004.9166167033 522913.09689469816, 414929.1535708009 522912.0708512866, 414928.13728697714 521990.8423539061, 414003.88928894675 521991.8666061264, 414004.9166167033 522913.09689469816))",753
754,,"POLYGON ((414929.1535708009 522912.0708512866, 415853.38873761543 522911.05589755496, 415852.3834976166 521989.8291720062, 414928.13728697714 521990.8423539061, 414929.1535708009 522912.0708512866))",754
755,,"POLYGON ((415853.38873761543 522911.05589755496, 416777.6221365677 522910.05203339545, 416776.6279402871 521988.8270603193, 415852.3834976166 521989.8291720062, 415853.38873761543 522911.05589755496))",755
756,,"POLYGON ((416777.6221365677 522910.05203339545, 417701.8537870782 522909.05925870134, 417700.8706344102 521987.83601873874, 416776.6279402871 521988.8270603193, 416777.6221365677 522910.05203339545))",756
757,,"POLYGON ((417701.8537870782 522909.05925870134, 418626.08370857144 522908.07757336734, 418625.1115994116 521986.85604715924, 417700.8706344102 521987.83601873874, 417701.8537870782 522909.05925870134))",757
758,91.94281768798828,"POLYGON ((418626.08370857144 522908.07757336734, 419550.31192046753 522907.10697728925, 419549.35085471265 521985.88714547694, 418625.1115994116 521986.85604715924, 418626.08370857144 522908.07757336734))",758
759,145.4537811279297,"POLYGON ((419550.31192046753 522907.10697728925, 420474.538442188 522906.1474703638, 420473.588419736 521984.92931358883, 419549.35085471265 521985.88714547694, 419550.31192046753 522907.10697728925))",759
760,162.36074829101562,"POLYGON ((420474.538442188 522906.1474703638, 421398.763293151 522905.1990524893, 421397.824313901 521983.9825513932, 420473.588419736 521984.92931358883, 420474.538442188 522906.1474703638))",760
761,101.25010681152344,"POLYGON ((421398.763293151 522905.1990524893, 422322.9864927833 522904.2617235648, 422322.0585566356 521983.0468587895, 421397.824313901 521983.9825513932, 421398.763293151 522905.1990524893))",761
762,113.70182800292969,"POLYGON ((422322.9864927833 522904.2617235648, 423247.20806050295 522903.335483491, 423246.2911673589 521982.1222356783, 422322.0585566356 521983.0468587895, 422322.9864927833 522904.2617235648))",762
763,,"POLYGON ((423247.20806050295 522903.335483491, 424171.4280157291 522902.42033216933, 424170.5221654915 521981.2086819615, 423246.2911673589 521982.1222356783, 423247.20806050295 522903.335483491))",763
764,,"POLYGON ((424171.4280157291 522902.42033216933, 425095.64637788525 522901.5162695027, 425094.7515704577 521980.30619754206, 424170.5221654915 521981.2086819615, 424171.4280157291 522902.42033216933))",764
765,,"POLYGON ((425095.64637788525 522901.5162695027, 426019.8631663901 522900.62329539517, 426018.97940167773 521979.414782324, 425094.7515704577 521980.30619754206, 425095.64637788525 522901.5162695027))",765
766,,"POLYGON ((426019.8631663901 522900.62329539517, 426944.07840066263 522899.7414097519, 426943.20567857154 521978.5344362129, 426018.97940167773 521979.414782324, 426019.8631663901 522900.62329539517))",766
767,,"POLYGON ((426944.07840066263 522899.7414097519, 427868.2921001256 522898.87061247905, 427867.43042056303 521977.66515911516, 426943.20567857154 521978.5344362129, 426944.07840066263 522899.7414097519))",767
768,,"POLYGON ((427868.2921001256 522898.87061247905, 428792.50428419735 522898.0109034843, 428791.6536470719 521976.8069509385, 427867.43042056303 521977.66515911516, 427868.2921001256 522898.87061247905))",768
769,,"POLYGON ((428792.50428419735 522898.0109034843, 429716.71497229766 522897.1622826764, 429715.875377519 521975.9598115916, 428791.6536470719 521976.8069509385, 428792.50428419735 522898.0109034843))",769
770,,"POLYGON ((429716.71497229766 522897.1622826764, 430640.92418384465 522896.3247499651, 430640.0956313236 521975.12374098465, 429715.875377519 521975.9598115916, 429716.71497229766 522897.1622826764))",770
771,,"POLYGON ((430640.92418384465 522896.3247499651, 431565.13193825906 522895.49830526154, 431564.3144279077 521974.2987390289, 430640.0956313236 521975.12374098465, 430640.92418384465 522896.3247499651))",771
772,,"POLYGON ((431565.13193825906 522895.49830526154, 432489.33825496165 522894.68294847803, 432488.5317866931 521973.4848056367, 431564.3144279077 521974.2987390289, 431565.13193825906 522895.49830526154))",772
773,,"POLYGON ((432489.33825496165 522894.68294847803, 433413.54315336864 522893.87867952784, 433412.7477270971 521972.68194072164, 432488.5317866931 521973.4848056367, 432489.33825496165 522894.68294847803))",773
774,,"POLYGON ((433413.54315336864 522893.87867952784, 434337.74665290164 522893.08549832564, 434336.9622685429 521971.8901441984, 433412.7477270971 521972.68194072164, 433413.54315336864 522893.87867952784))",774
